INT-008 aggregate preflight verified: 5fa0de1a5944a3e3f31589014db32ea8c3ba3dc6; clean=true
To honour the JVM settings for this build a single-use Daemon process will be forked. For more on this, please refer to https://docs.gradle.org/9.5.1/userguide/gradle_daemon.html#sec:disabling_the_daemon in the Gradle documentation.
Daemon will be stopped at the end of the build 

> Configure project :
Fabric Loom: 1.17.19

> Task :auditJavaSources
> Task :auditNonItemAssets
> Task :compileJava
> Task :processResources
> Task :classes
> Task :compileClientJava
> Task :processClientResources
> Task :clientClasses
> Task :compileExampleExtensionJava
> Task :processExampleExtensionResources
> Task :exampleExtensionClasses
> Task :compileGametestJava
> Task :deleteGameTestRunDir
> Task :acceptGameTestEula
> Task :generateLog4jConfig
> Task :generateDLIConfig
> Task :configureLaunch
> Task :processGametestResources
> Task :gametestClasses

> Task :runGameTest
[08:34:12] [main/INFO] (FabricLoader/GameProvider) Loading Minecraft 26.2 with Fabric Loader 0.19.3
[08:34:12] [main/INFO] (FabricLoader/Mappings) Mappings not present!
[08:34:13] [main/INFO] (FabricLoader) Loading 45 mods:
	- fabric-api 0.156.0+26.2
	   |-- fabric-key-mapping-api-v1 2.0.5+e2bdee789e
	   |-- fabric-model-loading-api-v1 8.0.16+c80601bb9e
	   |-- fabric-renderer-api-v1 14.1.3+2b0d8a229e
	   |-- fabric-renderer-indigo 9.1.3+2b0d8a229e
	   |-- fabric-rendering-v1 25.3.2+515ac5339e
	   |-- fabric-screen-api-v1 5.1.0+48e3c0b09e
	   \-- fabric-sound-api-v1 2.0.5+11a26f319e
	- fabric-api-base 2.0.4+ece063239e
	- fabric-api-lookup-api-v1 2.0.17+11e1c9a39e
	- fabric-biome-api-v1 18.0.6+c7bd5b8e9e
	- fabric-block-api-v1 3.0.3+ec56b6019e
	- fabric-block-getter-api-v2 2.0.7+ec56b6019e
	- fabric-command-api-v2 3.1.0+00cb03469e
	- fabric-content-registries-v0 11.3.0+d0a699d09e
	- fabric-convention-tags-v2 4.7.0+1f023a9e9e
	- fabric-crash-report-info-v1 1.0.5+086d547a9e
	- fabric-creative-tab-api-v1 5.0.14+d871b99e9e
	- fabric-data-attachment-api-v1 2.2.18+515ac5339e
	- fabric-data-generation-api-v1 25.5.0+aed122aa9e
	- fabric-debug-api-v1 1.0.2+c792624d9e
	- fabric-dimensions-v1 5.1.11+515ac5339e
	- fabric-entity-events-v1 5.0.5+06488ac19e
	- fabric-events-interaction-v0 5.2.7+515ac5339e
	- fabric-game-rule-api-v1 4.0.8+46a6d00c9e
	- fabric-gametest-api-v1 4.0.21+4a7fa0819e
	- fabric-item-api-v1 14.4.0+49a69a7b9e
	- fabric-lifecycle-events-v1 4.1.3+4575b05f9e
	- fabric-loot-api-v3 3.0.17+06488ac19e
	- fabric-menu-api-v1 2.0.16+086d547a9e
	- fabric-message-api-v1 7.0.7+086d547a9e
	- fabric-networking-api-v1 6.3.3+72073ef09e
	- fabric-object-builder-api-v1 24.1.0+6fcd5f039e
	- fabric-particles-v1 5.0.18+d1756aa99e
	- fabric-permission-api-v1 1.0.4+536fad2f9e
	- fabric-recipe-api-v1 9.0.20+11e1c9a39e
	- fabric-registry-sync-v0 7.1.0+c7bd5b8e9e
	- fabric-rendering-fluids-v1 6.0.4+06488ac19e
	- fabric-resource-conditions-api-v1 6.1.0+10e9a28b9e
	- fabric-resource-loader-v0 3.3.20+4fc5413f9e
	- fabric-resource-loader-v1 2.0.13+9edec1269e
	- fabric-serialization-api-v1 2.0.4+11a26f319e
	- fabric-tag-api-v1 2.1.4+515ac5339e
	- fabric-transfer-api-v1 8.0.12+11dbb7d79e
	- fabric-transitive-access-wideners-v1 8.1.4+67c847259e
	- fabricloader 0.19.3
	- java 25
	- minecraft 26.2
	- mixinextras 0.5.4
	- powers 1.0.2
	- powers-example-extension 1.0.0
	- powers-gametest 1.0.0
[08:34:13] [main/INFO] (FabricLoader/Mixin) SpongePowered MIXIN Subsystem Version=0.8.7 Source=file:<home>/.gradle/caches/modules-2/files-2.1/net.fabricmc/sponge-mixin/0.17.3+mixin.0.8.7/41c4a3984a80f4679e759fb9f495587acc5cdac7/sponge-mixin-0.17.3+mixin.0.8.7.jar Service=Knot/Fabric Env=SERVER
[08:34:13] [main/INFO] (FabricLoader/Mixin) Compatibility level set to JAVA_25
[08:34:13] [main/INFO] (FabricLoader/MixinExtras|Service) Initializing MixinExtras via com.llamalad7.mixinextras.service.MixinExtrasServiceImpl(version=0.5.4).
[08:34:16] [main/INFO] (powers) POWERS config validation: revision=1; adjustments=0; retained=0; dropped=0
[08:34:16] [main/INFO] (powers) Loaded rank mazes: 28 light nodes, 28 darkness nodes
[08:34:16] [main/INFO] (powers) Magic collision kernel loaded: 64 actions, 2080 exhaustive interactions
[08:34:16] [main/INFO] (powers) POWERS framework initialized with 23 power(s)
[08:34:16] [main/INFO] (Minecraft) Environment: Environment[sessionHost=https://sessionserver.mojang.com, servicesHost=https://api.minecraftservices.com, profilesHost=https://api.mojang.com, name=PROD]
[08:34:16] [main/INFO] (FabricGameTestRunner) Starting test server
[08:34:17] [main/INFO] (Minecraft) Loaded 1605 recipes
[08:34:17] [main/INFO] (Minecraft) Loaded 1713 advancements
[08:34:17] [main/INFO] (powers) Staged 2 initial action aliases until extension registration
[08:34:17] [main/INFO] (powers) Loaded 14 Shadow knowledge entries
[08:34:17] [main/INFO] (BiomeModificationImpl) Applied 0 biome modifications to 0 of 69 new biomes in 625.0 μs
[08:34:17] [Server thread/INFO] (powers) Published action registry revision 2 with 110 canonical keys and 2 aliases
[08:34:17] [Server thread/INFO] (Minecraft) Selecting global world spawn...
[08:34:17] [Server thread/INFO] (Minecraft) Loading 0 persistent chunks...
[08:34:17] [Server thread/INFO] (Minecraft) Preparing spawn area: 100%
[08:34:17] [Server thread/INFO] (Minecraft) Time elapsed: 199 ms
[08:34:17] [Server thread/INFO] (Minecraft) Started game test server
[08:34:18] [Server thread/INFO] (Minecraft) 167 tests are now running at position 11522500, -59, 5555305!
[08:34:18] [Server thread/INFO] (Minecraft) Running test environment 'qa010_hostile:travel_graph' batch 0 (1 tests)...
[08:34:18] [Server thread/INFO] (Minecraft) test-mock-player[embedded] logged in with entity id 1 at (0.0, 0.0, 0.0)
[08:34:18] [Server thread/INFO] (Minecraft) [Dormant] test-mock-player joined the game
[08:34:18] [Server thread/INFO] (Minecraft) [_                                                                                                                                                                      ]
[08:34:19] [Server thread/INFO] (Minecraft) [_                                                                                                                                                                      ]
[08:34:19] [Server thread/INFO] (Minecraft) [_                                                                                                                                                                      ]
[08:34:19] [Server thread/INFO] (Minecraft) [_                                                                                                                                                                      ]
[08:34:19] [Server thread/INFO] (Minecraft) Running test environment 'powers:artifact_stale_cycle_isolated' batch 0 (1 tests)...
[08:34:19] [Server thread/INFO] (Minecraft) test-mock-player[embedded] logged in with entity id 76 at (0.0, 0.0, 0.0)
[08:34:19] [Server thread/INFO] (Minecraft) [Dormant] test-mock-player joined the game
[08:34:19] [Server thread/INFO] (Minecraft) Running test environment 'powers:crystal_invalidation_isolated' batch 0 (1 tests)...
[08:34:19] [Server thread/INFO] (Minecraft) test-mock-player[embedded] logged in with entity id 85 at (0.0, 0.0, 0.0)
[08:34:19] [Server thread/INFO] (Minecraft) [Dormant] test-mock-player joined the game
[08:34:19] [Server thread/INFO] (Minecraft) Running test environment 'powers:packet_fault_matrix_isolated' batch 0 (1 tests)...
[08:34:19] [Server thread/INFO] (Minecraft) [+++                                                                                                                                                                    ]
[08:34:19] [Server thread/INFO] (Minecraft) test-mock-player[embedded] logged in with entity id 94 at (0.0, 0.0, 0.0)
[08:34:19] [Server thread/INFO] (Minecraft) [Dormant] test-mock-player joined the game
[08:34:19] [Server thread/INFO] (Minecraft) test-mock-player[embedded] logged in with entity id 95 at (0.0, 0.0, 0.0)
[08:34:19] [Server thread/INFO] (Minecraft) [Dormant] test-mock-player joined the game
[08:34:19] [Server thread/INFO] (Minecraft) test-mock-player[embedded] logged in with entity id 96 at (0.0, 0.0, 0.0)
[08:34:19] [Server thread/INFO] (Minecraft) [Dormant] test-mock-player joined the game
[08:34:19] [Server thread/INFO] (Minecraft) test-mock-player[embedded] logged in with entity id 97 at (0.0, 0.0, 0.0)
[08:34:19] [Server thread/INFO] (Minecraft) [Dormant] test-mock-player joined the game
[08:34:19] [Server thread/INFO] (Minecraft) test-mock-player[embedded] logged in with entity id 98 at (0.0, 0.0, 0.0)
[08:34:19] [Server thread/INFO] (Minecraft) [Dormant] test-mock-player joined the game
[08:34:19] [Server thread/INFO] (Minecraft) test-mock-player[embedded] logged in with entity id 99 at (0.0, 0.0, 0.0)
[08:34:19] [Server thread/INFO] (Minecraft) [Dormant] test-mock-player joined the game
[08:34:19] [Server thread/INFO] (Minecraft) test-mock-player lost connection: QA-009 production matrix complete
[08:34:19] [Server thread/INFO] (Minecraft) [Dormant] test-mock-player left the game
[08:34:19] [Server thread/INFO] (Minecraft) test-mock-player lost connection: QA-009 production matrix complete
[08:34:19] [Server thread/INFO] (Minecraft) [Dormant] test-mock-player left the game
[08:34:19] [Server thread/INFO] (Minecraft) test-mock-player lost connection: QA-009 production matrix complete
[08:34:19] [Server thread/INFO] (Minecraft) [Dormant] test-mock-player left the game
[08:34:19] [Server thread/INFO] (Minecraft) test-mock-player lost connection: QA-009 production matrix complete
[08:34:19] [Server thread/INFO] (Minecraft) [Dormant] test-mock-player left the game
[08:34:19] [Server thread/INFO] (Minecraft) test-mock-player lost connection: QA-009 production matrix complete
[08:34:19] [Server thread/INFO] (Minecraft) [Dormant] test-mock-player left the game
[08:34:19] [Server thread/INFO] (Minecraft) test-mock-player lost connection: QA-009 production matrix complete
[08:34:19] [Server thread/INFO] (Minecraft) [Dormant] test-mock-player left the game
[08:34:19] [Server thread/INFO] (Minecraft) [STDOUT]: QA009_PRODUCTION_MATRIX profile=delay150 serverObservedByTicks=10 authoritative=selected outbound=power-state-91 offered=101 dropped=0 duplicated=0 delayed=101 reordered=99 delivered=2 expired=0 maxQueue=101 maxAgeTicks=4 duplicateSideEffects=0
[08:34:19] [Server thread/INFO] (Minecraft) [STDOUT]: QA009_PRODUCTION_MATRIX profile=delay300 serverObservedByTicks=10 authoritative=selected outbound=power-state-91 offered=101 dropped=0 duplicated=0 delayed=101 reordered=99 delivered=2 expired=0 maxQueue=101 maxAgeTicks=7 duplicateSideEffects=0
[08:34:19] [Server thread/INFO] (Minecraft) [STDOUT]: QA009_PRODUCTION_MATRIX profile=loss1 serverObservedByTicks=10 authoritative=selected outbound=power-state-91 offered=251 dropped=2 duplicated=0 delayed=0 reordered=247 delivered=2 expired=0 maxQueue=249 maxAgeTicks=3 duplicateSideEffects=0
[08:34:19] [Server thread/INFO] (Minecraft) [STDOUT]: QA009_PRODUCTION_MATRIX profile=loss5 serverObservedByTicks=12 authoritative=selected outbound=safe-loss/retry offered=251 dropped=13 duplicated=0 delayed=0 reordered=237 delivered=1 expired=0 maxQueue=238 maxAgeTicks=3 duplicateSideEffects=0
[08:34:19] [Server thread/INFO] (Minecraft) [STDOUT]: QA009_PRODUCTION_MATRIX profile=duplicate serverObservedByTicks=10 authoritative=selected outbound=power-state-91 offered=101 dropped=0 duplicated=101 delayed=0 reordered=198 delivered=2 expired=0 maxQueue=202 maxAgeTicks=3 duplicateSideEffects=0
[08:34:19] [Server thread/INFO] (Minecraft) [STDOUT]: QA009_PRODUCTION_MATRIX profile=reorder serverObservedByTicks=10 authoritative=selected outbound=power-state-91 offered=101 dropped=0 duplicated=0 delayed=68 reordered=99 delivered=2 expired=0 maxQueue=101 maxAgeTicks=2 duplicateSideEffects=0
[08:34:19] [Server thread/INFO] (Minecraft) Running test environment 'powers:invasion_isolated' batch 0 (1 tests)...
[08:34:19] [Server thread/INFO] (Minecraft) [++++                                                                                                                                                                   ]
[08:34:19] [Server thread/INFO] (Minecraft) test-mock-player[embedded] logged in with entity id 116 at (0.0, 0.0, 0.0)
[08:34:19] [Server thread/INFO] (Minecraft) [Dormant] test-mock-player joined the game
[08:34:19] [Server thread/INFO] (Minecraft) [++++_                                                                                                                                                                  ]
[08:34:19] [Server thread/INFO] (Minecraft) [++++_                                                                                                                                                                  ]
[08:34:19] [Server thread/INFO] (Minecraft) [++++_                                                                                                                                                                  ]
[08:34:19] [Server thread/INFO] (Minecraft) [++++_                                                                                                                                                                  ]
[08:34:19] [Server thread/INFO] (Minecraft) [++++_                                                                                                                                                                  ]
[08:34:19] [Server thread/INFO] (Minecraft) [++++_                                                                                                                                                                  ]
[08:34:19] [Server thread/INFO] (Minecraft) [++++_                                                                                                                                                                  ]
[08:34:19] [Server thread/INFO] (Minecraft) [++++_                                                                                                                                                                  ]
[08:34:19] [Server thread/INFO] (Minecraft) [++++_                                                                                                                                                                  ]
[08:34:19] [Server thread/INFO] (Minecraft) [++++_                                                                                                                                                                  ]
[08:34:19] [Server thread/INFO] (Minecraft) [++++_                                                                                                                                                                  ]
[08:34:19] [Server thread/INFO] (Minecraft) [++++_                                                                                                                                                                  ]
[08:34:19] [Server thread/INFO] (Minecraft) [++++_                                                                                                                                                                  ]
[08:34:19] [Server thread/INFO] (Minecraft) [++++_                                                                                                                                                                  ]
[08:34:19] [Server thread/INFO] (Minecraft) [++++_                                                                                                                                                                  ]
[08:34:19] [Server thread/INFO] (Minecraft) [++++_                                                                                                                                                                  ]
[08:34:19] [Server thread/INFO] (Minecraft) [++++_                                                                                                                                                                  ]
[08:34:19] [Server thread/INFO] (Minecraft) [++++_                                                                                                                                                                  ]
[08:34:19] [Server thread/INFO] (Minecraft) [++++_                                                                                                                                                                  ]
[08:34:19] [Server thread/INFO] (Minecraft) [++++_                                                                                                                                                                  ]
[08:34:19] [Server thread/INFO] (Minecraft) [++++_                                                                                                                                                                  ]
[08:34:19] [Server thread/INFO] (Minecraft) Running test environment 'powers:temporal_lifecycle_isolated' batch 0 (1 tests)...
[08:34:19] [Server thread/INFO] (Minecraft) test-mock-player[embedded] logged in with entity id 165 at (0.0, 0.0, 0.0)
[08:34:19] [Server thread/INFO] (Minecraft) [Dormant] test-mock-player joined the game
[08:34:19] [Server thread/INFO] (Minecraft) test-mock-player lost connection: INT-008 disconnect lifecycle
[08:34:19] [Server thread/INFO] (Minecraft) [Dormant] test-mock-player left the game
[08:34:19] [Server thread/INFO] (Minecraft) [STDOUT]: INT008_TEMPORAL {"schemaVersion":2,"implementationSha":"0000000000000000000000000000000000000000","case":"lifecycle-cleanup","result":"PASS","controlTicks":0,"worldTicks":0,"facts":{"dampeningReleased":true,"deathReleased":true,"disconnectReleased":true,"leaseActive":false,"mismatchedSourcePreserved":true,"shadowLossReleased":true,"shutdownReleased":true,"vanillaFrozen":false}}
[08:34:19] [Server thread/INFO] (Minecraft) Running test environment 'powers:temporal_projectile_isolated' batch 0 (1 tests)...
[08:34:19] [Server thread/INFO] (Minecraft) [++++++                                                                                                                                                                 ]
[08:34:20] [Server thread/INFO] (Minecraft) test-mock-player[embedded] logged in with entity id 170 at (0.0, 0.0, 0.0)
[08:34:20] [Server thread/INFO] (Minecraft) [Dormant] test-mock-player joined the game
[08:34:20] [Server thread/INFO] (Minecraft) [STDOUT]: INT008_TEMPORAL {"schemaVersion":2,"implementationSha":"0000000000000000000000000000000000000000","case":"projectile-pause-resume","result":"PASS","controlTicks":8,"worldTicks":4,"facts":{"frozenDistanceSquared":0.0,"resumedDistanceSquared":1.5778216708708273}}
[08:34:20] [Server thread/INFO] (Minecraft) Running test environment 'powers:temporal_shadow_cleanup_isolated' batch 0 (1 tests)...
[08:34:20] [Server thread/INFO] (Minecraft) [+++++++                                                                                                                                                                ]
[08:34:20] [Server thread/INFO] (Minecraft) test-mock-player[embedded] logged in with entity id 173 at (0.0, 0.0, 0.0)
[08:34:20] [Server thread/INFO] (Minecraft) [Dormant] test-mock-player joined the game
[08:34:20] [Server thread/INFO] (Minecraft) Running test environment 'powers:temporal_shadow_lifetime_isolated' batch 0 (1 tests)...
[08:34:20] [Server thread/INFO] (Minecraft) test-mock-player[embedded] logged in with entity id 179 at (0.0, 0.0, 0.0)
[08:34:20] [Server thread/INFO] (Minecraft) [Dormant] test-mock-player joined the game
[08:34:20] [Server thread/INFO] (Minecraft) Running test environment 'powers:vfx_gallery' batch 0 (1 tests)...
[08:34:20] [Server thread/INFO] (Minecraft) test-mock-player[embedded] logged in with entity id 181 at (0.0, 0.0, 0.0)
[08:34:20] [Server thread/INFO] (Minecraft) [Dormant] test-mock-player joined the game
[08:34:20] [Server thread/INFO] (Minecraft) Running test environment 'qa010_hostile:synthetic_reload' batch 0 (1 tests)...
[08:34:20] [Server thread/INFO] (Minecraft) [++++++++++                                                                                                                                                             ]
[08:34:20] [Server thread/INFO] (Minecraft) test-mock-player[embedded] logged in with entity id 192 at (0.0, 0.0, 0.0)
[08:34:20] [Server thread/INFO] (Minecraft) [Dormant] test-mock-player joined the game
[08:34:20] [Server thread/INFO] (Minecraft) Loaded 1605 recipes
[08:34:20] [Server thread/INFO] (Minecraft) Loaded 1713 advancements
[08:34:20] [Server thread/INFO] (powers) Published action registry revision 3 with 110 canonical keys and 2 aliases
[08:34:20] [Server thread/INFO] (powers) Loaded 14 Shadow knowledge entries
[08:34:20] [Server thread/INFO] (Minecraft) [++++++++++_                                                                                                                                                            ]
[08:34:20] [Server thread/INFO] (Minecraft) [++++++++++_                                                                                                                                                            ]
[08:34:20] [Server thread/INFO] (Minecraft) [++++++++++_                                                                                                                                                            ]
[08:34:20] [Server thread/INFO] (Minecraft) [++++++++++_                                                                                                                                                            ]
[08:34:20] [Server thread/INFO] (Minecraft) [++++++++++_                                                                                                                                                            ]
[08:34:20] [Server thread/INFO] (Minecraft) [++++++++++_                                                                                                                                                            ]
[08:34:20] [Server thread/INFO] (Minecraft) [++++++++++_                                                                                                                                                            ]
[08:34:20] [Server thread/INFO] (Minecraft) [++++++++++_                                                                                                                                                            ]
[08:34:20] [Server thread/INFO] (Minecraft) [++++++++++_                                                                                                                                                            ]
[08:34:21] [Server thread/INFO] (Minecraft) [++++++++++_                                                                                                                                                            ]
[08:34:21] [Server thread/INFO] (Minecraft) [++++++++++_                                                                                                                                                            ]
[08:34:21] [Server thread/INFO] (Minecraft) Running test environment 'qa010_hostile:isolated' batch 0 (7 tests)...
[08:34:21] [Server thread/INFO] (Minecraft) test-mock-player[embedded] logged in with entity id 434 at (0.0, 0.0, 0.0)
[08:34:21] [Server thread/INFO] (Minecraft) [Dormant] test-mock-player joined the game
[08:34:21] [Server thread/INFO] (Minecraft) <test-mock-player> shadow, leave me
[08:34:21] [Server thread/INFO] (Minecraft) test-mock-player[embedded] logged in with entity id 437 at (0.0, 0.0, 0.0)
[08:34:21] [Server thread/INFO] (Minecraft) [Dormant] test-mock-player joined the game
[08:34:21] [Server thread/INFO] (Minecraft) test-mock-player[embedded] logged in with entity id 439 at (0.0, 0.0, 0.0)
[08:34:21] [Server thread/INFO] (Minecraft) [Dormant] test-mock-player joined the game
[08:34:21] [Server thread/INFO] (Minecraft) [Dormant] test-mock-player has made the advancement [Monster Hunter]
[08:34:21] [Server thread/INFO] (Minecraft) test-mock-player[embedded] logged in with entity id 444 at (0.0, 0.0, 0.0)
[08:34:21] [Server thread/INFO] (Minecraft) [Dormant] test-mock-player joined the game
[08:34:21] [Server thread/INFO] (Minecraft) test-mock-player[embedded] logged in with entity id 445 at (0.0, 0.0, 0.0)
[08:34:21] [Server thread/INFO] (Minecraft) [Dormant] test-mock-player joined the game
[08:34:21] [Server thread/INFO] (Minecraft) test-mock-player[embedded] logged in with entity id 449 at (0.0, 0.0, 0.0)
[08:34:21] [Server thread/INFO] (Minecraft) [Dormant] test-mock-player joined the game
[08:34:21] [Server thread/INFO] (Minecraft) [Dormant] test-mock-player has made the advancement [We Need to Go Deeper]
[08:34:22] [Server thread/INFO] (Minecraft) test-mock-player[embedded] logged in with entity id 452 at (0.0, 0.0, 0.0)
[08:34:22] [Server thread/INFO] (Minecraft) [Dormant] test-mock-player joined the game
[08:34:22] [Server thread/INFO] (Minecraft) test-mock-player[embedded] logged in with entity id 453 at (0.0, 0.0, 0.0)
[08:34:22] [Server thread/INFO] (Minecraft) [Dormant] test-mock-player joined the game
[08:34:22] [Server thread/INFO] (Minecraft) [++++++++++++_+++++                                                                                                                                                     ]
[08:34:22] [Server thread/INFO] (Minecraft) [++++++++++++_+++++                                                                                                                                                     ]
[08:34:22] [Server thread/INFO] (Minecraft) [++++++++++++_+++++                                                                                                                                                     ]
[08:34:22] [Server thread/INFO] (Minecraft) [Dormant] test-mock-player fell out of the world
[08:34:22] [Server thread/INFO] (Minecraft) [++++++++++++_+++++                                                                                                                                                     ]
[08:34:22] [Server thread/INFO] (Minecraft) [++++++++++++_+++++                                                                                                                                                     ]
[08:34:22] [Server thread/INFO] (Minecraft) [++++++++++++_+++++                                                                                                                                                     ]
[08:34:22] [Server thread/INFO] (Minecraft) [++++++++++++_+++++                                                                                                                                                     ]
[08:34:22] [Server thread/INFO] (Minecraft) Running test environment 'powers:packet_fault_isolated' batch 0 (4 tests)...
[08:34:22] [Server thread/INFO] (Minecraft) test-mock-player[embedded] logged in with entity id 569 at (0.0, 0.0, 0.0)
[08:34:22] [Server thread/INFO] (Minecraft) [Dormant] test-mock-player joined the game
[08:34:22] [Server thread/INFO] (Minecraft) test-mock-player[embedded] logged in with entity id 570 at (0.0, 0.0, 0.0)
[08:34:22] [Server thread/INFO] (Minecraft) [Dormant] test-mock-player joined the game
[08:34:22] [Server thread/INFO] (Minecraft) [+++++++++++++++++++_++                                                                                                                                                 ]
[08:34:22] [Server thread/INFO] (Minecraft) [+++++++++++++++++++_++                                                                                                                                                 ]
[08:34:22] [Server thread/INFO] (Minecraft) [+++++++++++++++++++_++                                                                                                                                                 ]
[08:34:22] [Server thread/INFO] (Minecraft) test-mock-player[embedded] logged in with entity id 615 at (0.0, 0.0, 0.0)
[08:34:22] [Server thread/INFO] (Minecraft) [Dormant] test-mock-player joined the game
[08:34:22] [Server thread/INFO] (Minecraft) test-mock-player[embedded] logged in with entity id 620 at (0.0, 0.0, 0.0)
[08:34:22] [Server thread/INFO] (Minecraft) [Dormant] test-mock-player joined the game
[08:34:22] [Server thread/INFO] (Minecraft) [+++++++++++++++++++_++                                                                                                                                                 ]
[08:34:22] [Server thread/INFO] (Minecraft) [Dormant] test-mock-player has made the advancement [We Need to Go Deeper]
[08:34:22] [Server thread/INFO] (Minecraft) test-mock-player[embedded] logged in with entity id 651 at (0.0, 0.0, 0.0)
[08:34:22] [Server thread/INFO] (Minecraft) [Dormant] test-mock-player joined the game
[08:34:22] [Server thread/INFO] (Minecraft) test-mock-player[embedded] logged in with entity id 656 at (0.0, 0.0, 0.0)
[08:34:22] [Server thread/INFO] (Minecraft) [Dormant] test-mock-player joined the game
[08:34:22] [Server thread/INFO] (Minecraft) test-mock-player lost connection: QA-009 disconnect lifecycle
[08:34:22] [Server thread/INFO] (Minecraft) [Dormant] test-mock-player left the game
[08:34:22] [Server thread/INFO] (Minecraft) test-mock-player[embedded] logged in with entity id 664 at (0.0, 0.0, 0.0)
[08:34:22] [Server thread/INFO] (Minecraft) [Dormant] test-mock-player joined the game
[08:34:22] [Server thread/INFO] (Minecraft) [+++++++++++++++++++_++                                                                                                                                                 ]
[08:34:22] [Server thread/INFO] (Minecraft) [+++++++++++++++++++_++                                                                                                                                                 ]
[08:34:22] [Server thread/INFO] (Minecraft) [+++++++++++++++++++_++                                                                                                                                                 ]
[08:34:22] [Server thread/INFO] (Minecraft) [+++++++++++++++++++_++                                                                                                                                                 ]
[08:34:22] [Server thread/INFO] (Minecraft) [+++++++++++++++++++_++                                                                                                                                                 ]
[08:34:22] [Server thread/INFO] (Minecraft) [+++++++++++++++++++_++                                                                                                                                                 ]
[08:34:22] [Server thread/INFO] (Minecraft) [+++++++++++++++++++_++                                                                                                                                                 ]
[08:34:22] [Server thread/INFO] (Minecraft) [+++++++++++++++++++_++                                                                                                                                                 ]
[08:34:22] [Server thread/INFO] (Minecraft) [+++++++++++++++++++_++                                                                                                                                                 ]
[08:34:22] [Server thread/INFO] (Minecraft) [+++++++++++++++++++_++                                                                                                                                                 ]
[08:34:22] [Server thread/INFO] (Minecraft) [+++++++++++++++++++_++                                                                                                                                                 ]
[08:34:22] [Server thread/INFO] (Minecraft) [+++++++++++++++++++_++                                                                                                                                                 ]
[08:34:22] [Server thread/INFO] (Minecraft) [+++++++++++++++++++_++                                                                                                                                                 ]
[08:34:22] [Server thread/INFO] (Minecraft) [+++++++++++++++++++_++                                                                                                                                                 ]
[08:34:22] [Server thread/INFO] (Minecraft) [+++++++++++++++++++_++                                                                                                                                                 ]
[08:34:22] [Server thread/INFO] (Minecraft) [+++++++++++++++++++_++                                                                                                                                                 ]
[08:34:22] [Server thread/INFO] (Minecraft) [+++++++++++++++++++_++                                                                                                                                                 ]
[08:34:22] [Server thread/INFO] (Minecraft) [+++++++++++++++++++_++                                                                                                                                                 ]
[08:34:22] [Server thread/INFO] (Minecraft) [+++++++++++++++++++_++                                                                                                                                                 ]
[08:34:22] [Server thread/INFO] (Minecraft) [+++++++++++++++++++_++                                                                                                                                                 ]
[08:34:22] [Server thread/INFO] (Minecraft) [+++++++++++++++++++_++                                                                                                                                                 ]
[08:34:23] [Server thread/INFO] (Minecraft) [+++++++++++++++++++_++                                                                                                                                                 ]
[08:34:23] [Server thread/INFO] (Minecraft) [+++++++++++++++++++_++                                                                                                                                                 ]
[08:34:23] [Server thread/INFO] (Minecraft) [+++++++++++++++++++_++                                                                                                                                                 ]
[08:34:23] [Server thread/INFO] (Minecraft) [+++++++++++++++++++_++                                                                                                                                                 ]
[08:34:23] [Server thread/INFO] (Minecraft) [+++++++++++++++++++_++                                                                                                                                                 ]
[08:34:23] [Server thread/INFO] (Minecraft) [+++++++++++++++++++_++                                                                                                                                                 ]
[08:34:23] [Server thread/INFO] (Minecraft) [+++++++++++++++++++_++                                                                                                                                                 ]
[08:34:23] [Server thread/INFO] (Minecraft) [+++++++++++++++++++_++                                                                                                                                                 ]
[08:34:23] [Server thread/INFO] (Minecraft) [+++++++++++++++++++_++                                                                                                                                                 ]
[08:34:23] [Server thread/INFO] (Minecraft) Running test environment 'powers:fx_lod_isolated' batch 0 (1 tests)...
[08:34:23] [Server thread/INFO] (Minecraft) test-mock-player[embedded] logged in with entity id 749 at (0.0, 0.0, 0.0)
[08:34:23] [Server thread/INFO] (Minecraft) [Dormant] test-mock-player joined the game
[08:34:23] [Server thread/INFO] (Minecraft) test-mock-player[embedded] logged in with entity id 750 at (0.0, 0.0, 0.0)
[08:34:23] [Server thread/INFO] (Minecraft) [Dormant] test-mock-player joined the game
[08:34:23] [Server thread/INFO] (Minecraft) test-mock-player[embedded] logged in with entity id 751 at (0.0, 0.0, 0.0)
[08:34:23] [Server thread/INFO] (Minecraft) [Dormant] test-mock-player joined the game
[08:34:23] [Server thread/INFO] (Minecraft) Running test environment 'minecraft:default' batch 0 (50 tests)...
[08:34:23] [Server thread/INFO] (Minecraft) [+++++++++++++++++++++++                                                                                                                                                ]
[08:34:23] [Server thread/INFO] (Minecraft) test-mock-player[embedded] logged in with entity id 752 at (0.0, 0.0, 0.0)
[08:34:23] [Server thread/INFO] (Minecraft) [Dormant] test-mock-player joined the game
[08:34:23] [Server thread/INFO] (Minecraft) Named entity PowerTestActor['Test_e71a14ac'/753, l='ServerLevel[Test Level]', x=11522518.50, y=-56.00, z=5555364.50] died: Test_e71a14ac died
[08:34:23] [Server thread/INFO] (Minecraft) test-mock-player[embedded] logged in with entity id 756 at (0.0, 0.0, 0.0)
[08:34:23] [Server thread/INFO] (Minecraft) [Dormant] test-mock-player joined the game
[08:34:23] [Server thread/INFO] (Minecraft) Named entity FirstVessel['The First Vessel'/758, l='ServerLevel[Test Level]', x=11522548.50, y=-56.00, z=5555360.50] died: death.attack.powers.celestial_ruin
[08:34:23] [Server thread/INFO] (Minecraft) test-mock-player[embedded] logged in with entity id 762 at (0.0, 0.0, 0.0)
[08:34:23] [Server thread/INFO] (Minecraft) [Dormant] test-mock-player joined the game
[08:34:23] [Server thread/INFO] (Minecraft) test-mock-player[embedded] logged in with entity id 764 at (0.0, 0.0, 0.0)
[08:34:23] [Server thread/INFO] (Minecraft) [Dormant] test-mock-player joined the game
[08:34:23] [Server thread/INFO] (Minecraft) test-mock-player[embedded] logged in with entity id 766 at (0.0, 0.0, 0.0)
[08:34:23] [Server thread/INFO] (Minecraft) [Dormant] test-mock-player joined the game
[08:34:23] [Server thread/INFO] (Minecraft) test-mock-player[embedded] logged in with entity id 768 at (0.0, 0.0, 0.0)
[08:34:23] [Server thread/INFO] (Minecraft) [Dormant] test-mock-player joined the game
[08:34:23] [Server thread/INFO] (Minecraft) test-mock-player[embedded] logged in with entity id 769 at (0.0, 0.0, 0.0)
[08:34:23] [Server thread/INFO] (Minecraft) [Dormant] test-mock-player joined the game
[08:34:23] [Server thread/INFO] (Minecraft) test-mock-player[embedded] logged in with entity id 770 at (0.0, 0.0, 0.0)
[08:34:23] [Server thread/INFO] (Minecraft) [Dormant] test-mock-player joined the game
[08:34:23] [Server thread/INFO] (Minecraft) test-mock-player[embedded] logged in with entity id 772 at (0.0, 0.0, 0.0)
[08:34:23] [Server thread/INFO] (Minecraft) [Dormant] test-mock-player joined the game
[08:34:23] [Server thread/INFO] (Minecraft) test-mock-player[embedded] logged in with entity id 775 at (0.0, 0.0, 0.0)
[08:34:23] [Server thread/INFO] (Minecraft) [Dormant] test-mock-player joined the game
[08:34:23] [Server thread/INFO] (Minecraft) test-mock-player[embedded] logged in with entity id 776 at (0.0, 0.0, 0.0)
[08:34:23] [Server thread/INFO] (Minecraft) [Dormant] test-mock-player joined the game
[08:34:23] [Server thread/INFO] (Minecraft) test-mock-player[embedded] logged in with entity id 779 at (0.0, 0.0, 0.0)
[08:34:23] [Server thread/INFO] (Minecraft) [Dormant] test-mock-player joined the game
[08:34:23] [Server thread/INFO] (Minecraft) test-mock-player[embedded] logged in with entity id 780 at (0.0, 0.0, 0.0)
[08:34:23] [Server thread/INFO] (Minecraft) [Dormant] test-mock-player joined the game
[08:34:23] [Server thread/INFO] (Minecraft) [Dormant] test-mock-player has made the advancement [We Need to Go Deeper]
[08:34:23] [Server thread/INFO] (Minecraft) test-mock-player[embedded] logged in with entity id 783 at (0.0, 0.0, 0.0)
[08:34:23] [Server thread/INFO] (Minecraft) [Dormant] test-mock-player joined the game
[08:34:23] [Server thread/INFO] (Minecraft) test-mock-player[embedded] logged in with entity id 784 at (0.0, 0.0, 0.0)
[08:34:23] [Server thread/INFO] (Minecraft) [Dormant] test-mock-player joined the game
[08:34:23] [Server thread/INFO] (Minecraft) test-mock-player[embedded] logged in with entity id 785 at (0.0, 0.0, 0.0)
[08:34:23] [Server thread/INFO] (Minecraft) [Dormant] test-mock-player joined the game
[08:34:23] [Server thread/INFO] (Minecraft) test-mock-player[embedded] logged in with entity id 786 at (0.0, 0.0, 0.0)
[08:34:23] [Server thread/INFO] (Minecraft) [Dormant] test-mock-player joined the game
[08:34:23] [Server thread/INFO] (powers) powers_operator_audit action=consent_override result=success actor=test-mock-player subject=test-mock-player detail=teleport
[08:34:23] [Server thread/INFO] (powers) powers_operator_audit action=consent_override result=success actor=test-mock-player subject=test-mock-player detail=locator
[08:34:23] [Server thread/INFO] (powers) powers_operator_audit action=consent_override result=success actor=test-mock-player subject=test-mock-player detail=companion
[08:34:23] [Server thread/INFO] (powers) powers_operator_audit action=consent_override result=success actor=test-mock-player subject=test-mock-player detail=dreamwalk
[08:34:23] [Server thread/INFO] (powers) powers_operator_audit action=consent_override result=success actor=test-mock-player subject=test-mock-player detail=possession
[08:34:23] [Server thread/INFO] (Minecraft) test-mock-player[embedded] logged in with entity id 787 at (0.0, 0.0, 0.0)
[08:34:23] [Server thread/INFO] (Minecraft) [Dormant] test-mock-player joined the game
[08:34:23] [Server thread/INFO] (powers) powers_operator_audit action=consent_override result=denied actor=test-mock-player subject=test-mock-player detail=deny_energy
[08:34:23] [Server thread/INFO] (powers) powers_operator_audit action=consent_override result=success actor=test-mock-player subject=test-mock-player detail=teleport
[08:34:23] [Server thread/INFO] (Minecraft) test-mock-player[embedded] logged in with entity id 788 at (0.0, 0.0, 0.0)
[08:34:23] [Server thread/INFO] (Minecraft) [Dormant] test-mock-player joined the game
[08:34:23] [Server thread/INFO] (Minecraft) test-mock-player[embedded] logged in with entity id 789 at (0.0, 0.0, 0.0)
[08:34:23] [Server thread/INFO] (Minecraft) [Dormant] test-mock-player joined the game
[08:34:23] [Server thread/INFO] (Minecraft) test-mock-player[embedded] logged in with entity id 790 at (0.0, 0.0, 0.0)
[08:34:23] [Server thread/INFO] (Minecraft) [Dormant] test-mock-player joined the game
[08:34:23] [Server thread/INFO] (Minecraft) test-mock-player[embedded] logged in with entity id 791 at (0.0, 0.0, 0.0)
[08:34:23] [Server thread/INFO] (Minecraft) [Dormant] test-mock-player joined the game
[08:34:23] [Server thread/INFO] (Minecraft) test-mock-player[embedded] logged in with entity id 794 at (0.0, 0.0, 0.0)
[08:34:23] [Server thread/INFO] (Minecraft) [Dormant] test-mock-player joined the game
[08:34:23] [Server thread/INFO] (Minecraft) test-mock-player[embedded] logged in with entity id 795 at (0.0, 0.0, 0.0)
[08:34:23] [Server thread/INFO] (Minecraft) [Dormant] test-mock-player joined the game
[08:34:23] [Server thread/INFO] (Minecraft) test-mock-player[embedded] logged in with entity id 801 at (0.0, 0.0, 0.0)
[08:34:23] [Server thread/INFO] (Minecraft) [Dormant] test-mock-player joined the game
[08:34:23] [Server thread/INFO] (Minecraft) test-mock-player[embedded] logged in with entity id 802 at (0.0, 0.0, 0.0)
[08:34:23] [Server thread/INFO] (Minecraft) [Dormant] test-mock-player joined the game
[08:34:23] [Server thread/INFO] (Minecraft) test-mock-player[embedded] logged in with entity id 812 at (0.0, 0.0, 0.0)
[08:34:23] [Server thread/INFO] (Minecraft) [Dormant] test-mock-player joined the game
[08:34:23] [Server thread/INFO] (Minecraft) test-mock-player[embedded] logged in with entity id 813 at (0.0, 0.0, 0.0)
[08:34:23] [Server thread/INFO] (Minecraft) [Dormant] test-mock-player joined the game
[08:34:23] [Server thread/INFO] (Minecraft) test-mock-player[embedded] logged in with entity id 817 at (0.0, 0.0, 0.0)
[08:34:23] [Server thread/INFO] (Minecraft) [Dormant] test-mock-player joined the game
[08:34:23] [Server thread/INFO] (Minecraft) test-mock-player[embedded] logged in with entity id 818 at (0.0, 0.0, 0.0)
[08:34:23] [Server thread/INFO] (Minecraft) [Dormant] test-mock-player joined the game
[08:34:23] [Server thread/INFO] (Minecraft) test-mock-player[embedded] logged in with entity id 819 at (0.0, 0.0, 0.0)
[08:34:23] [Server thread/INFO] (Minecraft) [Dormant] test-mock-player joined the game
[08:34:23] [Server thread/INFO] (Minecraft) test-mock-player[embedded] logged in with entity id 821 at (0.0, 0.0, 0.0)
[08:34:23] [Server thread/INFO] (Minecraft) [Dormant] test-mock-player joined the game
[08:34:23] [Server thread/INFO] (Minecraft) test-mock-player[embedded] logged in with entity id 823 at (0.0, 0.0, 0.0)
[08:34:23] [Server thread/INFO] (Minecraft) [Dormant] test-mock-player joined the game
[08:34:23] [Server thread/INFO] (Minecraft) <test-mock-player> shadow, hide yourself
[08:34:23] [Server thread/INFO] (Minecraft) <test-mock-player> shadow, leave me
[08:34:23] [Server thread/INFO] (Minecraft) test-mock-player[embedded] logged in with entity id 827 at (0.0, 0.0, 0.0)
[08:34:23] [Server thread/INFO] (Minecraft) [Dormant] test-mock-player joined the game
[08:34:23] [Server thread/INFO] (Minecraft) test-mock-player[embedded] logged in with entity id 828 at (0.0, 0.0, 0.0)
[08:34:23] [Server thread/INFO] (Minecraft) [Dormant] test-mock-player joined the game
[08:34:23] [Server thread/INFO] (Minecraft) test-mock-player[embedded] logged in with entity id 829 at (0.0, 0.0, 0.0)
[08:34:23] [Server thread/INFO] (Minecraft) [Dormant] test-mock-player joined the game
[08:34:23] [Server thread/INFO] (Minecraft) test-mock-player[embedded] logged in with entity id 830 at (0.0, 0.0, 0.0)
[08:34:23] [Server thread/INFO] (Minecraft) [Dormant] test-mock-player joined the game
[08:34:23] [Server thread/INFO] (Minecraft) [Dormant] test-mock-player died
[08:34:23] [Server thread/INFO] (Minecraft) [Dormant] test-mock-player died
[08:34:23] [Server thread/INFO] (Minecraft) <test-mock-player> shadow, hide yourself
[08:34:23] [Server thread/INFO] (Minecraft) Named entity ShadowCompanionEntity['Shadow of test-mock-player'/822, l='ServerLevel[Test Level]', x=11522535.53, y=-56.00, z=5555425.95] died: Shadow of test-mock-player died
[08:34:23] [Server thread/INFO] (Minecraft) test-mock-player[embedded] logged in with entity id 838 at (0.0, 0.0, 0.0)
[08:34:23] [Server thread/INFO] (Minecraft) [Dormant] test-mock-player joined the game
[08:34:23] [Server thread/INFO] (Minecraft) test-mock-player[embedded] logged in with entity id 839 at (0.0, 0.0, 0.0)
[08:34:23] [Server thread/INFO] (Minecraft) [Dormant] test-mock-player joined the game
[08:34:23] [Server thread/INFO] (Minecraft) test-mock-player[embedded] logged in with entity id 840 at (0.0, 0.0, 0.0)
[08:34:23] [Server thread/INFO] (Minecraft) [Dormant] test-mock-player joined the game
[08:34:23] [Server thread/INFO] (Minecraft) test-mock-player[embedded] logged in with entity id 842 at (0.0, 0.0, 0.0)
[08:34:23] [Server thread/INFO] (Minecraft) [Dormant] test-mock-player joined the game
[08:34:23] [Server thread/INFO] (Minecraft) test-mock-player[embedded] logged in with entity id 844 at (0.0, 0.0, 0.0)
[08:34:23] [Server thread/INFO] (Minecraft) [Dormant] test-mock-player joined the game
[08:34:23] [Server thread/INFO] (Minecraft) test-mock-player[embedded] logged in with entity id 847 at (0.0, 0.0, 0.0)
[08:34:23] [Server thread/INFO] (Minecraft) [Dormant] test-mock-player joined the game
[08:34:23] [Server thread/INFO] (Minecraft) [+++++++++++++++++++++++++++++++++++__++_+++++++_++++++++++_+++_++_++_+_++                                                                                              ]
[08:34:23] [Server thread/INFO] (Minecraft) [Dormant] test-mock-player has made the advancement [We Need to Go Deeper]
[08:34:23] [Server thread/INFO] (Minecraft) [+++++++++++++++++++++++++++++++++++__++_+++++++_++++++++++_+++_++_++_+_++                                                                                              ]
[08:34:24] [Server thread/INFO] (Minecraft) [+++++++++++++++++++++++++++++++++++__++++++++++_++++++++++_++++++++++++++                                                                                              ]
[08:34:24] [Server thread/INFO] (Minecraft) [+++++++++++++++++++++++++++++++++++__+++++++++++++++++++++_++++++++++++++                                                                                              ]
[08:34:24] [Server thread/INFO] (Minecraft) [+++++++++++++++++++++++++++++++++++__+++++++++++++++++++++_++++++++++++++                                                                                              ]
[08:34:24] [Server thread/INFO] (Minecraft) <test-mock-player> shadow, hide yourself
[08:34:24] [Server thread/INFO] (Minecraft) <test-mock-player> shadow, leave me
[08:34:24] [Server thread/INFO] (Minecraft) [+++++++++++++++++++++++++++++++++++_+++++++++++++++++++++++++++++++++++++                                                                                              ]
[08:34:24] [Server thread/INFO] (Minecraft) [+++++++++++++++++++++++++++++++++++_+++++++++++++++++++++++++++++++++++++                                                                                              ]
[08:35:00] [Server thread/INFO] (Minecraft) Running test environment 'minecraft:default' batch 1 (50 tests)...
[08:35:00] [Server thread/INFO] (Minecraft) test-mock-player[embedded] logged in with entity id 1122 at (0.0, 0.0, 0.0)
[08:35:00] [Server thread/INFO] (Minecraft) [Dormant] test-mock-player joined the game
[08:35:00] [Server thread/INFO] (Minecraft) test-mock-player[embedded] logged in with entity id 1125 at (0.0, 0.0, 0.0)
[08:35:00] [Server thread/INFO] (Minecraft) [Dormant] test-mock-player joined the game
[08:35:00] [Server thread/INFO] (Minecraft) test-mock-player[embedded] logged in with entity id 1128 at (0.0, 0.0, 0.0)
[08:35:00] [Server thread/INFO] (Minecraft) [Dormant] test-mock-player joined the game
[08:35:00] [Server thread/INFO] (Minecraft) test-mock-player[embedded] logged in with entity id 1131 at (0.0, 0.0, 0.0)
[08:35:00] [Server thread/INFO] (Minecraft) [Dormant] test-mock-player joined the game
[08:35:00] [Server thread/INFO] (Minecraft) test-mock-player[embedded] logged in with entity id 1132 at (0.0, 0.0, 0.0)
[08:35:00] [Server thread/INFO] (Minecraft) [Dormant] test-mock-player joined the game
[08:35:00] [Server thread/INFO] (Minecraft) test-mock-player[embedded] logged in with entity id 1133 at (0.0, 0.0, 0.0)
[08:35:00] [Server thread/INFO] (Minecraft) [Dormant] test-mock-player joined the game
[08:35:00] [Server thread/INFO] (Minecraft) test-mock-player[embedded] logged in with entity id 1135 at (0.0, 0.0, 0.0)
[08:35:00] [Server thread/INFO] (Minecraft) [Dormant] test-mock-player joined the game
[08:35:00] [Server thread/INFO] (Minecraft) test-mock-player[embedded] logged in with entity id 1136 at (0.0, 0.0, 0.0)
[08:35:00] [Server thread/INFO] (Minecraft) [Dormant] test-mock-player joined the game
[08:35:00] [Server thread/INFO] (Minecraft) test-mock-player[embedded] logged in with entity id 1141 at (0.0, 0.0, 0.0)
[08:35:00] [Server thread/INFO] (Minecraft) [Dormant] test-mock-player joined the game
[08:35:00] [Server thread/INFO] (Minecraft) test-mock-player[embedded] logged in with entity id 1142 at (0.0, 0.0, 0.0)
[08:35:00] [Server thread/INFO] (Minecraft) [Dormant] test-mock-player joined the game
[08:35:00] [Server thread/INFO] (Minecraft) test-mock-player[embedded] logged in with entity id 1143 at (0.0, 0.0, 0.0)
[08:35:00] [Server thread/INFO] (Minecraft) [Dormant] test-mock-player joined the game
[08:35:00] [Server thread/INFO] (Minecraft) test-mock-player[embedded] logged in with entity id 1150 at (0.0, 0.0, 0.0)
[08:35:00] [Server thread/INFO] (Minecraft) [Dormant] test-mock-player joined the game
[08:35:00] [Server thread/INFO] (Minecraft) test-mock-player[embedded] logged in with entity id 1151 at (0.0, 0.0, 0.0)
[08:35:00] [Server thread/INFO] (Minecraft) [Dormant] test-mock-player joined the game
[08:35:00] [Server thread/INFO] (Minecraft) test-mock-player[embedded] logged in with entity id 1153 at (0.0, 0.0, 0.0)
[08:35:00] [Server thread/INFO] (Minecraft) [Dormant] test-mock-player joined the game
[08:35:00] [Server thread/INFO] (Minecraft) test-mock-player[embedded] logged in with entity id 1154 at (0.0, 0.0, 0.0)
[08:35:00] [Server thread/INFO] (Minecraft) [Dormant] test-mock-player joined the game
[08:35:00] [Server thread/INFO] (Minecraft) test-mock-player[embedded] logged in with entity id 1156 at (0.0, 0.0, 0.0)
[08:35:00] [Server thread/INFO] (Minecraft) [Dormant] test-mock-player joined the game
[08:35:00] [Server thread/INFO] (Minecraft) test-mock-player[embedded] logged in with entity id 1157 at (0.0, 0.0, 0.0)
[08:35:00] [Server thread/INFO] (Minecraft) [Dormant] test-mock-player joined the game
[08:35:00] [Server thread/INFO] (Minecraft) test-mock-player[embedded] logged in with entity id 1158 at (0.0, 0.0, 0.0)
[08:35:00] [Server thread/INFO] (Minecraft) [Dormant] test-mock-player joined the game
[08:35:00] [Server thread/INFO] (Minecraft) test-mock-player[embedded] logged in with entity id 1159 at (0.0, 0.0, 0.0)
[08:35:00] [Server thread/INFO] (Minecraft) [Dormant] test-mock-player joined the game
[08:35:00] [Server thread/INFO] (Minecraft) test-mock-player[embedded] logged in with entity id 1161 at (0.0, 0.0, 0.0)
[08:35:00] [Server thread/INFO] (Minecraft) [Dormant] test-mock-player joined the game
[08:35:00] [Server thread/INFO] (Minecraft) test-mock-player[embedded] logged in with entity id 1165 at (0.0, 0.0, 0.0)
[08:35:00] [Server thread/INFO] (Minecraft) [Dormant] test-mock-player joined the game
[08:35:00] [Server thread/INFO] (Minecraft) Named entity PowerTestActor['Target_thunderclap'/1168, l='ServerLevel[Test Level]', x=11523041.50, y=-55.00, z=5555772.50] died: Target_thunderclap was consumed by ancient power
[08:35:00] [Server thread/INFO] (Minecraft) test-mock-player[embedded] logged in with entity id 1180 at (0.0, 0.0, 0.0)
[08:35:00] [Server thread/INFO] (Minecraft) [Dormant] test-mock-player joined the game
[08:35:00] [Server thread/INFO] (Minecraft) test-mock-player[embedded] logged in with entity id 1181 at (0.0, 0.0, 0.0)
[08:35:00] [Server thread/INFO] (Minecraft) [Dormant] test-mock-player joined the game
[08:35:00] [Server thread/INFO] (Minecraft) test-mock-player[embedded] logged in with entity id 1182 at (0.0, 0.0, 0.0)
[08:35:00] [Server thread/INFO] (Minecraft) [Dormant] test-mock-player joined the game
[08:35:00] [Server thread/INFO] (Minecraft) test-mock-player[embedded] logged in with entity id 1183 at (0.0, 0.0, 0.0)
[08:35:00] [Server thread/INFO] (Minecraft) [Dormant] test-mock-player joined the game
[08:35:00] [Server thread/INFO] (Minecraft) test-mock-player[embedded] logged in with entity id 1184 at (0.0, 0.0, 0.0)
[08:35:00] [Server thread/INFO] (Minecraft) [Dormant] test-mock-player joined the game
[08:35:00] [Server thread/INFO] (Minecraft) test-mock-player[embedded] logged in with entity id 1185 at (0.0, 0.0, 0.0)
[08:35:00] [Server thread/INFO] (Minecraft) [Dormant] test-mock-player joined the game
[08:35:00] [Server thread/INFO] (Minecraft) test-mock-player[embedded] logged in with entity id 1186 at (0.0, 0.0, 0.0)
[08:35:00] [Server thread/INFO] (Minecraft) [Dormant] test-mock-player joined the game
[08:35:00] [Server thread/INFO] (Minecraft) test-mock-player[embedded] logged in with entity id 1187 at (0.0, 0.0, 0.0)
[08:35:00] [Server thread/INFO] (Minecraft) [Dormant] test-mock-player joined the game
[08:35:00] [Server thread/INFO] (Minecraft) test-mock-player[embedded] logged in with entity id 1188 at (0.0, 0.0, 0.0)
[08:35:00] [Server thread/INFO] (Minecraft) [Dormant] test-mock-player joined the game
[08:35:00] [Server thread/INFO] (Minecraft) test-mock-player[embedded] logged in with entity id 1189 at (0.0, 0.0, 0.0)
[08:35:00] [Server thread/INFO] (Minecraft) [Dormant] test-mock-player joined the game
[08:35:00] [Server thread/INFO] (Minecraft) test-mock-player[embedded] logged in with entity id 1190 at (0.0, 0.0, 0.0)
[08:35:00] [Server thread/INFO] (Minecraft) [Dormant] test-mock-player joined the game
[08:35:00] [Server thread/INFO] (Minecraft) test-mock-player[embedded] logged in with entity id 1191 at (0.0, 0.0, 0.0)
[08:35:00] [Server thread/INFO] (Minecraft) [Dormant] test-mock-player joined the game
[08:35:00] [Server thread/INFO] (Minecraft) test-mock-player[embedded] logged in with entity id 1194 at (0.0, 0.0, 0.0)
[08:35:00] [Server thread/INFO] (Minecraft) [Dormant] test-mock-player joined the game
[08:35:00] [Server thread/INFO] (Minecraft) test-mock-player[embedded] logged in with entity id 1342 at (0.0, 0.0, 0.0)
[08:35:00] [Server thread/INFO] (Minecraft) [Dormant] test-mock-player joined the game
[08:35:00] [Server thread/INFO] (powers) PERF-012 identical mixed AI: queries=24, cacheHits=12, inspections=348, legacyInspections=540, reductionPercent=35.56
[08:35:00] [Server thread/INFO] (Minecraft) test-mock-player[embedded] logged in with entity id 1388 at (0.0, 0.0, 0.0)
[08:35:00] [Server thread/INFO] (Minecraft) [Dormant] test-mock-player joined the game
[08:35:00] [Server thread/INFO] (Minecraft) test-mock-player[embedded] logged in with entity id 1389 at (0.0, 0.0, 0.0)
[08:35:00] [Server thread/INFO] (Minecraft) [Dormant] test-mock-player joined the game
[08:35:00] [Server thread/INFO] (Minecraft) test-mock-player[embedded] logged in with entity id 1394 at (0.0, 0.0, 0.0)
[08:35:00] [Server thread/INFO] (Minecraft) [Dormant] test-mock-player joined the game
[08:35:00] [Server thread/INFO] (Minecraft) test-mock-player[embedded] logged in with entity id 1398 at (0.0, 0.0, 0.0)
[08:35:00] [Server thread/INFO] (Minecraft) [Dormant] test-mock-player joined the game
[08:35:00] [Server thread/INFO] (Minecraft) test-mock-player[embedded] logged in with entity id 1400 at (0.0, 0.0, 0.0)
[08:35:00] [Server thread/INFO] (Minecraft) [Dormant] test-mock-player joined the game
[08:35:00] [Server thread/INFO] (Minecraft) test-mock-player[embedded] logged in with entity id 1410 at (0.0, 0.0, 0.0)
[08:35:00] [Server thread/INFO] (Minecraft) [Dormant] test-mock-player joined the game
[08:35:00] [Server thread/INFO] (Minecraft) test-mock-player[embedded] logged in with entity id 1411 at (0.0, 0.0, 0.0)
[08:35:00] [Server thread/INFO] (Minecraft) [Dormant] test-mock-player joined the game
[08:35:00] [Server thread/INFO] (Minecraft) test-mock-player[embedded] logged in with entity id 1412 at (0.0, 0.0, 0.0)
[08:35:00] [Server thread/INFO] (Minecraft) [Dormant] test-mock-player joined the game
[08:35:00] [Server thread/INFO] (Minecraft) test-mock-player[embedded] logged in with entity id 1413 at (0.0, 0.0, 0.0)
[08:35:00] [Server thread/INFO] (Minecraft) [Dormant] test-mock-player joined the game
[08:35:00] [Server thread/INFO] (Minecraft) test-mock-player[embedded] logged in with entity id 1415 at (0.0, 0.0, 0.0)
[08:35:00] [Server thread/INFO] (Minecraft) [Dormant] test-mock-player joined the game
[08:35:00] [Server thread/INFO] (Minecraft) <test-mock-player> shadow, use astral projection
[08:35:00] [Server thread/INFO] (Minecraft) <test-mock-player> shadow, use blight ground
[08:35:00] [Server thread/INFO] (Minecraft) <test-mock-player> shadow, use breezy bash
[08:35:00] [Server thread/INFO] (Minecraft) <test-mock-player> shadow, use call hollowed
[08:35:00] [Server thread/INFO] (Minecraft) <test-mock-player> shadow, use double health
[08:35:00] [Server thread/INFO] (Minecraft) <test-mock-player> shadow, stop double health
[08:35:00] [Server thread/INFO] (Minecraft) <test-mock-player> shadow, use energy beam
[08:35:00] [Server thread/INFO] (Minecraft) <test-mock-player> shadow, use energy drain
[08:35:00] [Server thread/INFO] (Minecraft) <test-mock-player> shadow, use fireball
[08:35:00] [Server thread/INFO] (Minecraft) <test-mock-player> shadow, use flight
[08:35:00] [Server thread/INFO] (Minecraft) <test-mock-player> shadow, stop flight
[08:35:00] [Server thread/INFO] (Minecraft) <test-mock-player> shadow, use forcefield
[08:35:00] [Server thread/INFO] (Minecraft) <test-mock-player> shadow, stop forcefield
[08:35:00] [Server thread/INFO] (Minecraft) <test-mock-player> shadow, use gravity displacement
[08:35:00] [Server thread/INFO] (Minecraft) <test-mock-player> shadow, use ice manipulation
[08:35:00] [Server thread/INFO] (Minecraft) <test-mock-player> shadow, use invisibility
[08:35:00] [Server thread/INFO] (Minecraft) <test-mock-player> shadow, stop invisibility
[08:35:00] [Server thread/INFO] (Minecraft) <test-mock-player> shadow, use lightning strike
[08:35:00] [Server thread/INFO] (Minecraft) <test-mock-player> shadow, use nightfall dominion
[08:35:00] [Server thread/INFO] (Minecraft) <test-mock-player> shadow, stop nightfall dominion
[08:35:00] [Server thread/INFO] (Minecraft) <test-mock-player> shadow, use plant healing acceleration
[08:35:00] [Server thread/INFO] (Minecraft) <test-mock-player> shadow, use size shift
[08:35:00] [Server thread/INFO] (Minecraft) <test-mock-player> shadow, stop size shift
[08:35:00] [Server thread/INFO] (Minecraft) <test-mock-player> shadow, use speed burst
[08:35:00] [Server thread/INFO] (Minecraft) <test-mock-player> shadow, use starfall
[08:35:00] [Server thread/INFO] (Minecraft) <test-mock-player> shadow, use super speed
[08:35:00] [Server thread/INFO] (Minecraft) <test-mock-player> shadow, stop super speed
[08:35:00] [Server thread/INFO] (Minecraft) <test-mock-player> shadow, use telekinesis
[08:35:00] [Server thread/INFO] (Minecraft) <test-mock-player> shadow, use thunderclap
[08:35:00] [Server thread/INFO] (Minecraft) <test-mock-player> shadow, use time freeze
[08:35:00] [Server thread/INFO] (Minecraft) <test-mock-player> shadow, stop time freeze
[08:35:00] [Server thread/INFO] (Minecraft) <test-mock-player> shadow, use time shift
[08:35:00] [Server thread/INFO] (Minecraft) <test-mock-player> shadow, use vessel possession
[08:35:00] [Server thread/INFO] (Minecraft) <test-mock-player> shadow, use void beam
[08:35:00] [Server thread/INFO] (Minecraft) test-mock-player[embedded] logged in with entity id 1451 at (0.0, 0.0, 0.0)
[08:35:00] [Server thread/INFO] (Minecraft) [Dormant] test-mock-player joined the game
[08:35:00] [Server thread/INFO] (Minecraft) test-mock-player[embedded] logged in with entity id 1452 at (0.0, 0.0, 0.0)
[08:35:00] [Server thread/INFO] (Minecraft) [Dormant] test-mock-player joined the game
[08:35:00] [Server thread/INFO] (Minecraft) test-mock-player[embedded] logged in with entity id 1453 at (0.0, 0.0, 0.0)
[08:35:00] [Server thread/INFO] (Minecraft) [Dormant] test-mock-player joined the game
[08:35:00] [Server thread/INFO] (Minecraft) <test-mock-player> shadow, stay here
[08:35:00] [Server thread/INFO] (Minecraft) <test-mock-player> shadow, fight at far range
[08:35:00] [Server thread/INFO] (Minecraft) <test-mock-player> shadow, follow me
[08:35:00] [Server thread/INFO] (Minecraft) <test-mock-player> shadow, how does amethyst interfere with magic?
[08:35:00] [Server thread/INFO] (Minecraft) <test-mock-player> shadow, explain the darkness to me
[08:35:00] [Server thread/INFO] (Minecraft) <test-mock-player> shadow, use lightning strike
[08:35:00] [Server thread/INFO] (Minecraft) <test-mock-player> shadow, use energy beam
[08:35:00] [Server thread/INFO] (Minecraft) <test-mock-player> shadow, use lightning strike
[08:35:00] [Server thread/INFO] (Minecraft) <test-mock-player> shadow, use void beam
[08:35:00] [Server thread/INFO] (Minecraft) <test-mock-player> shadow, hide yourself
[08:35:00] [Server thread/INFO] (Minecraft) Named entity ShadowCompanionEntity['Shadow of test-mock-player'/1454, l='ServerLevel[Test Level]', x=11522719.25, y=41.00, z=5556682.75] died: Shadow of test-mock-player died
[08:35:00] [Server thread/INFO] (Minecraft) test-mock-player[embedded] logged in with entity id 1462 at (0.0, 0.0, 0.0)
[08:35:00] [Server thread/INFO] (Minecraft) [Dormant] test-mock-player joined the game
[08:35:00] [Server thread/INFO] (Minecraft) test-mock-player[embedded] logged in with entity id 1463 at (0.0, 0.0, 0.0)
[08:35:00] [Server thread/INFO] (Minecraft) [Dormant] test-mock-player joined the game
[08:35:00] [Server thread/INFO] (Minecraft) test-mock-player[embedded] logged in with entity id 1464 at (0.0, 0.0, 0.0)
[08:35:00] [Server thread/INFO] (Minecraft) [Dormant] test-mock-player joined the game
[08:35:00] [Server thread/INFO] (Minecraft) test-mock-player[embedded] logged in with entity id 1467 at (0.0, 0.0, 0.0)
[08:35:00] [Server thread/INFO] (Minecraft) [Dormant] test-mock-player joined the game
[08:35:00] [Server thread/INFO] (Minecraft) test-mock-player[embedded] logged in with entity id 1468 at (0.0, 0.0, 0.0)
[08:35:00] [Server thread/INFO] (Minecraft) [Dormant] test-mock-player joined the game
[08:35:00] [Server thread/INFO] (Minecraft) test-mock-player[embedded] logged in with entity id 1469 at (0.0, 0.0, 0.0)
[08:35:00] [Server thread/INFO] (Minecraft) [Dormant] test-mock-player joined the game
[08:35:00] [Server thread/INFO] (Minecraft) [+++++++++++++++++++++++++++++++++++++++++++++++++++++++++++++++++++++++++_ ++++__++++___+++_+_ ++++_++++++++++++++++++__+++                                            ]
[08:35:00] [Server thread/INFO] (Minecraft) test-mock-player[embedded] logged in with entity id 1888 at (0.0, 0.0, 0.0)
[08:35:00] [Server thread/INFO] (Minecraft) [Dormant] test-mock-player joined the game
[08:35:01] [Server thread/INFO] (Minecraft) [+++++++++++++++++++++++++++++++++++++++++++++++++++++++++++++++++++++++++_+++++__++++++++++_+_ +++++++++++++++++++++++__+++                                            ]
[08:35:01] [Server thread/INFO] (Minecraft) [+++++++++++++++++++++++++++++++++++++++++++++++++++++++++++++++++++++++++_+++++_+++++++++++_+_ +++++++++++++++++++++++__+++                                            ]
[08:35:01] [Server thread/INFO] (Minecraft) [+++++++++++++++++++++++++++++++++++++++++++++++++++++++++++++++++++++++++++++++_+++++++++++++_ +++++++++++++++++++++++__+++                                            ]
[08:35:01] [Server thread/INFO] (Minecraft) [Dormant] test-mock-player has made the advancement [Monster Hunter]
[08:35:01] [Server thread/INFO] (Minecraft) [+++++++++++++++++++++++++++++++++++++++++++++++++++++++++++++++++++++++++++++++_+++++++++++++_ +++++++++++++++++++++++__+++                                            ]
[08:35:01] [Server thread/INFO] (Minecraft) [+++++++++++++++++++++++++++++++++++++++++++++++++++++++++++++++++++++++++++++++_++++++++++++++ +++++++++++++++++++++++__+++                                            ]
[08:35:01] [Server thread/INFO] (Minecraft) [+++++++++++++++++++++++++++++++++++++++++++++++++++++++++++++++++++++++++++++++_++++++++++++++ +++++++++++++++++++++++__+++                                            ]
[08:35:01] [Server thread/INFO] (Minecraft) [+++++++++++++++++++++++++++++++++++++++++++++++++++++++++++++++++++++++++++++++_++++++++++++++ +++++++++++++++++++++++__+++                                            ]
[08:35:01] [Server thread/INFO] (Minecraft) [++++++++++++++++++++++++++++++++++++++++++++++++++++++++++++++++++++++++++++++++++++++++++++++ +++++++++++++++++++++++__+++                                            ]
[08:35:02] [Server thread/INFO] (Minecraft) [++++++++++++++++++++++++++++++++++++++++++++++++++++++++++++++++++++++++++++++++++++++++++++++ +++++++++++++++++++++++__+++                                            ]
[08:35:02] [Server thread/INFO] (Minecraft) [++++++++++++++++++++++++++++++++++++++++++++++++++++++++++++++++++++++++++++++++++++++++++++++ +++++++++++++++++++++++__+++                                            ]
[08:35:02] [Server thread/INFO] (Minecraft) [++++++++++++++++++++++++++++++++++++++++++++++++++++++++++++++++++++++++++++++++++++++++++++++ +++++++++++++++++++++++__+++                                            ]
[08:35:02] [Server thread/INFO] (Minecraft) [++++++++++++++++++++++++++++++++++++++++++++++++++++++++++++++++++++++++++++++++++++++++++++++ +++++++++++++++++++++++__+++                                            ]
[08:35:02] [Server thread/INFO] (Minecraft) [++++++++++++++++++++++++++++++++++++++++++++++++++++++++++++++++++++++++++++++++++++++++++++++ +++++++++++++++++++++++__+++                                            ]
[08:35:02] [Server thread/INFO] (Minecraft) [++++++++++++++++++++++++++++++++++++++++++++++++++++++++++++++++++++++++++++++++++++++++++++++ +++++++++++++++++++++++__+++                                            ]
[08:35:02] [Server thread/INFO] (Minecraft) test-mock-player[embedded] logged in with entity id 2460 at (0.0, 0.0, 0.0)
[08:35:02] [Server thread/INFO] (Minecraft) [Dormant] test-mock-player joined the game
[08:35:02] [Server thread/INFO] (Minecraft) [++++++++++++++++++++++++++++++++++++++++++++++++++++++++++++++++++++++++++++++++++++++++++++++_+++++++++++++++++++++++__+++                                            ]
[08:35:02] [Server thread/INFO] (Minecraft) [++++++++++++++++++++++++++++++++++++++++++++++++++++++++++++++++++++++++++++++++++++++++++++++_+++++++++++++++++++++++__+++                                            ]
[08:35:02] [Server thread/INFO] (Minecraft) [++++++++++++++++++++++++++++++++++++++++++++++++++++++++++++++++++++++++++++++++++++++++++++++_+++++++++++++++++++++++__+++                                            ]
[08:35:02] [Server thread/INFO] (Minecraft) [++++++++++++++++++++++++++++++++++++++++++++++++++++++++++++++++++++++++++++++++++++++++++++++_+++++++++++++++++++++++__+++                                            ]
[08:35:02] [Server thread/INFO] (Minecraft) [++++++++++++++++++++++++++++++++++++++++++++++++++++++++++++++++++++++++++++++++++++++++++++++_+++++++++++++++++++++++__+++                                            ]
[08:35:02] [Server thread/INFO] (Minecraft) [++++++++++++++++++++++++++++++++++++++++++++++++++++++++++++++++++++++++++++++++++++++++++++++_+++++++++++++++++++++++__+++                                            ]
[08:35:02] [Server thread/INFO] (Minecraft) [++++++++++++++++++++++++++++++++++++++++++++++++++++++++++++++++++++++++++++++++++++++++++++++_+++++++++++++++++++++++__+++                                            ]
[08:35:02] [Server thread/INFO] (Minecraft) [++++++++++++++++++++++++++++++++++++++++++++++++++++++++++++++++++++++++++++++++++++++++++++++_+++++++++++++++++++++++__+++                                            ]
[08:35:02] [Server thread/INFO] (Minecraft) [++++++++++++++++++++++++++++++++++++++++++++++++++++++++++++++++++++++++++++++++++++++++++++++_+++++++++++++++++++++++__+++                                            ]
[08:35:02] [Server thread/INFO] (Minecraft) [++++++++++++++++++++++++++++++++++++++++++++++++++++++++++++++++++++++++++++++++++++++++++++++_+++++++++++++++++++++++__+++                                            ]
[08:35:02] [Server thread/INFO] (powers) powers_operator_audit action=catastrophic_ritual result=success actor=test-mock-player subject=world detail=begin
[08:35:02] [Server thread/INFO] (Minecraft) [++++++++++++++++++++++++++++++++++++++++++++++++++++++++++++++++++++++++++++++++++++++++++++++_+++++++++++++++++++++++__+++                                            ]
[08:35:03] [Server thread/INFO] (Minecraft) [++++++++++++++++++++++++++++++++++++++++++++++++++++++++++++++++++++++++++++++++++++++++++++++++++++++++++++++++++++++__+++                                            ]
[08:35:03] [Server thread/INFO] (Minecraft) [++++++++++++++++++++++++++++++++++++++++++++++++++++++++++++++++++++++++++++++++++++++++++++++++++++++++++++++++++++++__+++                                            ]
[08:35:03] [Server thread/INFO] (Minecraft) [++++++++++++++++++++++++++++++++++++++++++++++++++++++++++++++++++++++++++++++++++++++++++++++++++++++++++++++++++++++__+++                                            ]
[08:35:03] [Server thread/INFO] (Minecraft) [++++++++++++++++++++++++++++++++++++++++++++++++++++++++++++++++++++++++++++++++++++++++++++++++++++++++++++++++++++++__+++                                            ]
[08:35:03] [Server thread/INFO] (Minecraft) [++++++++++++++++++++++++++++++++++++++++++++++++++++++++++++++++++++++++++++++++++++++++++++++++++++++++++++++++++++++__+++                                            ]
[08:35:03] [Server thread/INFO] (Minecraft) [++++++++++++++++++++++++++++++++++++++++++++++++++++++++++++++++++++++++++++++++++++++++++++++++++++++++++++++++++++++__+++                                            ]
[08:35:03] [Server thread/INFO] (Minecraft) [++++++++++++++++++++++++++++++++++++++++++++++++++++++++++++++++++++++++++++++++++++++++++++++++++++++++++++++++++++++__+++                                            ]
[08:35:03] [Server thread/INFO] (Minecraft) [++++++++++++++++++++++++++++++++++++++++++++++++++++++++++++++++++++++++++++++++++++++++++++++++++++++++++++++++++++++__+++                                            ]
[08:35:03] [Server thread/INFO] (Minecraft) [++++++++++++++++++++++++++++++++++++++++++++++++++++++++++++++++++++++++++++++++++++++++++++++++++++++++++++++++++++++__+++                                            ]
[08:35:03] [Server thread/INFO] (Minecraft) [++++++++++++++++++++++++++++++++++++++++++++++++++++++++++++++++++++++++++++++++++++++++++++++++++++++++++++++++++++++__+++                                            ]
[08:35:03] [Server thread/INFO] (Minecraft) [++++++++++++++++++++++++++++++++++++++++++++++++++++++++++++++++++++++++++++++++++++++++++++++++++++++++++++++++++++++__+++                                            ]
[08:35:03] [Server thread/INFO] (Minecraft) [++++++++++++++++++++++++++++++++++++++++++++++++++++++++++++++++++++++++++++++++++++++++++++++++++++++++++++++++++++++__+++                                            ]
[08:35:03] [Server thread/INFO] (Minecraft) [++++++++++++++++++++++++++++++++++++++++++++++++++++++++++++++++++++++++++++++++++++++++++++++++++++++++++++++++++++++__+++                                            ]
[08:35:03] [Server thread/INFO] (Minecraft) [++++++++++++++++++++++++++++++++++++++++++++++++++++++++++++++++++++++++++++++++++++++++++++++++++++++++++++++++++++++__+++                                            ]
[08:35:03] [Server thread/INFO] (Minecraft) [++++++++++++++++++++++++++++++++++++++++++++++++++++++++++++++++++++++++++++++++++++++++++++++++++++++++++++++++++++++__+++                                            ]
[08:35:03] [Server thread/INFO] (Minecraft) [++++++++++++++++++++++++++++++++++++++++++++++++++++++++++++++++++++++++++++++++++++++++++++++++++++++++++++++++++++++__+++                                            ]
[08:35:03] [Server thread/INFO] (Minecraft) [++++++++++++++++++++++++++++++++++++++++++++++++++++++++++++++++++++++++++++++++++++++++++++++++++++++++++++++++++++++__+++                                            ]
[08:35:03] [Server thread/INFO] (Minecraft) [++++++++++++++++++++++++++++++++++++++++++++++++++++++++++++++++++++++++++++++++++++++++++++++++++++++++++++++++++++++__+++                                            ]
[08:35:03] [Server thread/INFO] (Minecraft) [++++++++++++++++++++++++++++++++++++++++++++++++++++++++++++++++++++++++++++++++++++++++++++++++++++++++++++++++++++++__+++                                            ]
[08:35:03] [Server thread/INFO] (Minecraft) [++++++++++++++++++++++++++++++++++++++++++++++++++++++++++++++++++++++++++++++++++++++++++++++++++++++++++++++++++++++__+++                                            ]
[08:35:03] [Server thread/INFO] (Minecraft) [++++++++++++++++++++++++++++++++++++++++++++++++++++++++++++++++++++++++++++++++++++++++++++++++++++++++++++++++++++++__+++                                            ]
[08:35:04] [Server thread/INFO] (Minecraft) [++++++++++++++++++++++++++++++++++++++++++++++++++++++++++++++++++++++++++++++++++++++++++++++++++++++++++++++++++++++__+++                                            ]
[08:35:04] [Server thread/INFO] (Minecraft) [++++++++++++++++++++++++++++++++++++++++++++++++++++++++++++++++++++++++++++++++++++++++++++++++++++++++++++++++++++++__+++                                            ]
[08:35:04] [Server thread/INFO] (Minecraft) [++++++++++++++++++++++++++++++++++++++++++++++++++++++++++++++++++++++++++++++++++++++++++++++++++++++++++++++++++++++__+++                                            ]
[08:35:04] [Server thread/INFO] (Minecraft) [++++++++++++++++++++++++++++++++++++++++++++++++++++++++++++++++++++++++++++++++++++++++++++++++++++++++++++++++++++++__+++                                            ]
[08:35:04] [Server thread/INFO] (Minecraft) [++++++++++++++++++++++++++++++++++++++++++++++++++++++++++++++++++++++++++++++++++++++++++++++++++++++++++++++++++++++__+++                                            ]
[08:35:04] [Server thread/INFO] (Minecraft) [+++++++++++++++++++++++++++++++++++++++++++++++++++++++++++++++++++++++++++++++++++++++++++++++++++++++++++++++++++++++_+++                                            ]
[08:35:04] [Server thread/INFO] (Minecraft) [+++++++++++++++++++++++++++++++++++++++++++++++++++++++++++++++++++++++++++++++++++++++++++++++++++++++++++++++++++++++_+++                                            ]
[08:35:07] [Server thread/INFO] (Minecraft) Running test environment 'minecraft:default' batch 2 (32 tests)...
[08:35:07] [Server thread/INFO] (Minecraft) test-mock-player[embedded] logged in with entity id 3217 at (0.0, 0.0, 0.0)
[08:35:07] [Server thread/INFO] (Minecraft) [Dormant] test-mock-player joined the game
[08:35:07] [Server thread/INFO] (Minecraft) test-mock-player[embedded] logged in with entity id 3219 at (0.0, 0.0, 0.0)
[08:35:07] [Server thread/INFO] (Minecraft) [Dormant] test-mock-player joined the game
[08:35:07] [Server thread/INFO] (Minecraft) test-mock-player[embedded] logged in with entity id 3220 at (0.0, 0.0, 0.0)
[08:35:07] [Server thread/INFO] (Minecraft) [Dormant] test-mock-player joined the game
[08:35:07] [Server thread/INFO] (Minecraft) test-mock-player[embedded] logged in with entity id 3221 at (0.0, 0.0, 0.0)
[08:35:07] [Server thread/INFO] (Minecraft) [Dormant] test-mock-player joined the game
[08:35:07] [Server thread/INFO] (Minecraft) test-mock-player[embedded] logged in with entity id 3223 at (0.0, 0.0, 0.0)
[08:35:07] [Server thread/INFO] (Minecraft) [Dormant] test-mock-player joined the game
[08:35:07] [Server thread/INFO] (Minecraft) test-mock-player[embedded] logged in with entity id 3225 at (0.0, 0.0, 0.0)
[08:35:07] [Server thread/INFO] (Minecraft) [Dormant] test-mock-player joined the game
[08:35:07] [Server thread/INFO] (Minecraft) test-mock-player[embedded] logged in with entity id 3226 at (0.0, 0.0, 0.0)
[08:35:07] [Server thread/INFO] (Minecraft) [Dormant] test-mock-player joined the game
[08:35:07] [Server thread/INFO] (Minecraft) test-mock-player[embedded] logged in with entity id 3227 at (0.0, 0.0, 0.0)
[08:35:07] [Server thread/INFO] (Minecraft) [Dormant] test-mock-player joined the game
[08:35:07] [Server thread/INFO] (Minecraft) test-mock-player[embedded] logged in with entity id 3228 at (0.0, 0.0, 0.0)
[08:35:07] [Server thread/INFO] (Minecraft) [Dormant] test-mock-player joined the game
[08:35:07] [Server thread/INFO] (Minecraft) test-mock-player[embedded] logged in with entity id 3229 at (0.0, 0.0, 0.0)
[08:35:07] [Server thread/INFO] (Minecraft) [Dormant] test-mock-player joined the game
[08:35:07] [Server thread/INFO] (Minecraft) test-mock-player[embedded] logged in with entity id 3230 at (0.0, 0.0, 0.0)
[08:35:07] [Server thread/INFO] (Minecraft) [Dormant] test-mock-player joined the game
[08:35:07] [Server thread/INFO] (Minecraft) test-mock-player[embedded] logged in with entity id 3231 at (0.0, 0.0, 0.0)
[08:35:07] [Server thread/INFO] (Minecraft) [Dormant] test-mock-player joined the game
[08:35:07] [Server thread/INFO] (Minecraft) test-mock-player[embedded] logged in with entity id 3232 at (0.0, 0.0, 0.0)
[08:35:07] [Server thread/INFO] (Minecraft) [Dormant] test-mock-player joined the game
[08:35:07] [Server thread/INFO] (Minecraft) test-mock-player[embedded] logged in with entity id 3233 at (0.0, 0.0, 0.0)
[08:35:07] [Server thread/INFO] (Minecraft) [Dormant] test-mock-player joined the game
[08:35:07] [Server thread/INFO] (Minecraft) test-mock-player[embedded] logged in with entity id 3234 at (0.0, 0.0, 0.0)
[08:35:07] [Server thread/INFO] (Minecraft) [Dormant] test-mock-player joined the game
[08:35:07] [Server thread/INFO] (Minecraft) test-mock-player[embedded] logged in with entity id 3249 at (0.0, 0.0, 0.0)
[08:35:07] [Server thread/INFO] (Minecraft) [Dormant] test-mock-player joined the game
[08:35:07] [Server thread/INFO] (Minecraft) test-mock-player[embedded] logged in with entity id 3259 at (0.0, 0.0, 0.0)
[08:35:07] [Server thread/INFO] (Minecraft) [Dormant] test-mock-player joined the game
[08:35:07] [Server thread/INFO] (Minecraft) Loaded 1605 recipes
[08:35:07] [Server thread/INFO] (Minecraft) Loaded 1713 advancements
[08:35:07] [Server thread/INFO] (powers) Published action registry revision 7 with 110 canonical keys and 2 aliases
[08:35:07] [Server thread/INFO] (powers) Loaded 14 Shadow knowledge entries
[08:35:08] [Server thread/INFO] (Minecraft) Loaded 1605 recipes
[08:35:08] [Server thread/INFO] (Minecraft) Loaded 1713 advancements
[08:35:08] [Server thread/INFO] (Minecraft) [+++++++++++++++++++++++++++++++++++++++++++++++++++++++++++++++++++++++++++++++++++++++++++++++++++++++++++++++++++++++++++++_+_+++++++++++++++++++++++++++            ]
[08:35:08] [Server thread/INFO] (Minecraft) [+++++++++++++++++++++++++++++++++++++++++++++++++++++++++++++++++++++++++++++++++++++++++++++++++++++++++++++++++++++++++++++_+_+++++++++++++++++++++++++++            ]
[08:35:08] [Server thread/INFO] (Minecraft) [+++++++++++++++++++++++++++++++++++++++++++++++++++++++++++++++++++++++++++++++++++++++++++++++++++++++++++++++++++++++++++++++_+++++++++++++++++++++++++++            ]
[08:35:08] [Server thread/INFO] (Minecraft) Running test environment 'powers:temporal_admin_isolated' batch 0 (1 tests)...
[08:35:08] [Server thread/INFO] (Minecraft) test-mock-player[embedded] logged in with entity id 3268 at (0.0, 0.0, 0.0)
[08:35:08] [Server thread/INFO] (Minecraft) [Dormant] test-mock-player joined the game
[08:35:08] [Server thread/INFO] (Minecraft) [STDOUT]: INT008_TEMPORAL {"schemaVersion":2,"implementationSha":"0000000000000000000000000000000000000000","case":"admin-preservation","result":"PASS","controlTicks":0,"worldTicks":0,"facts":{"acquired":false,"leaseActive":false,"vanillaFrozen":true}}
[08:35:08] [Server thread/INFO] (Minecraft) Running test environment 'powers:temporal_deadline_isolated' batch 0 (1 tests)...
[08:35:08] [Server thread/INFO] (Minecraft) test-mock-player[embedded] logged in with entity id 3270 at (0.0, 0.0, 0.0)
[08:35:08] [Server thread/INFO] (Minecraft) [Dormant] test-mock-player joined the game
[08:35:09] [Server thread/INFO] (Minecraft) [STDOUT]: INT008_TEMPORAL {"schemaVersion":2,"implementationSha":"0000000000000000000000000000000000000000","case":"crystal-control-deadline","result":"PASS","controlTicks":1200,"worldTicks":0,"facts":{"activeAt1199":true,"clock":"CONTROL","duration":1200,"releasedAt1200":true,"worldTicksParked":true}}
[08:35:09] [Server thread/INFO] (Minecraft) Running test environment 'powers:artifact_stale_teleport_isolated' batch 0 (1 tests)...
[08:35:09] [Server thread/INFO] (Minecraft) [+++++++++++++++++++++++++++++++++++++++++++++++++++++++++++++++++++++++++++++++++++++++++++++++++++++++++++++++++++++++++++++++++++++++++++++++++++++++++++++          ]
[08:35:09] [Server thread/INFO] (Minecraft) test-mock-player[embedded] logged in with entity id 3271 at (0.0, 0.0, 0.0)
[08:35:09] [Server thread/INFO] (Minecraft) [Dormant] test-mock-player joined the game
[08:35:09] [Server thread/INFO] (Minecraft) Running test environment 'powers:artifact_authority_isolated' batch 0 (1 tests)...
[08:35:09] [Server thread/INFO] (Minecraft) test-mock-player[embedded] logged in with entity id 3273 at (0.0, 0.0, 0.0)
[08:35:09] [Server thread/INFO] (Minecraft) [Dormant] test-mock-player joined the game
[08:35:09] [Server thread/INFO] (Minecraft) [++++++++++++++++++++++++++++++++++++++++++++++++++++++++++++++++++++++++++++++++++++++++++++++++++++++++++++++++++++++++++++++++++++++++++++++++++++++++++++++_        ]
[08:35:09] [Server thread/INFO] (Minecraft) Running test environment 'powers:temporal_ray_fields_isolated' batch 0 (1 tests)...
[08:35:09] [Server thread/INFO] (Minecraft) test-mock-player[embedded] logged in with entity id 3274 at (0.0, 0.0, 0.0)
[08:35:09] [Server thread/INFO] (Minecraft) [Dormant] test-mock-player joined the game
[08:35:09] [Server thread/INFO] (Minecraft) test-mock-player[embedded] logged in with entity id 3275 at (0.0, 0.0, 0.0)
[08:35:09] [Server thread/INFO] (Minecraft) [Dormant] test-mock-player joined the game
[08:35:09] [Server thread/INFO] (Minecraft) Running test environment 'powers:casting_pose_isolated' batch 0 (1 tests)...
[08:35:09] [Server thread/INFO] (Minecraft) Running test environment 'powers:artifact_recents_isolated' batch 0 (1 tests)...
[08:35:09] [Server thread/INFO] (Minecraft) [+++++++++++++++++++++++++++++++++++++++++++++++++++++++++++++++++++++++++++++++++++++++++++++++++++++++++++++++++++++++++++++++++++++++++++++++++++++++++++++++++      ]
[08:35:09] [Server thread/INFO] (Minecraft) test-mock-player[embedded] logged in with entity id 3277 at (0.0, 0.0, 0.0)
[08:35:09] [Server thread/INFO] (Minecraft) [Dormant] test-mock-player joined the game
[08:35:09] [Server thread/INFO] (Minecraft) Running test environment 'powers:temporal_cinderheart_isolated' batch 0 (1 tests)...
[08:35:09] [Server thread/INFO] (Minecraft) test-mock-player[embedded] logged in with entity id 3279 at (0.0, 0.0, 0.0)
[08:35:09] [Server thread/INFO] (Minecraft) [Dormant] test-mock-player joined the game
[08:35:09] [Server thread/INFO] (Minecraft) test-mock-player[embedded] logged in with entity id 3280 at (0.0, 0.0, 0.0)
[08:35:09] [Server thread/INFO] (Minecraft) [Dormant] test-mock-player joined the game
[08:35:10] [Server thread/INFO] (Minecraft) [++++++++++++++++++++++++++++++++++++++++++++++++++++++++++++++++++++++++++++++++++++++++++++++++++++++++++++++++++++++++++++++++++++++++++++++++++++++++++++++++++_    ]
[08:35:10] [Server thread/INFO] (Minecraft) [++++++++++++++++++++++++++++++++++++++++++++++++++++++++++++++++++++++++++++++++++++++++++++++++++++++++++++++++++++++++++++++++++++++++++++++++++++++++++++++++++_    ]
[08:35:10] [Server thread/INFO] (Minecraft) [++++++++++++++++++++++++++++++++++++++++++++++++++++++++++++++++++++++++++++++++++++++++++++++++++++++++++++++++++++++++++++++++++++++++++++++++++++++++++++++++++_    ]
[08:35:10] [Server thread/INFO] (Minecraft) [++++++++++++++++++++++++++++++++++++++++++++++++++++++++++++++++++++++++++++++++++++++++++++++++++++++++++++++++++++++++++++++++++++++++++++++++++++++++++++++++++_    ]
[08:35:10] [Server thread/INFO] (Minecraft) [++++++++++++++++++++++++++++++++++++++++++++++++++++++++++++++++++++++++++++++++++++++++++++++++++++++++++++++++++++++++++++++++++++++++++++++++++++++++++++++++++_    ]
[08:35:10] [Server thread/INFO] (Minecraft) [++++++++++++++++++++++++++++++++++++++++++++++++++++++++++++++++++++++++++++++++++++++++++++++++++++++++++++++++++++++++++++++++++++++++++++++++++++++++++++++++++_    ]
[08:35:10] [Server thread/INFO] (Minecraft) [++++++++++++++++++++++++++++++++++++++++++++++++++++++++++++++++++++++++++++++++++++++++++++++++++++++++++++++++++++++++++++++++++++++++++++++++++++++++++++++++++_    ]
[08:35:10] [Server thread/INFO] (Minecraft) [++++++++++++++++++++++++++++++++++++++++++++++++++++++++++++++++++++++++++++++++++++++++++++++++++++++++++++++++++++++++++++++++++++++++++++++++++++++++++++++++++_    ]
[08:35:10] [Server thread/INFO] (Minecraft) [++++++++++++++++++++++++++++++++++++++++++++++++++++++++++++++++++++++++++++++++++++++++++++++++++++++++++++++++++++++++++++++++++++++++++++++++++++++++++++++++++_    ]
[08:35:10] [Server thread/INFO] (Minecraft) [++++++++++++++++++++++++++++++++++++++++++++++++++++++++++++++++++++++++++++++++++++++++++++++++++++++++++++++++++++++++++++++++++++++++++++++++++++++++++++++++++_    ]
[08:35:10] [Server thread/INFO] (Minecraft) [++++++++++++++++++++++++++++++++++++++++++++++++++++++++++++++++++++++++++++++++++++++++++++++++++++++++++++++++++++++++++++++++++++++++++++++++++++++++++++++++++_    ]
[08:35:10] [Server thread/INFO] (Minecraft) [++++++++++++++++++++++++++++++++++++++++++++++++++++++++++++++++++++++++++++++++++++++++++++++++++++++++++++++++++++++++++++++++++++++++++++++++++++++++++++++++++_    ]
[08:35:10] [Server thread/INFO] (Minecraft) [++++++++++++++++++++++++++++++++++++++++++++++++++++++++++++++++++++++++++++++++++++++++++++++++++++++++++++++++++++++++++++++++++++++++++++++++++++++++++++++++++_    ]
[08:35:10] [Server thread/INFO] (Minecraft) [++++++++++++++++++++++++++++++++++++++++++++++++++++++++++++++++++++++++++++++++++++++++++++++++++++++++++++++++++++++++++++++++++++++++++++++++++++++++++++++++++_    ]
[08:35:10] [Server thread/INFO] (Minecraft) [++++++++++++++++++++++++++++++++++++++++++++++++++++++++++++++++++++++++++++++++++++++++++++++++++++++++++++++++++++++++++++++++++++++++++++++++++++++++++++++++++_    ]
[08:35:10] [Server thread/INFO] (Minecraft) [++++++++++++++++++++++++++++++++++++++++++++++++++++++++++++++++++++++++++++++++++++++++++++++++++++++++++++++++++++++++++++++++++++++++++++++++++++++++++++++++++_    ]
[08:35:10] [Server thread/INFO] (Minecraft) [++++++++++++++++++++++++++++++++++++++++++++++++++++++++++++++++++++++++++++++++++++++++++++++++++++++++++++++++++++++++++++++++++++++++++++++++++++++++++++++++++_    ]
[08:35:10] [Server thread/INFO] (Minecraft) [++++++++++++++++++++++++++++++++++++++++++++++++++++++++++++++++++++++++++++++++++++++++++++++++++++++++++++++++++++++++++++++++++++++++++++++++++++++++++++++++++_    ]
[08:35:10] [Server thread/INFO] (Minecraft) [++++++++++++++++++++++++++++++++++++++++++++++++++++++++++++++++++++++++++++++++++++++++++++++++++++++++++++++++++++++++++++++++++++++++++++++++++++++++++++++++++_    ]
[08:35:10] [Server thread/INFO] (Minecraft) [++++++++++++++++++++++++++++++++++++++++++++++++++++++++++++++++++++++++++++++++++++++++++++++++++++++++++++++++++++++++++++++++++++++++++++++++++++++++++++++++++_    ]
[08:35:10] [Server thread/INFO] (Minecraft) [++++++++++++++++++++++++++++++++++++++++++++++++++++++++++++++++++++++++++++++++++++++++++++++++++++++++++++++++++++++++++++++++++++++++++++++++++++++++++++++++++_    ]
[08:35:10] [Server thread/INFO] (Minecraft) [++++++++++++++++++++++++++++++++++++++++++++++++++++++++++++++++++++++++++++++++++++++++++++++++++++++++++++++++++++++++++++++++++++++++++++++++++++++++++++++++++_    ]
[08:35:10] [Server thread/INFO] (Minecraft) [++++++++++++++++++++++++++++++++++++++++++++++++++++++++++++++++++++++++++++++++++++++++++++++++++++++++++++++++++++++++++++++++++++++++++++++++++++++++++++++++++_    ]
[08:35:10] [Server thread/INFO] (Minecraft) [++++++++++++++++++++++++++++++++++++++++++++++++++++++++++++++++++++++++++++++++++++++++++++++++++++++++++++++++++++++++++++++++++++++++++++++++++++++++++++++++++_    ]
[08:35:10] [Server thread/INFO] (Minecraft) [++++++++++++++++++++++++++++++++++++++++++++++++++++++++++++++++++++++++++++++++++++++++++++++++++++++++++++++++++++++++++++++++++++++++++++++++++++++++++++++++++_    ]
[08:35:10] [Server thread/INFO] (Minecraft) [++++++++++++++++++++++++++++++++++++++++++++++++++++++++++++++++++++++++++++++++++++++++++++++++++++++++++++++++++++++++++++++++++++++++++++++++++++++++++++++++++_    ]
[08:35:10] [Server thread/INFO] (Minecraft) [++++++++++++++++++++++++++++++++++++++++++++++++++++++++++++++++++++++++++++++++++++++++++++++++++++++++++++++++++++++++++++++++++++++++++++++++++++++++++++++++++_    ]
[08:35:10] [Server thread/INFO] (Minecraft) [++++++++++++++++++++++++++++++++++++++++++++++++++++++++++++++++++++++++++++++++++++++++++++++++++++++++++++++++++++++++++++++++++++++++++++++++++++++++++++++++++_    ]
[08:35:10] [Server thread/INFO] (Minecraft) [++++++++++++++++++++++++++++++++++++++++++++++++++++++++++++++++++++++++++++++++++++++++++++++++++++++++++++++++++++++++++++++++++++++++++++++++++++++++++++++++++_    ]
[08:35:10] [Server thread/INFO] (Minecraft) [++++++++++++++++++++++++++++++++++++++++++++++++++++++++++++++++++++++++++++++++++++++++++++++++++++++++++++++++++++++++++++++++++++++++++++++++++++++++++++++++++_    ]
[08:35:10] [Server thread/INFO] (Minecraft) [++++++++++++++++++++++++++++++++++++++++++++++++++++++++++++++++++++++++++++++++++++++++++++++++++++++++++++++++++++++++++++++++++++++++++++++++++++++++++++++++++_    ]
[08:35:10] [Server thread/INFO] (Minecraft) [++++++++++++++++++++++++++++++++++++++++++++++++++++++++++++++++++++++++++++++++++++++++++++++++++++++++++++++++++++++++++++++++++++++++++++++++++++++++++++++++++_    ]
[08:35:10] [Server thread/INFO] (Minecraft) [++++++++++++++++++++++++++++++++++++++++++++++++++++++++++++++++++++++++++++++++++++++++++++++++++++++++++++++++++++++++++++++++++++++++++++++++++++++++++++++++++_    ]
[08:35:10] [Server thread/INFO] (Minecraft) [++++++++++++++++++++++++++++++++++++++++++++++++++++++++++++++++++++++++++++++++++++++++++++++++++++++++++++++++++++++++++++++++++++++++++++++++++++++++++++++++++_    ]
[08:35:10] [Server thread/INFO] (Minecraft) [++++++++++++++++++++++++++++++++++++++++++++++++++++++++++++++++++++++++++++++++++++++++++++++++++++++++++++++++++++++++++++++++++++++++++++++++++++++++++++++++++_    ]
[08:35:10] [Server thread/INFO] (Minecraft) [++++++++++++++++++++++++++++++++++++++++++++++++++++++++++++++++++++++++++++++++++++++++++++++++++++++++++++++++++++++++++++++++++++++++++++++++++++++++++++++++++_    ]
[08:35:10] [Server thread/INFO] (Minecraft) [++++++++++++++++++++++++++++++++++++++++++++++++++++++++++++++++++++++++++++++++++++++++++++++++++++++++++++++++++++++++++++++++++++++++++++++++++++++++++++++++++_    ]
[08:35:10] [Server thread/INFO] (Minecraft) [++++++++++++++++++++++++++++++++++++++++++++++++++++++++++++++++++++++++++++++++++++++++++++++++++++++++++++++++++++++++++++++++++++++++++++++++++++++++++++++++++_    ]
[08:35:10] [Server thread/INFO] (Minecraft) [++++++++++++++++++++++++++++++++++++++++++++++++++++++++++++++++++++++++++++++++++++++++++++++++++++++++++++++++++++++++++++++++++++++++++++++++++++++++++++++++++_    ]
[08:35:10] [Server thread/INFO] (Minecraft) [++++++++++++++++++++++++++++++++++++++++++++++++++++++++++++++++++++++++++++++++++++++++++++++++++++++++++++++++++++++++++++++++++++++++++++++++++++++++++++++++++_    ]
[08:35:10] [Server thread/INFO] (Minecraft) [++++++++++++++++++++++++++++++++++++++++++++++++++++++++++++++++++++++++++++++++++++++++++++++++++++++++++++++++++++++++++++++++++++++++++++++++++++++++++++++++++_    ]
[08:35:10] [Server thread/INFO] (Minecraft) [++++++++++++++++++++++++++++++++++++++++++++++++++++++++++++++++++++++++++++++++++++++++++++++++++++++++++++++++++++++++++++++++++++++++++++++++++++++++++++++++++_    ]
[08:35:10] [Server thread/INFO] (Minecraft) [++++++++++++++++++++++++++++++++++++++++++++++++++++++++++++++++++++++++++++++++++++++++++++++++++++++++++++++++++++++++++++++++++++++++++++++++++++++++++++++++++_    ]
[08:35:10] [Server thread/INFO] (Minecraft) [++++++++++++++++++++++++++++++++++++++++++++++++++++++++++++++++++++++++++++++++++++++++++++++++++++++++++++++++++++++++++++++++++++++++++++++++++++++++++++++++++_    ]
[08:35:10] [Server thread/INFO] (Minecraft) [++++++++++++++++++++++++++++++++++++++++++++++++++++++++++++++++++++++++++++++++++++++++++++++++++++++++++++++++++++++++++++++++++++++++++++++++++++++++++++++++++_    ]
[08:35:10] [Server thread/INFO] (Minecraft) [++++++++++++++++++++++++++++++++++++++++++++++++++++++++++++++++++++++++++++++++++++++++++++++++++++++++++++++++++++++++++++++++++++++++++++++++++++++++++++++++++_    ]
[08:35:10] [Server thread/INFO] (Minecraft) [++++++++++++++++++++++++++++++++++++++++++++++++++++++++++++++++++++++++++++++++++++++++++++++++++++++++++++++++++++++++++++++++++++++++++++++++++++++++++++++++++_    ]
[08:35:10] [Server thread/INFO] (Minecraft) [++++++++++++++++++++++++++++++++++++++++++++++++++++++++++++++++++++++++++++++++++++++++++++++++++++++++++++++++++++++++++++++++++++++++++++++++++++++++++++++++++_    ]
[08:35:10] [Server thread/INFO] (Minecraft) [++++++++++++++++++++++++++++++++++++++++++++++++++++++++++++++++++++++++++++++++++++++++++++++++++++++++++++++++++++++++++++++++++++++++++++++++++++++++++++++++++_    ]
[08:35:10] [Server thread/INFO] (Minecraft) [++++++++++++++++++++++++++++++++++++++++++++++++++++++++++++++++++++++++++++++++++++++++++++++++++++++++++++++++++++++++++++++++++++++++++++++++++++++++++++++++++_    ]
[08:35:10] [Server thread/INFO] (Minecraft) [++++++++++++++++++++++++++++++++++++++++++++++++++++++++++++++++++++++++++++++++++++++++++++++++++++++++++++++++++++++++++++++++++++++++++++++++++++++++++++++++++_    ]
[08:35:10] [Server thread/INFO] (Minecraft) [++++++++++++++++++++++++++++++++++++++++++++++++++++++++++++++++++++++++++++++++++++++++++++++++++++++++++++++++++++++++++++++++++++++++++++++++++++++++++++++++++_    ]
[08:35:10] [Server thread/INFO] (Minecraft) [++++++++++++++++++++++++++++++++++++++++++++++++++++++++++++++++++++++++++++++++++++++++++++++++++++++++++++++++++++++++++++++++++++++++++++++++++++++++++++++++++_    ]
[08:35:10] [Server thread/INFO] (Minecraft) [++++++++++++++++++++++++++++++++++++++++++++++++++++++++++++++++++++++++++++++++++++++++++++++++++++++++++++++++++++++++++++++++++++++++++++++++++++++++++++++++++_    ]
[08:35:10] [Server thread/INFO] (Minecraft) [++++++++++++++++++++++++++++++++++++++++++++++++++++++++++++++++++++++++++++++++++++++++++++++++++++++++++++++++++++++++++++++++++++++++++++++++++++++++++++++++++_    ]
[08:35:10] [Server thread/INFO] (Minecraft) [++++++++++++++++++++++++++++++++++++++++++++++++++++++++++++++++++++++++++++++++++++++++++++++++++++++++++++++++++++++++++++++++++++++++++++++++++++++++++++++++++_    ]
[08:35:10] [Server thread/INFO] (Minecraft) [++++++++++++++++++++++++++++++++++++++++++++++++++++++++++++++++++++++++++++++++++++++++++++++++++++++++++++++++++++++++++++++++++++++++++++++++++++++++++++++++++_    ]
[08:35:10] [Server thread/INFO] (Minecraft) [++++++++++++++++++++++++++++++++++++++++++++++++++++++++++++++++++++++++++++++++++++++++++++++++++++++++++++++++++++++++++++++++++++++++++++++++++++++++++++++++++_    ]
[08:35:10] [Server thread/INFO] (Minecraft) [++++++++++++++++++++++++++++++++++++++++++++++++++++++++++++++++++++++++++++++++++++++++++++++++++++++++++++++++++++++++++++++++++++++++++++++++++++++++++++++++++_    ]
[08:35:10] [Server thread/INFO] (Minecraft) [++++++++++++++++++++++++++++++++++++++++++++++++++++++++++++++++++++++++++++++++++++++++++++++++++++++++++++++++++++++++++++++++++++++++++++++++++++++++++++++++++_    ]
[08:35:10] [Server thread/INFO] (Minecraft) [++++++++++++++++++++++++++++++++++++++++++++++++++++++++++++++++++++++++++++++++++++++++++++++++++++++++++++++++++++++++++++++++++++++++++++++++++++++++++++++++++_    ]
[08:35:10] [Server thread/INFO] (Minecraft) [++++++++++++++++++++++++++++++++++++++++++++++++++++++++++++++++++++++++++++++++++++++++++++++++++++++++++++++++++++++++++++++++++++++++++++++++++++++++++++++++++_    ]
[08:35:10] [Server thread/INFO] (Minecraft) [++++++++++++++++++++++++++++++++++++++++++++++++++++++++++++++++++++++++++++++++++++++++++++++++++++++++++++++++++++++++++++++++++++++++++++++++++++++++++++++++++_    ]
[08:35:10] [Server thread/INFO] (Minecraft) [++++++++++++++++++++++++++++++++++++++++++++++++++++++++++++++++++++++++++++++++++++++++++++++++++++++++++++++++++++++++++++++++++++++++++++++++++++++++++++++++++_    ]
[08:35:10] [Server thread/INFO] (Minecraft) [++++++++++++++++++++++++++++++++++++++++++++++++++++++++++++++++++++++++++++++++++++++++++++++++++++++++++++++++++++++++++++++++++++++++++++++++++++++++++++++++++_    ]
[08:35:10] [Server thread/INFO] (Minecraft) [++++++++++++++++++++++++++++++++++++++++++++++++++++++++++++++++++++++++++++++++++++++++++++++++++++++++++++++++++++++++++++++++++++++++++++++++++++++++++++++++++_    ]
[08:35:10] [Server thread/INFO] (Minecraft) [++++++++++++++++++++++++++++++++++++++++++++++++++++++++++++++++++++++++++++++++++++++++++++++++++++++++++++++++++++++++++++++++++++++++++++++++++++++++++++++++++_    ]
[08:35:10] [Server thread/INFO] (Minecraft) [++++++++++++++++++++++++++++++++++++++++++++++++++++++++++++++++++++++++++++++++++++++++++++++++++++++++++++++++++++++++++++++++++++++++++++++++++++++++++++++++++_    ]
[08:35:10] [Server thread/INFO] (Minecraft) [++++++++++++++++++++++++++++++++++++++++++++++++++++++++++++++++++++++++++++++++++++++++++++++++++++++++++++++++++++++++++++++++++++++++++++++++++++++++++++++++++_    ]
[08:35:10] [Server thread/INFO] (Minecraft) [++++++++++++++++++++++++++++++++++++++++++++++++++++++++++++++++++++++++++++++++++++++++++++++++++++++++++++++++++++++++++++++++++++++++++++++++++++++++++++++++++_    ]
[08:35:10] [Server thread/INFO] (Minecraft) [++++++++++++++++++++++++++++++++++++++++++++++++++++++++++++++++++++++++++++++++++++++++++++++++++++++++++++++++++++++++++++++++++++++++++++++++++++++++++++++++++_    ]
[08:35:10] [Server thread/INFO] (Minecraft) [++++++++++++++++++++++++++++++++++++++++++++++++++++++++++++++++++++++++++++++++++++++++++++++++++++++++++++++++++++++++++++++++++++++++++++++++++++++++++++++++++_    ]
[08:35:10] [Server thread/INFO] (Minecraft) [++++++++++++++++++++++++++++++++++++++++++++++++++++++++++++++++++++++++++++++++++++++++++++++++++++++++++++++++++++++++++++++++++++++++++++++++++++++++++++++++++_    ]
[08:35:10] [Server thread/INFO] (Minecraft) [++++++++++++++++++++++++++++++++++++++++++++++++++++++++++++++++++++++++++++++++++++++++++++++++++++++++++++++++++++++++++++++++++++++++++++++++++++++++++++++++++_    ]
[08:35:10] [Server thread/INFO] (Minecraft) [++++++++++++++++++++++++++++++++++++++++++++++++++++++++++++++++++++++++++++++++++++++++++++++++++++++++++++++++++++++++++++++++++++++++++++++++++++++++++++++++++_    ]
[08:35:10] [Server thread/INFO] (Minecraft) [++++++++++++++++++++++++++++++++++++++++++++++++++++++++++++++++++++++++++++++++++++++++++++++++++++++++++++++++++++++++++++++++++++++++++++++++++++++++++++++++++_    ]
[08:35:10] [Server thread/INFO] (Minecraft) [++++++++++++++++++++++++++++++++++++++++++++++++++++++++++++++++++++++++++++++++++++++++++++++++++++++++++++++++++++++++++++++++++++++++++++++++++++++++++++++++++_    ]
[08:35:10] [Server thread/INFO] (Minecraft) [++++++++++++++++++++++++++++++++++++++++++++++++++++++++++++++++++++++++++++++++++++++++++++++++++++++++++++++++++++++++++++++++++++++++++++++++++++++++++++++++++_    ]
[08:35:10] [Server thread/INFO] (Minecraft) [++++++++++++++++++++++++++++++++++++++++++++++++++++++++++++++++++++++++++++++++++++++++++++++++++++++++++++++++++++++++++++++++++++++++++++++++++++++++++++++++++_    ]
[08:35:10] [Server thread/INFO] (Minecraft) [++++++++++++++++++++++++++++++++++++++++++++++++++++++++++++++++++++++++++++++++++++++++++++++++++++++++++++++++++++++++++++++++++++++++++++++++++++++++++++++++++_    ]
[08:35:10] [Server thread/INFO] (Minecraft) [++++++++++++++++++++++++++++++++++++++++++++++++++++++++++++++++++++++++++++++++++++++++++++++++++++++++++++++++++++++++++++++++++++++++++++++++++++++++++++++++++_    ]
[08:35:10] [Server thread/INFO] (Minecraft) [++++++++++++++++++++++++++++++++++++++++++++++++++++++++++++++++++++++++++++++++++++++++++++++++++++++++++++++++++++++++++++++++++++++++++++++++++++++++++++++++++_    ]
[08:35:10] [Server thread/INFO] (Minecraft) [++++++++++++++++++++++++++++++++++++++++++++++++++++++++++++++++++++++++++++++++++++++++++++++++++++++++++++++++++++++++++++++++++++++++++++++++++++++++++++++++++_    ]
[08:35:10] [Server thread/INFO] (Minecraft) [++++++++++++++++++++++++++++++++++++++++++++++++++++++++++++++++++++++++++++++++++++++++++++++++++++++++++++++++++++++++++++++++++++++++++++++++++++++++++++++++++_    ]
[08:35:10] [Server thread/INFO] (Minecraft) [++++++++++++++++++++++++++++++++++++++++++++++++++++++++++++++++++++++++++++++++++++++++++++++++++++++++++++++++++++++++++++++++++++++++++++++++++++++++++++++++++_    ]
[08:35:10] [Server thread/INFO] (Minecraft) [++++++++++++++++++++++++++++++++++++++++++++++++++++++++++++++++++++++++++++++++++++++++++++++++++++++++++++++++++++++++++++++++++++++++++++++++++++++++++++++++++_    ]
[08:35:10] [Server thread/INFO] (Minecraft) [++++++++++++++++++++++++++++++++++++++++++++++++++++++++++++++++++++++++++++++++++++++++++++++++++++++++++++++++++++++++++++++++++++++++++++++++++++++++++++++++++_    ]
[08:35:10] [Server thread/INFO] (Minecraft) [++++++++++++++++++++++++++++++++++++++++++++++++++++++++++++++++++++++++++++++++++++++++++++++++++++++++++++++++++++++++++++++++++++++++++++++++++++++++++++++++++_    ]
[08:35:10] [Server thread/INFO] (Minecraft) [++++++++++++++++++++++++++++++++++++++++++++++++++++++++++++++++++++++++++++++++++++++++++++++++++++++++++++++++++++++++++++++++++++++++++++++++++++++++++++++++++_    ]
[08:35:10] [Server thread/INFO] (Minecraft) [++++++++++++++++++++++++++++++++++++++++++++++++++++++++++++++++++++++++++++++++++++++++++++++++++++++++++++++++++++++++++++++++++++++++++++++++++++++++++++++++++_    ]
[08:35:10] [Server thread/INFO] (Minecraft) [++++++++++++++++++++++++++++++++++++++++++++++++++++++++++++++++++++++++++++++++++++++++++++++++++++++++++++++++++++++++++++++++++++++++++++++++++++++++++++++++++_    ]
[08:35:10] [Server thread/INFO] (Minecraft) [++++++++++++++++++++++++++++++++++++++++++++++++++++++++++++++++++++++++++++++++++++++++++++++++++++++++++++++++++++++++++++++++++++++++++++++++++++++++++++++++++_    ]
[08:35:10] [Server thread/INFO] (Minecraft) [++++++++++++++++++++++++++++++++++++++++++++++++++++++++++++++++++++++++++++++++++++++++++++++++++++++++++++++++++++++++++++++++++++++++++++++++++++++++++++++++++_    ]
[08:35:10] [Server thread/INFO] (Minecraft) [++++++++++++++++++++++++++++++++++++++++++++++++++++++++++++++++++++++++++++++++++++++++++++++++++++++++++++++++++++++++++++++++++++++++++++++++++++++++++++++++++_    ]
[08:35:10] [Server thread/INFO] (Minecraft) [++++++++++++++++++++++++++++++++++++++++++++++++++++++++++++++++++++++++++++++++++++++++++++++++++++++++++++++++++++++++++++++++++++++++++++++++++++++++++++++++++_    ]
[08:35:10] [Server thread/INFO] (Minecraft) [++++++++++++++++++++++++++++++++++++++++++++++++++++++++++++++++++++++++++++++++++++++++++++++++++++++++++++++++++++++++++++++++++++++++++++++++++++++++++++++++++_    ]
[08:35:10] [Server thread/INFO] (Minecraft) [++++++++++++++++++++++++++++++++++++++++++++++++++++++++++++++++++++++++++++++++++++++++++++++++++++++++++++++++++++++++++++++++++++++++++++++++++++++++++++++++++_    ]
[08:35:10] [Server thread/INFO] (Minecraft) [++++++++++++++++++++++++++++++++++++++++++++++++++++++++++++++++++++++++++++++++++++++++++++++++++++++++++++++++++++++++++++++++++++++++++++++++++++++++++++++++++_    ]
[08:35:10] [Server thread/INFO] (Minecraft) [++++++++++++++++++++++++++++++++++++++++++++++++++++++++++++++++++++++++++++++++++++++++++++++++++++++++++++++++++++++++++++++++++++++++++++++++++++++++++++++++++_    ]
[08:35:10] [Server thread/INFO] (Minecraft) [++++++++++++++++++++++++++++++++++++++++++++++++++++++++++++++++++++++++++++++++++++++++++++++++++++++++++++++++++++++++++++++++++++++++++++++++++++++++++++++++++_    ]
[08:35:10] [Server thread/INFO] (Minecraft) [++++++++++++++++++++++++++++++++++++++++++++++++++++++++++++++++++++++++++++++++++++++++++++++++++++++++++++++++++++++++++++++++++++++++++++++++++++++++++++++++++_    ]
[08:35:10] [Server thread/INFO] (Minecraft) [++++++++++++++++++++++++++++++++++++++++++++++++++++++++++++++++++++++++++++++++++++++++++++++++++++++++++++++++++++++++++++++++++++++++++++++++++++++++++++++++++_    ]
[08:35:10] [Server thread/INFO] (Minecraft) [++++++++++++++++++++++++++++++++++++++++++++++++++++++++++++++++++++++++++++++++++++++++++++++++++++++++++++++++++++++++++++++++++++++++++++++++++++++++++++++++++_    ]
[08:35:10] [Server thread/INFO] (Minecraft) [++++++++++++++++++++++++++++++++++++++++++++++++++++++++++++++++++++++++++++++++++++++++++++++++++++++++++++++++++++++++++++++++++++++++++++++++++++++++++++++++++_    ]
[08:35:10] [Server thread/INFO] (Minecraft) [++++++++++++++++++++++++++++++++++++++++++++++++++++++++++++++++++++++++++++++++++++++++++++++++++++++++++++++++++++++++++++++++++++++++++++++++++++++++++++++++++_    ]
[08:35:10] [Server thread/INFO] (Minecraft) [++++++++++++++++++++++++++++++++++++++++++++++++++++++++++++++++++++++++++++++++++++++++++++++++++++++++++++++++++++++++++++++++++++++++++++++++++++++++++++++++++_    ]
[08:35:10] [Server thread/INFO] (Minecraft) [++++++++++++++++++++++++++++++++++++++++++++++++++++++++++++++++++++++++++++++++++++++++++++++++++++++++++++++++++++++++++++++++++++++++++++++++++++++++++++++++++_    ]
[08:35:10] [Server thread/INFO] (Minecraft) [++++++++++++++++++++++++++++++++++++++++++++++++++++++++++++++++++++++++++++++++++++++++++++++++++++++++++++++++++++++++++++++++++++++++++++++++++++++++++++++++++_    ]
[08:35:10] [Server thread/INFO] (Minecraft) [++++++++++++++++++++++++++++++++++++++++++++++++++++++++++++++++++++++++++++++++++++++++++++++++++++++++++++++++++++++++++++++++++++++++++++++++++++++++++++++++++_    ]
[08:35:10] [Server thread/INFO] (Minecraft) [++++++++++++++++++++++++++++++++++++++++++++++++++++++++++++++++++++++++++++++++++++++++++++++++++++++++++++++++++++++++++++++++++++++++++++++++++++++++++++++++++_    ]
[08:35:10] [Server thread/INFO] (Minecraft) [++++++++++++++++++++++++++++++++++++++++++++++++++++++++++++++++++++++++++++++++++++++++++++++++++++++++++++++++++++++++++++++++++++++++++++++++++++++++++++++++++_    ]
[08:35:10] [Server thread/INFO] (Minecraft) [++++++++++++++++++++++++++++++++++++++++++++++++++++++++++++++++++++++++++++++++++++++++++++++++++++++++++++++++++++++++++++++++++++++++++++++++++++++++++++++++++_    ]
[08:35:10] [Server thread/INFO] (Minecraft) [++++++++++++++++++++++++++++++++++++++++++++++++++++++++++++++++++++++++++++++++++++++++++++++++++++++++++++++++++++++++++++++++++++++++++++++++++++++++++++++++++_    ]
[08:35:10] [Server thread/INFO] (Minecraft) [++++++++++++++++++++++++++++++++++++++++++++++++++++++++++++++++++++++++++++++++++++++++++++++++++++++++++++++++++++++++++++++++++++++++++++++++++++++++++++++++++_    ]
[08:35:10] [Server thread/INFO] (Minecraft) [++++++++++++++++++++++++++++++++++++++++++++++++++++++++++++++++++++++++++++++++++++++++++++++++++++++++++++++++++++++++++++++++++++++++++++++++++++++++++++++++++_    ]
[08:35:10] [Server thread/INFO] (Minecraft) [++++++++++++++++++++++++++++++++++++++++++++++++++++++++++++++++++++++++++++++++++++++++++++++++++++++++++++++++++++++++++++++++++++++++++++++++++++++++++++++++++_    ]
[08:35:10] [Server thread/INFO] (Minecraft) [++++++++++++++++++++++++++++++++++++++++++++++++++++++++++++++++++++++++++++++++++++++++++++++++++++++++++++++++++++++++++++++++++++++++++++++++++++++++++++++++++_    ]
[08:35:10] [Server thread/INFO] (Minecraft) [++++++++++++++++++++++++++++++++++++++++++++++++++++++++++++++++++++++++++++++++++++++++++++++++++++++++++++++++++++++++++++++++++++++++++++++++++++++++++++++++++_    ]
[08:35:10] [Server thread/INFO] (Minecraft) [++++++++++++++++++++++++++++++++++++++++++++++++++++++++++++++++++++++++++++++++++++++++++++++++++++++++++++++++++++++++++++++++++++++++++++++++++++++++++++++++++_    ]
[08:35:10] [Server thread/INFO] (Minecraft) [++++++++++++++++++++++++++++++++++++++++++++++++++++++++++++++++++++++++++++++++++++++++++++++++++++++++++++++++++++++++++++++++++++++++++++++++++++++++++++++++++_    ]
[08:35:10] [Server thread/INFO] (Minecraft) [++++++++++++++++++++++++++++++++++++++++++++++++++++++++++++++++++++++++++++++++++++++++++++++++++++++++++++++++++++++++++++++++++++++++++++++++++++++++++++++++++_    ]
[08:35:10] [Server thread/INFO] (Minecraft) [++++++++++++++++++++++++++++++++++++++++++++++++++++++++++++++++++++++++++++++++++++++++++++++++++++++++++++++++++++++++++++++++++++++++++++++++++++++++++++++++++_    ]
[08:35:10] [Server thread/INFO] (Minecraft) [++++++++++++++++++++++++++++++++++++++++++++++++++++++++++++++++++++++++++++++++++++++++++++++++++++++++++++++++++++++++++++++++++++++++++++++++++++++++++++++++++_    ]
[08:35:10] [Server thread/INFO] (Minecraft) [++++++++++++++++++++++++++++++++++++++++++++++++++++++++++++++++++++++++++++++++++++++++++++++++++++++++++++++++++++++++++++++++++++++++++++++++++++++++++++++++++_    ]
[08:35:10] [Server thread/INFO] (Minecraft) [++++++++++++++++++++++++++++++++++++++++++++++++++++++++++++++++++++++++++++++++++++++++++++++++++++++++++++++++++++++++++++++++++++++++++++++++++++++++++++++++++_    ]
[08:35:10] [Server thread/INFO] (Minecraft) [++++++++++++++++++++++++++++++++++++++++++++++++++++++++++++++++++++++++++++++++++++++++++++++++++++++++++++++++++++++++++++++++++++++++++++++++++++++++++++++++++_    ]
[08:35:10] [Server thread/INFO] (Minecraft) [++++++++++++++++++++++++++++++++++++++++++++++++++++++++++++++++++++++++++++++++++++++++++++++++++++++++++++++++++++++++++++++++++++++++++++++++++++++++++++++++++_    ]
[08:35:10] [Server thread/INFO] (Minecraft) [++++++++++++++++++++++++++++++++++++++++++++++++++++++++++++++++++++++++++++++++++++++++++++++++++++++++++++++++++++++++++++++++++++++++++++++++++++++++++++++++++_    ]
[08:35:10] [Server thread/INFO] (Minecraft) [++++++++++++++++++++++++++++++++++++++++++++++++++++++++++++++++++++++++++++++++++++++++++++++++++++++++++++++++++++++++++++++++++++++++++++++++++++++++++++++++++_    ]
[08:35:10] [Server thread/INFO] (Minecraft) [++++++++++++++++++++++++++++++++++++++++++++++++++++++++++++++++++++++++++++++++++++++++++++++++++++++++++++++++++++++++++++++++++++++++++++++++++++++++++++++++++_    ]
[08:35:10] [Server thread/INFO] (Minecraft) [++++++++++++++++++++++++++++++++++++++++++++++++++++++++++++++++++++++++++++++++++++++++++++++++++++++++++++++++++++++++++++++++++++++++++++++++++++++++++++++++++_    ]
[08:35:10] [Server thread/INFO] (Minecraft) [++++++++++++++++++++++++++++++++++++++++++++++++++++++++++++++++++++++++++++++++++++++++++++++++++++++++++++++++++++++++++++++++++++++++++++++++++++++++++++++++++_    ]
[08:35:10] [Server thread/INFO] (Minecraft) [++++++++++++++++++++++++++++++++++++++++++++++++++++++++++++++++++++++++++++++++++++++++++++++++++++++++++++++++++++++++++++++++++++++++++++++++++++++++++++++++++_    ]
[08:35:10] [Server thread/INFO] (Minecraft) [++++++++++++++++++++++++++++++++++++++++++++++++++++++++++++++++++++++++++++++++++++++++++++++++++++++++++++++++++++++++++++++++++++++++++++++++++++++++++++++++++_    ]
[08:35:10] [Server thread/INFO] (Minecraft) [++++++++++++++++++++++++++++++++++++++++++++++++++++++++++++++++++++++++++++++++++++++++++++++++++++++++++++++++++++++++++++++++++++++++++++++++++++++++++++++++++_    ]
[08:35:10] [Server thread/INFO] (Minecraft) [++++++++++++++++++++++++++++++++++++++++++++++++++++++++++++++++++++++++++++++++++++++++++++++++++++++++++++++++++++++++++++++++++++++++++++++++++++++++++++++++++_    ]
[08:35:10] [Server thread/INFO] (Minecraft) [++++++++++++++++++++++++++++++++++++++++++++++++++++++++++++++++++++++++++++++++++++++++++++++++++++++++++++++++++++++++++++++++++++++++++++++++++++++++++++++++++_    ]
[08:35:10] [Server thread/INFO] (Minecraft) [++++++++++++++++++++++++++++++++++++++++++++++++++++++++++++++++++++++++++++++++++++++++++++++++++++++++++++++++++++++++++++++++++++++++++++++++++++++++++++++++++_    ]
[08:35:10] [Server thread/INFO] (Minecraft) [++++++++++++++++++++++++++++++++++++++++++++++++++++++++++++++++++++++++++++++++++++++++++++++++++++++++++++++++++++++++++++++++++++++++++++++++++++++++++++++++++_    ]
[08:35:10] [Server thread/INFO] (Minecraft) [++++++++++++++++++++++++++++++++++++++++++++++++++++++++++++++++++++++++++++++++++++++++++++++++++++++++++++++++++++++++++++++++++++++++++++++++++++++++++++++++++_    ]
[08:35:10] [Server thread/INFO] (Minecraft) [++++++++++++++++++++++++++++++++++++++++++++++++++++++++++++++++++++++++++++++++++++++++++++++++++++++++++++++++++++++++++++++++++++++++++++++++++++++++++++++++++_    ]
[08:35:10] [Server thread/INFO] (Minecraft) [++++++++++++++++++++++++++++++++++++++++++++++++++++++++++++++++++++++++++++++++++++++++++++++++++++++++++++++++++++++++++++++++++++++++++++++++++++++++++++++++++_    ]
[08:35:10] [Server thread/INFO] (Minecraft) [++++++++++++++++++++++++++++++++++++++++++++++++++++++++++++++++++++++++++++++++++++++++++++++++++++++++++++++++++++++++++++++++++++++++++++++++++++++++++++++++++_    ]
[08:35:10] [Server thread/INFO] (Minecraft) [++++++++++++++++++++++++++++++++++++++++++++++++++++++++++++++++++++++++++++++++++++++++++++++++++++++++++++++++++++++++++++++++++++++++++++++++++++++++++++++++++_    ]
[08:35:10] [Server thread/INFO] (Minecraft) [++++++++++++++++++++++++++++++++++++++++++++++++++++++++++++++++++++++++++++++++++++++++++++++++++++++++++++++++++++++++++++++++++++++++++++++++++++++++++++++++++_    ]
[08:35:10] [Server thread/INFO] (Minecraft) [++++++++++++++++++++++++++++++++++++++++++++++++++++++++++++++++++++++++++++++++++++++++++++++++++++++++++++++++++++++++++++++++++++++++++++++++++++++++++++++++++_    ]
[08:35:10] [Server thread/INFO] (Minecraft) [++++++++++++++++++++++++++++++++++++++++++++++++++++++++++++++++++++++++++++++++++++++++++++++++++++++++++++++++++++++++++++++++++++++++++++++++++++++++++++++++++_    ]
[08:35:10] [Server thread/INFO] (Minecraft) [++++++++++++++++++++++++++++++++++++++++++++++++++++++++++++++++++++++++++++++++++++++++++++++++++++++++++++++++++++++++++++++++++++++++++++++++++++++++++++++++++_    ]
[08:35:10] [Server thread/INFO] (Minecraft) [++++++++++++++++++++++++++++++++++++++++++++++++++++++++++++++++++++++++++++++++++++++++++++++++++++++++++++++++++++++++++++++++++++++++++++++++++++++++++++++++++_    ]
[08:35:10] [Server thread/INFO] (Minecraft) [++++++++++++++++++++++++++++++++++++++++++++++++++++++++++++++++++++++++++++++++++++++++++++++++++++++++++++++++++++++++++++++++++++++++++++++++++++++++++++++++++_    ]
[08:35:10] [Server thread/INFO] (Minecraft) [++++++++++++++++++++++++++++++++++++++++++++++++++++++++++++++++++++++++++++++++++++++++++++++++++++++++++++++++++++++++++++++++++++++++++++++++++++++++++++++++++_    ]
[08:35:10] [Server thread/INFO] (Minecraft) [++++++++++++++++++++++++++++++++++++++++++++++++++++++++++++++++++++++++++++++++++++++++++++++++++++++++++++++++++++++++++++++++++++++++++++++++++++++++++++++++++_    ]
[08:35:10] [Server thread/INFO] (Minecraft) [++++++++++++++++++++++++++++++++++++++++++++++++++++++++++++++++++++++++++++++++++++++++++++++++++++++++++++++++++++++++++++++++++++++++++++++++++++++++++++++++++_    ]
[08:35:10] [Server thread/INFO] (Minecraft) [++++++++++++++++++++++++++++++++++++++++++++++++++++++++++++++++++++++++++++++++++++++++++++++++++++++++++++++++++++++++++++++++++++++++++++++++++++++++++++++++++_    ]
[08:35:10] [Server thread/INFO] (Minecraft) [++++++++++++++++++++++++++++++++++++++++++++++++++++++++++++++++++++++++++++++++++++++++++++++++++++++++++++++++++++++++++++++++++++++++++++++++++++++++++++++++++_    ]
[08:35:10] [Server thread/INFO] (Minecraft) [++++++++++++++++++++++++++++++++++++++++++++++++++++++++++++++++++++++++++++++++++++++++++++++++++++++++++++++++++++++++++++++++++++++++++++++++++++++++++++++++++_    ]
[08:35:10] [Server thread/INFO] (Minecraft) [++++++++++++++++++++++++++++++++++++++++++++++++++++++++++++++++++++++++++++++++++++++++++++++++++++++++++++++++++++++++++++++++++++++++++++++++++++++++++++++++++_    ]
[08:35:10] [Server thread/INFO] (Minecraft) [++++++++++++++++++++++++++++++++++++++++++++++++++++++++++++++++++++++++++++++++++++++++++++++++++++++++++++++++++++++++++++++++++++++++++++++++++++++++++++++++++_    ]
[08:35:10] [Server thread/INFO] (Minecraft) [++++++++++++++++++++++++++++++++++++++++++++++++++++++++++++++++++++++++++++++++++++++++++++++++++++++++++++++++++++++++++++++++++++++++++++++++++++++++++++++++++_    ]
[08:35:10] [Server thread/INFO] (Minecraft) [++++++++++++++++++++++++++++++++++++++++++++++++++++++++++++++++++++++++++++++++++++++++++++++++++++++++++++++++++++++++++++++++++++++++++++++++++++++++++++++++++_    ]
[08:35:10] [Server thread/INFO] (Minecraft) [++++++++++++++++++++++++++++++++++++++++++++++++++++++++++++++++++++++++++++++++++++++++++++++++++++++++++++++++++++++++++++++++++++++++++++++++++++++++++++++++++_    ]
[08:35:10] [Server thread/INFO] (Minecraft) [++++++++++++++++++++++++++++++++++++++++++++++++++++++++++++++++++++++++++++++++++++++++++++++++++++++++++++++++++++++++++++++++++++++++++++++++++++++++++++++++++_    ]
[08:35:10] [Server thread/INFO] (Minecraft) [++++++++++++++++++++++++++++++++++++++++++++++++++++++++++++++++++++++++++++++++++++++++++++++++++++++++++++++++++++++++++++++++++++++++++++++++++++++++++++++++++_    ]
[08:35:10] [Server thread/INFO] (Minecraft) [++++++++++++++++++++++++++++++++++++++++++++++++++++++++++++++++++++++++++++++++++++++++++++++++++++++++++++++++++++++++++++++++++++++++++++++++++++++++++++++++++_    ]
[08:35:10] [Server thread/INFO] (Minecraft) [++++++++++++++++++++++++++++++++++++++++++++++++++++++++++++++++++++++++++++++++++++++++++++++++++++++++++++++++++++++++++++++++++++++++++++++++++++++++++++++++++_    ]
[08:35:10] [Server thread/INFO] (Minecraft) [++++++++++++++++++++++++++++++++++++++++++++++++++++++++++++++++++++++++++++++++++++++++++++++++++++++++++++++++++++++++++++++++++++++++++++++++++++++++++++++++++_    ]
[08:35:10] [Server thread/INFO] (Minecraft) [++++++++++++++++++++++++++++++++++++++++++++++++++++++++++++++++++++++++++++++++++++++++++++++++++++++++++++++++++++++++++++++++++++++++++++++++++++++++++++++++++_    ]
[08:35:10] [Server thread/INFO] (Minecraft) [++++++++++++++++++++++++++++++++++++++++++++++++++++++++++++++++++++++++++++++++++++++++++++++++++++++++++++++++++++++++++++++++++++++++++++++++++++++++++++++++++_    ]
[08:35:10] [Server thread/INFO] (Minecraft) [++++++++++++++++++++++++++++++++++++++++++++++++++++++++++++++++++++++++++++++++++++++++++++++++++++++++++++++++++++++++++++++++++++++++++++++++++++++++++++++++++_    ]
[08:35:10] [Server thread/INFO] (Minecraft) [++++++++++++++++++++++++++++++++++++++++++++++++++++++++++++++++++++++++++++++++++++++++++++++++++++++++++++++++++++++++++++++++++++++++++++++++++++++++++++++++++_    ]
[08:35:10] [Server thread/INFO] (Minecraft) [++++++++++++++++++++++++++++++++++++++++++++++++++++++++++++++++++++++++++++++++++++++++++++++++++++++++++++++++++++++++++++++++++++++++++++++++++++++++++++++++++_    ]
[08:35:10] [Server thread/INFO] (Minecraft) [++++++++++++++++++++++++++++++++++++++++++++++++++++++++++++++++++++++++++++++++++++++++++++++++++++++++++++++++++++++++++++++++++++++++++++++++++++++++++++++++++_    ]
[08:35:10] [Server thread/INFO] (Minecraft) [++++++++++++++++++++++++++++++++++++++++++++++++++++++++++++++++++++++++++++++++++++++++++++++++++++++++++++++++++++++++++++++++++++++++++++++++++++++++++++++++++_    ]
[08:35:10] [Server thread/INFO] (Minecraft) [++++++++++++++++++++++++++++++++++++++++++++++++++++++++++++++++++++++++++++++++++++++++++++++++++++++++++++++++++++++++++++++++++++++++++++++++++++++++++++++++++_    ]
[08:35:10] [Server thread/INFO] (Minecraft) [++++++++++++++++++++++++++++++++++++++++++++++++++++++++++++++++++++++++++++++++++++++++++++++++++++++++++++++++++++++++++++++++++++++++++++++++++++++++++++++++++_    ]
[08:35:10] [Server thread/INFO] (Minecraft) [++++++++++++++++++++++++++++++++++++++++++++++++++++++++++++++++++++++++++++++++++++++++++++++++++++++++++++++++++++++++++++++++++++++++++++++++++++++++++++++++++_    ]
[08:35:10] [Server thread/INFO] (Minecraft) [++++++++++++++++++++++++++++++++++++++++++++++++++++++++++++++++++++++++++++++++++++++++++++++++++++++++++++++++++++++++++++++++++++++++++++++++++++++++++++++++++_    ]
[08:35:10] [Server thread/INFO] (Minecraft) [++++++++++++++++++++++++++++++++++++++++++++++++++++++++++++++++++++++++++++++++++++++++++++++++++++++++++++++++++++++++++++++++++++++++++++++++++++++++++++++++++_    ]
[08:35:10] [Server thread/INFO] (Minecraft) [++++++++++++++++++++++++++++++++++++++++++++++++++++++++++++++++++++++++++++++++++++++++++++++++++++++++++++++++++++++++++++++++++++++++++++++++++++++++++++++++++_    ]
[08:35:10] [Server thread/INFO] (Minecraft) [++++++++++++++++++++++++++++++++++++++++++++++++++++++++++++++++++++++++++++++++++++++++++++++++++++++++++++++++++++++++++++++++++++++++++++++++++++++++++++++++++_    ]
[08:35:10] [Server thread/INFO] (Minecraft) [++++++++++++++++++++++++++++++++++++++++++++++++++++++++++++++++++++++++++++++++++++++++++++++++++++++++++++++++++++++++++++++++++++++++++++++++++++++++++++++++++_    ]
[08:35:10] [Server thread/INFO] (Minecraft) [++++++++++++++++++++++++++++++++++++++++++++++++++++++++++++++++++++++++++++++++++++++++++++++++++++++++++++++++++++++++++++++++++++++++++++++++++++++++++++++++++_    ]
[08:35:10] [Server thread/INFO] (Minecraft) [++++++++++++++++++++++++++++++++++++++++++++++++++++++++++++++++++++++++++++++++++++++++++++++++++++++++++++++++++++++++++++++++++++++++++++++++++++++++++++++++++_    ]
[08:35:10] [Server thread/INFO] (Minecraft) [++++++++++++++++++++++++++++++++++++++++++++++++++++++++++++++++++++++++++++++++++++++++++++++++++++++++++++++++++++++++++++++++++++++++++++++++++++++++++++++++++_    ]
[08:35:10] [Server thread/INFO] (Minecraft) [++++++++++++++++++++++++++++++++++++++++++++++++++++++++++++++++++++++++++++++++++++++++++++++++++++++++++++++++++++++++++++++++++++++++++++++++++++++++++++++++++_    ]
[08:35:10] [Server thread/INFO] (Minecraft) [++++++++++++++++++++++++++++++++++++++++++++++++++++++++++++++++++++++++++++++++++++++++++++++++++++++++++++++++++++++++++++++++++++++++++++++++++++++++++++++++++_    ]
[08:35:10] [Server thread/INFO] (Minecraft) [++++++++++++++++++++++++++++++++++++++++++++++++++++++++++++++++++++++++++++++++++++++++++++++++++++++++++++++++++++++++++++++++++++++++++++++++++++++++++++++++++_    ]
[08:35:10] [Server thread/INFO] (Minecraft) [++++++++++++++++++++++++++++++++++++++++++++++++++++++++++++++++++++++++++++++++++++++++++++++++++++++++++++++++++++++++++++++++++++++++++++++++++++++++++++++++++_    ]
[08:35:10] [Server thread/INFO] (Minecraft) [++++++++++++++++++++++++++++++++++++++++++++++++++++++++++++++++++++++++++++++++++++++++++++++++++++++++++++++++++++++++++++++++++++++++++++++++++++++++++++++++++_    ]
[08:35:10] [Server thread/INFO] (Minecraft) [++++++++++++++++++++++++++++++++++++++++++++++++++++++++++++++++++++++++++++++++++++++++++++++++++++++++++++++++++++++++++++++++++++++++++++++++++++++++++++++++++_    ]
[08:35:10] [Server thread/INFO] (Minecraft) [++++++++++++++++++++++++++++++++++++++++++++++++++++++++++++++++++++++++++++++++++++++++++++++++++++++++++++++++++++++++++++++++++++++++++++++++++++++++++++++++++_    ]
[08:35:10] [Server thread/INFO] (Minecraft) [++++++++++++++++++++++++++++++++++++++++++++++++++++++++++++++++++++++++++++++++++++++++++++++++++++++++++++++++++++++++++++++++++++++++++++++++++++++++++++++++++_    ]
[08:35:10] [Server thread/INFO] (Minecraft) [++++++++++++++++++++++++++++++++++++++++++++++++++++++++++++++++++++++++++++++++++++++++++++++++++++++++++++++++++++++++++++++++++++++++++++++++++++++++++++++++++_    ]
[08:35:10] [Server thread/INFO] (Minecraft) [++++++++++++++++++++++++++++++++++++++++++++++++++++++++++++++++++++++++++++++++++++++++++++++++++++++++++++++++++++++++++++++++++++++++++++++++++++++++++++++++++_    ]
[08:35:10] [Server thread/INFO] (Minecraft) [++++++++++++++++++++++++++++++++++++++++++++++++++++++++++++++++++++++++++++++++++++++++++++++++++++++++++++++++++++++++++++++++++++++++++++++++++++++++++++++++++_    ]
[08:35:10] [Server thread/INFO] (Minecraft) [++++++++++++++++++++++++++++++++++++++++++++++++++++++++++++++++++++++++++++++++++++++++++++++++++++++++++++++++++++++++++++++++++++++++++++++++++++++++++++++++++_    ]
[08:35:10] [Server thread/INFO] (Minecraft) [++++++++++++++++++++++++++++++++++++++++++++++++++++++++++++++++++++++++++++++++++++++++++++++++++++++++++++++++++++++++++++++++++++++++++++++++++++++++++++++++++_    ]
[08:35:10] [Server thread/INFO] (Minecraft) [++++++++++++++++++++++++++++++++++++++++++++++++++++++++++++++++++++++++++++++++++++++++++++++++++++++++++++++++++++++++++++++++++++++++++++++++++++++++++++++++++_    ]
[08:35:10] [Server thread/INFO] (Minecraft) [++++++++++++++++++++++++++++++++++++++++++++++++++++++++++++++++++++++++++++++++++++++++++++++++++++++++++++++++++++++++++++++++++++++++++++++++++++++++++++++++++_    ]
[08:35:10] [Server thread/INFO] (Minecraft) [++++++++++++++++++++++++++++++++++++++++++++++++++++++++++++++++++++++++++++++++++++++++++++++++++++++++++++++++++++++++++++++++++++++++++++++++++++++++++++++++++_    ]
[08:35:10] [Server thread/INFO] (Minecraft) [++++++++++++++++++++++++++++++++++++++++++++++++++++++++++++++++++++++++++++++++++++++++++++++++++++++++++++++++++++++++++++++++++++++++++++++++++++++++++++++++++_    ]
[08:35:10] [Server thread/INFO] (Minecraft) [++++++++++++++++++++++++++++++++++++++++++++++++++++++++++++++++++++++++++++++++++++++++++++++++++++++++++++++++++++++++++++++++++++++++++++++++++++++++++++++++++_    ]
[08:35:10] [Server thread/INFO] (Minecraft) [++++++++++++++++++++++++++++++++++++++++++++++++++++++++++++++++++++++++++++++++++++++++++++++++++++++++++++++++++++++++++++++++++++++++++++++++++++++++++++++++++_    ]
[08:35:10] [Server thread/INFO] (Minecraft) [++++++++++++++++++++++++++++++++++++++++++++++++++++++++++++++++++++++++++++++++++++++++++++++++++++++++++++++++++++++++++++++++++++++++++++++++++++++++++++++++++_    ]
[08:35:10] [Server thread/INFO] (Minecraft) [++++++++++++++++++++++++++++++++++++++++++++++++++++++++++++++++++++++++++++++++++++++++++++++++++++++++++++++++++++++++++++++++++++++++++++++++++++++++++++++++++_    ]
[08:35:10] [Server thread/INFO] (Minecraft) [++++++++++++++++++++++++++++++++++++++++++++++++++++++++++++++++++++++++++++++++++++++++++++++++++++++++++++++++++++++++++++++++++++++++++++++++++++++++++++++++++_    ]
[08:35:10] [Server thread/INFO] (Minecraft) [++++++++++++++++++++++++++++++++++++++++++++++++++++++++++++++++++++++++++++++++++++++++++++++++++++++++++++++++++++++++++++++++++++++++++++++++++++++++++++++++++_    ]
[08:35:10] [Server thread/INFO] (Minecraft) [++++++++++++++++++++++++++++++++++++++++++++++++++++++++++++++++++++++++++++++++++++++++++++++++++++++++++++++++++++++++++++++++++++++++++++++++++++++++++++++++++_    ]
[08:35:10] [Server thread/INFO] (Minecraft) [++++++++++++++++++++++++++++++++++++++++++++++++++++++++++++++++++++++++++++++++++++++++++++++++++++++++++++++++++++++++++++++++++++++++++++++++++++++++++++++++++_    ]
[08:35:10] [Server thread/INFO] (Minecraft) [++++++++++++++++++++++++++++++++++++++++++++++++++++++++++++++++++++++++++++++++++++++++++++++++++++++++++++++++++++++++++++++++++++++++++++++++++++++++++++++++++_    ]
[08:35:10] [Server thread/INFO] (Minecraft) [++++++++++++++++++++++++++++++++++++++++++++++++++++++++++++++++++++++++++++++++++++++++++++++++++++++++++++++++++++++++++++++++++++++++++++++++++++++++++++++++++_    ]
[08:35:10] [Server thread/INFO] (Minecraft) [++++++++++++++++++++++++++++++++++++++++++++++++++++++++++++++++++++++++++++++++++++++++++++++++++++++++++++++++++++++++++++++++++++++++++++++++++++++++++++++++++_    ]
[08:35:10] [Server thread/INFO] (Minecraft) [++++++++++++++++++++++++++++++++++++++++++++++++++++++++++++++++++++++++++++++++++++++++++++++++++++++++++++++++++++++++++++++++++++++++++++++++++++++++++++++++++_    ]
[08:35:10] [Server thread/INFO] (Minecraft) [++++++++++++++++++++++++++++++++++++++++++++++++++++++++++++++++++++++++++++++++++++++++++++++++++++++++++++++++++++++++++++++++++++++++++++++++++++++++++++++++++_    ]
[08:35:10] [Server thread/INFO] (Minecraft) [++++++++++++++++++++++++++++++++++++++++++++++++++++++++++++++++++++++++++++++++++++++++++++++++++++++++++++++++++++++++++++++++++++++++++++++++++++++++++++++++++_    ]
[08:35:10] [Server thread/INFO] (Minecraft) [++++++++++++++++++++++++++++++++++++++++++++++++++++++++++++++++++++++++++++++++++++++++++++++++++++++++++++++++++++++++++++++++++++++++++++++++++++++++++++++++++_    ]
[08:35:10] [Server thread/INFO] (Minecraft) [++++++++++++++++++++++++++++++++++++++++++++++++++++++++++++++++++++++++++++++++++++++++++++++++++++++++++++++++++++++++++++++++++++++++++++++++++++++++++++++++++_    ]
[08:35:10] [Server thread/INFO] (Minecraft) [++++++++++++++++++++++++++++++++++++++++++++++++++++++++++++++++++++++++++++++++++++++++++++++++++++++++++++++++++++++++++++++++++++++++++++++++++++++++++++++++++_    ]
[08:35:10] [Server thread/INFO] (Minecraft) [++++++++++++++++++++++++++++++++++++++++++++++++++++++++++++++++++++++++++++++++++++++++++++++++++++++++++++++++++++++++++++++++++++++++++++++++++++++++++++++++++_    ]
[08:35:10] [Server thread/INFO] (Minecraft) [++++++++++++++++++++++++++++++++++++++++++++++++++++++++++++++++++++++++++++++++++++++++++++++++++++++++++++++++++++++++++++++++++++++++++++++++++++++++++++++++++_    ]
[08:35:10] [Server thread/INFO] (Minecraft) [++++++++++++++++++++++++++++++++++++++++++++++++++++++++++++++++++++++++++++++++++++++++++++++++++++++++++++++++++++++++++++++++++++++++++++++++++++++++++++++++++_    ]
[08:35:10] [Server thread/INFO] (Minecraft) [++++++++++++++++++++++++++++++++++++++++++++++++++++++++++++++++++++++++++++++++++++++++++++++++++++++++++++++++++++++++++++++++++++++++++++++++++++++++++++++++++_    ]
[08:35:10] [Server thread/INFO] (Minecraft) [++++++++++++++++++++++++++++++++++++++++++++++++++++++++++++++++++++++++++++++++++++++++++++++++++++++++++++++++++++++++++++++++++++++++++++++++++++++++++++++++++_    ]
[08:35:10] [Server thread/INFO] (Minecraft) [++++++++++++++++++++++++++++++++++++++++++++++++++++++++++++++++++++++++++++++++++++++++++++++++++++++++++++++++++++++++++++++++++++++++++++++++++++++++++++++++++_    ]
[08:35:10] [Server thread/INFO] (Minecraft) [++++++++++++++++++++++++++++++++++++++++++++++++++++++++++++++++++++++++++++++++++++++++++++++++++++++++++++++++++++++++++++++++++++++++++++++++++++++++++++++++++_    ]
[08:35:10] [Server thread/INFO] (Minecraft) [++++++++++++++++++++++++++++++++++++++++++++++++++++++++++++++++++++++++++++++++++++++++++++++++++++++++++++++++++++++++++++++++++++++++++++++++++++++++++++++++++_    ]
[08:35:10] [Server thread/INFO] (Minecraft) [++++++++++++++++++++++++++++++++++++++++++++++++++++++++++++++++++++++++++++++++++++++++++++++++++++++++++++++++++++++++++++++++++++++++++++++++++++++++++++++++++_    ]
[08:35:10] [Server thread/INFO] (Minecraft) [++++++++++++++++++++++++++++++++++++++++++++++++++++++++++++++++++++++++++++++++++++++++++++++++++++++++++++++++++++++++++++++++++++++++++++++++++++++++++++++++++_    ]
[08:35:10] [Server thread/INFO] (Minecraft) [++++++++++++++++++++++++++++++++++++++++++++++++++++++++++++++++++++++++++++++++++++++++++++++++++++++++++++++++++++++++++++++++++++++++++++++++++++++++++++++++++_    ]
[08:35:10] [Server thread/INFO] (Minecraft) [++++++++++++++++++++++++++++++++++++++++++++++++++++++++++++++++++++++++++++++++++++++++++++++++++++++++++++++++++++++++++++++++++++++++++++++++++++++++++++++++++_    ]
[08:35:10] [Server thread/INFO] (Minecraft) [++++++++++++++++++++++++++++++++++++++++++++++++++++++++++++++++++++++++++++++++++++++++++++++++++++++++++++++++++++++++++++++++++++++++++++++++++++++++++++++++++_    ]
[08:35:10] [Server thread/INFO] (Minecraft) [++++++++++++++++++++++++++++++++++++++++++++++++++++++++++++++++++++++++++++++++++++++++++++++++++++++++++++++++++++++++++++++++++++++++++++++++++++++++++++++++++_    ]
[08:35:10] [Server thread/INFO] (Minecraft) [++++++++++++++++++++++++++++++++++++++++++++++++++++++++++++++++++++++++++++++++++++++++++++++++++++++++++++++++++++++++++++++++++++++++++++++++++++++++++++++++++_    ]
[08:35:10] [Server thread/INFO] (Minecraft) [++++++++++++++++++++++++++++++++++++++++++++++++++++++++++++++++++++++++++++++++++++++++++++++++++++++++++++++++++++++++++++++++++++++++++++++++++++++++++++++++++_    ]
[08:35:10] [Server thread/INFO] (Minecraft) [++++++++++++++++++++++++++++++++++++++++++++++++++++++++++++++++++++++++++++++++++++++++++++++++++++++++++++++++++++++++++++++++++++++++++++++++++++++++++++++++++_    ]
[08:35:10] [Server thread/INFO] (Minecraft) [++++++++++++++++++++++++++++++++++++++++++++++++++++++++++++++++++++++++++++++++++++++++++++++++++++++++++++++++++++++++++++++++++++++++++++++++++++++++++++++++++_    ]
[08:35:10] [Server thread/INFO] (Minecraft) [++++++++++++++++++++++++++++++++++++++++++++++++++++++++++++++++++++++++++++++++++++++++++++++++++++++++++++++++++++++++++++++++++++++++++++++++++++++++++++++++++_    ]
[08:35:10] [Server thread/INFO] (Minecraft) [++++++++++++++++++++++++++++++++++++++++++++++++++++++++++++++++++++++++++++++++++++++++++++++++++++++++++++++++++++++++++++++++++++++++++++++++++++++++++++++++++_    ]
[08:35:10] [Server thread/INFO] (Minecraft) [++++++++++++++++++++++++++++++++++++++++++++++++++++++++++++++++++++++++++++++++++++++++++++++++++++++++++++++++++++++++++++++++++++++++++++++++++++++++++++++++++_    ]
[08:35:10] [Server thread/INFO] (Minecraft) [++++++++++++++++++++++++++++++++++++++++++++++++++++++++++++++++++++++++++++++++++++++++++++++++++++++++++++++++++++++++++++++++++++++++++++++++++++++++++++++++++_    ]
[08:35:10] [Server thread/INFO] (Minecraft) [++++++++++++++++++++++++++++++++++++++++++++++++++++++++++++++++++++++++++++++++++++++++++++++++++++++++++++++++++++++++++++++++++++++++++++++++++++++++++++++++++_    ]
[08:35:10] [Server thread/INFO] (Minecraft) [++++++++++++++++++++++++++++++++++++++++++++++++++++++++++++++++++++++++++++++++++++++++++++++++++++++++++++++++++++++++++++++++++++++++++++++++++++++++++++++++++_    ]
[08:35:10] [Server thread/INFO] (Minecraft) [++++++++++++++++++++++++++++++++++++++++++++++++++++++++++++++++++++++++++++++++++++++++++++++++++++++++++++++++++++++++++++++++++++++++++++++++++++++++++++++++++_    ]
[08:35:10] [Server thread/INFO] (Minecraft) [++++++++++++++++++++++++++++++++++++++++++++++++++++++++++++++++++++++++++++++++++++++++++++++++++++++++++++++++++++++++++++++++++++++++++++++++++++++++++++++++++_    ]
[08:35:10] [Server thread/INFO] (Minecraft) [++++++++++++++++++++++++++++++++++++++++++++++++++++++++++++++++++++++++++++++++++++++++++++++++++++++++++++++++++++++++++++++++++++++++++++++++++++++++++++++++++_    ]
[08:35:10] [Server thread/INFO] (Minecraft) [++++++++++++++++++++++++++++++++++++++++++++++++++++++++++++++++++++++++++++++++++++++++++++++++++++++++++++++++++++++++++++++++++++++++++++++++++++++++++++++++++_    ]
[08:35:10] [Server thread/INFO] (Minecraft) [++++++++++++++++++++++++++++++++++++++++++++++++++++++++++++++++++++++++++++++++++++++++++++++++++++++++++++++++++++++++++++++++++++++++++++++++++++++++++++++++++_    ]
[08:35:10] [Server thread/INFO] (Minecraft) [++++++++++++++++++++++++++++++++++++++++++++++++++++++++++++++++++++++++++++++++++++++++++++++++++++++++++++++++++++++++++++++++++++++++++++++++++++++++++++++++++_    ]
[08:35:10] [Server thread/INFO] (Minecraft) [++++++++++++++++++++++++++++++++++++++++++++++++++++++++++++++++++++++++++++++++++++++++++++++++++++++++++++++++++++++++++++++++++++++++++++++++++++++++++++++++++_    ]
[08:35:10] [Server thread/INFO] (Minecraft) [++++++++++++++++++++++++++++++++++++++++++++++++++++++++++++++++++++++++++++++++++++++++++++++++++++++++++++++++++++++++++++++++++++++++++++++++++++++++++++++++++_    ]
[08:35:10] [Server thread/INFO] (Minecraft) [++++++++++++++++++++++++++++++++++++++++++++++++++++++++++++++++++++++++++++++++++++++++++++++++++++++++++++++++++++++++++++++++++++++++++++++++++++++++++++++++++_    ]
[08:35:10] [Server thread/INFO] (Minecraft) [++++++++++++++++++++++++++++++++++++++++++++++++++++++++++++++++++++++++++++++++++++++++++++++++++++++++++++++++++++++++++++++++++++++++++++++++++++++++++++++++++_    ]
[08:35:10] [Server thread/INFO] (Minecraft) [++++++++++++++++++++++++++++++++++++++++++++++++++++++++++++++++++++++++++++++++++++++++++++++++++++++++++++++++++++++++++++++++++++++++++++++++++++++++++++++++++_    ]
[08:35:10] [Server thread/INFO] (Minecraft) [++++++++++++++++++++++++++++++++++++++++++++++++++++++++++++++++++++++++++++++++++++++++++++++++++++++++++++++++++++++++++++++++++++++++++++++++++++++++++++++++++_    ]
[08:35:10] [Server thread/INFO] (Minecraft) [++++++++++++++++++++++++++++++++++++++++++++++++++++++++++++++++++++++++++++++++++++++++++++++++++++++++++++++++++++++++++++++++++++++++++++++++++++++++++++++++++_    ]
[08:35:10] [Server thread/INFO] (Minecraft) [++++++++++++++++++++++++++++++++++++++++++++++++++++++++++++++++++++++++++++++++++++++++++++++++++++++++++++++++++++++++++++++++++++++++++++++++++++++++++++++++++_    ]
[08:35:10] [Server thread/INFO] (Minecraft) [++++++++++++++++++++++++++++++++++++++++++++++++++++++++++++++++++++++++++++++++++++++++++++++++++++++++++++++++++++++++++++++++++++++++++++++++++++++++++++++++++_    ]
[08:35:10] [Server thread/INFO] (Minecraft) [++++++++++++++++++++++++++++++++++++++++++++++++++++++++++++++++++++++++++++++++++++++++++++++++++++++++++++++++++++++++++++++++++++++++++++++++++++++++++++++++++_    ]
[08:35:10] [Server thread/INFO] (Minecraft) [++++++++++++++++++++++++++++++++++++++++++++++++++++++++++++++++++++++++++++++++++++++++++++++++++++++++++++++++++++++++++++++++++++++++++++++++++++++++++++++++++_    ]
[08:35:10] [Server thread/INFO] (Minecraft) [++++++++++++++++++++++++++++++++++++++++++++++++++++++++++++++++++++++++++++++++++++++++++++++++++++++++++++++++++++++++++++++++++++++++++++++++++++++++++++++++++_    ]
[08:35:10] [Server thread/INFO] (Minecraft) [++++++++++++++++++++++++++++++++++++++++++++++++++++++++++++++++++++++++++++++++++++++++++++++++++++++++++++++++++++++++++++++++++++++++++++++++++++++++++++++++++_    ]
[08:35:10] [Server thread/INFO] (Minecraft) [++++++++++++++++++++++++++++++++++++++++++++++++++++++++++++++++++++++++++++++++++++++++++++++++++++++++++++++++++++++++++++++++++++++++++++++++++++++++++++++++++_    ]
[08:35:10] [Server thread/INFO] (Minecraft) [++++++++++++++++++++++++++++++++++++++++++++++++++++++++++++++++++++++++++++++++++++++++++++++++++++++++++++++++++++++++++++++++++++++++++++++++++++++++++++++++++_    ]
[08:35:10] [Server thread/INFO] (Minecraft) [++++++++++++++++++++++++++++++++++++++++++++++++++++++++++++++++++++++++++++++++++++++++++++++++++++++++++++++++++++++++++++++++++++++++++++++++++++++++++++++++++_    ]
[08:35:10] [Server thread/INFO] (Minecraft) [++++++++++++++++++++++++++++++++++++++++++++++++++++++++++++++++++++++++++++++++++++++++++++++++++++++++++++++++++++++++++++++++++++++++++++++++++++++++++++++++++_    ]
[08:35:10] [Server thread/INFO] (Minecraft) [++++++++++++++++++++++++++++++++++++++++++++++++++++++++++++++++++++++++++++++++++++++++++++++++++++++++++++++++++++++++++++++++++++++++++++++++++++++++++++++++++_    ]
[08:35:10] [Server thread/INFO] (Minecraft) [++++++++++++++++++++++++++++++++++++++++++++++++++++++++++++++++++++++++++++++++++++++++++++++++++++++++++++++++++++++++++++++++++++++++++++++++++++++++++++++++++_    ]
[08:35:10] [Server thread/INFO] (Minecraft) [++++++++++++++++++++++++++++++++++++++++++++++++++++++++++++++++++++++++++++++++++++++++++++++++++++++++++++++++++++++++++++++++++++++++++++++++++++++++++++++++++_    ]
[08:35:10] [Server thread/INFO] (Minecraft) [++++++++++++++++++++++++++++++++++++++++++++++++++++++++++++++++++++++++++++++++++++++++++++++++++++++++++++++++++++++++++++++++++++++++++++++++++++++++++++++++++_    ]
[08:35:10] [Server thread/INFO] (Minecraft) [++++++++++++++++++++++++++++++++++++++++++++++++++++++++++++++++++++++++++++++++++++++++++++++++++++++++++++++++++++++++++++++++++++++++++++++++++++++++++++++++++_    ]
[08:35:10] [Server thread/INFO] (Minecraft) [++++++++++++++++++++++++++++++++++++++++++++++++++++++++++++++++++++++++++++++++++++++++++++++++++++++++++++++++++++++++++++++++++++++++++++++++++++++++++++++++++_    ]
[08:35:10] [Server thread/INFO] (Minecraft) [++++++++++++++++++++++++++++++++++++++++++++++++++++++++++++++++++++++++++++++++++++++++++++++++++++++++++++++++++++++++++++++++++++++++++++++++++++++++++++++++++_    ]
[08:35:10] [Server thread/INFO] (Minecraft) [++++++++++++++++++++++++++++++++++++++++++++++++++++++++++++++++++++++++++++++++++++++++++++++++++++++++++++++++++++++++++++++++++++++++++++++++++++++++++++++++++_    ]
[08:35:10] [Server thread/INFO] (Minecraft) [++++++++++++++++++++++++++++++++++++++++++++++++++++++++++++++++++++++++++++++++++++++++++++++++++++++++++++++++++++++++++++++++++++++++++++++++++++++++++++++++++_    ]
[08:35:10] [Server thread/INFO] (Minecraft) [++++++++++++++++++++++++++++++++++++++++++++++++++++++++++++++++++++++++++++++++++++++++++++++++++++++++++++++++++++++++++++++++++++++++++++++++++++++++++++++++++_    ]
[08:35:10] [Server thread/INFO] (Minecraft) [++++++++++++++++++++++++++++++++++++++++++++++++++++++++++++++++++++++++++++++++++++++++++++++++++++++++++++++++++++++++++++++++++++++++++++++++++++++++++++++++++_    ]
[08:35:10] [Server thread/INFO] (Minecraft) [++++++++++++++++++++++++++++++++++++++++++++++++++++++++++++++++++++++++++++++++++++++++++++++++++++++++++++++++++++++++++++++++++++++++++++++++++++++++++++++++++_    ]
[08:35:10] [Server thread/INFO] (Minecraft) [++++++++++++++++++++++++++++++++++++++++++++++++++++++++++++++++++++++++++++++++++++++++++++++++++++++++++++++++++++++++++++++++++++++++++++++++++++++++++++++++++_    ]
[08:35:10] [Server thread/INFO] (Minecraft) [++++++++++++++++++++++++++++++++++++++++++++++++++++++++++++++++++++++++++++++++++++++++++++++++++++++++++++++++++++++++++++++++++++++++++++++++++++++++++++++++++_    ]
[08:35:10] [Server thread/INFO] (Minecraft) [++++++++++++++++++++++++++++++++++++++++++++++++++++++++++++++++++++++++++++++++++++++++++++++++++++++++++++++++++++++++++++++++++++++++++++++++++++++++++++++++++_    ]
[08:35:10] [Server thread/INFO] (Minecraft) [++++++++++++++++++++++++++++++++++++++++++++++++++++++++++++++++++++++++++++++++++++++++++++++++++++++++++++++++++++++++++++++++++++++++++++++++++++++++++++++++++_    ]
[08:35:10] [Server thread/INFO] (Minecraft) [++++++++++++++++++++++++++++++++++++++++++++++++++++++++++++++++++++++++++++++++++++++++++++++++++++++++++++++++++++++++++++++++++++++++++++++++++++++++++++++++++_    ]
[08:35:10] [Server thread/INFO] (Minecraft) [++++++++++++++++++++++++++++++++++++++++++++++++++++++++++++++++++++++++++++++++++++++++++++++++++++++++++++++++++++++++++++++++++++++++++++++++++++++++++++++++++_    ]
[08:35:10] [Server thread/INFO] (Minecraft) [++++++++++++++++++++++++++++++++++++++++++++++++++++++++++++++++++++++++++++++++++++++++++++++++++++++++++++++++++++++++++++++++++++++++++++++++++++++++++++++++++_    ]
[08:35:10] [Server thread/INFO] (Minecraft) [++++++++++++++++++++++++++++++++++++++++++++++++++++++++++++++++++++++++++++++++++++++++++++++++++++++++++++++++++++++++++++++++++++++++++++++++++++++++++++++++++_    ]
[08:35:10] [Server thread/INFO] (Minecraft) [++++++++++++++++++++++++++++++++++++++++++++++++++++++++++++++++++++++++++++++++++++++++++++++++++++++++++++++++++++++++++++++++++++++++++++++++++++++++++++++++++_    ]
[08:35:10] [Server thread/INFO] (Minecraft) [++++++++++++++++++++++++++++++++++++++++++++++++++++++++++++++++++++++++++++++++++++++++++++++++++++++++++++++++++++++++++++++++++++++++++++++++++++++++++++++++++_    ]
[08:35:10] [Server thread/INFO] (Minecraft) [++++++++++++++++++++++++++++++++++++++++++++++++++++++++++++++++++++++++++++++++++++++++++++++++++++++++++++++++++++++++++++++++++++++++++++++++++++++++++++++++++_    ]
[08:35:10] [Server thread/INFO] (Minecraft) [++++++++++++++++++++++++++++++++++++++++++++++++++++++++++++++++++++++++++++++++++++++++++++++++++++++++++++++++++++++++++++++++++++++++++++++++++++++++++++++++++_    ]
[08:35:10] [Server thread/INFO] (Minecraft) [++++++++++++++++++++++++++++++++++++++++++++++++++++++++++++++++++++++++++++++++++++++++++++++++++++++++++++++++++++++++++++++++++++++++++++++++++++++++++++++++++_    ]
[08:35:10] [Server thread/INFO] (Minecraft) [++++++++++++++++++++++++++++++++++++++++++++++++++++++++++++++++++++++++++++++++++++++++++++++++++++++++++++++++++++++++++++++++++++++++++++++++++++++++++++++++++_    ]
[08:35:10] [Server thread/INFO] (Minecraft) [++++++++++++++++++++++++++++++++++++++++++++++++++++++++++++++++++++++++++++++++++++++++++++++++++++++++++++++++++++++++++++++++++++++++++++++++++++++++++++++++++_    ]
[08:35:10] [Server thread/INFO] (Minecraft) [++++++++++++++++++++++++++++++++++++++++++++++++++++++++++++++++++++++++++++++++++++++++++++++++++++++++++++++++++++++++++++++++++++++++++++++++++++++++++++++++++_    ]
[08:35:10] [Server thread/INFO] (Minecraft) [++++++++++++++++++++++++++++++++++++++++++++++++++++++++++++++++++++++++++++++++++++++++++++++++++++++++++++++++++++++++++++++++++++++++++++++++++++++++++++++++++_    ]
[08:35:10] [Server thread/INFO] (Minecraft) [++++++++++++++++++++++++++++++++++++++++++++++++++++++++++++++++++++++++++++++++++++++++++++++++++++++++++++++++++++++++++++++++++++++++++++++++++++++++++++++++++_    ]
[08:35:10] [Server thread/INFO] (Minecraft) [++++++++++++++++++++++++++++++++++++++++++++++++++++++++++++++++++++++++++++++++++++++++++++++++++++++++++++++++++++++++++++++++++++++++++++++++++++++++++++++++++_    ]
[08:35:10] [Server thread/INFO] (Minecraft) [++++++++++++++++++++++++++++++++++++++++++++++++++++++++++++++++++++++++++++++++++++++++++++++++++++++++++++++++++++++++++++++++++++++++++++++++++++++++++++++++++_    ]
[08:35:10] [Server thread/INFO] (Minecraft) [++++++++++++++++++++++++++++++++++++++++++++++++++++++++++++++++++++++++++++++++++++++++++++++++++++++++++++++++++++++++++++++++++++++++++++++++++++++++++++++++++_    ]
[08:35:10] [Server thread/INFO] (Minecraft) [++++++++++++++++++++++++++++++++++++++++++++++++++++++++++++++++++++++++++++++++++++++++++++++++++++++++++++++++++++++++++++++++++++++++++++++++++++++++++++++++++_    ]
[08:35:10] [Server thread/INFO] (Minecraft) [++++++++++++++++++++++++++++++++++++++++++++++++++++++++++++++++++++++++++++++++++++++++++++++++++++++++++++++++++++++++++++++++++++++++++++++++++++++++++++++++++_    ]
[08:35:10] [Server thread/INFO] (Minecraft) [++++++++++++++++++++++++++++++++++++++++++++++++++++++++++++++++++++++++++++++++++++++++++++++++++++++++++++++++++++++++++++++++++++++++++++++++++++++++++++++++++_    ]
[08:35:10] [Server thread/INFO] (Minecraft) [++++++++++++++++++++++++++++++++++++++++++++++++++++++++++++++++++++++++++++++++++++++++++++++++++++++++++++++++++++++++++++++++++++++++++++++++++++++++++++++++++_    ]
[08:35:10] [Server thread/INFO] (Minecraft) [++++++++++++++++++++++++++++++++++++++++++++++++++++++++++++++++++++++++++++++++++++++++++++++++++++++++++++++++++++++++++++++++++++++++++++++++++++++++++++++++++_    ]
[08:35:10] [Server thread/INFO] (Minecraft) [++++++++++++++++++++++++++++++++++++++++++++++++++++++++++++++++++++++++++++++++++++++++++++++++++++++++++++++++++++++++++++++++++++++++++++++++++++++++++++++++++_    ]
[08:35:10] [Server thread/INFO] (Minecraft) [++++++++++++++++++++++++++++++++++++++++++++++++++++++++++++++++++++++++++++++++++++++++++++++++++++++++++++++++++++++++++++++++++++++++++++++++++++++++++++++++++_    ]
[08:35:10] [Server thread/INFO] (Minecraft) [++++++++++++++++++++++++++++++++++++++++++++++++++++++++++++++++++++++++++++++++++++++++++++++++++++++++++++++++++++++++++++++++++++++++++++++++++++++++++++++++++_    ]
[08:35:10] [Server thread/INFO] (Minecraft) [++++++++++++++++++++++++++++++++++++++++++++++++++++++++++++++++++++++++++++++++++++++++++++++++++++++++++++++++++++++++++++++++++++++++++++++++++++++++++++++++++_    ]
[08:35:10] [Server thread/INFO] (Minecraft) [++++++++++++++++++++++++++++++++++++++++++++++++++++++++++++++++++++++++++++++++++++++++++++++++++++++++++++++++++++++++++++++++++++++++++++++++++++++++++++++++++_    ]
[08:35:10] [Server thread/INFO] (Minecraft) [++++++++++++++++++++++++++++++++++++++++++++++++++++++++++++++++++++++++++++++++++++++++++++++++++++++++++++++++++++++++++++++++++++++++++++++++++++++++++++++++++_    ]
[08:35:10] [Server thread/INFO] (Minecraft) [++++++++++++++++++++++++++++++++++++++++++++++++++++++++++++++++++++++++++++++++++++++++++++++++++++++++++++++++++++++++++++++++++++++++++++++++++++++++++++++++++_    ]
[08:35:10] [Server thread/INFO] (Minecraft) [++++++++++++++++++++++++++++++++++++++++++++++++++++++++++++++++++++++++++++++++++++++++++++++++++++++++++++++++++++++++++++++++++++++++++++++++++++++++++++++++++_    ]
[08:35:10] [Server thread/INFO] (Minecraft) [++++++++++++++++++++++++++++++++++++++++++++++++++++++++++++++++++++++++++++++++++++++++++++++++++++++++++++++++++++++++++++++++++++++++++++++++++++++++++++++++++_    ]
[08:35:10] [Server thread/INFO] (Minecraft) [++++++++++++++++++++++++++++++++++++++++++++++++++++++++++++++++++++++++++++++++++++++++++++++++++++++++++++++++++++++++++++++++++++++++++++++++++++++++++++++++++_    ]
[08:35:10] [Server thread/INFO] (Minecraft) [++++++++++++++++++++++++++++++++++++++++++++++++++++++++++++++++++++++++++++++++++++++++++++++++++++++++++++++++++++++++++++++++++++++++++++++++++++++++++++++++++_    ]
[08:35:10] [Server thread/INFO] (Minecraft) [++++++++++++++++++++++++++++++++++++++++++++++++++++++++++++++++++++++++++++++++++++++++++++++++++++++++++++++++++++++++++++++++++++++++++++++++++++++++++++++++++_    ]
[08:35:10] [Server thread/INFO] (Minecraft) [++++++++++++++++++++++++++++++++++++++++++++++++++++++++++++++++++++++++++++++++++++++++++++++++++++++++++++++++++++++++++++++++++++++++++++++++++++++++++++++++++_    ]
[08:35:10] [Server thread/INFO] (Minecraft) [++++++++++++++++++++++++++++++++++++++++++++++++++++++++++++++++++++++++++++++++++++++++++++++++++++++++++++++++++++++++++++++++++++++++++++++++++++++++++++++++++_    ]
[08:35:10] [Server thread/INFO] (Minecraft) [++++++++++++++++++++++++++++++++++++++++++++++++++++++++++++++++++++++++++++++++++++++++++++++++++++++++++++++++++++++++++++++++++++++++++++++++++++++++++++++++++_    ]
[08:35:10] [Server thread/INFO] (Minecraft) [++++++++++++++++++++++++++++++++++++++++++++++++++++++++++++++++++++++++++++++++++++++++++++++++++++++++++++++++++++++++++++++++++++++++++++++++++++++++++++++++++_    ]
[08:35:10] [Server thread/INFO] (Minecraft) [++++++++++++++++++++++++++++++++++++++++++++++++++++++++++++++++++++++++++++++++++++++++++++++++++++++++++++++++++++++++++++++++++++++++++++++++++++++++++++++++++_    ]
[08:35:10] [Server thread/INFO] (Minecraft) [++++++++++++++++++++++++++++++++++++++++++++++++++++++++++++++++++++++++++++++++++++++++++++++++++++++++++++++++++++++++++++++++++++++++++++++++++++++++++++++++++_    ]
[08:35:10] [Server thread/INFO] (Minecraft) [++++++++++++++++++++++++++++++++++++++++++++++++++++++++++++++++++++++++++++++++++++++++++++++++++++++++++++++++++++++++++++++++++++++++++++++++++++++++++++++++++_    ]
[08:35:10] [Server thread/INFO] (Minecraft) [++++++++++++++++++++++++++++++++++++++++++++++++++++++++++++++++++++++++++++++++++++++++++++++++++++++++++++++++++++++++++++++++++++++++++++++++++++++++++++++++++_    ]
[08:35:10] [Server thread/INFO] (Minecraft) [++++++++++++++++++++++++++++++++++++++++++++++++++++++++++++++++++++++++++++++++++++++++++++++++++++++++++++++++++++++++++++++++++++++++++++++++++++++++++++++++++_    ]
[08:35:10] [Server thread/INFO] (Minecraft) [++++++++++++++++++++++++++++++++++++++++++++++++++++++++++++++++++++++++++++++++++++++++++++++++++++++++++++++++++++++++++++++++++++++++++++++++++++++++++++++++++_    ]
[08:35:10] [Server thread/INFO] (Minecraft) [++++++++++++++++++++++++++++++++++++++++++++++++++++++++++++++++++++++++++++++++++++++++++++++++++++++++++++++++++++++++++++++++++++++++++++++++++++++++++++++++++_    ]
[08:35:10] [Server thread/INFO] (Minecraft) [++++++++++++++++++++++++++++++++++++++++++++++++++++++++++++++++++++++++++++++++++++++++++++++++++++++++++++++++++++++++++++++++++++++++++++++++++++++++++++++++++_    ]
[08:35:10] [Server thread/INFO] (Minecraft) [++++++++++++++++++++++++++++++++++++++++++++++++++++++++++++++++++++++++++++++++++++++++++++++++++++++++++++++++++++++++++++++++++++++++++++++++++++++++++++++++++_    ]
[08:35:10] [Server thread/INFO] (Minecraft) [++++++++++++++++++++++++++++++++++++++++++++++++++++++++++++++++++++++++++++++++++++++++++++++++++++++++++++++++++++++++++++++++++++++++++++++++++++++++++++++++++_    ]
[08:35:10] [Server thread/INFO] (Minecraft) [++++++++++++++++++++++++++++++++++++++++++++++++++++++++++++++++++++++++++++++++++++++++++++++++++++++++++++++++++++++++++++++++++++++++++++++++++++++++++++++++++_    ]
[08:35:10] [Server thread/INFO] (Minecraft) [++++++++++++++++++++++++++++++++++++++++++++++++++++++++++++++++++++++++++++++++++++++++++++++++++++++++++++++++++++++++++++++++++++++++++++++++++++++++++++++++++_    ]
[08:35:10] [Server thread/INFO] (Minecraft) [++++++++++++++++++++++++++++++++++++++++++++++++++++++++++++++++++++++++++++++++++++++++++++++++++++++++++++++++++++++++++++++++++++++++++++++++++++++++++++++++++_    ]
[08:35:10] [Server thread/INFO] (Minecraft) [++++++++++++++++++++++++++++++++++++++++++++++++++++++++++++++++++++++++++++++++++++++++++++++++++++++++++++++++++++++++++++++++++++++++++++++++++++++++++++++++++_    ]
[08:35:10] [Server thread/INFO] (Minecraft) [++++++++++++++++++++++++++++++++++++++++++++++++++++++++++++++++++++++++++++++++++++++++++++++++++++++++++++++++++++++++++++++++++++++++++++++++++++++++++++++++++_    ]
[08:35:10] [Server thread/INFO] (Minecraft) [++++++++++++++++++++++++++++++++++++++++++++++++++++++++++++++++++++++++++++++++++++++++++++++++++++++++++++++++++++++++++++++++++++++++++++++++++++++++++++++++++_    ]
[08:35:10] [Server thread/INFO] (Minecraft) [++++++++++++++++++++++++++++++++++++++++++++++++++++++++++++++++++++++++++++++++++++++++++++++++++++++++++++++++++++++++++++++++++++++++++++++++++++++++++++++++++_    ]
[08:35:10] [Server thread/INFO] (Minecraft) [++++++++++++++++++++++++++++++++++++++++++++++++++++++++++++++++++++++++++++++++++++++++++++++++++++++++++++++++++++++++++++++++++++++++++++++++++++++++++++++++++_    ]
[08:35:10] [Server thread/INFO] (Minecraft) [++++++++++++++++++++++++++++++++++++++++++++++++++++++++++++++++++++++++++++++++++++++++++++++++++++++++++++++++++++++++++++++++++++++++++++++++++++++++++++++++++_    ]
[08:35:10] [Server thread/INFO] (Minecraft) [++++++++++++++++++++++++++++++++++++++++++++++++++++++++++++++++++++++++++++++++++++++++++++++++++++++++++++++++++++++++++++++++++++++++++++++++++++++++++++++++++_    ]
[08:35:10] [Server thread/INFO] (Minecraft) [++++++++++++++++++++++++++++++++++++++++++++++++++++++++++++++++++++++++++++++++++++++++++++++++++++++++++++++++++++++++++++++++++++++++++++++++++++++++++++++++++_    ]
[08:35:10] [Server thread/INFO] (Minecraft) [++++++++++++++++++++++++++++++++++++++++++++++++++++++++++++++++++++++++++++++++++++++++++++++++++++++++++++++++++++++++++++++++++++++++++++++++++++++++++++++++++_    ]
[08:35:10] [Server thread/INFO] (Minecraft) [++++++++++++++++++++++++++++++++++++++++++++++++++++++++++++++++++++++++++++++++++++++++++++++++++++++++++++++++++++++++++++++++++++++++++++++++++++++++++++++++++_    ]
[08:35:10] [Server thread/INFO] (Minecraft) [++++++++++++++++++++++++++++++++++++++++++++++++++++++++++++++++++++++++++++++++++++++++++++++++++++++++++++++++++++++++++++++++++++++++++++++++++++++++++++++++++_    ]
[08:35:10] [Server thread/INFO] (Minecraft) [++++++++++++++++++++++++++++++++++++++++++++++++++++++++++++++++++++++++++++++++++++++++++++++++++++++++++++++++++++++++++++++++++++++++++++++++++++++++++++++++++_    ]
[08:35:10] [Server thread/INFO] (Minecraft) [++++++++++++++++++++++++++++++++++++++++++++++++++++++++++++++++++++++++++++++++++++++++++++++++++++++++++++++++++++++++++++++++++++++++++++++++++++++++++++++++++_    ]
[08:35:10] [Server thread/INFO] (Minecraft) [++++++++++++++++++++++++++++++++++++++++++++++++++++++++++++++++++++++++++++++++++++++++++++++++++++++++++++++++++++++++++++++++++++++++++++++++++++++++++++++++++_    ]
[08:35:10] [Server thread/INFO] (Minecraft) [++++++++++++++++++++++++++++++++++++++++++++++++++++++++++++++++++++++++++++++++++++++++++++++++++++++++++++++++++++++++++++++++++++++++++++++++++++++++++++++++++_    ]
[08:35:10] [Server thread/INFO] (Minecraft) [++++++++++++++++++++++++++++++++++++++++++++++++++++++++++++++++++++++++++++++++++++++++++++++++++++++++++++++++++++++++++++++++++++++++++++++++++++++++++++++++++_    ]
[08:35:10] [Server thread/INFO] (Minecraft) [++++++++++++++++++++++++++++++++++++++++++++++++++++++++++++++++++++++++++++++++++++++++++++++++++++++++++++++++++++++++++++++++++++++++++++++++++++++++++++++++++_    ]
[08:35:10] [Server thread/INFO] (Minecraft) [++++++++++++++++++++++++++++++++++++++++++++++++++++++++++++++++++++++++++++++++++++++++++++++++++++++++++++++++++++++++++++++++++++++++++++++++++++++++++++++++++_    ]
[08:35:10] [Server thread/INFO] (Minecraft) [++++++++++++++++++++++++++++++++++++++++++++++++++++++++++++++++++++++++++++++++++++++++++++++++++++++++++++++++++++++++++++++++++++++++++++++++++++++++++++++++++_    ]
[08:35:10] [Server thread/INFO] (Minecraft) [++++++++++++++++++++++++++++++++++++++++++++++++++++++++++++++++++++++++++++++++++++++++++++++++++++++++++++++++++++++++++++++++++++++++++++++++++++++++++++++++++_    ]
[08:35:10] [Server thread/INFO] (Minecraft) [++++++++++++++++++++++++++++++++++++++++++++++++++++++++++++++++++++++++++++++++++++++++++++++++++++++++++++++++++++++++++++++++++++++++++++++++++++++++++++++++++_    ]
[08:35:10] [Server thread/INFO] (Minecraft) [++++++++++++++++++++++++++++++++++++++++++++++++++++++++++++++++++++++++++++++++++++++++++++++++++++++++++++++++++++++++++++++++++++++++++++++++++++++++++++++++++_    ]
[08:35:10] [Server thread/INFO] (Minecraft) [++++++++++++++++++++++++++++++++++++++++++++++++++++++++++++++++++++++++++++++++++++++++++++++++++++++++++++++++++++++++++++++++++++++++++++++++++++++++++++++++++_    ]
[08:35:10] [Server thread/INFO] (Minecraft) [++++++++++++++++++++++++++++++++++++++++++++++++++++++++++++++++++++++++++++++++++++++++++++++++++++++++++++++++++++++++++++++++++++++++++++++++++++++++++++++++++_    ]
[08:35:10] [Server thread/INFO] (Minecraft) [++++++++++++++++++++++++++++++++++++++++++++++++++++++++++++++++++++++++++++++++++++++++++++++++++++++++++++++++++++++++++++++++++++++++++++++++++++++++++++++++++_    ]
[08:35:10] [Server thread/INFO] (Minecraft) [++++++++++++++++++++++++++++++++++++++++++++++++++++++++++++++++++++++++++++++++++++++++++++++++++++++++++++++++++++++++++++++++++++++++++++++++++++++++++++++++++_    ]
[08:35:10] [Server thread/INFO] (Minecraft) [++++++++++++++++++++++++++++++++++++++++++++++++++++++++++++++++++++++++++++++++++++++++++++++++++++++++++++++++++++++++++++++++++++++++++++++++++++++++++++++++++_    ]
[08:35:10] [Server thread/INFO] (Minecraft) [++++++++++++++++++++++++++++++++++++++++++++++++++++++++++++++++++++++++++++++++++++++++++++++++++++++++++++++++++++++++++++++++++++++++++++++++++++++++++++++++++_    ]
[08:35:10] [Server thread/INFO] (Minecraft) [++++++++++++++++++++++++++++++++++++++++++++++++++++++++++++++++++++++++++++++++++++++++++++++++++++++++++++++++++++++++++++++++++++++++++++++++++++++++++++++++++_    ]
[08:35:10] [Server thread/INFO] (Minecraft) [++++++++++++++++++++++++++++++++++++++++++++++++++++++++++++++++++++++++++++++++++++++++++++++++++++++++++++++++++++++++++++++++++++++++++++++++++++++++++++++++++_    ]
[08:35:10] [Server thread/INFO] (Minecraft) [++++++++++++++++++++++++++++++++++++++++++++++++++++++++++++++++++++++++++++++++++++++++++++++++++++++++++++++++++++++++++++++++++++++++++++++++++++++++++++++++++_    ]
[08:35:10] [Server thread/INFO] (Minecraft) [++++++++++++++++++++++++++++++++++++++++++++++++++++++++++++++++++++++++++++++++++++++++++++++++++++++++++++++++++++++++++++++++++++++++++++++++++++++++++++++++++_    ]
[08:35:10] [Server thread/INFO] (Minecraft) [++++++++++++++++++++++++++++++++++++++++++++++++++++++++++++++++++++++++++++++++++++++++++++++++++++++++++++++++++++++++++++++++++++++++++++++++++++++++++++++++++_    ]
[08:35:10] [Server thread/INFO] (Minecraft) [++++++++++++++++++++++++++++++++++++++++++++++++++++++++++++++++++++++++++++++++++++++++++++++++++++++++++++++++++++++++++++++++++++++++++++++++++++++++++++++++++_    ]
[08:35:10] [Server thread/INFO] (Minecraft) [++++++++++++++++++++++++++++++++++++++++++++++++++++++++++++++++++++++++++++++++++++++++++++++++++++++++++++++++++++++++++++++++++++++++++++++++++++++++++++++++++_    ]
[08:35:10] [Server thread/INFO] (Minecraft) [++++++++++++++++++++++++++++++++++++++++++++++++++++++++++++++++++++++++++++++++++++++++++++++++++++++++++++++++++++++++++++++++++++++++++++++++++++++++++++++++++_    ]
[08:35:10] [Server thread/INFO] (Minecraft) [++++++++++++++++++++++++++++++++++++++++++++++++++++++++++++++++++++++++++++++++++++++++++++++++++++++++++++++++++++++++++++++++++++++++++++++++++++++++++++++++++_    ]
[08:35:10] [Server thread/INFO] (Minecraft) [++++++++++++++++++++++++++++++++++++++++++++++++++++++++++++++++++++++++++++++++++++++++++++++++++++++++++++++++++++++++++++++++++++++++++++++++++++++++++++++++++_    ]
[08:35:10] [Server thread/INFO] (Minecraft) [++++++++++++++++++++++++++++++++++++++++++++++++++++++++++++++++++++++++++++++++++++++++++++++++++++++++++++++++++++++++++++++++++++++++++++++++++++++++++++++++++_    ]
[08:35:10] [Server thread/INFO] (Minecraft) [++++++++++++++++++++++++++++++++++++++++++++++++++++++++++++++++++++++++++++++++++++++++++++++++++++++++++++++++++++++++++++++++++++++++++++++++++++++++++++++++++_    ]
[08:35:10] [Server thread/INFO] (Minecraft) [++++++++++++++++++++++++++++++++++++++++++++++++++++++++++++++++++++++++++++++++++++++++++++++++++++++++++++++++++++++++++++++++++++++++++++++++++++++++++++++++++_    ]
[08:35:10] [Server thread/INFO] (Minecraft) [++++++++++++++++++++++++++++++++++++++++++++++++++++++++++++++++++++++++++++++++++++++++++++++++++++++++++++++++++++++++++++++++++++++++++++++++++++++++++++++++++_    ]
[08:35:10] [Server thread/INFO] (Minecraft) [++++++++++++++++++++++++++++++++++++++++++++++++++++++++++++++++++++++++++++++++++++++++++++++++++++++++++++++++++++++++++++++++++++++++++++++++++++++++++++++++++_    ]
[08:35:10] [Server thread/INFO] (Minecraft) [++++++++++++++++++++++++++++++++++++++++++++++++++++++++++++++++++++++++++++++++++++++++++++++++++++++++++++++++++++++++++++++++++++++++++++++++++++++++++++++++++_    ]
[08:35:10] [Server thread/INFO] (Minecraft) [++++++++++++++++++++++++++++++++++++++++++++++++++++++++++++++++++++++++++++++++++++++++++++++++++++++++++++++++++++++++++++++++++++++++++++++++++++++++++++++++++_    ]
[08:35:10] [Server thread/INFO] (Minecraft) [++++++++++++++++++++++++++++++++++++++++++++++++++++++++++++++++++++++++++++++++++++++++++++++++++++++++++++++++++++++++++++++++++++++++++++++++++++++++++++++++++_    ]
[08:35:10] [Server thread/INFO] (Minecraft) [++++++++++++++++++++++++++++++++++++++++++++++++++++++++++++++++++++++++++++++++++++++++++++++++++++++++++++++++++++++++++++++++++++++++++++++++++++++++++++++++++_    ]
[08:35:10] [Server thread/INFO] (Minecraft) [++++++++++++++++++++++++++++++++++++++++++++++++++++++++++++++++++++++++++++++++++++++++++++++++++++++++++++++++++++++++++++++++++++++++++++++++++++++++++++++++++_    ]
[08:35:10] [Server thread/INFO] (Minecraft) [++++++++++++++++++++++++++++++++++++++++++++++++++++++++++++++++++++++++++++++++++++++++++++++++++++++++++++++++++++++++++++++++++++++++++++++++++++++++++++++++++_    ]
[08:35:10] [Server thread/INFO] (Minecraft) [++++++++++++++++++++++++++++++++++++++++++++++++++++++++++++++++++++++++++++++++++++++++++++++++++++++++++++++++++++++++++++++++++++++++++++++++++++++++++++++++++_    ]
[08:35:10] [Server thread/INFO] (Minecraft) [++++++++++++++++++++++++++++++++++++++++++++++++++++++++++++++++++++++++++++++++++++++++++++++++++++++++++++++++++++++++++++++++++++++++++++++++++++++++++++++++++_    ]
[08:35:10] [Server thread/INFO] (Minecraft) [++++++++++++++++++++++++++++++++++++++++++++++++++++++++++++++++++++++++++++++++++++++++++++++++++++++++++++++++++++++++++++++++++++++++++++++++++++++++++++++++++_    ]
[08:35:10] [Server thread/INFO] (Minecraft) [++++++++++++++++++++++++++++++++++++++++++++++++++++++++++++++++++++++++++++++++++++++++++++++++++++++++++++++++++++++++++++++++++++++++++++++++++++++++++++++++++_    ]
[08:35:10] [Server thread/INFO] (Minecraft) [++++++++++++++++++++++++++++++++++++++++++++++++++++++++++++++++++++++++++++++++++++++++++++++++++++++++++++++++++++++++++++++++++++++++++++++++++++++++++++++++++_    ]
[08:35:10] [Server thread/INFO] (Minecraft) [++++++++++++++++++++++++++++++++++++++++++++++++++++++++++++++++++++++++++++++++++++++++++++++++++++++++++++++++++++++++++++++++++++++++++++++++++++++++++++++++++_    ]
[08:35:10] [Server thread/INFO] (Minecraft) [++++++++++++++++++++++++++++++++++++++++++++++++++++++++++++++++++++++++++++++++++++++++++++++++++++++++++++++++++++++++++++++++++++++++++++++++++++++++++++++++++_    ]
[08:35:10] [Server thread/INFO] (Minecraft) [++++++++++++++++++++++++++++++++++++++++++++++++++++++++++++++++++++++++++++++++++++++++++++++++++++++++++++++++++++++++++++++++++++++++++++++++++++++++++++++++++_    ]
[08:35:10] [Server thread/INFO] (Minecraft) [++++++++++++++++++++++++++++++++++++++++++++++++++++++++++++++++++++++++++++++++++++++++++++++++++++++++++++++++++++++++++++++++++++++++++++++++++++++++++++++++++_    ]
[08:35:10] [Server thread/INFO] (Minecraft) [++++++++++++++++++++++++++++++++++++++++++++++++++++++++++++++++++++++++++++++++++++++++++++++++++++++++++++++++++++++++++++++++++++++++++++++++++++++++++++++++++_    ]
[08:35:10] [Server thread/INFO] (Minecraft) [++++++++++++++++++++++++++++++++++++++++++++++++++++++++++++++++++++++++++++++++++++++++++++++++++++++++++++++++++++++++++++++++++++++++++++++++++++++++++++++++++_    ]
[08:35:10] [Server thread/INFO] (Minecraft) [++++++++++++++++++++++++++++++++++++++++++++++++++++++++++++++++++++++++++++++++++++++++++++++++++++++++++++++++++++++++++++++++++++++++++++++++++++++++++++++++++_    ]
[08:35:10] [Server thread/INFO] (Minecraft) [++++++++++++++++++++++++++++++++++++++++++++++++++++++++++++++++++++++++++++++++++++++++++++++++++++++++++++++++++++++++++++++++++++++++++++++++++++++++++++++++++_    ]
[08:35:10] [Server thread/INFO] (Minecraft) [++++++++++++++++++++++++++++++++++++++++++++++++++++++++++++++++++++++++++++++++++++++++++++++++++++++++++++++++++++++++++++++++++++++++++++++++++++++++++++++++++_    ]
[08:35:10] [Server thread/INFO] (Minecraft) [++++++++++++++++++++++++++++++++++++++++++++++++++++++++++++++++++++++++++++++++++++++++++++++++++++++++++++++++++++++++++++++++++++++++++++++++++++++++++++++++++_    ]
[08:35:10] [Server thread/INFO] (Minecraft) [++++++++++++++++++++++++++++++++++++++++++++++++++++++++++++++++++++++++++++++++++++++++++++++++++++++++++++++++++++++++++++++++++++++++++++++++++++++++++++++++++_    ]
[08:35:10] [Server thread/INFO] (Minecraft) [++++++++++++++++++++++++++++++++++++++++++++++++++++++++++++++++++++++++++++++++++++++++++++++++++++++++++++++++++++++++++++++++++++++++++++++++++++++++++++++++++_    ]
[08:35:10] [Server thread/INFO] (Minecraft) [++++++++++++++++++++++++++++++++++++++++++++++++++++++++++++++++++++++++++++++++++++++++++++++++++++++++++++++++++++++++++++++++++++++++++++++++++++++++++++++++++_    ]
[08:35:10] [Server thread/INFO] (Minecraft) [++++++++++++++++++++++++++++++++++++++++++++++++++++++++++++++++++++++++++++++++++++++++++++++++++++++++++++++++++++++++++++++++++++++++++++++++++++++++++++++++++_    ]
[08:35:10] [Server thread/INFO] (Minecraft) [++++++++++++++++++++++++++++++++++++++++++++++++++++++++++++++++++++++++++++++++++++++++++++++++++++++++++++++++++++++++++++++++++++++++++++++++++++++++++++++++++_    ]
[08:35:11] [Server thread/INFO] (Minecraft) Running test environment 'powers:temporal_world_managers_isolated' batch 0 (1 tests)...
[08:35:11] [Server thread/INFO] (Minecraft) test-mock-player[embedded] logged in with entity id 3292 at (0.0, 0.0, 0.0)
[08:35:11] [Server thread/INFO] (Minecraft) [Dormant] test-mock-player joined the game
[08:35:11] [Server thread/INFO] (powers) powers_operator_audit action=catastrophic_ritual result=success actor=test-mock-player subject=world detail=begin
[08:35:11] [Server thread/INFO] (powers) powers_operator_audit action=catastrophic_ritual result=success actor=test-mock-player subject=world detail=begin
[08:35:11] [Server thread/INFO] (Minecraft) [STDOUT]: INT008_TEMPORAL {"schemaVersion":2,"implementationSha":"0000000000000000000000000000000000000000","case":"world-managers-paused","result":"PASS","controlTicks":0,"worldTicks":0,"facts":{"celestialPaused":true,"channelsPaused":true,"energyMutated":false,"externalFreeze":true,"fieldsPaused":true,"heraldCadencePaused":true,"ownedFreeze":true,"realmPaused":true,"worldAdvanced":false}}
[08:35:11] [Server thread/INFO] (Minecraft) Running test environment 'powers:temporal_supersession_isolated' batch 0 (1 tests)...
[08:35:11] [Server thread/INFO] (Minecraft) test-mock-player[embedded] logged in with entity id 3294 at (0.0, 0.0, 0.0)
[08:35:11] [Server thread/INFO] (Minecraft) [Dormant] test-mock-player joined the game
[08:35:11] [Server thread/INFO] (Minecraft) [STDOUT]: INT008_TEMPORAL {"schemaVersion":2,"implementationSha":"0000000000000000000000000000000000000000","case":"external-supersession","result":"PASS","controlTicks":0,"worldTicks":0,"facts":{"leaseActive":false,"superseded":true,"vanillaFrozen":true}}
[08:35:11] [Server thread/INFO] (Minecraft) Running test environment 'powers:temporal_void_scar_isolated' batch 0 (1 tests)...
[08:35:11] [Server thread/INFO] (Minecraft) [+++++++++++++++++++++++++++++++++++++++++++++++++++++++++++++++++++++++++++++++++++++++++++++++++++++++++++++++++++++++++++++++++++++++++++++++++++++++++++++++++++++  ]
[08:35:11] [Server thread/INFO] (Minecraft) test-mock-player[embedded] logged in with entity id 3297 at (0.0, 0.0, 0.0)
[08:35:11] [Server thread/INFO] (Minecraft) [Dormant] test-mock-player joined the game
[08:35:11] [Server thread/INFO] (Minecraft) Running test environment 'powers:ritual_isolated' batch 0 (1 tests)...
[08:35:11] [Server thread/INFO] (Minecraft) test-mock-player[embedded] logged in with entity id 3298 at (0.0, 0.0, 0.0)
[08:35:11] [Server thread/INFO] (Minecraft) [Dormant] test-mock-player joined the game
[08:35:11] [Server thread/INFO] (Minecraft) [++++++++++++++++++++++++++++++++++++++++++++++++++++++++++++++++++++++++++++++++++++++++++++++++++++++++++++++++++++++++++++++++++++++++++++++++++++++++++++++++++++++_]
[08:35:11] [Server thread/INFO] (Minecraft) [++++++++++++++++++++++++++++++++++++++++++++++++++++++++++++++++++++++++++++++++++++++++++++++++++++++++++++++++++++++++++++++++++++++++++++++++++++++++++++++++++++++_]
[08:35:11] [Server thread/INFO] (Minecraft) [+++++++++++++++++++++++++++++++++++++++++++++++++++++++++++++++++++++++++++++++++++++++++++++++++++++++++++++++++++++++++++++++++++++++++++++++++++++++++++++++++++++++]
[08:35:11] [Server thread/INFO] (Minecraft) ========= 167 GAME TESTS COMPLETE IN 53.63 s ======================
[08:35:11] [Server thread/INFO] (Minecraft) All 167 required tests passed :)
[08:35:11] [Server thread/INFO] (Minecraft) ====================================================
[08:35:11] [Server thread/INFO] (Minecraft) Stopping server
[08:35:11] [Server thread/INFO] (Minecraft) Saving players
[08:35:11] [Server thread/INFO] (Minecraft) test-mock-player lost connection: Server closed
[08:35:11] [Server thread/INFO] (Minecraft) [Dormant] test-mock-player left the game
[08:35:11] [Server thread/INFO] (Minecraft) test-mock-player lost connection: Server closed
[08:35:11] [Server thread/INFO] (Minecraft) [Dormant] test-mock-player left the game
[08:35:11] [Server thread/INFO] (Minecraft) test-mock-player lost connection: Server closed
[08:35:11] [Server thread/INFO] (Minecraft) [Dormant] test-mock-player left the game
[08:35:11] [Server thread/INFO] (Minecraft) test-mock-player lost connection: Server closed
[08:35:11] [Server thread/INFO] (Minecraft) [Unmarked] test-mock-player left the game
[08:35:11] [Server thread/INFO] (Minecraft) test-mock-player lost connection: Server closed
[08:35:11] [Server thread/INFO] (Minecraft) [Dormant] test-mock-player left the game
[08:35:11] [Server thread/INFO] (Minecraft) test-mock-player lost connection: Server closed
[08:35:11] [Server thread/INFO] (Minecraft) [Dormant] test-mock-player left the game
[08:35:11] [Server thread/INFO] (Minecraft) test-mock-player lost connection: Server closed
[08:35:11] [Server thread/INFO] (Minecraft) [Dormant] test-mock-player left the game
[08:35:11] [Server thread/INFO] (Minecraft) test-mock-player lost connection: Server closed
[08:35:11] [Server thread/INFO] (Minecraft) [Dormant] test-mock-player left the game
[08:35:11] [Server thread/INFO] (Minecraft) test-mock-player lost connection: Server closed
[08:35:11] [Server thread/INFO] (Minecraft) [Dormant] test-mock-player left the game
[08:35:11] [Server thread/INFO] (Minecraft) test-mock-player lost connection: Server closed
[08:35:11] [Server thread/INFO] (Minecraft) [Nightfall] test-mock-player left the game
[08:35:11] [Server thread/INFO] (Minecraft) test-mock-player lost connection: Server closed
[08:35:11] [Server thread/INFO] (Minecraft) [Dormant] test-mock-player left the game
[08:35:11] [Server thread/INFO] (Minecraft) test-mock-player lost connection: Server closed
[08:35:11] [Server thread/INFO] (Minecraft) [Dormant] test-mock-player left the game
[08:35:11] [Server thread/INFO] (Minecraft) test-mock-player lost connection: Server closed
[08:35:11] [Server thread/INFO] (Minecraft) [Dormant] test-mock-player left the game
[08:35:11] [Server thread/INFO] (Minecraft) test-mock-player lost connection: Server closed
[08:35:11] [Server thread/INFO] (Minecraft) [Dormant] test-mock-player left the game
[08:35:11] [Server thread/INFO] (Minecraft) test-mock-player lost connection: Server closed
[08:35:11] [Server thread/INFO] (Minecraft) [Dormant] test-mock-player left the game
[08:35:11] [Server thread/INFO] (Minecraft) test-mock-player lost connection: Server closed
[08:35:11] [Server thread/INFO] (Minecraft) [Dormant] test-mock-player left the game
[08:35:11] [Server thread/INFO] (Minecraft) test-mock-player lost connection: Server closed
[08:35:11] [Server thread/INFO] (Minecraft) [Dormant] test-mock-player left the game
[08:35:11] [Server thread/INFO] (Minecraft) test-mock-player lost connection: Server closed
[08:35:11] [Server thread/INFO] (Minecraft) [Dormant] test-mock-player left the game
[08:35:11] [Server thread/INFO] (Minecraft) test-mock-player lost connection: Server closed
[08:35:11] [Server thread/INFO] (Minecraft) [Unmarked] test-mock-player left the game
[08:35:11] [Server thread/INFO] (Minecraft) test-mock-player lost connection: Server closed
[08:35:11] [Server thread/INFO] (Minecraft) [Dormant] test-mock-player left the game
[08:35:11] [Server thread/INFO] (Minecraft) test-mock-player lost connection: Server closed
[08:35:11] [Server thread/INFO] (Minecraft) [Dormant] test-mock-player left the game
[08:35:11] [Server thread/INFO] (Minecraft) test-mock-player lost connection: Server closed
[08:35:11] [Server thread/INFO] (Minecraft) [Dormant] test-mock-player left the game
[08:35:11] [Server thread/INFO] (Minecraft) test-mock-player lost connection: Server closed
[08:35:11] [Server thread/INFO] (Minecraft) [Dormant] test-mock-player left the game
[08:35:11] [Server thread/INFO] (Minecraft) test-mock-player lost connection: Server closed
[08:35:11] [Server thread/INFO] (Minecraft) [Dormant] test-mock-player left the game
[08:35:11] [Server thread/INFO] (Minecraft) test-mock-player lost connection: Server closed
[08:35:11] [Server thread/INFO] (Minecraft) [Dormant] test-mock-player left the game
[08:35:11] [Server thread/INFO] (Minecraft) test-mock-player lost connection: Server closed
[08:35:11] [Server thread/INFO] (Minecraft) [Dormant] test-mock-player left the game
[08:35:11] [Server thread/INFO] (Minecraft) test-mock-player lost connection: Server closed
[08:35:11] [Server thread/INFO] (Minecraft) [Dormant] test-mock-player left the game
[08:35:11] [Server thread/INFO] (Minecraft) test-mock-player lost connection: Server closed
[08:35:11] [Server thread/INFO] (Minecraft) [Dormant] test-mock-player left the game
[08:35:11] [Server thread/INFO] (Minecraft) test-mock-player lost connection: Server closed
[08:35:11] [Server thread/INFO] (Minecraft) [Dormant] test-mock-player left the game
[08:35:11] [Server thread/INFO] (Minecraft) test-mock-player lost connection: Server closed
[08:35:11] [Server thread/INFO] (Minecraft) [Unmarked] test-mock-player left the game
[08:35:11] [Server thread/INFO] (Minecraft) test-mock-player lost connection: Server closed
[08:35:11] [Server thread/INFO] (Minecraft) [Dormant] test-mock-player left the game
[08:35:11] [Server thread/INFO] (Minecraft) test-mock-player lost connection: Server closed
[08:35:11] [Server thread/INFO] (Minecraft) [Dormant] test-mock-player left the game
[08:35:11] [Server thread/INFO] (Minecraft) test-mock-player lost connection: Server closed
[08:35:11] [Server thread/INFO] (Minecraft) [Dormant] test-mock-player left the game
[08:35:11] [Server thread/INFO] (Minecraft) test-mock-player lost connection: Server closed
[08:35:11] [Server thread/INFO] (Minecraft) [Dormant] test-mock-player left the game
[08:35:11] [Server thread/INFO] (Minecraft) test-mock-player lost connection: Server closed
[08:35:11] [Server thread/INFO] (Minecraft) [Nightfall] test-mock-player left the game
[08:35:11] [Server thread/INFO] (Minecraft) test-mock-player lost connection: Server closed
[08:35:11] [Server thread/INFO] (Minecraft) [Dormant] test-mock-player left the game
[08:35:11] [Server thread/INFO] (Minecraft) test-mock-player lost connection: Server closed
[08:35:11] [Server thread/INFO] (Minecraft) [Dormant] test-mock-player left the game
[08:35:11] [Server thread/INFO] (Minecraft) test-mock-player lost connection: Server closed
[08:35:11] [Server thread/INFO] (Minecraft) [Dormant] test-mock-player left the game
[08:35:11] [Server thread/INFO] (Minecraft) test-mock-player lost connection: Server closed
[08:35:11] [Server thread/INFO] (Minecraft) [Dormant] test-mock-player left the game
[08:35:11] [Server thread/INFO] (Minecraft) test-mock-player lost connection: Server closed
[08:35:11] [Server thread/INFO] (Minecraft) [Dormant] test-mock-player left the game
[08:35:11] [Server thread/INFO] (Minecraft) test-mock-player lost connection: Server closed
[08:35:11] [Server thread/INFO] (Minecraft) [Dormant] test-mock-player left the game
[08:35:11] [Server thread/INFO] (Minecraft) test-mock-player lost connection: Server closed
[08:35:11] [Server thread/INFO] (Minecraft) [Dormant] test-mock-player left the game
[08:35:11] [Server thread/INFO] (Minecraft) test-mock-player lost connection: Server closed
[08:35:11] [Server thread/INFO] (Minecraft) [Dormant] test-mock-player left the game
[08:35:11] [Server thread/INFO] (Minecraft) test-mock-player lost connection: Server closed
[08:35:11] [Server thread/INFO] (Minecraft) [Dormant] test-mock-player left the game
[08:35:11] [Server thread/INFO] (Minecraft) test-mock-player lost connection: Server closed
[08:35:11] [Server thread/INFO] (Minecraft) [Dormant] test-mock-player left the game
[08:35:11] [Server thread/INFO] (Minecraft) test-mock-player lost connection: Server closed
[08:35:11] [Server thread/INFO] (Minecraft) [Dormant] test-mock-player left the game
[08:35:11] [Server thread/INFO] (Minecraft) test-mock-player lost connection: Server closed
[08:35:11] [Server thread/INFO] (Minecraft) [Dormant] test-mock-player left the game
[08:35:11] [Server thread/INFO] (Minecraft) test-mock-player lost connection: Server closed
[08:35:11] [Server thread/INFO] (Minecraft) [Dormant] test-mock-player left the game
[08:35:11] [Server thread/INFO] (Minecraft) test-mock-player lost connection: Server closed
[08:35:11] [Server thread/INFO] (Minecraft) [Dormant] test-mock-player left the game
[08:35:11] [Server thread/INFO] (Minecraft) test-mock-player lost connection: Server closed
[08:35:11] [Server thread/INFO] (Minecraft) [Dormant] test-mock-player left the game
[08:35:11] [Server thread/INFO] (Minecraft) test-mock-player lost connection: Server closed
[08:35:11] [Server thread/INFO] (Minecraft) [Dormant] test-mock-player left the game
[08:35:11] [Server thread/INFO] (Minecraft) test-mock-player lost connection: Server closed
[08:35:11] [Server thread/INFO] (Minecraft) [Dormant] test-mock-player left the game
[08:35:11] [Server thread/INFO] (Minecraft) test-mock-player lost connection: Server closed
[08:35:11] [Server thread/INFO] (Minecraft) [Dormant] test-mock-player left the game
[08:35:11] [Server thread/INFO] (Minecraft) test-mock-player lost connection: Server closed
[08:35:11] [Server thread/INFO] (Minecraft) [Dormant] test-mock-player left the game
[08:35:11] [Server thread/INFO] (Minecraft) test-mock-player lost connection: Server closed
[08:35:11] [Server thread/INFO] (Minecraft) [Dormant] test-mock-player left the game
[08:35:11] [Server thread/INFO] (Minecraft) test-mock-player lost connection: Server closed
[08:35:11] [Server thread/INFO] (Minecraft) [Dormant] test-mock-player left the game
[08:35:11] [Server thread/INFO] (Minecraft) test-mock-player lost connection: Server closed
[08:35:11] [Server thread/INFO] (Minecraft) [Dormant] test-mock-player left the game
[08:35:11] [Server thread/INFO] (Minecraft) test-mock-player lost connection: Server closed
[08:35:11] [Server thread/INFO] (Minecraft) [Unmarked] test-mock-player left the game
[08:35:11] [Server thread/INFO] (Minecraft) test-mock-player lost connection: Server closed
[08:35:11] [Server thread/INFO] (Minecraft) [Unmarked] test-mock-player left the game
[08:35:11] [Server thread/INFO] (Minecraft) test-mock-player lost connection: Server closed
[08:35:11] [Server thread/INFO] (Minecraft) [Unmarked] test-mock-player left the game
[08:35:11] [Server thread/INFO] (Minecraft) test-mock-player lost connection: Server closed
[08:35:11] [Server thread/INFO] (Minecraft) [Dormant] test-mock-player left the game
[08:35:11] [Server thread/INFO] (Minecraft) test-mock-player lost connection: Server closed
[08:35:11] [Server thread/INFO] (Minecraft) [Dormant] test-mock-player left the game
[08:35:11] [Server thread/INFO] (Minecraft) test-mock-player lost connection: Server closed
[08:35:11] [Server thread/INFO] (Minecraft) [Dormant] test-mock-player left the game
[08:35:11] [Server thread/INFO] (Minecraft) test-mock-player lost connection: Server closed
[08:35:11] [Server thread/INFO] (Minecraft) [Dormant] test-mock-player left the game
[08:35:11] [Server thread/INFO] (Minecraft) test-mock-player lost connection: Server closed
[08:35:11] [Server thread/INFO] (Minecraft) [Dormant] test-mock-player left the game
[08:35:11] [Server thread/INFO] (Minecraft) test-mock-player lost connection: Server closed
[08:35:11] [Server thread/INFO] (Minecraft) [Dormant] test-mock-player left the game
[08:35:11] [Server thread/INFO] (Minecraft) test-mock-player lost connection: Server closed
[08:35:11] [Server thread/INFO] (Minecraft) [Dormant] test-mock-player left the game
[08:35:11] [Server thread/INFO] (Minecraft) test-mock-player lost connection: Server closed
[08:35:11] [Server thread/INFO] (Minecraft) [Dormant] test-mock-player left the game
[08:35:11] [Server thread/INFO] (Minecraft) test-mock-player lost connection: Server closed
[08:35:11] [Server thread/INFO] (Minecraft) [Dormant] test-mock-player left the game
[08:35:11] [Server thread/INFO] (Minecraft) test-mock-player lost connection: Server closed
[08:35:11] [Server thread/INFO] (Minecraft) [Dormant] test-mock-player left the game
[08:35:11] [Server thread/INFO] (Minecraft) test-mock-player lost connection: Server closed
[08:35:11] [Server thread/INFO] (Minecraft) [Dormant] test-mock-player left the game
[08:35:11] [Server thread/INFO] (Minecraft) test-mock-player lost connection: Server closed
[08:35:11] [Server thread/INFO] (Minecraft) [Dormant] test-mock-player left the game
[08:35:11] [Server thread/INFO] (Minecraft) test-mock-player lost connection: Server closed
[08:35:11] [Server thread/INFO] (Minecraft) [Nightfall] test-mock-player left the game
[08:35:11] [Server thread/INFO] (Minecraft) test-mock-player lost connection: Server closed
[08:35:11] [Server thread/INFO] (Minecraft) [Dormant] test-mock-player left the game
[08:35:11] [Server thread/INFO] (Minecraft) test-mock-player lost connection: Server closed
[08:35:11] [Server thread/INFO] (Minecraft) [Nightfall] test-mock-player left the game
[08:35:11] [Server thread/INFO] (Minecraft) test-mock-player lost connection: Server closed
[08:35:11] [Server thread/INFO] (Minecraft) [Dormant] test-mock-player left the game
[08:35:11] [Server thread/INFO] (Minecraft) test-mock-player lost connection: Server closed
[08:35:11] [Server thread/INFO] (Minecraft) [Dormant] test-mock-player left the game
[08:35:11] [Server thread/INFO] (Minecraft) test-mock-player lost connection: Server closed
[08:35:11] [Server thread/INFO] (Minecraft) [Dormant] test-mock-player left the game
[08:35:11] [Server thread/INFO] (Minecraft) Saving worlds
[08:35:11] [Server thread/INFO] (Minecraft) Saving chunks for level 'ServerLevel[Test Level]'/minecraft:overworld
[08:35:12] [Server thread/INFO] (Minecraft) Saving chunks for level 'ServerLevel[Test Level]'/minecraft:the_nether
[08:35:12] [Server thread/INFO] (Minecraft) Saving chunks for level 'ServerLevel[Test Level]'/qa010_hostile:synthetic
[08:35:12] [Server thread/INFO] (Minecraft) Saving chunks for level 'ServerLevel[Test Level]'/minecraft:the_end
[08:35:12] [Server thread/INFO] (Minecraft) Saving chunks for level 'ServerLevel[Test Level]'/powers:light_realm
[08:35:12] [Server thread/INFO] (Minecraft) Saving chunks for level 'ServerLevel[Test Level]'/powers:dark_realm
[08:35:12] [Server thread/INFO] (Minecraft) ThreadedAnvilChunkStorage (world): All chunks are saved
[08:35:12] [Server thread/INFO] (Minecraft) ThreadedAnvilChunkStorage (DIM-1): All chunks are saved
[08:35:12] [Server thread/INFO] (Minecraft) ThreadedAnvilChunkStorage (synthetic): All chunks are saved
[08:35:12] [Server thread/INFO] (Minecraft) ThreadedAnvilChunkStorage (DIM1): All chunks are saved
[08:35:12] [Server thread/INFO] (Minecraft) ThreadedAnvilChunkStorage (light_realm): All chunks are saved
[08:35:12] [Server thread/INFO] (Minecraft) ThreadedAnvilChunkStorage (dark_realm): All chunks are saved
[08:35:12] [Server thread/INFO] (Minecraft) ThreadedAnvilChunkStorage: All dimensions are saved
[08:35:12] [Server thread/INFO] (Minecraft) Game test server shutting down

> Task :compileTestJava
> Task :processTestResources
> Task :testClasses
WARNING: A terminally deprecated method in sun.misc.Unsafe has been called
WARNING: sun.misc.Unsafe::objectFieldOffset has been called by org.joml.MemUtil$MemUtilUnsafe (file:<home>/.gradle/caches/modules-2/files-2.1/org.joml/joml/1.10.8/fc0a71dad90a2cf41d82a76156a0e700af8e4f8d/joml-1.10.8.jar)
WARNING: Please consider reporting this to the maintainers of class org.joml.MemUtil$MemUtilUnsafe
WARNING: sun.misc.Unsafe::objectFieldOffset will be removed in a future release
> Task :test

> Task :testPythonScripts
..........................................................................................................................................................[0012] [Server thread/INFO]: SoakClient left the game
......................................................................................
----------------------------------------------------------------------
Ran 240 tests in 57.321s

OK

> Task :validateAccessWidener NO-SOURCE

> Task :validatePowerResources
POWERS resource validation passed

> Task :verifyItemDocs
> Task :verifyMagicDocs
> Task :verifyRankDocs
> Task :verifyVfxAssetAudit
> Task :check

BUILD SUCCESSFUL in 3m 7s
24 actionable tasks: 24 executed
INT-008 aggregate postflight verified: 5fa0de1a5944a3e3f31589014db32ea8c3ba3dc6; clean=true
INT-008 JUnit capture verified: files=424; tests=1836; sha256=a8b17b694093bc054867e4f912b90c698c8e581206166c0be56f3dc225dfe364
Retained JUnit capture: /tmp/powers-int008-5fa0de1a-junit.KL24Hp
