kind	id	sha256	verdict	notes
asset_source	blockstates/amethyst_ward.json	4c823ebbcfa900cad812b37daabe93f9772a4a277f824d7d526d8c34649dccbd	PASS	Manually accepted resolved graph/schema contract; no pixel surface applies
asset_source	blockstates/arcane_crucible.json	29dec835b13126b21aa7b7feca5fde2c7add6a53e7882fa4419b80c795c283bf	PASS	Manually accepted resolved graph/schema contract; no pixel surface applies
asset_source	blockstates/darkness.json	9a3e8bb90dd6e5d773282af98ce69b181fdf62c1f3c43bd72c818c7558b63dfe	PASS	Manually accepted resolved graph/schema contract; no pixel surface applies
asset_source	blockstates/pure_light.json	c4375fe29f91fee9419696165be9c06a9e00054200158854eb534bd17894c068	PASS	Manually accepted resolved graph/schema contract; no pixel surface applies
asset_source	icon.png	00ea24abeb49b0be46db04a7f112a02eaef935ef6f2beee24f1e5386fbea552a	PASS	Manually reviewed all frame/mip page locations; structural/pixel evidence only
asset_source	items/amethyst_greatblade.json	8a7efc31e4142cce6a3ec15dbe097f750f89381e1b0f70ec30bbe9460b23ee0b	PASS	Manually accepted resolved graph/schema contract; no pixel surface applies
asset_source	items/amethyst_greatpick.json	0c65215994072c4a3f3af8c7be8f59b8573f5a4ac9a79c774ed750032fea0558	PASS	Manually accepted resolved graph/schema contract; no pixel surface applies
asset_source	items/amethyst_greatshovel.json	0aa1d48a348fe982d78b3c4fc45512313d18158797de03440eade9a4b886401c	PASS	Manually accepted resolved graph/schema contract; no pixel surface applies
asset_source	items/amethyst_ward.json	17db6b6fb565a95bf214116709e36cc6eaa03c9a6603eb17c6c126fac0343d7f	PASS	Manually accepted resolved graph/schema contract; no pixel surface applies
asset_source	items/ancient_greatslab.json	442f7856446343e05aee80085797b03220397fb089884cbe0ef67efc8385ec2d	PASS	Manually accepted resolved graph/schema contract; no pixel surface applies
asset_source	items/arcane_crucible.json	2ba1e25f651d10f1bb5ffc11475d3abb856ab8d4bb3c9f613f5be33115655e5c	PASS	Manually accepted resolved graph/schema contract; no pixel surface applies
asset_source	items/azure_dagger.json	be45473093b279f6346b04303e96c2d4f88517d1124640701b8bb07a56587e1e	PASS	Manually accepted resolved graph/schema contract; no pixel surface applies
asset_source	items/azure_greataxe.json	785240611405c7e73f83a3ac61161062c3373f1c5a281b0dbad558ec11415b99	PASS	Manually accepted resolved graph/schema contract; no pixel surface applies
asset_source	items/azure_greatsword.json	722c8f982f810ebfbaf03b5a0017bb8eea14be1881c9240e34455111d7ce720d	PASS	Manually accepted resolved graph/schema contract; no pixel surface applies
asset_source	items/azure_pickaxe.json	c39c09317011c3a590f186448f2aec29ab8a72252780e4fe113d72a7785eb867	PASS	Manually accepted resolved graph/schema contract; no pixel surface applies
asset_source	items/azure_sabre.json	1207b87e3e5b109f860e8011c285568191778e665908265072026f2162741eb3	PASS	Manually accepted resolved graph/schema contract; no pixel surface applies
asset_source	items/azure_scythe.json	ac8c73afe6584d75ca781570938151fc732e888f22107980ccde342338485e54	PASS	Manually accepted resolved graph/schema contract; no pixel surface applies
asset_source	items/azure_shovel.json	3a355c55287fe890a02fb1cd5942d1968cee7051d7d0b8b7f5e811d4ece2afa8	PASS	Manually accepted resolved graph/schema contract; no pixel surface applies
asset_source	items/berserkers_cleaver.json	59a3514c330e4a09315869235a9e13868f97001ed995caf023ac5d275cfb4eb9	PASS	Manually accepted resolved graph/schema contract; no pixel surface applies
asset_source	items/berserkers_greataxe.json	7c5bf54b53b0a69c286b252de3f3501449f2ede5d5c386154880d940d074f330	PASS	Manually accepted resolved graph/schema contract; no pixel surface applies
asset_source	items/black_iron_clobberer.json	3c01b85181a81376a3843f746719759f29d739ffe4cf2272e3ac449d4e3019e0	PASS	Manually accepted resolved graph/schema contract; no pixel surface applies
asset_source	items/black_iron_greataxe.json	dee147f5b1eb8f780568143e203db845cdc2b8d0debd8144bf7ba89854eac65c	PASS	Manually accepted resolved graph/schema contract; no pixel surface applies
asset_source	items/black_iron_greatsword.json	0f2e5e65e4bb73a70d1fd4463697107122fe068271729d47892949b1c4c30582	PASS	Manually accepted resolved graph/schema contract; no pixel surface applies
asset_source	items/blue_crystal.json	fef7a3dc624f005a57c7f94375ff0cb85c28f34ff798718abcc4cdc70a709ab6	PASS	Manually accepted resolved graph/schema contract; no pixel surface applies
asset_source	items/calamity_blade.json	342f3b8ed70bcc8666722cbfb6fa936bc946c930f389e3f58b45602eceb5ff4b	PASS	Manually accepted resolved graph/schema contract; no pixel surface applies
asset_source	items/claymore.json	98157d3f8977541b88c5697296cf63f3ce6916c39c1f934fec4d7013884c6673	PASS	Manually accepted resolved graph/schema contract; no pixel surface applies
asset_source	items/crescent_greataxe.json	7f3ff841278e88066a1c5d493ca28cba918bf2e95e0373d73f28a3d5779ad855	PASS	Manually accepted resolved graph/schema contract; no pixel surface applies
asset_source	items/crimson_cleaver.json	b3e0c896652ebc788c5ff0bb8bccc459feeb1901ca90cafa66105126589490d3	PASS	Manually accepted resolved graph/schema contract; no pixel surface applies
asset_source	items/crystal_frostblade.json	e5279af32ad3916f07b4b68e2a50607fffd27841d0809cba3b4408dfa4af2a03	PASS	Manually accepted resolved graph/schema contract; no pixel surface applies
asset_source	items/crystal_frostscythe.json	a61fa52855a9711a840d8ccf9858f146249f43101e8c24a97a18a8b63d399750	PASS	Manually accepted resolved graph/schema contract; no pixel surface applies
asset_source	items/dark_crystal.json	bace69a6a98577ce5a3ff07c0925c34b28d8cb026e2642c1b25568e5ba9363a5	PASS	Manually accepted resolved graph/schema contract; no pixel surface applies
asset_source	items/dark_herald_spawn_egg.json	b5d42e32cde2c0af85d5314389925a7121782ae0efba3b7750bb25eaa713cea3	PASS	Manually accepted resolved graph/schema contract; no pixel surface applies
asset_source	items/darkness.json	c9901d13d5f19f1ff3e8fd883db8b9b9b01ce61b834c9a05b8a2b7b59b756c2f	PASS	Manually accepted resolved graph/schema contract; no pixel surface applies
asset_source	items/darkness_creature_spawn_egg.json	47e6ae4e7f5f65a9c272ce72afb9eabcfc34080d5cdf00a3db0c125e58a1bbb4	PASS	Manually accepted resolved graph/schema contract; no pixel surface applies
asset_source	items/demonic_sword.json	e50cd0231a95978240edf50a9b19c06400b0dbeb838eb25c047b0c51aa09b595	PASS	Manually accepted resolved graph/schema contract; no pixel surface applies
asset_source	items/demons_blood_blade.json	afc1728e2cff7e643d5b34d08438527091c7372556d201471e5d2b12e4b03308	PASS	Manually accepted resolved graph/schema contract; no pixel surface applies
asset_source	items/demons_blood_pick.json	9af6ce97120ed0f83254dc76dcf49a9befd8d2fb4b87e21752ae74ac5a61139b	PASS	Manually accepted resolved graph/schema contract; no pixel surface applies
asset_source	items/demons_blood_shovel.json	5b24e133742ce9aba63428ad26813f3941363b4b7c83efeaf6192f8f678bff14	PASS	Manually accepted resolved graph/schema contract; no pixel surface applies
asset_source	items/demonslayers_greatsword.json	c6066dcd07c17b7d59d3c1941224c76bad6252932328f7c46259ef6ac319b2ab	PASS	Manually accepted resolved graph/schema contract; no pixel surface applies
asset_source	items/dragon_sword.json	347aa0077e1776dc1d0e3f065d791cfbb5217de8e1a52f0d031ba79c4d9f1cc7	PASS	Manually accepted resolved graph/schema contract; no pixel surface applies
asset_source	items/emerald_greatcleaver.json	4fca3bb52321c172ebc4b45e482a8cbd5930495cd78de055fa52ff2eceb8190d	PASS	Manually accepted resolved graph/schema contract; no pixel surface applies
asset_source	items/ethereal_frostblade.json	c94c3821ab739eda85d78ea571f056676139f7d5cafad2a797edf8c8d37b33f9	PASS	Manually accepted resolved graph/schema contract; no pixel surface applies
asset_source	items/first_vessel_spawn_egg.json	6a73394cbb7ae7cbe4b2a41fcf63b77d45a9fd8e942bafafce6f41bac2a0a444	PASS	Manually accepted resolved graph/schema contract; no pixel surface applies
asset_source	items/flamberge.json	f69356c1d3de9842f7281a49e375cb7d806afece76633347741111872287981a	PASS	Manually accepted resolved graph/schema contract; no pixel surface applies
asset_source	items/gilded_phoenix_greataxe.json	2bb2cfa02d0704b3db465cabb5a2372ca461430f2221874eee5aa4d3f890ef7a	PASS	Manually accepted resolved graph/schema contract; no pixel surface applies
asset_source	items/gloomsteel_greataxe.json	6ac1e2b8d8efd8c08f5ee3a892ece9c8b73915bab64c88543b89bb7fb96e5cd7	PASS	Manually accepted resolved graph/schema contract; no pixel surface applies
asset_source	items/gloomsteel_katana.json	be5e83eb17abbd14c4ffe6d1a61a096247fd9f6cf71d21c433dc045905e55026	PASS	Manually accepted resolved graph/schema contract; no pixel surface applies
asset_source	items/gloomsteel_knife.json	45be105ba4b0546300ba2c4c8037d086ca540207920b20bc977249ebcc3a7236	PASS	Manually accepted resolved graph/schema contract; no pixel surface applies
asset_source	items/grand_claymore.json	d04c23ba0e326828a5b630f31fb003bdbc9b60377af1c3b4926e1c34dc0a7b49	PASS	Manually accepted resolved graph/schema contract; no pixel surface applies
asset_source	items/green_crystal.json	719bbea9f0f66547057fd869f4451dbb5fd840868b8ab9a3b447277765ba145f	PASS	Manually accepted resolved graph/schema contract; no pixel surface applies
asset_source	items/heavenly_partisan.json	20f74634338fa51b9002b631bcd271a6da36fce2d51739619e39750d46cf16ab	PASS	Manually accepted resolved graph/schema contract; no pixel surface applies
asset_source	items/imported_artifact_ammolite.json	28f21131be28ebd5d06628e0f9203b08b37bbbeaafaa8bfe91f48875baa9005c	PASS	Manually accepted resolved graph/schema contract; no pixel surface applies
asset_source	items/imported_artifact_amulet.json	86923fc9d476a8a0142704928c821a931bb4802fd83e8d054a9414794cee9cd9	PASS	Manually accepted resolved graph/schema contract; no pixel surface applies
asset_source	items/imported_artifact_beating_heart.json	81230943b2cd0f94f78cb79171cb7d2d838da64003158f4e286c39d752b91d2f	PASS	Manually accepted resolved graph/schema contract; no pixel surface applies
asset_source	items/imported_artifact_blackpearl.json	19f7b0da58eee677ddeffb8d849f6b71f8729c714d44902fb36e58f537a69537	PASS	Manually accepted resolved graph/schema contract; no pixel surface applies
asset_source	items/imported_artifact_bloodstone.json	feb5958cd63fc186a6d76db2d185790e4f479f417c90f8e43d55629b4159c1ae	PASS	Manually accepted resolved graph/schema contract; no pixel surface applies
asset_source	items/imported_artifact_bonefigurine.json	d4dbcc793358cd123c5e358cf0bc2f207686c1042477829489da536fe4dea180	PASS	Manually accepted resolved graph/schema contract; no pixel surface applies
asset_source	items/imported_artifact_bound_runestone_active_1.json	5589e0688211284b1bf2dfb81bfd6bb6c85a94d9545beea95f33013c314e4d7d	PASS	Manually accepted resolved graph/schema contract; no pixel surface applies
asset_source	items/imported_artifact_bound_runestone_active_2.json	355612e2fb6cccbf65b9f79293741e90c36091a9d5669ec8cf2cd82bc4aebaf4	PASS	Manually accepted resolved graph/schema contract; no pixel surface applies
asset_source	items/imported_artifact_bound_runestone_active_3.json	8c722862b92021ee6c61d34de44a686c9373335d57f3473c73bb518233a7c90b	PASS	Manually accepted resolved graph/schema contract; no pixel surface applies
asset_source	items/imported_artifact_bound_runestone_inert_1.json	7e50c650f126c06b61aecadc4a0590abe2fa98a0ee516ccf1cdbe6494ee9c9bd	PASS	Manually accepted resolved graph/schema contract; no pixel surface applies
asset_source	items/imported_artifact_bound_runestone_inert_2.json	9e4fc83afa39b2f11083c0b21cf9877256819d47d1c9577ed858d2dccc7d11c4	PASS	Manually accepted resolved graph/schema contract; no pixel surface applies
asset_source	items/imported_artifact_bound_runestone_inert_3.json	77971f01bae618e555a294bf0ce6c669ae946bac2d0c77866e5546a89d1ec189	PASS	Manually accepted resolved graph/schema contract; no pixel surface applies
asset_source	items/imported_artifact_bowl.json	fa11b46ad5d871f47491c9d8328e12d1a1f18b7aa0cb29c11f2329b247ce9645	PASS	Manually accepted resolved graph/schema contract; no pixel surface applies
asset_source	items/imported_artifact_bullion.json	c9d61d1530665ec15b0f482e199f8653a2a810e87d3bc7632d55c5be389672b6	PASS	Manually accepted resolved graph/schema contract; no pixel surface applies
asset_source	items/imported_artifact_coins.json	275b5ef817885c2084d54a00376fdf888a6e0f555a61832e24e2b71d4dde022b	PASS	Manually accepted resolved graph/schema contract; no pixel surface applies
asset_source	items/imported_artifact_corroded_copper_ring.json	070bc18c282d3417c08e7c71952a48b2ba50a47c9b7d807497916266cce4c05a	PASS	Manually accepted resolved graph/schema contract; no pixel surface applies
asset_source	items/imported_artifact_dark_bone_figurine.json	65f59539ec35ce9c0bf5de1df6a7f12632d1cf1a13702c9bf4cf5d1910023d15	PASS	Manually accepted resolved graph/schema contract; no pixel surface applies
asset_source	items/imported_artifact_diamond_ring.json	85559e16433e830a303ca17761f9c2e1ec155245e35cf19b11db99f9e951d409	PASS	Manually accepted resolved graph/schema contract; no pixel surface applies
asset_source	items/imported_artifact_dripping_orb_1.json	5494a3dbe1d3ff3cfa0b588e06d19e5acda2e654143c7fbffef5f64244a81af8	PASS	Manually accepted resolved graph/schema contract; no pixel surface applies
asset_source	items/imported_artifact_dripping_orb_2.json	7834a39c39427a1005940115e444150d445aeeb1c8ff233ba6c2ad6ed5e6cbe8	PASS	Manually accepted resolved graph/schema contract; no pixel surface applies
asset_source	items/imported_artifact_emerald_ring.json	c0bcbf0620902c39986f1852265429c0a3c56f4fff0b300fe4509db38f508b9f	PASS	Manually accepted resolved graph/schema contract; no pixel surface applies
asset_source	items/imported_artifact_emperyeanjewel.json	0abfa942708459055f3531c8f87ad9d2d1f6310355102f5c077e08b5bc618ae2	PASS	Manually accepted resolved graph/schema contract; no pixel surface applies
asset_source	items/imported_artifact_flute.json	2837e9c315403c7343b4b8fce8eeb568dd5085f9c012e3ff4c852f4ec5162369	PASS	Manually accepted resolved graph/schema contract; no pixel surface applies
asset_source	items/imported_artifact_ghoul_heart.json	c5bd5f41e73a1d22cadb86cdfa2b7622d909dadabedfbf2123a005634799b0c0	PASS	Manually accepted resolved graph/schema contract; no pixel surface applies
asset_source	items/imported_artifact_heart_mechanism.json	a8bf6102699c9b1b1d1bb734862be6dba4edd4317e21f3e5d4eb376fe4195aab	PASS	Manually accepted resolved graph/schema contract; no pixel surface applies
asset_source	items/imported_artifact_lodestone.json	47452c338f8be43ac236a9a328a10332e760a109928b5745b5712f24b12d6faf	PASS	Manually accepted resolved graph/schema contract; no pixel surface applies
asset_source	items/imported_artifact_malignember.json	1e94c9208511a8b2d98d7bccae60e08755a95b1586f673ccae61bc83bf39b716	PASS	Manually accepted resolved graph/schema contract; no pixel surface applies
asset_source	items/imported_artifact_oddstone.json	f1f4713a5980a981e7d6fcc7cb8e19dcc8c76d7702ed7ef3963c34b4d1f8f725	PASS	Manually accepted resolved graph/schema contract; no pixel surface applies
asset_source	items/imported_artifact_philosopherstone.json	03bf18bcc3a068b6eaca3015217f5db75d40e769130c36451cfe0bb15c6db7ee	PASS	Manually accepted resolved graph/schema contract; no pixel surface applies
asset_source	items/imported_artifact_plain_copper_ring.json	004f46d89761333fb36099e10a02b86a71e12e46cada87b18ceb7d02f4fd5c93	PASS	Manually accepted resolved graph/schema contract; no pixel surface applies
asset_source	items/imported_artifact_ritualdagger.json	28af41064bc7453c3da9c37903ad45059b94febab9a20366f475f625b8f9a2b9	PASS	Manually accepted resolved graph/schema contract; no pixel surface applies
asset_source	items/imported_artifact_runestone_back.json	9556e970c9ab6cf27b52d270b6b33c02b083fe32b257d77ff324e481a12c7ff8	PASS	Manually accepted resolved graph/schema contract; no pixel surface applies
asset_source	items/imported_artifact_runestone_dark_inscribed_large.json	5edf7ee670913dc66c4e41ca0002397756a9db95ceff1ad3edca9d19c00b6b78	PASS	Manually accepted resolved graph/schema contract; no pixel surface applies
asset_source	items/imported_artifact_runestone_dark_inscribed_medium.json	57e545eeed40119395b30fd62f553eb104ba3517b7ce582cb5863f7f2327153f	PASS	Manually accepted resolved graph/schema contract; no pixel surface applies
asset_source	items/imported_artifact_runestone_dark_inscribed_small.json	b9cac0ae1d2c69a7837f3350677bc6493ebe653387fb10c69a75f333e4d16fb5	PASS	Manually accepted resolved graph/schema contract; no pixel surface applies
asset_source	items/imported_artifact_runestone_dark_inscribed_tiny.json	6c1f8cd22627baef4c9e2b89d83e56fcb9333d614793165f5e3a6f55f9f815a3	PASS	Manually accepted resolved graph/schema contract; no pixel surface applies
asset_source	items/imported_artifact_runestone_dark_large.json	99080d9f38641878c015b9cf1fb1b142ba166d0ebfb71634e16c709f59fff745	PASS	Manually accepted resolved graph/schema contract; no pixel surface applies
asset_source	items/imported_artifact_runestone_dark_medium.json	22fa4c94a8c5a3aff459f5f92584967f1b56602b758abaa80b4f8decc1ec80e0	PASS	Manually accepted resolved graph/schema contract; no pixel surface applies
asset_source	items/imported_artifact_runestone_dark_small.json	ca081d2422d9a8142cc9b93bc7c6b1a13e575b15b861c0dc7244c79d71770063	PASS	Manually accepted resolved graph/schema contract; no pixel surface applies
asset_source	items/imported_artifact_runestone_dark_tiny.json	9b92c5f240d7cfe6013dcd2c9fc45c63b634a8b9c5506d064082e92b05c95a46	PASS	Manually accepted resolved graph/schema contract; no pixel surface applies
asset_source	items/imported_artifact_runestone_frigid.json	cccb505275a8c64bd3df5e3c16fd8c1a4241f2ccc3ded79e6b204c05bf49e143	PASS	Manually accepted resolved graph/schema contract; no pixel surface applies
asset_source	items/imported_artifact_runestone_inert.json	5864486a2ef75c6d1b40aec8efa31a0d67146ef2869c05e30d980743b2d27918	PASS	Manually accepted resolved graph/schema contract; no pixel surface applies
asset_source	items/imported_artifact_runestone_overlay_0.json	5e11537d06c690029199035f2892b86a52a31498fbf8d12e758761b85921f2cb	PASS	Manually accepted resolved graph/schema contract; no pixel surface applies
asset_source	items/imported_artifact_runestone_overlay_1.json	0f95aaadb043ebd99a70d79eb31e8b48b1a9574567fbfb2e97ec40f3a7478f3b	PASS	Manually accepted resolved graph/schema contract; no pixel surface applies
asset_source	items/imported_artifact_runestone_overlay_10.json	83eea73925b5ccea41058772a888fbc1e4bbadca2638134da5f0803686f3a67a	PASS	Manually accepted resolved graph/schema contract; no pixel surface applies
asset_source	items/imported_artifact_runestone_overlay_2.json	211faa39df90bed7d68cfdbac6f1220e420d842233ec52535bfa4186faa2b1c3	PASS	Manually accepted resolved graph/schema contract; no pixel surface applies
asset_source	items/imported_artifact_runestone_overlay_3.json	260487a90838e4f8332dbfe45e2728b75513e8a64b70808a69742ba63a40a843	PASS	Manually accepted resolved graph/schema contract; no pixel surface applies
asset_source	items/imported_artifact_runestone_overlay_4.json	9e8dab1d9c9aa23382dba7e247865db54cf0e131e56d730b79d1dd0fcacc15bd	PASS	Manually accepted resolved graph/schema contract; no pixel surface applies
asset_source	items/imported_artifact_runestone_overlay_5.json	9c9997f4b8b893e4496ab06694eff738459113ac5e3bb94b9ec367094ed11fd6	PASS	Manually accepted resolved graph/schema contract; no pixel surface applies
asset_source	items/imported_artifact_runestone_overlay_6.json	cced327bd4356d82b12400e389b89e03e950538875581ba753373b0c02b15700	PASS	Manually accepted resolved graph/schema contract; no pixel surface applies
asset_source	items/imported_artifact_runestone_overlay_7.json	b33f25e53df1c9c2863051949e9cc6b0ea7a64207f2050ee00273ae67463a4f4	PASS	Manually accepted resolved graph/schema contract; no pixel surface applies
asset_source	items/imported_artifact_runestone_overlay_8.json	5117832c98a77716f468c28e296baf3a7cefcb3c82c5487f0f6d1bd240bbc689	PASS	Manually accepted resolved graph/schema contract; no pixel surface applies
asset_source	items/imported_artifact_runestone_overlay_9.json	b4145fb9ff437abbbee460b67badc5e5e2ba4ec4f03519d802d8ce7bf15d9867	PASS	Manually accepted resolved graph/schema contract; no pixel surface applies
asset_source	items/imported_artifact_smallpot.json	c7018f4b85cc353da8c618bb629659ec476167bbb7885f0452a0df95901d6c44	PASS	Manually accepted resolved graph/schema contract; no pixel surface applies
asset_source	items/imported_artifact_soulmatrix.json	781b2534aeaac379fe67bd5ff962296dee3d0d09780bffc3870876955967dd65	PASS	Manually accepted resolved graph/schema contract; no pixel surface applies
asset_source	items/imported_artifact_soulstone_large.json	9612756f0ea8420de6dd79daae34545ec73878d44662cc884364f7bbc5bb1b78	PASS	Manually accepted resolved graph/schema contract; no pixel surface applies
asset_source	items/imported_artifact_soulstone_large_inert.json	31638f392ee82b45e255be122bd1dda81943c5cc1ca73e3909d40c51a26c3069	PASS	Manually accepted resolved graph/schema contract; no pixel surface applies
asset_source	items/imported_artifact_soulstone_medium.json	a9be14d1bb32ff2b7769c8d5d46811a862036e9e53f802773180b427287a829a	PASS	Manually accepted resolved graph/schema contract; no pixel surface applies
asset_source	items/imported_artifact_soulstone_medium_inert.json	33b274657257fc1e3e6c0cc42553b5bd6e41778831860dcec52b54b1c6c7b759	PASS	Manually accepted resolved graph/schema contract; no pixel surface applies
asset_source	items/imported_artifact_soulstone_small.json	824ecf2c3318e72d1b1b8f75ac19e3bbf722bf86df839a3b27a31a1ca157fdc3	PASS	Manually accepted resolved graph/schema contract; no pixel surface applies
asset_source	items/imported_artifact_soulstone_small_inert.json	54954f06d82564fe90a6673968962422e6a2fba34c525b537cf4c0d33421fdaa	PASS	Manually accepted resolved graph/schema contract; no pixel surface applies
asset_source	items/imported_artifact_star.json	edcc2ebe87552ae66f7bf1ce4f3207817de399d9ef7613745a7fbadeaafda506	PASS	Manually accepted resolved graph/schema contract; no pixel surface applies
asset_source	items/imported_artifact_star_animated.json	412698903d70aadbc2ec0220d7805d8f24d15734d4a601117a971eb036cbf648	PASS	Manually accepted resolved graph/schema contract; no pixel surface applies
asset_source	items/imported_artifact_trilobite_fossil.json	f11e61ea20ee7266adaa6eb3129e0f6031a86082dcad5497194adecb25a5fbe9	PASS	Manually accepted resolved graph/schema contract; no pixel surface applies
asset_source	items/imported_artifact_trilobitefossil.json	e257cb9b7bba926997709e59a2462510fc14e0736103b7905d8b695c6a98c451	PASS	Manually accepted resolved graph/schema contract; no pixel surface applies
asset_source	items/imported_artifact_woodheart.json	45f20b238a66a985a18aed2f318ac499d86b592be1acb001263b09e48e25ae0c	PASS	Manually accepted resolved graph/schema contract; no pixel surface applies
asset_source	items/imported_blood_salts_2.json	8a1fbc11be278a0224afd70a52438c0d6e7088714b5f398944bb0913b6a7ef7a	PASS	Manually accepted resolved graph/schema contract; no pixel surface applies
asset_source	items/imported_book_grimoire_abyssal.json	54458bd508e20eff2a996569599ba971410c1a7eedf9617973ca1da0c735e17f	PASS	Manually accepted resolved graph/schema contract; no pixel surface applies
asset_source	items/imported_book_grimoire_blight.json	9bfe73a40a488de58f2839e8929e8e9f374dbbdf34d9bb3e44567b9d4343ab45	PASS	Manually accepted resolved graph/schema contract; no pixel surface applies
asset_source	items/imported_book_grimoire_celestial.json	802ae91693881bf754f66de6b2337af8ff394861038e22574da0583c0f3778ab	PASS	Manually accepted resolved graph/schema contract; no pixel surface applies
asset_source	items/imported_book_grimoire_deep.json	6c6fd6cb0675f68144e9321af2883c94171f4fddb18648ebfa66f0aba6656509	PASS	Manually accepted resolved graph/schema contract; no pixel surface applies
asset_source	items/imported_book_grimoire_infernal.json	e2621c28eb3e2c0419fb770014e931358b8a97da4709f06458137715dc64c3b6	PASS	Manually accepted resolved graph/schema contract; no pixel surface applies
asset_source	items/imported_book_grimoire_recolor.json	53d1ef3459dead857e52d545817fafce2f1d3a408264b37aff54b5cf18d50f7c	PASS	Manually accepted resolved graph/schema contract; no pixel surface applies
asset_source	items/imported_book_grimoire_recolor_overlay_abyssal.json	19d78163ac82fe05927f8c2f7b4f1836645309fb161706cd44386f6fc88b9a33	PASS	Manually accepted resolved graph/schema contract; no pixel surface applies
asset_source	items/imported_book_grimoire_recolor_overlay_blight.json	03ca159ef12164e0dcbc6fb530e80ab45a2f127fcd7009cb3c6de385f583deef	PASS	Manually accepted resolved graph/schema contract; no pixel surface applies
asset_source	items/imported_book_grimoire_recolor_overlay_celestial.json	be65eb7333233058dd6307ecbb28bfa3fa3dc4426fbab00725a3b135ed3a8a35	PASS	Manually accepted resolved graph/schema contract; no pixel surface applies
asset_source	items/imported_book_grimoire_recolor_overlay_deep.json	dba5f0102b8e89eeb564c0c43662ebee696cd1d18cb928cf3752088fbd71e935	PASS	Manually accepted resolved graph/schema contract; no pixel surface applies
asset_source	items/imported_book_grimoire_recolor_overlay_infernal.json	8d6ccff256f5e6e1f732d2e4aa7fd25a5bc0d68e3af5de3a7c67a8bde7bf7573	PASS	Manually accepted resolved graph/schema contract; no pixel surface applies
asset_source	items/imported_book_grimoire_recolor_overlay_wild.json	10d59e886501e2af318cbd1849c757717b357a4ec8e2944628282b7ca4c44c62	PASS	Manually accepted resolved graph/schema contract; no pixel surface applies
asset_source	items/imported_book_grimoire_wild.json	5531df7c04b0ad6611e346f48cd5b9ce0f53eba46746120dc7b5c1bd078c8352	PASS	Manually accepted resolved graph/schema contract; no pixel surface applies
asset_source	items/imported_book_page_written.json	8fd0635729db2ea175a2574988e83a7085b94997ee46248b95ecb1c0ebaed228	PASS	Manually accepted resolved graph/schema contract; no pixel surface applies
asset_source	items/imported_book_tattered.json	2c728e52459e43f84393a3e17fb3cd444a5617388d0d8f18c5e00af633a9bd7e	PASS	Manually accepted resolved graph/schema contract; no pixel surface applies
asset_source	items/imported_device_miniportal.json	8497faedf4ea704198dadbebdc277a2cd61417ae9549c0e1d701768cce87e531	PASS	Manually accepted resolved graph/schema contract; no pixel surface applies
asset_source	items/imported_device_miniportal_active.json	038f84469f9ee46585d591775edcd0b176a7aa3786c75f8fc26e3b4ba5f99220	PASS	Manually accepted resolved graph/schema contract; no pixel surface applies
asset_source	items/imported_food_apple_green.json	4fb7cfe27530f02f453ad711040e16dd7434a7b36cfa61948e285773b3fc588d	PASS	Manually accepted resolved graph/schema contract; no pixel surface applies
asset_source	items/imported_food_apple_wormy.json	b01b9ef0ccb596fcabb45173afc0499b1df7f20ce100a02266377252d15b12cb	PASS	Manually accepted resolved graph/schema contract; no pixel surface applies
asset_source	items/imported_food_apple_wormy_2.json	0f358ba4d6e16726b92ee750440eba6d0b271d603fdb0f09eeebc4003a4d1a28	PASS	Manually accepted resolved graph/schema contract; no pixel surface applies
asset_source	items/imported_food_bacon_cooked.json	1ec9c2fc857416a631e80aaba5a962133c8f4fe84b1c6e77cae4571e1157ffd7	PASS	Manually accepted resolved graph/schema contract; no pixel surface applies
asset_source	items/imported_food_bacon_raw.json	03e09b22ea586a54377e3131697b7db6dffb1c9be55898d3992e2bc3212c0021	PASS	Manually accepted resolved graph/schema contract; no pixel surface applies
asset_source	items/imported_food_beans.json	5b5ea84ad2d8a31ad08a87ee893f24ae34d5ba3a9f0ecec74cb3e8940dc355aa	PASS	Manually accepted resolved graph/schema contract; no pixel surface applies
asset_source	items/imported_food_beet.json	c903dec71d6d0f96dec83d5562a98e0483b857b892e37d08f4bb7051613f7a99	PASS	Manually accepted resolved graph/schema contract; no pixel surface applies
asset_source	items/imported_food_billberry.json	5931f3021f1e1d51f47891a502853d65f0bd9a7526e340a9c8b6d91dacb17da1	PASS	Manually accepted resolved graph/schema contract; no pixel surface applies
asset_source	items/imported_food_blackberry.json	3d5fc3eb0643b7327240b5f0948f040035243b8d1f48a560b54e864ef0e56f3e	PASS	Manually accepted resolved graph/schema contract; no pixel surface applies
asset_source	items/imported_food_blueberries.json	15ff3d4e0be52ce3d315d2092ebcb043d45cc162a0af677fbad3b4d7ffd6976b	PASS	Manually accepted resolved graph/schema contract; no pixel surface applies
asset_source	items/imported_food_bread_big.json	9f80b0e117a24565224352e8fe3701b3587a7308700707dd7161512473d25c3b	PASS	Manually accepted resolved graph/schema contract; no pixel surface applies
asset_source	items/imported_food_cabbage.json	0bf3c23b4f9638ec021bf602b709c2a35df801cc598b05644cbfdf52b75b24c5	PASS	Manually accepted resolved graph/schema contract; no pixel surface applies
asset_source	items/imported_food_chickpeas.json	ce069f8745576c5e049bc6f04ec55c91625d72d190ea4c83336b72d4f2c2042a	PASS	Manually accepted resolved graph/schema contract; no pixel surface applies
asset_source	items/imported_food_coconut_normal.json	0d417355d8c43a04b3dbec7cdc1504ff0a68402fbf73750ae16a5b2b9299e180	PASS	Manually accepted resolved graph/schema contract; no pixel surface applies
asset_source	items/imported_food_coconut_opened.json	e51ecf905053e0df5127fc1a1a39f2680f01017ebde2db0c3f032149006f0023	PASS	Manually accepted resolved graph/schema contract; no pixel surface applies
asset_source	items/imported_food_coconut_straw.json	b71d2c8cd58256aba20eeee82ad0581c4d6bc4eae06005b4fe9dfd0bcac5baa4	PASS	Manually accepted resolved graph/schema contract; no pixel surface applies
asset_source	items/imported_food_cranberries.json	6bba568c5b43c72f169f49b665881bf6a642d55b17be3ddf221b70689977b7b3	PASS	Manually accepted resolved graph/schema contract; no pixel surface applies
asset_source	items/imported_food_fig.json	68e6529b3b681c041fb29fbc620d139379d53e61049d6f339a805508932a57ea	PASS	Manually accepted resolved graph/schema contract; no pixel surface applies
asset_source	items/imported_food_fish_fillet_cooked.json	682d001f1cbb10b1787d9f407d747cee710784d7cad5d062aac69340fb5a18b4	PASS	Manually accepted resolved graph/schema contract; no pixel surface applies
asset_source	items/imported_food_fish_fillet_raw.json	535e8c82b897e2e691ad42e0cc4c3d8b0525c76fac9a6efa386ab6f324238627	PASS	Manually accepted resolved graph/schema contract; no pixel surface applies
asset_source	items/imported_food_fish_fillet_smoked.json	4de8a8bfb9a65b2e2d959c91c159fe4907029999f40a971df112f06dfe70c86b	PASS	Manually accepted resolved graph/schema contract; no pixel surface applies
asset_source	items/imported_food_fisherberries.json	279be3c2505f0554cb5cf896b0c9d93ba0533e3a297f562a581aaca690815339	PASS	Manually accepted resolved graph/schema contract; no pixel surface applies
asset_source	items/imported_food_garlic.json	37f05019cf9340b56d5b2d1e45d43d4395f4a6e835f4c441cc641ecbf92690b3	PASS	Manually accepted resolved graph/schema contract; no pixel surface applies
asset_source	items/imported_food_grapes.json	b64c9fb3768a4a5620657ef203b7984d035a2ab062071589419019d6caa639ec	PASS	Manually accepted resolved graph/schema contract; no pixel surface applies
asset_source	items/imported_food_jerky.json	21a3e755ec5190e2105b1d7a460f43561a0ee52be57806e9338eead99ab9866d	PASS	Manually accepted resolved graph/schema contract; no pixel surface applies
asset_source	items/imported_food_leek.json	1f5fcadde98c71c9ca75e112d0f4d4dff7397811fb83edc4acf99732f3d4a160	PASS	Manually accepted resolved graph/schema contract; no pixel surface applies
asset_source	items/imported_food_lentils.json	3e96f4c3ea4f35fe3365db8798f1eb094a744ad146f545cb8c88a7ea53e1e9b6	PASS	Manually accepted resolved graph/schema contract; no pixel surface applies
asset_source	items/imported_food_lettuce.json	bf74414c23c93bd6249aff81d1ef7c675d80f6e3524463578cef6d4cd91283df	PASS	Manually accepted resolved graph/schema contract; no pixel surface applies
asset_source	items/imported_food_muckroot.json	041edeba2be1af3f0a68c529eeeb2248b3d44cb722017f875b4aa76cdc15d0b1	PASS	Manually accepted resolved graph/schema contract; no pixel surface applies
asset_source	items/imported_food_mulberries.json	eebb3829af9bccc814be96a6c39e2cb2e374e9a11f5284912ba3d9fa955a5ce9	PASS	Manually accepted resolved graph/schema contract; no pixel surface applies
asset_source	items/imported_food_mungbean.json	e6509f7b44ad07701f16baa00c55a991bb13de3e66eb4017f5889303565d9669	PASS	Manually accepted resolved graph/schema contract; no pixel surface applies
asset_source	items/imported_food_onion.json	1df54960165cd49f6024fa7663df72abb12d3f67145e8df52422bee1f76ddc4d	PASS	Manually accepted resolved graph/schema contract; no pixel surface applies
asset_source	items/imported_food_pantao.json	dc6420fbec5e8bce5e6bdbb1d4ed1c386644c3340eec8044d522d28dc0cb0b2f	PASS	Manually accepted resolved graph/schema contract; no pixel surface applies
asset_source	items/imported_food_pepper.json	1e68fb7573d57c9bfe4ffb07a0c154a4bf522dc305e8b3b8deaf4f150de67c80	PASS	Manually accepted resolved graph/schema contract; no pixel surface applies
asset_source	items/imported_food_prickleberries.json	55f3bfd6db6f83492d81ed402498a0dd83c13c94e0a6c659adc6bf5538bb4a31	PASS	Manually accepted resolved graph/schema contract; no pixel surface applies
asset_source	items/imported_food_radish.json	7f5bc93e132e80e669ee264b48c5c23a14b1859ac13cc94dcfb54cf11249241f	PASS	Manually accepted resolved graph/schema contract; no pixel surface applies
asset_source	items/imported_food_raspberries.json	bb1536bfa046343c430de2c492503d23bab519303d322c99f19bdeec54ddfbc3	PASS	Manually accepted resolved graph/schema contract; no pixel surface applies
asset_source	items/imported_food_redbeans.json	68b4e3235e3b2aa9aa23bea3d0d3139211d9bf40cdc5d06d1c95a1b0b2db284f	PASS	Manually accepted resolved graph/schema contract; no pixel surface applies
asset_source	items/imported_food_salmon_fillet_cooked.json	bd443d03f0f4d8708658330f5e3bd1cb31976f44bc1c727406d9825d6b221d03	PASS	Manually accepted resolved graph/schema contract; no pixel surface applies
asset_source	items/imported_food_salmon_fillet_raw.json	b984378afae362ce0834e93e2aae3a0268c4fd1bf34cb214234f9afa47adab9b	PASS	Manually accepted resolved graph/schema contract; no pixel surface applies
asset_source	items/imported_food_salmon_fillet_smoked.json	605b33b964ac429707b6f7e923ba98050fc4a1e074da9cd68bd9cb50ddb8166d	PASS	Manually accepted resolved graph/schema contract; no pixel surface applies
asset_source	items/imported_food_sausage_cooked.json	7bb50ac9e7e79aa99c5da6a37df0babf4e7ee4a9d0423fb63339472e8abbbcf1	PASS	Manually accepted resolved graph/schema contract; no pixel surface applies
asset_source	items/imported_food_sausage_raw.json	b741929409ea8470c00bdf3cdbd04a2f626a5708fdc128234f626803b04c8f63	PASS	Manually accepted resolved graph/schema contract; no pixel surface applies
asset_source	items/imported_food_silver_pear.json	74cb73992b4be98e4301bed6afdc48ccaea1a3842b9aaaac4546a478e1c0e67d	PASS	Manually accepted resolved graph/schema contract; no pixel surface applies
asset_source	items/imported_food_slab_beef_cooked.json	2513f3a7a6a7e13c09b9f86bd7cae8ef884f32df00a5b756f80c4c0eb89ec487	PASS	Manually accepted resolved graph/schema contract; no pixel surface applies
asset_source	items/imported_food_slab_beef_raw.json	2519e23adedbedc1342becaf9245f02030c2889a90b1047d49ed39199b672480	PASS	Manually accepted resolved graph/schema contract; no pixel surface applies
asset_source	items/imported_food_slab_beef_salted.json	9219aede4d9cbc9e3bc52eeae2a4bf177fc3a66e795b28a160759de1ad39b659	PASS	Manually accepted resolved graph/schema contract; no pixel surface applies
asset_source	items/imported_food_slab_cheval_cooked.json	8eb517f35b3c32aca504ca806bd20fdd2daa5c725aaf9bc439476cd230ff8373	PASS	Manually accepted resolved graph/schema contract; no pixel surface applies
asset_source	items/imported_food_slab_cheval_raw.json	5001734d3d8dcb02b61b6448301e090fc2de85e8ba7d8ca06b7d0909f367c2e4	PASS	Manually accepted resolved graph/schema contract; no pixel surface applies
asset_source	items/imported_food_slab_cheval_salted.json	53cd229a1b81c20335cc66c7be4fdcb41e97a22cf32368a2d16a4fabdb135a65	PASS	Manually accepted resolved graph/schema contract; no pixel surface applies
asset_source	items/imported_food_slab_mooshroom_cooked.json	1b62407e5f0cb47db594e7563375efe08647e46865f6fe22ce92ee09a234f140	PASS	Manually accepted resolved graph/schema contract; no pixel surface applies
asset_source	items/imported_food_slab_mooshroom_raw.json	386824afada66fc01fbe9375ee00113e05f603c3e5bae64336342ff1facf2733	PASS	Manually accepted resolved graph/schema contract; no pixel surface applies
asset_source	items/imported_food_slab_pork_cooked.json	391f3db11793d87c347da3d71eb3594e8cf80b86cd2dec38a8263fbaaac6bb35	PASS	Manually accepted resolved graph/schema contract; no pixel surface applies
asset_source	items/imported_food_slab_pork_raw.json	5bafe40d4db3fb7fb8c4ba9d57b0cfa91a71d93c45d319f45657d7a5bd8decf6	PASS	Manually accepted resolved graph/schema contract; no pixel surface applies
asset_source	items/imported_food_slab_pork_salted.json	2013ac109b0f9a8603f8bcf88a078e1f3583e91d13a937888a248eaca33a4198	PASS	Manually accepted resolved graph/schema contract; no pixel surface applies
asset_source	items/imported_food_slice_cantaloupe.json	6217fbdcf081042852cd3575d0c8e6efce8c8ef39a97ad8429ce897555f7dbfe	PASS	Manually accepted resolved graph/schema contract; no pixel surface applies
asset_source	items/imported_food_slice_honeydew.json	8a91ab339a4de46818b7d3bc8de596632b30583f9698ddee0bb3c8d930310dc3	PASS	Manually accepted resolved graph/schema contract; no pixel surface applies
asset_source	items/imported_food_slice_hornedmelon.json	0ac489bd8b193fb32ff82d8e286f4ed710a3e69062915608359d9807a5d33aa9	PASS	Manually accepted resolved graph/schema contract; no pixel surface applies
asset_source	items/imported_food_slice_squash.json	2972b875652b794cbe1b3a130da409b1970d8d1ef95582be1fcbf43c7fe05ae0	PASS	Manually accepted resolved graph/schema contract; no pixel surface applies
asset_source	items/imported_food_slice_wintermelon.json	6cf0bb340e7a00040700ee9e13503f8712053015e7c333de8df51002f2198e94	PASS	Manually accepted resolved graph/schema contract; no pixel surface applies
asset_source	items/imported_food_spinach.json	a7d518dab8410c2bda1adc72e3baa4f2973131e5ce66d8c6a34725a7066c0a08	PASS	Manually accepted resolved graph/schema contract; no pixel surface applies
asset_source	items/imported_food_stew_sweetpod.json	d6f440ab7c090c2b162567ea9b1152d2c9847455b937aa647e4609b864342261	PASS	Manually accepted resolved graph/schema contract; no pixel surface applies
asset_source	items/imported_food_strawberries.json	d31cd02db5209ca02d9b969411fd49ad02ecedb4ad8d484f2910c6c443b2d0c4	PASS	Manually accepted resolved graph/schema contract; no pixel surface applies
asset_source	items/imported_food_sunberries.json	63ce88ab46dcbd415700b3e54e9aa06172dc551ae49b11eaac83faf24fdae02d	PASS	Manually accepted resolved graph/schema contract; no pixel surface applies
asset_source	items/imported_food_sweetpod.json	bc200fb2ac1d755bb137456bc04616042aa9a43b27fe23aca39c4dbd5e7557e3	PASS	Manually accepted resolved graph/schema contract; no pixel surface applies
asset_source	items/imported_food_tomato.json	3c2e6e60409b22c3d5a73ca1cbb418ca6d524defdb4f4317e7a99b3b6765ce59	PASS	Manually accepted resolved graph/schema contract; no pixel surface applies
asset_source	items/imported_food_uradbean.json	63a71ace49d10c80dd502b00305b0e54a57efdddeb0bc1eca6ee172920ac13c4	PASS	Manually accepted resolved graph/schema contract; no pixel surface applies
asset_source	items/imported_food_wisdomfruit.json	0a2908907cc951259197172fd1b5a9d82773da44c742ca07df4091d96c848e16	PASS	Manually accepted resolved graph/schema contract; no pixel surface applies
asset_source	items/imported_magic_essence_blood_dust.json	2fdc718ae1580f78efc01040764f7a3947594a1c06e7a9b95e9839a1d6174897	PASS	Manually accepted resolved graph/schema contract; no pixel surface applies
asset_source	items/imported_magic_essence_sacred_dust.json	d4daa055c0c935197c243998cf4f06b0ccd962837dea0829bceee50c81f9cace	PASS	Manually accepted resolved graph/schema contract; no pixel surface applies
asset_source	items/imported_magic_essence_soul_dust.json	57c5c0c8af9cb683681437b9b4833d98dfa2ceb4a529c1fc3d0cb7086dfb9200	PASS	Manually accepted resolved graph/schema contract; no pixel surface applies
asset_source	items/indigo_crystal.json	8ddf62c91edfdddeb79f1e439935146ef9b0336cde49fe9b449c7d615d2a53b5	PASS	Manually accepted resolved graph/schema contract; no pixel surface applies
asset_source	items/infected_rainbow_crystal.json	55c8e24ff8aaf0f3800e4669ea3bc9023dbee75a31de0832cb87c8a5d2473e13	PASS	Manually accepted resolved graph/schema contract; no pixel surface applies
asset_source	items/iron_battle_axe.json	b25137094f18c799e4bb6e3a2a1921c10ff3de78b4977c37209d6740322f4930	PASS	Manually accepted resolved graph/schema contract; no pixel surface applies
asset_source	items/iron_broadsword.json	d8b67e1f694424943923ec27677e5432f37a00eec8421c9b1b4f7b0355bc49ca	PASS	Manually accepted resolved graph/schema contract; no pixel surface applies
asset_source	items/iron_dagger.json	51a39bb7779f7c236b6f2e1fff4b81174a80f4e262725d9ec6a75c72f10d4d9f	PASS	Manually accepted resolved graph/schema contract; no pixel surface applies
asset_source	items/iron_greataxe.json	05f462feafb1bdbbf61b83665318692d14198c3f4c8004aef403c6b02f9d31d6	PASS	Manually accepted resolved graph/schema contract; no pixel surface applies
asset_source	items/iron_halberd.json	b39d54787c704d926963d524eb152da03f8aa5d015c621994a7050a1e37fb67e	PASS	Manually accepted resolved graph/schema contract; no pixel surface applies
asset_source	items/iron_hay_sickle.json	69f7d4b8c2ce58251e2892f33f91d4d02ca8a83c6b0958fe2751f7614fa77255	PASS	Manually accepted resolved graph/schema contract; no pixel surface applies
asset_source	items/iron_mace.json	2ee4d0c79681d80087b7ad3eec13a9077e3aca74a5140e8c57c1b2955e1b4df1	PASS	Manually accepted resolved graph/schema contract; no pixel surface applies
asset_source	items/iron_polearm.json	03d1ee0837be2608806ce1e14a5490d6aa9f84b55d1e5410942c624300605820	PASS	Manually accepted resolved graph/schema contract; no pixel surface applies
asset_source	items/iron_sai.json	b49b2063389ccfa69b4b1093066c02be50c6f1b798f0646591b1da6c584c2965	PASS	Manually accepted resolved graph/schema contract; no pixel surface applies
asset_source	items/light_crystal.json	f1edc9506f37130669b945092f4c56bbb817dc76a280dab21eadcdc840068632	PASS	Manually accepted resolved graph/schema contract; no pixel surface applies
asset_source	items/light_herald_spawn_egg.json	bf531dae61052c15b4ed2fde2c48fa20af9afeb1aac73c96b616bbf42ea72a0e	PASS	Manually accepted resolved graph/schema contract; no pixel surface applies
asset_source	items/lycanbane.json	7050e820b722c0ebd7a90f3364bce603076265cc6a5431d818e85ba4e661d499	PASS	Manually accepted resolved graph/schema contract; no pixel surface applies
asset_source	items/moonlight.json	b40bf210652fae7345e02baeb3675380779951a19430e551475a905ff46123aa	PASS	Manually accepted resolved graph/schema contract; no pixel surface applies
asset_source	items/nature_sword.json	96222996c4af37a67ae55e480d5356449a34ecfaa98fef5ccea15af9ff732a43	PASS	Manually accepted resolved graph/schema contract; no pixel surface applies
asset_source	items/nocturne.json	0bb119070c0b6f4fccfedf22a805d4a6271d09e4b5915259bd39fd2dd1e0f836	PASS	Manually accepted resolved graph/schema contract; no pixel surface applies
asset_source	items/oculus.json	170329e461c80517ecd271adf6d607754a994e467f645e746a3128a35c464ef4	PASS	Manually accepted resolved graph/schema contract; no pixel surface applies
asset_source	items/orange_crystal.json	4dd49e7d529f4ae5a12323d4af453e779521099991924415eb93cfc260a5e885	PASS	Manually accepted resolved graph/schema contract; no pixel surface applies
asset_source	items/phantomguard_greatsword.json	66da3d317b5117179cc28cdf7426bf13024e5e4734168f70e211c0c45539c4c4	PASS	Manually accepted resolved graph/schema contract; no pixel surface applies
asset_source	items/phantomguard_partisan.json	54961e5e16702178640fa47f2b527de688a6c97b4148bcca890eee963db72fe2	PASS	Manually accepted resolved graph/schema contract; no pixel surface applies
asset_source	items/piercer.json	c561768211dc77a334d5793499c9ff79c1f61b9833325c332c2e7e0af90df906	PASS	Manually accepted resolved graph/schema contract; no pixel surface applies
asset_source	items/power_test_actor_spawn_egg.json	c9f21472ca5881e5c7756cb8f21a19ca61ac5959c24d2e267c9cef962e54f8f3	PASS	Manually accepted resolved graph/schema contract; no pixel surface applies
asset_source	items/pure_light.json	811d2362e9669e0f31bb418611dac738223fc886eeefb00458dd4f854501dbce	PASS	Manually accepted resolved graph/schema contract; no pixel surface applies
asset_source	items/radiant_sentinel_spawn_egg.json	f8576d070e64a94ad9f2002d91b9dc56d661e8ee03c2fc9f056e04e382e9a612	PASS	Manually accepted resolved graph/schema contract; no pixel surface applies
asset_source	items/rainbow_crystal.json	f94e279ea93fe1c5e9c3be0bbd880d9b318c4a13ed6d0476d10bd713969fc6b3	PASS	Manually accepted resolved graph/schema contract; no pixel surface applies
asset_source	items/ravenous_blade.json	cecf70d011e2cc1c632b918d92ea87e986e590af38989cf6b3d8cde95dacc5e8	PASS	Manually accepted resolved graph/schema contract; no pixel surface applies
asset_source	items/red_crystal.json	7bf974849d6af73430d94995c03267c672a88cd93c068550658f6c74d858bc9b	PASS	Manually accepted resolved graph/schema contract; no pixel surface applies
asset_source	items/revenants_darkscepter.json	89a374c62138126e08fb0d575ffc14388c18f327ad5cd1d011d7c34b14a475e5	PASS	Manually accepted resolved graph/schema contract; no pixel surface applies
asset_source	items/revenants_gravecleaver.json	15552a77a29dc9d4bd27c3988b1bb6cee55bae47aed7cd35d8689545e6fd61a3	PASS	Manually accepted resolved graph/schema contract; no pixel surface applies
asset_source	items/revenants_gravescepter.json	ad89c86d1541977f90ccb609e6b62fb9d6fecc6ca74d79bdaf9ddefa66b5e722	PASS	Manually accepted resolved graph/schema contract; no pixel surface applies
asset_source	items/runic_piercer.json	9902d51f85cda51721113acf1bd84fb0cab674b01768fb72b8cb546373f1d871	PASS	Manually accepted resolved graph/schema contract; no pixel surface applies
asset_source	items/sacrificial_cleaver.json	c3933f6640a76bcb600ac01ab3e375df056f5228706af9816b4599ae60edeca7	PASS	Manually accepted resolved graph/schema contract; no pixel surface applies
asset_source	items/skeleton_axe.json	307a4735259243113ba3e8d782371433d1215a1ff26e31205f747addc5b2f0b4	PASS	Manually accepted resolved graph/schema contract; no pixel surface applies
asset_source	items/solstice.json	1cb1d25bc9d0707fd1987f8e7c10a8f6a4e54cef53d2ed16a520ec950f9e20a3	PASS	Manually accepted resolved graph/schema contract; no pixel surface applies
asset_source	items/spider_sword.json	da619faa101f55458cefb580c6f969dab4f5e5e77f9fc9067323f56c268a049e	PASS	Manually accepted resolved graph/schema contract; no pixel surface applies
asset_source	items/talonbrand.json	5a87fa0a4e928d938b6ba3e0d532a465bb78f692a45624d3025a59d270d8f26e	PASS	Manually accepted resolved graph/schema contract; no pixel surface applies
asset_source	items/talonpick.json	f46517efa77f1d2caacfe492c24b38984e054cd77956327a30d4a677f7fc15d6	PASS	Manually accepted resolved graph/schema contract; no pixel surface applies
asset_source	items/talonshovel.json	35e9574b5f156f8186bc4106dd2f261ba7dc704b83e03ac61731c20bce0b1217	PASS	Manually accepted resolved graph/schema contract; no pixel surface applies
asset_source	items/treacherous_axe.json	3bdde2971a5e11cd0a441c30ad192da8733bf8e6f82eeb491dcc5f194bab8e46	PASS	Manually accepted resolved graph/schema contract; no pixel surface applies
asset_source	items/treacherous_bludgeon.json	29b773ff2c1d3528f2b0bf9b612a8d22b13c4f1ae5204110d148d174eb26b35a	PASS	Manually accepted resolved graph/schema contract; no pixel surface applies
asset_source	items/treacherous_cleaver.json	7ad010b98bbbe9bb1c3087ec0b7d8d63e13c145cf30e00c1104521373c2cbf6a	PASS	Manually accepted resolved graph/schema contract; no pixel surface applies
asset_source	items/uchigatana.json	d93583d9edccf9fdd01afe8d1e8035a6c577f588398a76969789ca771eaacdc9	PASS	Manually accepted resolved graph/schema contract; no pixel surface applies
asset_source	items/vaelith.json	573bed7f79f02b799a530760d8482708b4d1403a0dd183047d1094c1a91ba82c	PASS	Manually accepted resolved graph/schema contract; no pixel surface applies
asset_source	items/valhakyra.json	63645f6dcf1ecf554b34a8c5ad71fc758691f1a27fd37fa82daf6d711f8b06c7	PASS	Manually accepted resolved graph/schema contract; no pixel surface applies
asset_source	items/vengeance_blade.json	8e3eb9ff2bdb2d284dad007d8cd7cdb4387e26e862b114b446747ee3fba27e1d	PASS	Manually accepted resolved graph/schema contract; no pixel surface applies
asset_source	items/vesper.json	e7d9f54c601da1d0fd36fbd457a067043231279622f14dc245c6f39a4f4c06df	PASS	Manually accepted resolved graph/schema contract; no pixel surface applies
asset_source	items/vindicator.json	27458e90143eee006782e28d763dca7ad85697c499a2fc3f20d7f395b1284f42	PASS	Manually accepted resolved graph/schema contract; no pixel surface applies
asset_source	items/violet_crystal.json	04604023f0a0435ecf75b57e4ec083c812b0a58d7c8432bf5362bfb0adda7f12	PASS	Manually accepted resolved graph/schema contract; no pixel surface applies
asset_source	items/viridian_greataxe.json	a29c5e7bf03876fc8b31540dc97a9c8fb1e0b1d4df5a26c381346a0bdcaba79c	PASS	Manually accepted resolved graph/schema contract; no pixel surface applies
asset_source	items/viridian_pickaxe.json	8783b53710d768d46805d11b1971635ab5657585c660bee896f82d1eff9a9d49	PASS	Manually accepted resolved graph/schema contract; no pixel surface applies
asset_source	items/viridian_shovel.json	c8087c9b8747c06531bd78923097b6c19d142168fd41115efb586f1146b2aec1	PASS	Manually accepted resolved graph/schema contract; no pixel surface applies
asset_source	items/void_oculus.json	1a20e40fc7a484384eed904a25f41ed28f5f875877130ff20765fdd838f0787e	PASS	Manually accepted resolved graph/schema contract; no pixel surface applies
asset_source	items/windreaper.json	4b22d904fd7c2bc282818084dd2cca694dafab3a8d376501df81e1cbb0a44db9	PASS	Manually accepted resolved graph/schema contract; no pixel surface applies
asset_source	items/winterthorn.json	98730b460456279ade06ee7d30c9996bfd62d52656a89025bebae1a863bbb583	PASS	Manually accepted resolved graph/schema contract; no pixel surface applies
asset_source	items/wooden_bludgeon.json	6018e777c36088001eb66a66ae779f6660889e95633f6631ddc6bf7cf5f34464	PASS	Manually accepted resolved graph/schema contract; no pixel surface applies
asset_source	items/wooden_tonfa.json	ba48894030122b55fe7eb544be380d0e93c7b6e52ef3478cce277135c57531d2	PASS	Manually accepted resolved graph/schema contract; no pixel surface applies
asset_source	items/yellow_crystal.json	da8c632460cd9a7894f68bd0c878291785ddfbe7bbc1de4b4811dee7c8c74fbb	PASS	Manually accepted resolved graph/schema contract; no pixel surface applies
asset_source	items/zenith.json	b7fa9b3f9cf8e0e13894e62aa7fc5760cb4c375fd4811ce279ccf61707df2341	PASS	Manually accepted resolved graph/schema contract; no pixel surface applies
asset_source	lang/en_us.json	6b83f7784d050929fab48471828a5f423308573304a7384d50e2e2f622a808e4	PASS	Manually accepted resolved graph/schema contract; no pixel surface applies
asset_source	models/block/amethyst_ward.json	ec18f4c15589210b392233a7d721be93f8f09cd4e760282285fbb8e70f2b9b93	PASS	Manually accepted resolved graph/schema contract; no pixel surface applies
asset_source	models/block/amethyst_ward_powered.json	e82316d2c639438d73e8012bbe91040878aef58f037df899d0da90943b61950b	PASS	Manually accepted resolved graph/schema contract; no pixel surface applies
asset_source	models/block/arcane_crucible.json	7590e3936646626b46b3f6eb9b95ede6a21e742f6d79c89db685b65d872dd071	PASS	Manually accepted resolved graph/schema contract; no pixel surface applies
asset_source	models/block/arcane_crucible_active.json	5474925830ba09d0be04ff8d4483057925fc95fcfcfbed1754784928fd6db4cb	PASS	Manually accepted resolved graph/schema contract; no pixel surface applies
asset_source	models/block/darkness.json	9ac7f87cddf90c81b7af454825d8a2d8e1534a997f28c2fb58340ab6c131a7ee	PASS	Manually accepted resolved graph/schema contract; no pixel surface applies
asset_source	models/block/pure_light.json	52939669700eac75f83fb4e656b09f8a34e8557709a4b2f85fd36baec57813c3	PASS	Manually accepted resolved graph/schema contract; no pixel surface applies
asset_source	models/item/amethyst_greatblade.json	241e2fbcba8fc78e6bc09afa148c527646f34d866c611e32b9a2c4c316f47294	PASS	Manually accepted resolved graph/schema contract; no pixel surface applies
asset_source	models/item/amethyst_greatpick.json	550c5872599bfa3225f933fa4d5465053fc213d7274013c92401256e0575131c	PASS	Manually accepted resolved graph/schema contract; no pixel surface applies
asset_source	models/item/amethyst_greatshovel.json	916d82697623784d1af31da7762b21e385173f42c1985eb55bfeec46eae957dc	PASS	Manually accepted resolved graph/schema contract; no pixel surface applies
asset_source	models/item/amethyst_ward.json	17ec4c168f86a24f6c073d918db5bd235595d24e15c2fa78bef3fe05ac39c53a	PASS	Manually accepted resolved graph/schema contract; no pixel surface applies
asset_source	models/item/ancient_greatslab.json	b492f5d7b37ee367eb4555ae6a79672ffa1894a7fb8bfb0572c561d3844c60c5	PASS	Manually accepted resolved graph/schema contract; no pixel surface applies
asset_source	models/item/arcane_crucible.json	9d59a2e0d45ddd09365fc3d8a5b01febca7796a82aae553059210025a1af0dd7	PASS	Manually accepted resolved graph/schema contract; no pixel surface applies
asset_source	models/item/azure_dagger.json	8460cc3dc0bcf7d1e1e151be22c19c7115dfaa5e112d52ec121326ad1523bf88	PASS	Manually accepted resolved graph/schema contract; no pixel surface applies
asset_source	models/item/azure_greataxe.json	b27f21d322d0a757af90e71d16c172c5a76942a6caf69996bc9f6058d2b0d6bd	PASS	Manually accepted resolved graph/schema contract; no pixel surface applies
asset_source	models/item/azure_greatsword.json	613e9db6d4d89f3da64919b126a8c7f0dcf9da42f54d98dc996b58d524fc769c	PASS	Manually accepted resolved graph/schema contract; no pixel surface applies
asset_source	models/item/azure_pickaxe.json	1e09b1e3034e750429cacb2f0d79c396fac5bb9df62b309e87ae08d119ba0df5	PASS	Manually accepted resolved graph/schema contract; no pixel surface applies
asset_source	models/item/azure_sabre.json	00c4d44f1031cdbe3c3f6e6d802f7219b2bb14101559d48e7d87cd4f867de042	PASS	Manually accepted resolved graph/schema contract; no pixel surface applies
asset_source	models/item/azure_scythe.json	106512fbfe0733e0581f00f741bb73aba56f7be0d3e66745b5e63abfc9688cfa	PASS	Manually accepted resolved graph/schema contract; no pixel surface applies
asset_source	models/item/azure_shovel.json	893287c3660332ed84e5038ae052c7ebd1e2d701335b3f6b4761316d4c516e08	PASS	Manually accepted resolved graph/schema contract; no pixel surface applies
asset_source	models/item/berserkers_cleaver.json	a41ec6f3f769e8a9259ebe479c3a5c573ed9af311f077d84f9887fb3b99347e8	PASS	Manually accepted resolved graph/schema contract; no pixel surface applies
asset_source	models/item/berserkers_greataxe.json	d329b425659955e1306de1f1d6b4191b6dd73be9f1154f83616ef01032a08108	PASS	Manually accepted resolved graph/schema contract; no pixel surface applies
asset_source	models/item/black_iron_clobberer.json	23d15d0e4349ae9d1949208dbcc85dc74689039a3f3b3916de57934115c30123	PASS	Manually accepted resolved graph/schema contract; no pixel surface applies
asset_source	models/item/black_iron_greataxe.json	1f3bbf9d02c10f598e4223d44ea4c5ce0728b02bc733701aafa1c111660c5f78	PASS	Manually accepted resolved graph/schema contract; no pixel surface applies
asset_source	models/item/black_iron_greatsword.json	d9ece1b964349d31f413e7d8c2caa9352d37d1828178734524c79b30d3bdb78b	PASS	Manually accepted resolved graph/schema contract; no pixel surface applies
asset_source	models/item/blue_crystal.json	af23bd00f066c308dacefd1505926a8269e769885fe860eb05170f25640126be	PASS	Manually accepted resolved graph/schema contract; no pixel surface applies
asset_source	models/item/calamity_blade.json	53f27959edf61b7e5148d4b857b9ea0c2e552df702a8ab3788c125bb39908b8a	PASS	Manually accepted resolved graph/schema contract; no pixel surface applies
asset_source	models/item/claymore.json	71f881fb823da08a15ee0feab9d9ca8b2557dfd174992baef6c732dd74c4680a	PASS	Manually accepted resolved graph/schema contract; no pixel surface applies
asset_source	models/item/crescent_greataxe.json	2a1d8a7b8f02bb812da6b2fbeb2d73d599284c13ed64f8529eeb5b8e9570183e	PASS	Manually accepted resolved graph/schema contract; no pixel surface applies
asset_source	models/item/crimson_cleaver.json	0914375c20015baa0aad953f64bda40fa4e560ee5cebb871d595d6f959a9768d	PASS	Manually accepted resolved graph/schema contract; no pixel surface applies
asset_source	models/item/crystal_frostblade.json	473e5ee9d0692d98779b6d82d9005c938ac422793db6e1f8b77c53b69d4bf34e	PASS	Manually accepted resolved graph/schema contract; no pixel surface applies
asset_source	models/item/crystal_frostscythe.json	f6d6c5df300df4c1e5995c9f0ec8df3204eee98f23bf17bf50a7b352822bee8f	PASS	Manually accepted resolved graph/schema contract; no pixel surface applies
asset_source	models/item/dark_crystal.json	e5e6d237f3acb6f373fbbab4cda9633cff736e51315bb42873ad848d925cb42e	PASS	Manually accepted resolved graph/schema contract; no pixel surface applies
asset_source	models/item/dark_herald_spawn_egg.json	86d3e1df86df08abc1a726c1cdbc13250e906c8c3c5fd3513da7e9d89973e704	PASS	Manually accepted resolved graph/schema contract; no pixel surface applies
asset_source	models/item/darkness.json	a8e458350b3bd451f7adb8556d24cfa8cf95db76aca63b1046af6258677c6768	PASS	Manually accepted resolved graph/schema contract; no pixel surface applies
asset_source	models/item/darkness_creature_spawn_egg.json	e6ff2050fa6f1bc2ef5d295606f91949b8e68ca600943b5d02a0259842f15596	PASS	Manually accepted resolved graph/schema contract; no pixel surface applies
asset_source	models/item/demonic_sword.json	57d7e4955b45f12c2ede5241c4f6f7b0a7cdcfd13b98376b3dd1e66772ed1617	PASS	Manually accepted resolved graph/schema contract; no pixel surface applies
asset_source	models/item/demons_blood_blade.json	37665014746e8c90a92b6785131757909bdc1660217f652e90450ca8375dff81	PASS	Manually accepted resolved graph/schema contract; no pixel surface applies
asset_source	models/item/demons_blood_pick.json	4c16eee97c8ad68540a91e41f8e5df6cad883974fdaf5052fef18a99ba4e40a9	PASS	Manually accepted resolved graph/schema contract; no pixel surface applies
asset_source	models/item/demons_blood_shovel.json	a8c3af5860ddc935364d234ca1a1029435eaedbde0c94798f7a745f315c004a9	PASS	Manually accepted resolved graph/schema contract; no pixel surface applies
asset_source	models/item/demonslayers_greatsword.json	44d004297f79129eb00dd7e0bc17db8596b20698d524ad3e09474a5b230bc597	PASS	Manually accepted resolved graph/schema contract; no pixel surface applies
asset_source	models/item/dragon_sword.json	77f630c592df0686699b2f9e9441a050aad9e0a6805b4c500d7dd82678c262a3	PASS	Manually accepted resolved graph/schema contract; no pixel surface applies
asset_source	models/item/emerald_greatcleaver.json	769694d0b39862ef584b230addd4ab15a5a73c6dce9ed39bf3fda79b4ffc8593	PASS	Manually accepted resolved graph/schema contract; no pixel surface applies
asset_source	models/item/ethereal_frostblade.json	0fe7128348903c8f3b68cd461cc4c4d0696d0ca943df2ab64cd9a1778734095d	PASS	Manually accepted resolved graph/schema contract; no pixel surface applies
asset_source	models/item/first_vessel_spawn_egg.json	55140da295f88fd0fc10bc3219be6b0b253df3615539927ad3aef396eeba6df3	PASS	Manually accepted resolved graph/schema contract; no pixel surface applies
asset_source	models/item/flamberge.json	dcdd30d70f8070c66d629b4004a5e6fa8de3b9ac3e1236e08063480f120e98ad	PASS	Manually accepted resolved graph/schema contract; no pixel surface applies
asset_source	models/item/gilded_phoenix_greataxe.json	63529c2e9a6b88aad9bea96ea5269a6c9434927999ace0f98614767c92a96726	PASS	Manually accepted resolved graph/schema contract; no pixel surface applies
asset_source	models/item/gloomsteel_greataxe.json	da59f0ba353468bff0b96d306435b3f7c571d34532caa641d1954a89a326f42c	PASS	Manually accepted resolved graph/schema contract; no pixel surface applies
asset_source	models/item/gloomsteel_katana.json	70941df80d62ccd048db7880891747cb43dcb3a5d9a702f5bc8b20fecdbc2b1d	PASS	Manually accepted resolved graph/schema contract; no pixel surface applies
asset_source	models/item/gloomsteel_knife.json	765677e9132046bed9586daf03ef28ac7b092d591fd5af6d759cfb9accca3068	PASS	Manually accepted resolved graph/schema contract; no pixel surface applies
asset_source	models/item/grand_claymore.json	cce9c6149aa346ecc0e931f33b3b895fbd0cdb367893b86e856bb18bc8f23596	PASS	Manually accepted resolved graph/schema contract; no pixel surface applies
asset_source	models/item/green_crystal.json	d29243ef2afc119ed8376f7ebd5a3d24cc5dd353eaba4f158279a427b3b46fcb	PASS	Manually accepted resolved graph/schema contract; no pixel surface applies
asset_source	models/item/heavenly_partisan.json	3d61e571d8d5bbc322561b5520a09707d3c8fcf7fb56fc79e51351cc0d50220c	PASS	Manually accepted resolved graph/schema contract; no pixel surface applies
asset_source	models/item/imported_artifact_ammolite.json	4755a3e3e2b84d69928d5ae492101d296d87ec94b86e6487ecd5ad4465fdfacc	PASS	Manually accepted resolved graph/schema contract; no pixel surface applies
asset_source	models/item/imported_artifact_amulet.json	27e8752564225ffe6e5441906e770f4ac9ce4c454e5e7478bf314aaaabe133ea	PASS	Manually accepted resolved graph/schema contract; no pixel surface applies
asset_source	models/item/imported_artifact_beating_heart.json	433b6efcbc89e97918549a24e236e0e54c08ae05033d153a2dd1f2aa6d98a9ac	PASS	Manually accepted resolved graph/schema contract; no pixel surface applies
asset_source	models/item/imported_artifact_blackpearl.json	3dac2376f70e79096230859e62af9b2eba494f97e93fbaeb95e438b992dfedc3	PASS	Manually accepted resolved graph/schema contract; no pixel surface applies
asset_source	models/item/imported_artifact_bloodstone.json	3fd75bfdb81f94c1ddcc599b52ebe133c2dcf41e9ccb2dff8cb0f8721d3a12a2	PASS	Manually accepted resolved graph/schema contract; no pixel surface applies
asset_source	models/item/imported_artifact_bonefigurine.json	1af901094540314c391e36ddc493c47c68426ea52a918ab1445c43eb635842ac	PASS	Manually accepted resolved graph/schema contract; no pixel surface applies
asset_source	models/item/imported_artifact_bound_runestone_active_1.json	415a1d8425be79724cbc1ab66a7d8f2425672a5948fc070e754d78dce4d3fe35	PASS	Manually accepted resolved graph/schema contract; no pixel surface applies
asset_source	models/item/imported_artifact_bound_runestone_active_2.json	c257a396565b4f3d7f129d813fecfb2f682d13e96f7553ea5bf909a8641bc4b2	PASS	Manually accepted resolved graph/schema contract; no pixel surface applies
asset_source	models/item/imported_artifact_bound_runestone_active_3.json	2e70e57dc8459524e9f6f1aa8a959bbd445fd9d748fb5ed5602c053a41c902d4	PASS	Manually accepted resolved graph/schema contract; no pixel surface applies
asset_source	models/item/imported_artifact_bound_runestone_inert_1.json	9b3285e06f6a8021c08887901c820183e982f2a5eab82f444b93fbd7762ae385	PASS	Manually accepted resolved graph/schema contract; no pixel surface applies
asset_source	models/item/imported_artifact_bound_runestone_inert_2.json	5269c74ba422560905c147acea1eb1fe2863be4e107336bdc8e92c7917b3d3f0	PASS	Manually accepted resolved graph/schema contract; no pixel surface applies
asset_source	models/item/imported_artifact_bound_runestone_inert_3.json	6497c886ba0a0db474fe311b13738d269c392aee0376de4f7aa0dd0751c4fc45	PASS	Manually accepted resolved graph/schema contract; no pixel surface applies
asset_source	models/item/imported_artifact_bowl.json	a8b8a26a2bc4a187e804bd6eadd6f691ff52071eadfdcb4e6d41d2a1a243aae5	PASS	Manually accepted resolved graph/schema contract; no pixel surface applies
asset_source	models/item/imported_artifact_bullion.json	d5656e7160d8c905980df5b1d9967b531dbffac52b3cd3488fc31457e8214431	PASS	Manually accepted resolved graph/schema contract; no pixel surface applies
asset_source	models/item/imported_artifact_coins.json	781c2a0e1b553f0e151e41cde20d95bc56b5f0b30e981fb19e69a35334349ad7	PASS	Manually accepted resolved graph/schema contract; no pixel surface applies
asset_source	models/item/imported_artifact_corroded_copper_ring.json	5e43e4b5d4c711ca77c01f7cc0bf6389114b63ec0e02893da1ecab4be2e71106	PASS	Manually accepted resolved graph/schema contract; no pixel surface applies
asset_source	models/item/imported_artifact_dark_bone_figurine.json	fe35d7897cb28f097bab1c5e9732692ae9d79db9d8ea2771559d4c3f71c3122a	PASS	Manually accepted resolved graph/schema contract; no pixel surface applies
asset_source	models/item/imported_artifact_diamond_ring.json	a6ad3c123f2bc3535df79d47c85289bf78e02b88bbf3dc6632242dfc5c34ed1e	PASS	Manually accepted resolved graph/schema contract; no pixel surface applies
asset_source	models/item/imported_artifact_dripping_orb_1.json	5a209ec04aec3338849ca3cf51ef696a49ae4a35914a395bfee83d1164640545	PASS	Manually accepted resolved graph/schema contract; no pixel surface applies
asset_source	models/item/imported_artifact_dripping_orb_2.json	0f78ea742654403639cdcc5112017d5d02a4b6534c5283a531e6d88e7532ca9d	PASS	Manually accepted resolved graph/schema contract; no pixel surface applies
asset_source	models/item/imported_artifact_emerald_ring.json	03ffe58d1bc985b3ff7dd13c2a96b27e34e9e3a580296b05477e14d65a55c4dc	PASS	Manually accepted resolved graph/schema contract; no pixel surface applies
asset_source	models/item/imported_artifact_emperyeanjewel.json	560824bf6cdd1f6596e2b3a7f6a733e973cf910be665f467d2064c044bffbf5c	PASS	Manually accepted resolved graph/schema contract; no pixel surface applies
asset_source	models/item/imported_artifact_flute.json	c950823a346c23939ef99256ca12000936fd068afffbb3afca80bef2d08fbaa4	PASS	Manually accepted resolved graph/schema contract; no pixel surface applies
asset_source	models/item/imported_artifact_ghoul_heart.json	9772879bfd47c21cce47782a3f35c023b9879877f701b431301bf9f6895e962e	PASS	Manually accepted resolved graph/schema contract; no pixel surface applies
asset_source	models/item/imported_artifact_heart_mechanism.json	736ac42aa11d8b474f2d0402d393a63c9ac10e0f770a9547e53e51e8eecec04d	PASS	Manually accepted resolved graph/schema contract; no pixel surface applies
asset_source	models/item/imported_artifact_lodestone.json	2381de8133e8e756d797dcf9329f7ad6176428c91c16ed4b033ba5cb2e8e2060	PASS	Manually accepted resolved graph/schema contract; no pixel surface applies
asset_source	models/item/imported_artifact_malignember.json	ca27f98626ffe18f86bbb98baf5b48795105c06d7b90c5c7000e309980af089a	PASS	Manually accepted resolved graph/schema contract; no pixel surface applies
asset_source	models/item/imported_artifact_oddstone.json	1cc60f6506f00546096bae72f452932b20f2738cac1834533a177796e642ded6	PASS	Manually accepted resolved graph/schema contract; no pixel surface applies
asset_source	models/item/imported_artifact_philosopherstone.json	3fc858263aa1d4101ac07123e9fcc5529d60f4ef6449d4a75c2c085f131d6c09	PASS	Manually accepted resolved graph/schema contract; no pixel surface applies
asset_source	models/item/imported_artifact_plain_copper_ring.json	582e556e68153425784d72e03a35cf0c60cac4665e0dd79eaab71ffd761e0daf	PASS	Manually accepted resolved graph/schema contract; no pixel surface applies
asset_source	models/item/imported_artifact_ritualdagger.json	77e97a3f42919a43fff7ea88b19dd51e5bd4ef29cf79d8321051675cbb06b2fa	PASS	Manually accepted resolved graph/schema contract; no pixel surface applies
asset_source	models/item/imported_artifact_runestone_back.json	2b0ca23672dd0d938c617df9faecf6e4c419d2154f171edac2b060809bde556f	PASS	Manually accepted resolved graph/schema contract; no pixel surface applies
asset_source	models/item/imported_artifact_runestone_dark_inscribed_large.json	3596b817f7a87c46998b685476d7ade2e022a43136a4a3478ec18244bcc1584c	PASS	Manually accepted resolved graph/schema contract; no pixel surface applies
asset_source	models/item/imported_artifact_runestone_dark_inscribed_medium.json	86a5d6817330da396628acd6b7efbd88170fd30a32b8d6dbdae1dc845c0c9af6	PASS	Manually accepted resolved graph/schema contract; no pixel surface applies
asset_source	models/item/imported_artifact_runestone_dark_inscribed_small.json	cf4423ff04a0f55acb8a416f9128a1a5b38cc221f565bbefbebfe51004b927dc	PASS	Manually accepted resolved graph/schema contract; no pixel surface applies
asset_source	models/item/imported_artifact_runestone_dark_inscribed_tiny.json	7e8379e05ae550ab5f9063d45821635d0813cca597e89efdd7e8540d7efdb9c5	PASS	Manually accepted resolved graph/schema contract; no pixel surface applies
asset_source	models/item/imported_artifact_runestone_dark_large.json	8e2b9544da97b67216999375086b8d409e50a03eadba93c97f0da585bc720ad7	PASS	Manually accepted resolved graph/schema contract; no pixel surface applies
asset_source	models/item/imported_artifact_runestone_dark_medium.json	80bcdcee8a9ebd5e03716c812b7065068ef3aabde9081e6c9a1a880cf562bbec	PASS	Manually accepted resolved graph/schema contract; no pixel surface applies
asset_source	models/item/imported_artifact_runestone_dark_small.json	cfe102fae6f3752b8eff2d67141bb1d89377a999687d4b37cfe90c301d8732ac	PASS	Manually accepted resolved graph/schema contract; no pixel surface applies
asset_source	models/item/imported_artifact_runestone_dark_tiny.json	0efbc524f19c586fa2aaf3e55787dab40cd04b694ec1248b6f44c2ecb76e1964	PASS	Manually accepted resolved graph/schema contract; no pixel surface applies
asset_source	models/item/imported_artifact_runestone_frigid.json	3f5789a1b7104c768e724df8ce2b65fdc6f097694f5943129057c90b575d5a5f	PASS	Manually accepted resolved graph/schema contract; no pixel surface applies
asset_source	models/item/imported_artifact_runestone_inert.json	246426b5377e1519f87b761f7b314da8d62de22b2d0e4b5813d03371acc2accd	PASS	Manually accepted resolved graph/schema contract; no pixel surface applies
asset_source	models/item/imported_artifact_runestone_overlay_0.json	29d510aca134bf2a4333631aa751bf81ccdf612168005717ae1da02b217b2c31	PASS	Manually accepted resolved graph/schema contract; no pixel surface applies
asset_source	models/item/imported_artifact_runestone_overlay_1.json	437d9a442d6c9965cbb9854c3f2face3aa3320422a8ff54721e84c52b08ca43a	PASS	Manually accepted resolved graph/schema contract; no pixel surface applies
asset_source	models/item/imported_artifact_runestone_overlay_10.json	751b86853712cd46ac11e433ae1f5321adc948b9bdb3823d9d1e98ea10f67128	PASS	Manually accepted resolved graph/schema contract; no pixel surface applies
asset_source	models/item/imported_artifact_runestone_overlay_2.json	0fa8a6e51b9bd1227ab84785c53421ea3b99d6b1914074beec1c29c29f716ec2	PASS	Manually accepted resolved graph/schema contract; no pixel surface applies
asset_source	models/item/imported_artifact_runestone_overlay_3.json	7f9a208ec002698f3cc0c23ae379fc3effb1e8ba3d30537b6275307ee8282418	PASS	Manually accepted resolved graph/schema contract; no pixel surface applies
asset_source	models/item/imported_artifact_runestone_overlay_4.json	a2edda884341b8740a2d55a65c6fb0b205c624abced1b6d50f52f5abeba87c0e	PASS	Manually accepted resolved graph/schema contract; no pixel surface applies
asset_source	models/item/imported_artifact_runestone_overlay_5.json	1b56cc85642ed03932788981b517953118d1539524368c953e09c38667f7c3bf	PASS	Manually accepted resolved graph/schema contract; no pixel surface applies
asset_source	models/item/imported_artifact_runestone_overlay_6.json	9007152ae0e46d969c8b00fcaaacd5c370e309ff972cc8c0af5fe546a6aaafeb	PASS	Manually accepted resolved graph/schema contract; no pixel surface applies
asset_source	models/item/imported_artifact_runestone_overlay_7.json	ae39c4abfc19e2d30b1d0fe0a655704f57ea11359b28f59063e035ec8acada59	PASS	Manually accepted resolved graph/schema contract; no pixel surface applies
asset_source	models/item/imported_artifact_runestone_overlay_8.json	50362f993296910d1293bf738a404f6e7788b989fcb4678cb43faa64ea512007	PASS	Manually accepted resolved graph/schema contract; no pixel surface applies
asset_source	models/item/imported_artifact_runestone_overlay_9.json	bd41e306cc1ae4c8be76a99d5a2d24675c251eb35aab2de7aecd71a43a5ad199	PASS	Manually accepted resolved graph/schema contract; no pixel surface applies
asset_source	models/item/imported_artifact_smallpot.json	4aa036dea40ad8dcd02fdc88230202403d3c423cd5757bdd881776ad8b437a0b	PASS	Manually accepted resolved graph/schema contract; no pixel surface applies
asset_source	models/item/imported_artifact_soulmatrix.json	bcee201433e905b777a500ede236fdd9459a530a0641163277f026eca0c94d25	PASS	Manually accepted resolved graph/schema contract; no pixel surface applies
asset_source	models/item/imported_artifact_soulstone_large.json	9698cd3a76da76333932cc846b1d38dcf38ba5ba5983553791b7cb110bfa3f98	PASS	Manually accepted resolved graph/schema contract; no pixel surface applies
asset_source	models/item/imported_artifact_soulstone_large_inert.json	f9ba8ff31331fd955fc458e3f99cbaf3b72b7e05491006e9f39fac6f6e1533e5	PASS	Manually accepted resolved graph/schema contract; no pixel surface applies
asset_source	models/item/imported_artifact_soulstone_medium.json	7f9bbd86670e041d0ee47b3432153300e4bfd2188c6880f89f01b526fec4e4fe	PASS	Manually accepted resolved graph/schema contract; no pixel surface applies
asset_source	models/item/imported_artifact_soulstone_medium_inert.json	97f804b7cbf9f59cb56e698993a607f539e753d42ff5645ddba11b4d76774490	PASS	Manually accepted resolved graph/schema contract; no pixel surface applies
asset_source	models/item/imported_artifact_soulstone_small.json	5dcad44f6a3f811dd1aeb192f8c1c61611cdcb3f229b71395fd5c7418745e755	PASS	Manually accepted resolved graph/schema contract; no pixel surface applies
asset_source	models/item/imported_artifact_soulstone_small_inert.json	60c51a35981e76bb07ff6b28d41cf33e4631c7801a37c4c2d5889bf2529c72b4	PASS	Manually accepted resolved graph/schema contract; no pixel surface applies
asset_source	models/item/imported_artifact_star.json	524eaf30b92094587755f32e4272dec4a46636681b63b063f59f6ac0414afe6e	PASS	Manually accepted resolved graph/schema contract; no pixel surface applies
asset_source	models/item/imported_artifact_star_animated.json	297c4561acbf40fa3029ac10b0275f38206814f4eb22e39160549df5354cd560	PASS	Manually accepted resolved graph/schema contract; no pixel surface applies
asset_source	models/item/imported_artifact_trilobite_fossil.json	304520644d665597b301a3d85b5091033d0f25f4cb7926780ec2edb2a7009aa7	PASS	Manually accepted resolved graph/schema contract; no pixel surface applies
asset_source	models/item/imported_artifact_trilobitefossil.json	ec075343ebb9eb200e329fd3b05bc0b278a81729f4cc6f6b947ef8a9de4bc40b	PASS	Manually accepted resolved graph/schema contract; no pixel surface applies
asset_source	models/item/imported_artifact_woodheart.json	84ec827d008fec847c18e325998c171c8ab189e9b453f30eac3289e6d2b3c1af	PASS	Manually accepted resolved graph/schema contract; no pixel surface applies
asset_source	models/item/imported_blood_salts_2.json	a022761d5a46ed41caea86250f69f278b7941b29dd3afd1a9e4cac6854a4310e	PASS	Manually accepted resolved graph/schema contract; no pixel surface applies
asset_source	models/item/imported_book_grimoire_abyssal.json	0c65c17918045467d62992bfd66c05013c02ae890ed59c765939d2e067c53806	PASS	Manually accepted resolved graph/schema contract; no pixel surface applies
asset_source	models/item/imported_book_grimoire_blight.json	45cf3af1595d64212fe08dad41b2b467a0c96aafa76a91d03d91ae03d3037ca3	PASS	Manually accepted resolved graph/schema contract; no pixel surface applies
asset_source	models/item/imported_book_grimoire_celestial.json	b073125f532ba4274bcdeeaae713d730766e7d4ee18e1db2cb3217af44dc4bd5	PASS	Manually accepted resolved graph/schema contract; no pixel surface applies
asset_source	models/item/imported_book_grimoire_deep.json	2e806ad226af8137751d52dbd3af4114f4eb54965495ad5ea6e3e8b7fe5be3a6	PASS	Manually accepted resolved graph/schema contract; no pixel surface applies
asset_source	models/item/imported_book_grimoire_infernal.json	f9df7776a25bbce14b9ba52a249531071b8807e11f285084484c18b24e2bca79	PASS	Manually accepted resolved graph/schema contract; no pixel surface applies
asset_source	models/item/imported_book_grimoire_recolor.json	fb1d36d384d2530285c60a42442406340920cecc8be6ed607adfeff501d4edef	PASS	Manually accepted resolved graph/schema contract; no pixel surface applies
asset_source	models/item/imported_book_grimoire_recolor_overlay_abyssal.json	68fb81e289477cd7a2084d0a2ae65a6a7eeb6cfd6a36b3e5611b94dacaecb62a	PASS	Manually accepted resolved graph/schema contract; no pixel surface applies
asset_source	models/item/imported_book_grimoire_recolor_overlay_blight.json	060b4eacb507be2e6077596c8db52095e9ae77f03717f109ac051b1c624ece01	PASS	Manually accepted resolved graph/schema contract; no pixel surface applies
asset_source	models/item/imported_book_grimoire_recolor_overlay_celestial.json	a8ea636908a82550de40c2ae90a64a3da033e2b3e28080d7f6cd94388a82acb4	PASS	Manually accepted resolved graph/schema contract; no pixel surface applies
asset_source	models/item/imported_book_grimoire_recolor_overlay_deep.json	3b4b094746105f4d6584058801e51a90a92feb8e1ad2e3b0f132712af306314a	PASS	Manually accepted resolved graph/schema contract; no pixel surface applies
asset_source	models/item/imported_book_grimoire_recolor_overlay_infernal.json	faa690108301bd31b93c90ba3a87a469a485c9197e3d4b11a7566197309c4ac4	PASS	Manually accepted resolved graph/schema contract; no pixel surface applies
asset_source	models/item/imported_book_grimoire_recolor_overlay_wild.json	40ffce8870546cbf243ddab79058059460e72d7dc9aa077a18aa9866e0bbdbf3	PASS	Manually accepted resolved graph/schema contract; no pixel surface applies
asset_source	models/item/imported_book_grimoire_wild.json	923c6508cb66884eb33602174a74af7b2b904e6b3174ef8585977975228e449a	PASS	Manually accepted resolved graph/schema contract; no pixel surface applies
asset_source	models/item/imported_book_page_written.json	a6ee3fe532264511c4ce602dfbb11481e228b79614a366bc0a804e9f9897499d	PASS	Manually accepted resolved graph/schema contract; no pixel surface applies
asset_source	models/item/imported_book_tattered.json	b8bfedff6b822c3d26a72e55a0f320b1cacc9025ab0e7c822f273f0c5d876411	PASS	Manually accepted resolved graph/schema contract; no pixel surface applies
asset_source	models/item/imported_device_miniportal.json	5d7eb903aed3313d53c488d5d639f8db432144b9521b8dfcc700115a0d47520e	PASS	Manually accepted resolved graph/schema contract; no pixel surface applies
asset_source	models/item/imported_device_miniportal_active.json	2a469ed2d60ea9c903488d333d29e6e44b8fb3b33133b02bf9ab67bdcafb0b32	PASS	Manually accepted resolved graph/schema contract; no pixel surface applies
asset_source	models/item/imported_food_apple_green.json	965c1886428e08a6e8088a622403964e8c51edeb420497d2a72a24baee894a64	PASS	Manually accepted resolved graph/schema contract; no pixel surface applies
asset_source	models/item/imported_food_apple_wormy.json	9381cd63c0dcbf8984c655b36494da329e73d757818c0ec20ab6327e6d8c032d	PASS	Manually accepted resolved graph/schema contract; no pixel surface applies
asset_source	models/item/imported_food_apple_wormy_2.json	dba78f398f97bd43cd2a27c23b1d6d819849ddc5a19fbb4e53d8ed7c1a4dd7c3	PASS	Manually accepted resolved graph/schema contract; no pixel surface applies
asset_source	models/item/imported_food_bacon_cooked.json	5d34a4180468d8cf3e707129abf87c754f39779d8af1e4c2525c16b911a2e6db	PASS	Manually accepted resolved graph/schema contract; no pixel surface applies
asset_source	models/item/imported_food_bacon_raw.json	5f9092868e9b9640e8930581bf706624473264bf6e1b71d71b7e015216078e1b	PASS	Manually accepted resolved graph/schema contract; no pixel surface applies
asset_source	models/item/imported_food_beans.json	9f91fcacad75d45d29f4303a4e8981fc7ca5261c4dd119ded32fe47a4a637af2	PASS	Manually accepted resolved graph/schema contract; no pixel surface applies
asset_source	models/item/imported_food_beet.json	ab3166576be2f0bf57c02e7501c43e960004745d6d9e27dba6f4c908d81a6977	PASS	Manually accepted resolved graph/schema contract; no pixel surface applies
asset_source	models/item/imported_food_billberry.json	4a99729de379ead9dabd2ab5457e59f095e7720ccb05b228ea5308ec63357cc2	PASS	Manually accepted resolved graph/schema contract; no pixel surface applies
asset_source	models/item/imported_food_blackberry.json	290b32caf20ac751e71f22b831a611327410abbf399f3cd06404d7b37a839850	PASS	Manually accepted resolved graph/schema contract; no pixel surface applies
asset_source	models/item/imported_food_blueberries.json	1f1e8da40619d5c9bd4a775617cded1aedfb331562ac789a7b73ae17a526238f	PASS	Manually accepted resolved graph/schema contract; no pixel surface applies
asset_source	models/item/imported_food_bread_big.json	cdd563990c0f344c5fe8ace575232121d4d0d1da7cf47f526415f755f76c10b0	PASS	Manually accepted resolved graph/schema contract; no pixel surface applies
asset_source	models/item/imported_food_cabbage.json	c6eb09bf937ac346d8cda0a93364dfa6682319f5c68fe742209524c92d585a0a	PASS	Manually accepted resolved graph/schema contract; no pixel surface applies
asset_source	models/item/imported_food_chickpeas.json	d8f7468241eaeda601617ac1267137d1f9d3de8f084096ab61c9ddbf653ea2fc	PASS	Manually accepted resolved graph/schema contract; no pixel surface applies
asset_source	models/item/imported_food_coconut_normal.json	a4bf9c2f33a8624376aa337ea9857958f32ba07517e777faf2f2a1509084c084	PASS	Manually accepted resolved graph/schema contract; no pixel surface applies
asset_source	models/item/imported_food_coconut_opened.json	0dea5debbd57fac3795a59f5ea23e253e2e07ab70107082b7b974d9937101ffc	PASS	Manually accepted resolved graph/schema contract; no pixel surface applies
asset_source	models/item/imported_food_coconut_straw.json	3a99c3b8bbdc6ef7372e9d374b6e99327fd7395d2e5fef2520e5a1edcabced23	PASS	Manually accepted resolved graph/schema contract; no pixel surface applies
asset_source	models/item/imported_food_cranberries.json	12f7aff6e61dc33d7fa1e6e0e2abed81edf3d93bfbd8657e00c1b42ee343dcaa	PASS	Manually accepted resolved graph/schema contract; no pixel surface applies
asset_source	models/item/imported_food_fig.json	c0890a93839bb0a0d3e6785944d6693236150ba5ec0b09bf9e04cbfc186c4c34	PASS	Manually accepted resolved graph/schema contract; no pixel surface applies
asset_source	models/item/imported_food_fish_fillet_cooked.json	3e295f1e401fff68523229873d454bc059ba7555c8ce4a3b52010da5250e2571	PASS	Manually accepted resolved graph/schema contract; no pixel surface applies
asset_source	models/item/imported_food_fish_fillet_raw.json	bb5357a06ffd2f5673f493e8ce656292fff035cc76da34e0d6dcebf7ac56f37c	PASS	Manually accepted resolved graph/schema contract; no pixel surface applies
asset_source	models/item/imported_food_fish_fillet_smoked.json	3f83a20d2df6a230ff5a94641836d2abaca0bdf95a4e02805eea214e8fd02891	PASS	Manually accepted resolved graph/schema contract; no pixel surface applies
asset_source	models/item/imported_food_fisherberries.json	b405684cdbd5fd57cd6142f9c6e54120e6d232c9e2010ee8f52ef54bb1c36250	PASS	Manually accepted resolved graph/schema contract; no pixel surface applies
asset_source	models/item/imported_food_garlic.json	f4187f034d245fe81fdd8dbc062ffeaf9d79c3c8347e82403ba02ae522884e36	PASS	Manually accepted resolved graph/schema contract; no pixel surface applies
asset_source	models/item/imported_food_grapes.json	9d7b4a975073f40d3f436ea0130943b1c2c752520ac1958e09a7dfe26b9ed9d8	PASS	Manually accepted resolved graph/schema contract; no pixel surface applies
asset_source	models/item/imported_food_jerky.json	e82565e112d059d6014bfa364623bf189c20815f21969731748b1f943bf28aa3	PASS	Manually accepted resolved graph/schema contract; no pixel surface applies
asset_source	models/item/imported_food_leek.json	9e8dcbcfa635a83fb311ea24755c5de1bb7556e87bb846213599b12d41c01d55	PASS	Manually accepted resolved graph/schema contract; no pixel surface applies
asset_source	models/item/imported_food_lentils.json	b6507d85fbdbfae8c8541c33c0140dfb3bb8740d9398d87f92d1435ea0985765	PASS	Manually accepted resolved graph/schema contract; no pixel surface applies
asset_source	models/item/imported_food_lettuce.json	21776342acee117921484606fcf41ffe6ad51010d14dc7f5bdd249086ba09f20	PASS	Manually accepted resolved graph/schema contract; no pixel surface applies
asset_source	models/item/imported_food_muckroot.json	0c65359565640de1aa0078224bd6fc8ea3c91f16e95ac77b29fd6a8bf73e847d	PASS	Manually accepted resolved graph/schema contract; no pixel surface applies
asset_source	models/item/imported_food_mulberries.json	900694275ed86dac56159b515f8b5137cfbaa84fab50a502f6fccd06dbacb364	PASS	Manually accepted resolved graph/schema contract; no pixel surface applies
asset_source	models/item/imported_food_mungbean.json	422eff4e0fa24f020c39fb6b2a6c0416a6d9301bdb8613695382f15b64e1b23b	PASS	Manually accepted resolved graph/schema contract; no pixel surface applies
asset_source	models/item/imported_food_onion.json	d65dc60ab2801b0ef02194acd4b3919c77160d328db1ea359ad1d976911673f2	PASS	Manually accepted resolved graph/schema contract; no pixel surface applies
asset_source	models/item/imported_food_pantao.json	56392b0f36ae24553c113144d8e38041c571c65ea70cfac0057ea57eaa1df8f7	PASS	Manually accepted resolved graph/schema contract; no pixel surface applies
asset_source	models/item/imported_food_pepper.json	7cde401c871392b08f24fd6d47114a1fb861ad9a494c1500b5a8d4f66df7ea64	PASS	Manually accepted resolved graph/schema contract; no pixel surface applies
asset_source	models/item/imported_food_prickleberries.json	54b9bd9fe46a67187840e0a853a68c47027b864d8a1dedcdc099eae49fddc39d	PASS	Manually accepted resolved graph/schema contract; no pixel surface applies
asset_source	models/item/imported_food_radish.json	120b4879b4a3f1d88c03dff3582d60e85b4d030b916c7bd46599151ef3cc28d0	PASS	Manually accepted resolved graph/schema contract; no pixel surface applies
asset_source	models/item/imported_food_raspberries.json	630812e34ac923c89e1eb57ff69d8b41da65fe85d89a4f517cf8787e6501667d	PASS	Manually accepted resolved graph/schema contract; no pixel surface applies
asset_source	models/item/imported_food_redbeans.json	7f6ecb738d7b6171ee1d376579315fc2cfeb1eee4aca98d7566ab31c94550ed5	PASS	Manually accepted resolved graph/schema contract; no pixel surface applies
asset_source	models/item/imported_food_salmon_fillet_cooked.json	07473d61dd46059dc54edb09c7509c7736be794c6805d1823e93dec35dccd892	PASS	Manually accepted resolved graph/schema contract; no pixel surface applies
asset_source	models/item/imported_food_salmon_fillet_raw.json	3c0d699ad9a640361f59e41db72f7e6500d513702183785b38378148f82d3b28	PASS	Manually accepted resolved graph/schema contract; no pixel surface applies
asset_source	models/item/imported_food_salmon_fillet_smoked.json	dbc5536bcff07312be62d9bd8c280e01293fe971837d83342b82f95a56688bc4	PASS	Manually accepted resolved graph/schema contract; no pixel surface applies
asset_source	models/item/imported_food_sausage_cooked.json	6fab62694ab6b05fa6d54cb3b77bf291acacce0fb017fbe3899f05aa12111b98	PASS	Manually accepted resolved graph/schema contract; no pixel surface applies
asset_source	models/item/imported_food_sausage_raw.json	5d5e8f4e28a01ed22d74e40ee3e8af623e1ff8e4c8b725089a6bcc7b51f82621	PASS	Manually accepted resolved graph/schema contract; no pixel surface applies
asset_source	models/item/imported_food_silver_pear.json	95aaff9a9dc2c293315d98ecd023f6a58e306b507337c1df0c41c9e1d5fcb7d6	PASS	Manually accepted resolved graph/schema contract; no pixel surface applies
asset_source	models/item/imported_food_slab_beef_cooked.json	ee5f6d5c3d3ef1d08c8940c6b5c8f9d81be612a3d6a70a3863898dc0e7d5e073	PASS	Manually accepted resolved graph/schema contract; no pixel surface applies
asset_source	models/item/imported_food_slab_beef_raw.json	bdbed4db3bb5a72e2db69a9618bede8a1c9e005e1451eb35e0a7292adbc67c93	PASS	Manually accepted resolved graph/schema contract; no pixel surface applies
asset_source	models/item/imported_food_slab_beef_salted.json	b7bdec14c00ec3bd7d91b9edb5657d49ae86ccc624ba224373784621f8f8a123	PASS	Manually accepted resolved graph/schema contract; no pixel surface applies
asset_source	models/item/imported_food_slab_cheval_cooked.json	a100724917e688cf017c8c48bc736a973bdd5d3fdab27ad43d5dcb6f76c874a6	PASS	Manually accepted resolved graph/schema contract; no pixel surface applies
asset_source	models/item/imported_food_slab_cheval_raw.json	20cd7e6d3c3b26c7a3cc096fce3e90fbf3f04457a361653f212cc0bb414ef61f	PASS	Manually accepted resolved graph/schema contract; no pixel surface applies
asset_source	models/item/imported_food_slab_cheval_salted.json	952dfd7f4837a77212204971abc542bdee58ea68d14bf496d1cf2ef8a6fd3d93	PASS	Manually accepted resolved graph/schema contract; no pixel surface applies
asset_source	models/item/imported_food_slab_mooshroom_cooked.json	a343a985be5e3f314d67aecb407dbc1b6c686dcad67536251e7a822200da973d	PASS	Manually accepted resolved graph/schema contract; no pixel surface applies
asset_source	models/item/imported_food_slab_mooshroom_raw.json	2535524a218a98c35a45189e623be333901a2de3647b86fd66148c87d2809857	PASS	Manually accepted resolved graph/schema contract; no pixel surface applies
asset_source	models/item/imported_food_slab_pork_cooked.json	078db70f937ce9132a11cf2077c9c7b67e2c1b5792d27e57b80e5a218233cb40	PASS	Manually accepted resolved graph/schema contract; no pixel surface applies
asset_source	models/item/imported_food_slab_pork_raw.json	18f3cfc8f23bb85b41ac5b42cb8de7629038a1a257ef9c751a48185bcd8d0f37	PASS	Manually accepted resolved graph/schema contract; no pixel surface applies
asset_source	models/item/imported_food_slab_pork_salted.json	b0909b6ce1135cafd46233dbcd20359f70491428760f92fa0b15df9f67027488	PASS	Manually accepted resolved graph/schema contract; no pixel surface applies
asset_source	models/item/imported_food_slice_cantaloupe.json	eed48bfb2c7230b04a4969387cddf6caa36e40041fc8efc3453a34b5c6be74a1	PASS	Manually accepted resolved graph/schema contract; no pixel surface applies
asset_source	models/item/imported_food_slice_honeydew.json	436aa58af5e19effc0e47679d5b0077fae61fdce8f6ab2e83f8e0a160a9df5dc	PASS	Manually accepted resolved graph/schema contract; no pixel surface applies
asset_source	models/item/imported_food_slice_hornedmelon.json	89532b379c663229de5476fb19f3bcc0f14c94e150f531c2d1fc523c79352b0b	PASS	Manually accepted resolved graph/schema contract; no pixel surface applies
asset_source	models/item/imported_food_slice_squash.json	a52f8a68c015486f0b627b5af4ebbadb1002306f7855b36fd1279d84face4900	PASS	Manually accepted resolved graph/schema contract; no pixel surface applies
asset_source	models/item/imported_food_slice_wintermelon.json	a53713a445d8da36368e30b5c3838d5dcc2a0001680f1232cc98991a887f7745	PASS	Manually accepted resolved graph/schema contract; no pixel surface applies
asset_source	models/item/imported_food_spinach.json	01920f49c3676454c9115f7dab7abbe8e46f7654226b5be5039e29588619e46f	PASS	Manually accepted resolved graph/schema contract; no pixel surface applies
asset_source	models/item/imported_food_stew_sweetpod.json	62924758c67602fcae39fe8c917670c82c705f356f12f8e743a8cf6c516693e1	PASS	Manually accepted resolved graph/schema contract; no pixel surface applies
asset_source	models/item/imported_food_strawberries.json	550b73fbf995df52fdd457f51224d55f746248bd9ae053196346c05070a91423	PASS	Manually accepted resolved graph/schema contract; no pixel surface applies
asset_source	models/item/imported_food_sunberries.json	0d9bcaa18ab3dc30b05cf5eab51f169ce23209c49e1996ae21e64ad367ce6c9b	PASS	Manually accepted resolved graph/schema contract; no pixel surface applies
asset_source	models/item/imported_food_sweetpod.json	cf7fb69af53b18eca8b46256059f96d9d816226fb3a731acf459c629acd42ff1	PASS	Manually accepted resolved graph/schema contract; no pixel surface applies
asset_source	models/item/imported_food_tomato.json	38eba70c46406b505752d10165bb8cb23527567836221d825d4e5b8adea08c00	PASS	Manually accepted resolved graph/schema contract; no pixel surface applies
asset_source	models/item/imported_food_uradbean.json	572de56565f1bda89dfeb78f38db20ce6366578d29e0831d11933154d327ea37	PASS	Manually accepted resolved graph/schema contract; no pixel surface applies
asset_source	models/item/imported_food_wisdomfruit.json	eabeaf0ed27087370075a38a743c905e3f5ad8adcc5642d6f44256f2eddf4233	PASS	Manually accepted resolved graph/schema contract; no pixel surface applies
asset_source	models/item/imported_magic_essence_blood_dust.json	060c176a8f89b7b87332e21e13aa78c7ec0ba54cf7dcf95ad7439b83e3d1b513	PASS	Manually accepted resolved graph/schema contract; no pixel surface applies
asset_source	models/item/imported_magic_essence_sacred_dust.json	19281bc029760b20ff8bfe58d6b22754a8cd97c86cca7f2c6e0744edb931e432	PASS	Manually accepted resolved graph/schema contract; no pixel surface applies
asset_source	models/item/imported_magic_essence_soul_dust.json	349ec9c3e26f81911a96aaa81c81f3e15089d04d646cdd98bf6be6cbf6f10c4f	PASS	Manually accepted resolved graph/schema contract; no pixel surface applies
asset_source	models/item/indigo_crystal.json	5e5adfbc42e1fa22673b837bad7a03af07cb4a1a154d37246f59f7b77405a691	PASS	Manually accepted resolved graph/schema contract; no pixel surface applies
asset_source	models/item/infected_rainbow_crystal.json	b417ca0442bb5f3cb1511c7f9df12400cbf12bc1c7e02ea7ae2838c684e66b45	PASS	Manually accepted resolved graph/schema contract; no pixel surface applies
asset_source	models/item/iron_battle_axe.json	78baed1aa0ebd1cb8da95a2c637cbf6c39f02c2f5d2bf06aea717c8c931697b7	PASS	Manually accepted resolved graph/schema contract; no pixel surface applies
asset_source	models/item/iron_broadsword.json	cef360aa52492e6d5e939912b26d576a953c285154adf5cc214f5c9f81e524f5	PASS	Manually accepted resolved graph/schema contract; no pixel surface applies
asset_source	models/item/iron_dagger.json	95ba9b8f02e033c49f76d4212881cbddf66323a2f81f8aab3cfbca6cda5706b5	PASS	Manually accepted resolved graph/schema contract; no pixel surface applies
asset_source	models/item/iron_greataxe.json	7458e643c09c56e6df4c4fe6685c107b26bbf0c3cb5d4787cdf645c3f65fc779	PASS	Manually accepted resolved graph/schema contract; no pixel surface applies
asset_source	models/item/iron_halberd.json	7ca5e004d0d1e73ed25eea99c13d2a634313457c40753c22a70009132390edda	PASS	Manually accepted resolved graph/schema contract; no pixel surface applies
asset_source	models/item/iron_hay_sickle.json	f278c8d1c071bc1fb2d59a1a08e3c919bdc5a00b3f88e0d0ed3c8c7882198174	PASS	Manually accepted resolved graph/schema contract; no pixel surface applies
asset_source	models/item/iron_mace.json	aed2064c3060abbc916ebd6ae7133c543681f5653598e1b6b392e5c7450b937e	PASS	Manually accepted resolved graph/schema contract; no pixel surface applies
asset_source	models/item/iron_polearm.json	d1c2a5cfec826dc209ebf72c658370d2020bdd29316996d5c0e35f79b1499f83	PASS	Manually accepted resolved graph/schema contract; no pixel surface applies
asset_source	models/item/iron_sai.json	8c0acdebd3cfdde0e143d9e02f2a0f9d911264d417f960d92bae21e1f9b12420	PASS	Manually accepted resolved graph/schema contract; no pixel surface applies
asset_source	models/item/light_crystal.json	8c4f2de284386e54bf3008c78e79df6d0fd32846df1d76abd20314057312ca32	PASS	Manually accepted resolved graph/schema contract; no pixel surface applies
asset_source	models/item/light_herald_spawn_egg.json	bc50882cc42ecd0a745a17cc9290981ff2a577312a5421ff2c66eaaf67028ef1	PASS	Manually accepted resolved graph/schema contract; no pixel surface applies
asset_source	models/item/lycanbane.json	99838ebe8705bdfc09595fb8b2776c2c984d3916fe2d616b34d09e6955c4b8f3	PASS	Manually accepted resolved graph/schema contract; no pixel surface applies
asset_source	models/item/moonlight.json	5daa196ef0276442f00ee88294cd2f960847bdd2a4c5a0773c869fbd3abe911b	PASS	Manually accepted resolved graph/schema contract; no pixel surface applies
asset_source	models/item/nature_sword.json	d904ef4da0f15c19a1b32d4d2fc339d55f28782cf01590d25914bf14644b50b3	PASS	Manually accepted resolved graph/schema contract; no pixel surface applies
asset_source	models/item/nocturne.json	6316ba6405facb6f8c6608b51af5b8c7fb089b4741203ceb5fc89e0e59290e4b	PASS	Manually accepted resolved graph/schema contract; no pixel surface applies
asset_source	models/item/oculus.json	2012cd8b07ed972e84b17bfb0a65087cd9e60b558143d23fb60d517056724bec	PASS	Manually accepted resolved graph/schema contract; no pixel surface applies
asset_source	models/item/orange_crystal.json	799878b29081e7d67d4940b6a1d0cd9f7659c24845bf5d8c9277bc7f0c67b36c	PASS	Manually accepted resolved graph/schema contract; no pixel surface applies
asset_source	models/item/phantomguard_greatsword.json	accb9ec5dddd4426718c7c93e91f6f46eaee6f6574ab2a67cd372860d258c6b3	PASS	Manually accepted resolved graph/schema contract; no pixel surface applies
asset_source	models/item/phantomguard_partisan.json	d6f5a257a364a832368e55b19a30be6d8cfeec0bfa90e05dd6d2d1c4e1f330f9	PASS	Manually accepted resolved graph/schema contract; no pixel surface applies
asset_source	models/item/piercer.json	d22a4634638fb29db2277d0de581b385bb22a9495412ea1a0f229c9efd92b786	PASS	Manually accepted resolved graph/schema contract; no pixel surface applies
asset_source	models/item/power_test_actor_spawn_egg.json	d3c6ab15b0ee43fccec17611d814ed3574010aee868255c8228d381497240d1e	PASS	Manually accepted resolved graph/schema contract; no pixel surface applies
asset_source	models/item/pure_light.json	7ac26f13d23b56d76cf7cb30ea532cce6b07b197513849ed79fb04a663a04a99	PASS	Manually accepted resolved graph/schema contract; no pixel surface applies
asset_source	models/item/radiant_sentinel_spawn_egg.json	83a89422423d9b728258702d833c8ce68473d2a0397f585a7e51d5a862d3d95c	PASS	Manually accepted resolved graph/schema contract; no pixel surface applies
asset_source	models/item/rainbow_crystal.json	199ed6e33f1810c14596881249ae87160e75e18614f143922cf66fda996bb5b9	PASS	Manually accepted resolved graph/schema contract; no pixel surface applies
asset_source	models/item/ravenous_blade.json	98f510093aab0e3b5168f5b914299b10a4ba78b351cb250182db64e15c657a3f	PASS	Manually accepted resolved graph/schema contract; no pixel surface applies
asset_source	models/item/red_crystal.json	ae7e673ce99832dd33fd470ab2956c8ac585fecf0f8388a2b9f1e4a7e9d23877	PASS	Manually accepted resolved graph/schema contract; no pixel surface applies
asset_source	models/item/revenants_darkscepter.json	a7732fb5e76ea0455c2337aacffba8a4221781aae8b322a878b21147b26276ce	PASS	Manually accepted resolved graph/schema contract; no pixel surface applies
asset_source	models/item/revenants_gravecleaver.json	9891d647cd82dc76ff09e70ff2ead6acfd7f93c55cac686a0b274cc937b180f8	PASS	Manually accepted resolved graph/schema contract; no pixel surface applies
asset_source	models/item/revenants_gravescepter.json	2b90c06d91000dd75cbcd9d07eba4b4c1d7182462465d05cf92ee91a5d70c29a	PASS	Manually accepted resolved graph/schema contract; no pixel surface applies
asset_source	models/item/runic_piercer.json	7af01ca061b671f54e9b302f556a7b2764b8d1a97a38a495d268773d5db212ee	PASS	Manually accepted resolved graph/schema contract; no pixel surface applies
asset_source	models/item/sacrificial_cleaver.json	0714e7fe3608c40199fce2a7516e9be8dfc1711f39af66d6fd4f22cf196b27e3	PASS	Manually accepted resolved graph/schema contract; no pixel surface applies
asset_source	models/item/skeleton_axe.json	05c246293a95904ad80b0132eb3de606d8b639b9aa29e89c8eee16a3cca9a4a8	PASS	Manually accepted resolved graph/schema contract; no pixel surface applies
asset_source	models/item/solstice.json	4c1a741bad159b67b45a45f54ebce9643eeac57f8dc3d8c34ac85834be567fac	PASS	Manually accepted resolved graph/schema contract; no pixel surface applies
asset_source	models/item/spider_sword.json	9914b7987fb8122d230d45eedb9b21f4411791d47cead7873c8ed042c8f8ddf2	PASS	Manually accepted resolved graph/schema contract; no pixel surface applies
asset_source	models/item/talonbrand.json	536c0cd883b0100f217a95e872dbac4aeeab041f5850fa921a6ca506d185212a	PASS	Manually accepted resolved graph/schema contract; no pixel surface applies
asset_source	models/item/talonpick.json	79d300208ae5ceb71e0cfa6c36ff2b9024ba310e239afd7a9fd6f7f666129131	PASS	Manually accepted resolved graph/schema contract; no pixel surface applies
asset_source	models/item/talonshovel.json	8173ff3fc7b8b2681e956d248ec5cc64d69901ead3ed6b7256091625092eeffc	PASS	Manually accepted resolved graph/schema contract; no pixel surface applies
asset_source	models/item/treacherous_axe.json	9206a751e4914716f746d6751b8d2beb167d3c640cecde9602a710fada9071e6	PASS	Manually accepted resolved graph/schema contract; no pixel surface applies
asset_source	models/item/treacherous_bludgeon.json	069fdddd365df573966e310253cf58b791dd919e4ccccac4167660a2ec82e19f	PASS	Manually accepted resolved graph/schema contract; no pixel surface applies
asset_source	models/item/treacherous_cleaver.json	08b2efe2ef9a28c09afbb477cda3f3f298b73a0e3c2e748033317e48e24fa075	PASS	Manually accepted resolved graph/schema contract; no pixel surface applies
asset_source	models/item/uchigatana.json	c5d82e84db0be07e1cc4f0f487a73d977da3e6ca8e128f606b48f15e81ddc2d1	PASS	Manually accepted resolved graph/schema contract; no pixel surface applies
asset_source	models/item/vaelith.json	6a4fce9e1e540c8d8187c56f807145543a6656dc87e156210705659cce243833	REPAIRED	Corrected item transform/model contract manually reviewed in replacement production renders
asset_source	models/item/valhakyra.json	33a381be59cd50a21f804d52a0ea51a8f22c1ce918dc7f768b7ca28fbeba45eb	PASS	Manually accepted resolved graph/schema contract; no pixel surface applies
asset_source	models/item/vengeance_blade.json	1012f248f5f8cdbaa7710fb912b6ef922f7edc1c5723e4e16bbc27bc82d4b9fc	PASS	Manually accepted resolved graph/schema contract; no pixel surface applies
asset_source	models/item/vesper.json	c03926284612ffd18912dd162aa5806024502f5c20e6cabbe016d9f11d8da8a1	PASS	Manually accepted resolved graph/schema contract; no pixel surface applies
asset_source	models/item/vindicator.json	afc0a18e38fc1625277bedde88b495602d4a5141aedc63a0135aa0b7f7c6677d	PASS	Manually accepted resolved graph/schema contract; no pixel surface applies
asset_source	models/item/violet_crystal.json	2b904528f98b7845df46833d14184107d4a8016d9bbae5ee68aecd3d58e3a770	PASS	Manually accepted resolved graph/schema contract; no pixel surface applies
asset_source	models/item/viridian_greataxe.json	2ee2070f936b612060c7a3b542ce93ba311f70638ff4b89b976b5110efb3d31a	PASS	Manually accepted resolved graph/schema contract; no pixel surface applies
asset_source	models/item/viridian_pickaxe.json	ec83054006b964379e9dc01708752eddc3cba8b0652ad5ec29d362f90cc84ad2	PASS	Manually accepted resolved graph/schema contract; no pixel surface applies
asset_source	models/item/viridian_shovel.json	af2651707c04832af06904ccf6869cd5186971830037413e792195f57051edd8	PASS	Manually accepted resolved graph/schema contract; no pixel surface applies
asset_source	models/item/void_oculus.json	a9d3ed31c617baa16326c33a70ce00a729acb2ccd7d3a115b0e1c1cc87a62107	REPAIRED	Corrected item transform/model contract manually reviewed in replacement production renders
asset_source	models/item/windreaper.json	b8829f9d950f5aa7e790e20d4e5c9a60be38a802df5fa4ae4852489af12f73ed	PASS	Manually accepted resolved graph/schema contract; no pixel surface applies
asset_source	models/item/winterthorn.json	bc04208f9d9c3fac232245df0307f691d1f0121bb14871fd4c9d8f456f7c70c5	PASS	Manually accepted resolved graph/schema contract; no pixel surface applies
asset_source	models/item/wooden_bludgeon.json	e67b48ac5acb6aa7b6ee5c60702963790cca7c4b1df3bd0dffe4047b723f394e	PASS	Manually accepted resolved graph/schema contract; no pixel surface applies
asset_source	models/item/wooden_tonfa.json	3bf4ae62249c6ebcd51f24566edf5cf7c4bb5d329b5f6f0f715c877fcb950ec9	PASS	Manually accepted resolved graph/schema contract; no pixel surface applies
asset_source	models/item/yellow_crystal.json	b382b52f70e3134e3bd832ac8c09b63dbe344bd4bc9d192e870f2fdc48fd5884	PASS	Manually accepted resolved graph/schema contract; no pixel surface applies
asset_source	models/item/zenith.json	15a30170e16ec5ec631619de8a703fd8c2402ba463332cf7fc776125de7aa281	PASS	Manually accepted resolved graph/schema contract; no pixel surface applies
asset_source	particles/eclipse.json	e9b7e1861661d4d487bd7cf22c83f8641ff3b2fcd60ae352778b06e0202d51cc	PASS	Manually accepted resolved graph/schema contract; no pixel surface applies
asset_source	particles/fracture.json	913af2001863a038f44bff7d01d2bcc3c083c645f44cdb8bb8ffb9b90f9844af	PASS	Manually accepted resolved graph/schema contract; no pixel surface applies
asset_source	particles/glyph.json	465b271539a2ede2fa84422c2a7dc335a5cc388128b84c8a701d9c0a23e37aeb	PASS	Manually accepted resolved graph/schema contract; no pixel surface applies
asset_source	particles/mote.json	a2e8a3d7dae11e90b708f266e564841a63f8e749a98f63cf0dfd37ebf0bef4f0	PASS	Manually accepted resolved graph/schema contract; no pixel surface applies
asset_source	particles/ribbon.json	61978b52277c83f6d328bb82ecc7cd9e66834fd1756b7850a61524b24c7a9970	PASS	Manually accepted resolved graph/schema contract; no pixel surface applies
asset_source	particles/root.json	e09411967edef0e5f2345fd83209690644680fa7c8d56599781487ef0b165a65	PASS	Manually accepted resolved graph/schema contract; no pixel surface applies
asset_source	particles/shard.json	aabb8e3d848ad65bfbfe32dbcb7404f276784ed654dd711d711c83396193a0d0	PASS	Manually accepted resolved graph/schema contract; no pixel surface applies
asset_source	particles/spark.json	ab031656cf84397660b0ab319427ea154c1c447a8caad6c11b42df2b7fafdac0	PASS	Manually accepted resolved graph/schema contract; no pixel surface applies
asset_source	sounds.json	2b1400f53c954f63508ce943347014d37248d93a4f1d22b6c9f951a0906b8cc8	PASS	Manually accepted resolved graph/schema contract; no pixel surface applies
asset_source	sounds/magic/amethyst_fracture.ogg	cf4b766784c8e02f64be0f1ca65dbcc7e101d88cfc1ca7eba774a10a4f8d9730	PASS	Manually accepted resolved graph/schema contract; no pixel surface applies
asset_source	sounds/magic/beam_ring.ogg	153bbff4612747c4d2136d43b6b344d4015edba30ab33fc6d1e03ae62f4c0f44	PASS	Manually accepted resolved graph/schema contract; no pixel surface applies
asset_source	sounds/magic/boss_impact_ring.ogg	38431cc371245609942eaf730bd5a4eda890599b19f54fbe93b935af469b465e	PASS	Manually accepted resolved graph/schema contract; no pixel surface applies
asset_source	sounds/magic/celestial_ring.ogg	7d17c163117c29faef8c3f4e691cad7a3a048aace66f3e02a333de3c41eb3675	PASS	Manually accepted resolved graph/schema contract; no pixel surface applies
asset_source	sounds/magic/crystal_resonate.ogg	c60c2c2d529f6c0a63aa7a1a6b85ceba0cbe3b37fb7988e4c421d0bbaae850b8	PASS	Manually accepted resolved graph/schema contract; no pixel surface applies
asset_source	sounds/magic/dark_whisper.ogg	928def2015813e8473751a98d2aebdf5c5e9e2c538c0f8c1859899caf91cf671	PASS	Manually accepted resolved graph/schema contract; no pixel surface applies
asset_source	sounds/magic/interaction_clash.ogg	7705651a85efefc79fef7e8407f1c9596e9e9b99cf64f1011cff33167825a1c4	PASS	Manually accepted resolved graph/schema contract; no pixel surface applies
asset_source	sounds/magic/light_chorus.ogg	1a3d2a9cc6365fb94d1d8e9b7d90e6ce88a607edfb66553e7b21764a7c9719bf	PASS	Manually accepted resolved graph/schema contract; no pixel surface applies
asset_source	sounds/magic/rank_awaken.ogg	2ecb05ec2ac33da49561d58d71c1694e9ab8a4e50d0996d0e58633d9bce9125e	PASS	Manually accepted resolved graph/schema contract; no pixel surface applies
asset_source	sounds/magic/rift_close.ogg	bd9d9a613fbe93333e0c48ef1d269a33a411d6c8f3e6d3ed10f248e5860b56fc	PASS	Manually accepted resolved graph/schema contract; no pixel surface applies
asset_source	sounds/magic/rift_open.ogg	8df0b971bbce6ee0320af21c43e44b111c414a477125bb59ed92a844f04a4297	PASS	Manually accepted resolved graph/schema contract; no pixel surface applies
asset_source	sounds/magic/rune_hum.ogg	118dc8302b2f5e323b6c76b9a0defdadac8a261cfaf005dc53887d3f7d65995c	PASS	Manually accepted resolved graph/schema contract; no pixel surface applies
asset_source	sounds/magic/soul_tether.ogg	bf4aa1de0fee1dd0e813eb6186518c5799713519eca951044342327d0691b4f8	PASS	Manually accepted resolved graph/schema contract; no pixel surface applies
asset_source	sounds/magic/time_release.ogg	2d60851b092a93b02b3155427d65f70e50983c85e08f237de50dfca452328c6d	PASS	Manually accepted resolved graph/schema contract; no pixel surface applies
asset_source	sounds/magic/time_suspend.ogg	6c90a77a5ed57c6a27915365ef6aa8aef90e27ca064d4fbfd742e4c0c88bfac2	PASS	Manually accepted resolved graph/schema contract; no pixel surface applies
asset_source	sounds/magic/ward_impact.ogg	b25b0ca05e774ea71f93af66495eddf4d8ec722008c33fa7a2e080ce14de94db	PASS	Manually accepted resolved graph/schema contract; no pixel surface applies
asset_source	textures/block/amethyst_ward_side_off.png	27b6fca2856efafb0ac5097143673bb5edce8f9df55d6fe9224563561588a27d	PASS	Manually reviewed all frame/mip page locations; structural/pixel evidence only
asset_source	textures/block/amethyst_ward_side_on.png	c0628c5b5ada0767ef3fe06b5119669cbe5005d02935d6a2a7da43b3a3983bc9	PASS	Manually reviewed all frame/mip page locations; structural/pixel evidence only
asset_source	textures/block/amethyst_ward_side_on.png.mcmeta	4d3bcabd831820ae892daed495e47ad3f449c73d8d19f6e6326774e9e87bbb94	PASS	Manually accepted resolved graph/schema contract; no pixel surface applies
asset_source	textures/block/amethyst_ward_up_off.png	8d70c7ba75026213a11b600af849c935ae1fc1d0c9b9a89739429dcd5d8a2b8f	PASS	Manually reviewed all frame/mip page locations; structural/pixel evidence only
asset_source	textures/block/amethyst_ward_up_on.png	b76c898fcf41f456ba2e3ed1cb8c111cd0fd7b9adee99799aa060dd2ef3beba0	PASS	Manually reviewed all frame/mip page locations; structural/pixel evidence only
asset_source	textures/block/amethyst_ward_up_on.png.mcmeta	eace6bdad2fa4c741aa96fdf810563a8d32010cf7dc16926de5f32d44acec0ce	PASS	Manually accepted resolved graph/schema contract; no pixel surface applies
asset_source	textures/block/darkness.png	2e0a9a2d5f28563463f634d5b81ec2ef90d91afe472a0c6e2c6ef4082f93ec5f	PASS	Manually reviewed all frame/mip page locations; structural/pixel evidence only
asset_source	textures/block/device_brooding_forge_2.png	311f0c6401b73a80da5609f7a3248ed6b5eea82d35d1787f2ee2e993c04af6c4	PASS	Manually reviewed all frame/mip page locations; structural/pixel evidence only
asset_source	textures/block/device_brooding_forge_side_off.png	27b6fca2856efafb0ac5097143673bb5edce8f9df55d6fe9224563561588a27d	PASS	Manually reviewed all frame/mip page locations; structural/pixel evidence only
asset_source	textures/block/device_brooding_forge_side_on.png	c0628c5b5ada0767ef3fe06b5119669cbe5005d02935d6a2a7da43b3a3983bc9	PASS	Manually reviewed all frame/mip page locations; structural/pixel evidence only
asset_source	textures/block/device_brooding_forge_side_on.png.mcmeta	4d3bcabd831820ae892daed495e47ad3f449c73d8d19f6e6326774e9e87bbb94	PASS	Manually accepted resolved graph/schema contract; no pixel surface applies
asset_source	textures/block/device_brooding_forge_up_off.png	8d70c7ba75026213a11b600af849c935ae1fc1d0c9b9a89739429dcd5d8a2b8f	PASS	Manually reviewed all frame/mip page locations; structural/pixel evidence only
asset_source	textures/block/device_brooding_forge_up_on.png	b76c898fcf41f456ba2e3ed1cb8c111cd0fd7b9adee99799aa060dd2ef3beba0	PASS	Manually reviewed all frame/mip page locations; structural/pixel evidence only
asset_source	textures/block/device_brooding_forge_up_on.png.mcmeta	eace6bdad2fa4c741aa96fdf810563a8d32010cf7dc16926de5f32d44acec0ce	PASS	Manually accepted resolved graph/schema contract; no pixel surface applies
asset_source	textures/block/pure_light.png	430c4a11827d224f42606ed8672beea2793f385db93046a3fdf27b71873ca409	PASS	Manually reviewed all frame/mip page locations; structural/pixel evidence only
asset_source	textures/entity/dark_herald.png	e7622c91eed50325035e8f9d580a25dac2085a33ba80ba6daa772fd3a4773b18	PASS	Manually reviewed all frame/mip page locations; structural/pixel evidence only
asset_source	textures/entity/darkness_player.png	e0c5949f45e1509f2423e85f7ef3df2069c7f09d647312f0829cf413d286751c	PASS	Manually reviewed all frame/mip page locations; structural/pixel evidence only
asset_source	textures/entity/first_vessel.png	83245b548a10881d90211d23c3e1baeb8350589145ed10cb381c9a308ed13f9d	PASS	Manually reviewed all frame/mip page locations; structural/pixel evidence only
asset_source	textures/entity/light_herald.png	d35fbe1f2294a19594cf816dd44395f32a2521f995a38ea5e4923a12cc669e21	PASS	Manually reviewed all frame/mip page locations; structural/pixel evidence only
asset_source	textures/entity/radiant_sentinel.png	2b3a8fdd3e0a7e786d6254a8ddf7ff76252991cd1ee09810dbda500dc918b295	PASS	Manually reviewed all frame/mip page locations; structural/pixel evidence only
asset_source	textures/entity/test_actor.png	a36cd91fd2f8339d2fb8c31819817137a3e0aea8f6d77ce9e0bc935631f9b0b7	PASS	Manually reviewed all frame/mip page locations; structural/pixel evidence only
asset_source	textures/gui/advancements/backgrounds/radiant_path.png	7d027877c1306276b024ec1dad3060e0de08ea090bfc904664f0f041a23b2356	PASS	Manually reviewed all frame/mip page locations; structural/pixel evidence only
asset_source	textures/gui/advancements/backgrounds/shadow_path.png	bdc8a02990ac5f3bdf41e2158e39428ee25e98bbb5cefb27da5f6f0ba0427f1f	PASS	Manually reviewed all frame/mip page locations; structural/pixel evidence only
asset_source	textures/gui/energy_symbols.png	62435ce1269566cbb49d6327ba11ec9cb46de6165e1f2f36256b1ca91d052421	PASS	Manually reviewed all frame/mip page locations; structural/pixel evidence only
asset_source	textures/gui/locator_panel.png	3255f1e09f0c6416a8b2b8258cde190f68f3b8bb5b735cd21fb6d1ad6273393e	PASS	Manually reviewed all frame/mip page locations; structural/pixel evidence only
asset_source	textures/gui/power_slot.png	0126f9ebefcae017a3a3737ac38e791cf71d936c2b305216150901ecfad65acd	PASS	Manually reviewed all frame/mip page locations; structural/pixel evidence only
asset_source	textures/gui/power_slot_active.png	69c00eb92a5fb19d7c30fe70e3762f334940462ef621aab9bf9b1df95c023235	PASS	Manually reviewed all frame/mip page locations; structural/pixel evidence only
asset_source	textures/gui/rank_maze/dark_panel.png	b12bd1b0e04158ad42d2126005237eeb1ae38a8d885c2f6e4d903adbc4fbea9a	PASS	Manually reviewed all frame/mip page locations; structural/pixel evidence only
asset_source	textures/gui/rank_maze/light_panel.png	9ad24a6b8c5904c76176732c7779aae1f5464ebb69de8a66ea2e255127e6f978	PASS	Manually reviewed all frame/mip page locations; structural/pixel evidence only
asset_source	textures/gui/teleport_panel.png	ea40205aceabad4c2de64658f2dde6b51cdb9c88243c089950357aa87706067b	PASS	Manually reviewed all frame/mip page locations; structural/pixel evidence only
asset_source	textures/imported/blocks/overlay_blood.png	3bd128556e35620c9a7cddeb656a5cafefac0c74dc4f355f55248efa11b831b2	PASS	Manually reviewed all frame/mip page locations; structural/pixel evidence only
asset_source	textures/imported/blocks/overlay_blood_all.png	7a533f89614cdc664b0e7e044a99a7e55dcfa079b060a73ac0a42e3e6cdb50ea	PASS	Manually reviewed all frame/mip page locations; structural/pixel evidence only
asset_source	textures/imported/blocks/overlay_blood_east.png	72f879a5824fbf95389fc27bd6d1aaaed974e86f508fc11de3679de1542649e8	PASS	Manually reviewed all frame/mip page locations; structural/pixel evidence only
asset_source	textures/imported/blocks/overlay_blood_eastwest.png	fc078dd7f0f89d58bbcb068934adf46e51e5a13f884fa1f9bfa40fa2f4fca2b0	PASS	Manually reviewed all frame/mip page locations; structural/pixel evidence only
asset_source	textures/imported/blocks/overlay_blood_noeast.png	e5a7d812de5e495b006e180b46b786cbca8e6f68574e4480fd090bef84dc37ff	PASS	Manually reviewed all frame/mip page locations; structural/pixel evidence only
asset_source	textures/imported/blocks/overlay_blood_nonorth.png	a87201c2cee5ad5723d323b9c482cb23ed578898178755afee51a9d831cb057d	PASS	Manually reviewed all frame/mip page locations; structural/pixel evidence only
asset_source	textures/imported/blocks/overlay_blood_north.png	22fb27a03f7ab60d8790d439a11eddd972bc0bf6ffa1d624568023845495f771	PASS	Manually reviewed all frame/mip page locations; structural/pixel evidence only
asset_source	textures/imported/blocks/overlay_blood_northeast.png	9250442270369d85398f7dbe3a6cf1f044e4a914ed43852559b4bebec1a6262f	PASS	Manually reviewed all frame/mip page locations; structural/pixel evidence only
asset_source	textures/imported/blocks/overlay_blood_northsouth.png	6e531b43b1504522128584fd90c459993c67221f43b4847a3fbfc5b342ff412e	PASS	Manually reviewed all frame/mip page locations; structural/pixel evidence only
asset_source	textures/imported/blocks/overlay_blood_northwest.png	88ee0aa0ae99a8cebd39b9c08cb1f2b8a0a507f436b2c8c9cd3a17e759f450bf	PASS	Manually reviewed all frame/mip page locations; structural/pixel evidence only
asset_source	textures/imported/blocks/overlay_blood_nosouth.png	20a2f33c1b6fb6cad1895c31569954f80daf29f516a704d899f8d142aa1ec8bf	PASS	Manually reviewed all frame/mip page locations; structural/pixel evidence only
asset_source	textures/imported/blocks/overlay_blood_nowest.png	ec27a70052ef408843e7b05dfd050d3623561e853c3d51e28fd35354135728d9	PASS	Manually reviewed all frame/mip page locations; structural/pixel evidence only
asset_source	textures/imported/blocks/overlay_blood_side_0.png	0e91c231073d898ec43a7d905fb7c0231a07085e8e7b1831e352192c210bc74e	PASS	Manually reviewed all frame/mip page locations; structural/pixel evidence only
asset_source	textures/imported/blocks/overlay_blood_side_1.png	03c7252e17e33a2a1fdc594a9606bdc74081d047b00bd6263c8339055502b4c8	PASS	Manually reviewed all frame/mip page locations; structural/pixel evidence only
asset_source	textures/imported/blocks/overlay_blood_side_2.png	35a38aa1d34bf4e611fb9a0468fe77cfec684643deef998def9ea8075293adab	PASS	Manually reviewed all frame/mip page locations; structural/pixel evidence only
asset_source	textures/imported/blocks/overlay_blood_side_3.png	8b1f99ce1f86a8363fda6a822a205b5b9d73f82fef2a362b29a9940e0f8b22be	PASS	Manually reviewed all frame/mip page locations; structural/pixel evidence only
asset_source	textures/imported/blocks/overlay_blood_south.png	f7a9dd72a403c2483014160d286566ad7672a66aebd070c4720d80602c45d52a	PASS	Manually reviewed all frame/mip page locations; structural/pixel evidence only
asset_source	textures/imported/blocks/overlay_blood_southeast.png	20f8e1764f3328fe9de2776f5ca38bb3aa52d10702f1da1fad624868b7c68dec	PASS	Manually reviewed all frame/mip page locations; structural/pixel evidence only
asset_source	textures/imported/blocks/overlay_blood_southwest.png	bc84bed319cde699eb61d18cb3d8cc4860d631e6cc7f6ea88841077f3de8c854	PASS	Manually reviewed all frame/mip page locations; structural/pixel evidence only
asset_source	textures/imported/blocks/overlay_blood_west.png	86e4d98ec2809b0208ee71b042f4de67dd8e2fb4fc55a978ebe4908022d64e64	PASS	Manually reviewed all frame/mip page locations; structural/pixel evidence only
asset_source	textures/imported/blocks/overlay_rune_0.png	2b8a3e9f9d446aa688540f6474bbc7c0fd0166a5603a5994bb5353f853a26e6a	PASS	Manually reviewed all frame/mip page locations; structural/pixel evidence only
asset_source	textures/imported/blocks/overlay_rune_1.png	62729e8f989505ef053dfaec38e3cfa17b7a54c9874eca8495a5cd3779a3600e	PASS	Manually reviewed all frame/mip page locations; structural/pixel evidence only
asset_source	textures/imported/blocks/overlay_rune_10.png	d6583881767b258fbf492e786b3e53dfff55d438f74e75f99ec5c815f7d6b963	PASS	Manually reviewed all frame/mip page locations; structural/pixel evidence only
asset_source	textures/imported/blocks/overlay_rune_11.png	31b9c082caf40f54068b06c49a53317b2b0bdf7e8688c18758d692fdd3e195ee	PASS	Manually reviewed all frame/mip page locations; structural/pixel evidence only
asset_source	textures/imported/blocks/overlay_rune_12.png	b9ee8cf92f17737b91a76e0f4e72c5acc515d577c4fa319cc8a37a26085e2449	PASS	Manually reviewed all frame/mip page locations; structural/pixel evidence only
asset_source	textures/imported/blocks/overlay_rune_13.png	061c7099ca96668b3a166a439e4a20997d17f0576c7ad78f240788db11d61d9b	PASS	Manually reviewed all frame/mip page locations; structural/pixel evidence only
asset_source	textures/imported/blocks/overlay_rune_14.png	681104ac888a5e78bce76bdbc0ad00d2b6f16080d759aa2d1fe8eb00139f47bc	PASS	Manually reviewed all frame/mip page locations; structural/pixel evidence only
asset_source	textures/imported/blocks/overlay_rune_15.png	ef74c94c283b12f62af8d92173202315f827dce0f4f4662ddd61336801385d9f	PASS	Manually reviewed all frame/mip page locations; structural/pixel evidence only
asset_source	textures/imported/blocks/overlay_rune_2.png	97014709544815918e5f16f8767e49fc9c77b243400b6635a6bcc1d201d77490	PASS	Manually reviewed all frame/mip page locations; structural/pixel evidence only
asset_source	textures/imported/blocks/overlay_rune_3.png	53a8430122f543c8b9967bd20bdbc568ad0176ce172f1243d060e1a587393b39	PASS	Manually reviewed all frame/mip page locations; structural/pixel evidence only
asset_source	textures/imported/blocks/overlay_rune_4.png	597e8a253cef13a4e2dcf2b02645100312e3778ddaf8cbb9875f19a1bb0cc9eb	PASS	Manually reviewed all frame/mip page locations; structural/pixel evidence only
asset_source	textures/imported/blocks/overlay_rune_5.png	50ec96163e86902c350c7fbf5a70c526e88abe1f8de318ffe1c5e0df1426a683	PASS	Manually reviewed all frame/mip page locations; structural/pixel evidence only
asset_source	textures/imported/blocks/overlay_rune_6.png	07f44819ea04e0015bddee5d83b97040be60b86a96cff0736f6a10dfecff6c2c	PASS	Manually reviewed all frame/mip page locations; structural/pixel evidence only
asset_source	textures/imported/blocks/overlay_rune_7.png	29d3562b4402a45e206c14619bb7a56d23a7e8f2f4b140b57338bc31b8ece164	PASS	Manually reviewed all frame/mip page locations; structural/pixel evidence only
asset_source	textures/imported/blocks/overlay_rune_8.png	c7f4e42c2dc9ec98884dc49d59823dc12573c285c12a3e065becc1dd32246f2a	PASS	Manually reviewed all frame/mip page locations; structural/pixel evidence only
asset_source	textures/imported/blocks/overlay_rune_9.png	d4a7ac2f6c3d3fde7c8fad7b7a7665941d1d9be99cdeca540e3bdbed7c1ccf42	PASS	Manually reviewed all frame/mip page locations; structural/pixel evidence only
asset_source	textures/imported/fluids/fluid_blue_goo.png	5b748518876fce6dc947cc8c244266f0ef3d7d4e0c6fc18bf7d60334949e51d4	PASS	Manually reviewed all frame/mip page locations; structural/pixel evidence only
asset_source	textures/imported/fluids/fluid_blue_goo.png.mcmeta	d859a74124fbfe6745e73c7bbf5af93ac70a427f40067f5dd60910aa46c10c14	PASS	Manually accepted resolved graph/schema contract; no pixel surface applies
asset_source	textures/imported/fluids/fluid_decaying_gel.png	4cd251f6c032b1cc865bd3dec4b857a5b59d10fa2ce57ab75df5a228f4a5807f	PASS	Manually reviewed all frame/mip page locations; structural/pixel evidence only
asset_source	textures/imported/fluids/fluid_decaying_gel.png.mcmeta	d17dc69777a402e458911a6201eccbd1b2e1c8b390d30b68da2cc18015d627f1	PASS	Manually accepted resolved graph/schema contract; no pixel surface applies
asset_source	textures/imported/fluids/fluid_evil.png	70e3876253255499984cf94d37e2e3c2f507c456ee30a70ab7e631af8643485f	PASS	Manually reviewed all frame/mip page locations; structural/pixel evidence only
asset_source	textures/imported/fluids/fluid_evil.png.mcmeta	d17dc69777a402e458911a6201eccbd1b2e1c8b390d30b68da2cc18015d627f1	PASS	Manually accepted resolved graph/schema contract; no pixel surface applies
asset_source	textures/imported/fluids/fluid_gas_beige.png	e61a6bcbbd07bd15b195a9548dfa818a758413171bef2aed2342c87258fb41df	PASS	Manually reviewed all frame/mip page locations; structural/pixel evidence only
asset_source	textures/imported/fluids/fluid_gas_beige.png.mcmeta	d859a74124fbfe6745e73c7bbf5af93ac70a427f40067f5dd60910aa46c10c14	PASS	Manually accepted resolved graph/schema contract; no pixel surface applies
asset_source	textures/imported/fluids/fluid_gas_dark.png	3613ee2cae631758a0a86ee724db520cf0ed7c3405dd93fe14d895e87bc2d6d7	PASS	Manually reviewed all frame/mip page locations; structural/pixel evidence only
asset_source	textures/imported/fluids/fluid_gas_dark.png.mcmeta	d859a74124fbfe6745e73c7bbf5af93ac70a427f40067f5dd60910aa46c10c14	PASS	Manually accepted resolved graph/schema contract; no pixel surface applies
asset_source	textures/imported/fluids/fluid_green_goo.png	9f76d5d0ba5d2f10ee5369565e2f43bd321953b694ed5dfcf0f4d31d17b29855	PASS	Manually reviewed all frame/mip page locations; structural/pixel evidence only
asset_source	textures/imported/fluids/fluid_green_goo.png.mcmeta	eace6bdad2fa4c741aa96fdf810563a8d32010cf7dc16926de5f32d44acec0ce	PASS	Manually accepted resolved graph/schema contract; no pixel surface applies
asset_source	textures/imported/fluids/fluid_molten.png	f11da8abda6f30e2a4ea099a6556d23f574c338f04316d1756121335e16ddefb	PASS	Manually reviewed all frame/mip page locations; structural/pixel evidence only
asset_source	textures/imported/fluids/fluid_molten.png.mcmeta	da6b19c34c62f4dc113ae428b3dc1b6b23d703e7573ee44fd3c84494c00a6b8d	PASS	Manually accepted resolved graph/schema contract; no pixel surface applies
asset_source	textures/imported/fluids/fluid_molten_colorshifting.png	6f56f79430185fa6633d8c5185412f651e5f8a20d580815b5596966ff12d6f35	PASS	Manually reviewed all frame/mip page locations; structural/pixel evidence only
asset_source	textures/imported/fluids/fluid_molten_colorshifting.png.mcmeta	cc861f52feae5d8499112b3146be6d480d764224ee09c1f517dffbca8c1c1ff4	PASS	Manually accepted resolved graph/schema contract; no pixel surface applies
asset_source	textures/imported/fluids/fluid_molten_wax.png	12ed1f21b5112fbfb3a8c482e467c5f4a563f036ef824b82187d7c78e1f19cd5	PASS	Manually reviewed all frame/mip page locations; structural/pixel evidence only
asset_source	textures/imported/fluids/fluid_molten_wax.png.mcmeta	bc96b0012ee638a70fb4ad98f0b0f57e3710f59df63dff01fdeab2e479f43b9d	PASS	Manually accepted resolved graph/schema contract; no pixel surface applies
asset_source	textures/imported/fluids/fluid_red_mud.png	08bf6ee7058b5fbcb7051b59cd3c46dd392f6a9a0c2acc993702c5d2852e1cb5	PASS	Manually reviewed all frame/mip page locations; structural/pixel evidence only
asset_source	textures/imported/fluids/fluid_red_mud.png.mcmeta	bc96b0012ee638a70fb4ad98f0b0f57e3710f59df63dff01fdeab2e479f43b9d	PASS	Manually accepted resolved graph/schema contract; no pixel surface applies
asset_source	textures/imported/fluids/fluid_roiling_plasma.png	b30bf89ffed22edbb4e91df62fda8231a15170f8c21dfaf06666684dd195f52b	PASS	Manually reviewed all frame/mip page locations; structural/pixel evidence only
asset_source	textures/imported/fluids/fluid_roiling_plasma.png.mcmeta	bc96b0012ee638a70fb4ad98f0b0f57e3710f59df63dff01fdeab2e479f43b9d	PASS	Manually accepted resolved graph/schema contract; no pixel surface applies
asset_source	textures/imported/fluids/fluid_strange_bluish.png	8f7f67a66d198c5f4a6f8eeb7884b85e7f014407923770fb6d185edfafbd9e5d	PASS	Manually reviewed all frame/mip page locations; structural/pixel evidence only
asset_source	textures/imported/fluids/fluid_strange_bluish.png.mcmeta	1f1aa90141266cbca0729f353b87d6705fbbf9dd6e4907f060d852872bbd9aaf	PASS	Manually accepted resolved graph/schema contract; no pixel surface applies
asset_source	textures/imported/fluids/fluid_strange_fiery.png	dd620cab3e58e24d9274aa6d79a6201068764982a3eb42692e513a6a8bf116e2	PASS	Manually reviewed all frame/mip page locations; structural/pixel evidence only
asset_source	textures/imported/fluids/fluid_strange_fiery.png.mcmeta	d859a74124fbfe6745e73c7bbf5af93ac70a427f40067f5dd60910aa46c10c14	PASS	Manually accepted resolved graph/schema contract; no pixel surface applies
asset_source	textures/imported/fluids/fluid_strange_gray.png	26e868bfc01f45b918fa3eadc800b9faede8579ff35562bf355a3c7cbba15960	PASS	Manually reviewed all frame/mip page locations; structural/pixel evidence only
asset_source	textures/imported/fluids/fluid_strange_gray.png.mcmeta	1f1aa90141266cbca0729f353b87d6705fbbf9dd6e4907f060d852872bbd9aaf	PASS	Manually accepted resolved graph/schema contract; no pixel surface applies
asset_source	textures/imported/fluids/fluid_strange_greenish.png	cae6b2f4c51398daf7bd870e714229acc3f6516779dc2c1992479649739f7e63	PASS	Manually reviewed all frame/mip page locations; structural/pixel evidence only
asset_source	textures/imported/fluids/fluid_strange_greenish.png.mcmeta	1f1aa90141266cbca0729f353b87d6705fbbf9dd6e4907f060d852872bbd9aaf	PASS	Manually accepted resolved graph/schema contract; no pixel surface applies
asset_source	textures/imported/fluids/fluid_strange_mixture.png	37020a7941c6f80105049556320f0c3a8a587e9950c718fd90068c09103ca7c7	PASS	Manually reviewed all frame/mip page locations; structural/pixel evidence only
asset_source	textures/imported/fluids/fluid_strange_mixture.png.mcmeta	f40611ccb61560121bf4bc93532053bd666ace7f4e59449d2dd8cd67f78d2fce	PASS	Manually accepted resolved graph/schema contract; no pixel surface applies
asset_source	textures/imported/fluids/fluid_strange_pale.png	209a7f5406e695db4b85edc60a94ecb3e396ca9143b156c38cf791bf3eafff95	PASS	Manually reviewed all frame/mip page locations; structural/pixel evidence only
asset_source	textures/imported/fluids/fluid_strange_pale.png.mcmeta	d859a74124fbfe6745e73c7bbf5af93ac70a427f40067f5dd60910aa46c10c14	PASS	Manually accepted resolved graph/schema contract; no pixel surface applies
asset_source	textures/imported/fluids/fluid_strange_pale_2.png	986c91b5c38853191a3dc87fe654e5cdc1cfe5f8b224caac63b90c7005cabf8b	PASS	Manually reviewed all frame/mip page locations; structural/pixel evidence only
asset_source	textures/imported/fluids/fluid_strange_pale_2.png.mcmeta	d859a74124fbfe6745e73c7bbf5af93ac70a427f40067f5dd60910aa46c10c14	PASS	Manually accepted resolved graph/schema contract; no pixel surface applies
asset_source	textures/imported/fluids/fluid_strange_reddish.png	c2228445f3bdb8b29756d3f8a521fe2592a2d2e502304db8f003aaef7252920a	PASS	Manually reviewed all frame/mip page locations; structural/pixel evidence only
asset_source	textures/imported/fluids/fluid_strange_reddish.png.mcmeta	1f1aa90141266cbca0729f353b87d6705fbbf9dd6e4907f060d852872bbd9aaf	PASS	Manually accepted resolved graph/schema contract; no pixel surface applies
asset_source	textures/imported/gui/hud_icons_abyssal.png	cbb8efc9e97c43d76e50109abde3534ab9a46d18ec2dfb128c2c4bf7952e2b5f	PASS	Manually reviewed all frame/mip page locations; structural/pixel evidence only
asset_source	textures/imported/gui/hud_icons_celestial.png	31dd34a9bd8b72f14e8d63f066db366edfde458142b1e160f7c2850050c83f78	PASS	Manually reviewed all frame/mip page locations; structural/pixel evidence only
asset_source	textures/imported/gui/hud_icons_deep.png	13718c66633ce2becf2c05ac0eb7119a8721a66a93e606c5708447d390ad24a0	PASS	Manually reviewed all frame/mip page locations; structural/pixel evidence only
asset_source	textures/imported/gui/hud_icons_infernal.png	44ece5016b087321b1c371df6b65a1b2ebd0ab582d8bbee92f6876b69e64cc79	PASS	Manually reviewed all frame/mip page locations; structural/pixel evidence only
asset_source	textures/imported/gui/hud_icons_unknown.png	5b003c8944867eaa8c0e2a765bb2a14976a6a39ab60e2f89cb2453ae7f0cd753	PASS	Manually reviewed all frame/mip page locations; structural/pixel evidence only
asset_source	textures/imported/gui/hud_icons_wild.png	41d54ff79832c951cc2f255fa1d7df8ff3949d2b012bf87f35545fe0be2ff4f9	PASS	Manually reviewed all frame/mip page locations; structural/pixel evidence only
asset_source	textures/imported/gui/hud_potions.png	94e64c6ac3141901582308bee23c2a42abb9c509e9eb997d6f2dd748c3f9a1d9	PASS	Manually reviewed all frame/mip page locations; structural/pixel evidence only
asset_source	textures/item/amethyst_greatblade.png	d047ec82c18bc903e0f9a9ff3b805a9b60526b823b2dc76b6512bd5755f5835a	PASS	Manually reviewed all page locations; transparent RGB exception is separately path+SHA bound; pixel evidence only
asset_source	textures/item/amethyst_greatpick.png	c5365faf6948ea0c3905d4f612b63a62b799969e5bf25a2e03e8509bf5b8d064	PASS	Manually reviewed all page locations; transparent RGB exception is separately path+SHA bound; pixel evidence only
asset_source	textures/item/amethyst_greatshovel.png	06ddce86a00ed853da304e14bc6ac1583eaedef84f07bdda1503a4cf17734b7b	PASS	Manually reviewed all page locations; transparent RGB exception is separately path+SHA bound; pixel evidence only
asset_source	textures/item/ancient_greatslab.png	d0d96d7aa857ee56f912d0eb83f88da275637b0b0b815066502b1aea10110318	PASS	Manually reviewed all page locations; transparent RGB exception is separately path+SHA bound; pixel evidence only
asset_source	textures/item/azure_dagger.png	bc5084e07bc8376a941061f1229caa2dd6bfe76eb190c9759d2de4f64af584e8	PASS	Manually reviewed all page locations; transparent RGB exception is separately path+SHA bound; pixel evidence only
asset_source	textures/item/azure_dagger.png.mcmeta	f4ff0d798d35a23935c4f942ea38647c2f1eda6558f49ee8196c755c86c56568	PASS	Manually accepted resolved graph/schema contract; no pixel surface applies
asset_source	textures/item/azure_greataxe.png	bc5d8bf022dab46543df21d32d4def9505bc6b654227a6f3df35fed7e6fd1032	PASS	Manually reviewed all page locations; transparent RGB exception is separately path+SHA bound; pixel evidence only
asset_source	textures/item/azure_greataxe.png.mcmeta	f4ff0d798d35a23935c4f942ea38647c2f1eda6558f49ee8196c755c86c56568	PASS	Manually accepted resolved graph/schema contract; no pixel surface applies
asset_source	textures/item/azure_greatsword.png	cceff441cd98a323dbf3c8f78002c687e0285153cce3793e70168b54ee0b0d7c	PASS	Manually reviewed all page locations; transparent RGB exception is separately path+SHA bound; pixel evidence only
asset_source	textures/item/azure_greatsword.png.mcmeta	f4ff0d798d35a23935c4f942ea38647c2f1eda6558f49ee8196c755c86c56568	PASS	Manually accepted resolved graph/schema contract; no pixel surface applies
asset_source	textures/item/azure_pickaxe.png	63d6107e57a5dc48d817b0c6066e77aeb80718f82bb850eca9d114383d96c559	PASS	Manually reviewed all page locations; transparent RGB exception is separately path+SHA bound; pixel evidence only
asset_source	textures/item/azure_sabre.png	4ad87f21b1b7ad9664dc0fe939a610e0121f26c6a5001657781e26d99da339d0	PASS	Manually reviewed all page locations; transparent RGB exception is separately path+SHA bound; pixel evidence only
asset_source	textures/item/azure_sabre.png.mcmeta	f4ff0d798d35a23935c4f942ea38647c2f1eda6558f49ee8196c755c86c56568	PASS	Manually accepted resolved graph/schema contract; no pixel surface applies
asset_source	textures/item/azure_scythe.png	4484c2d4fdd6e067c14bd9081f3160c77fb3d54291bb441d747d7a2af5ded27d	PASS	Manually reviewed all page locations; transparent RGB exception is separately path+SHA bound; pixel evidence only
asset_source	textures/item/azure_scythe.png.mcmeta	f4ff0d798d35a23935c4f942ea38647c2f1eda6558f49ee8196c755c86c56568	PASS	Manually accepted resolved graph/schema contract; no pixel surface applies
asset_source	textures/item/azure_shovel.png	d9b2d5b51332ed08dfa9c9194a62debd0fd623e4fb6ae3836442668a1141eb3c	PASS	Manually reviewed all page locations; transparent RGB exception is separately path+SHA bound; pixel evidence only
asset_source	textures/item/berserkers_cleaver.png	523590ffe1603e154217356842694e96a3127654b4240ce67e7970a7b5590fa9	PASS	Manually reviewed all page locations; transparent RGB exception is separately path+SHA bound; pixel evidence only
asset_source	textures/item/berserkers_greataxe.png	6a03899577054ebf21c711f438e36b2da5db55687e9224ee8dab3448432d161c	PASS	Manually reviewed all page locations; transparent RGB exception is separately path+SHA bound; pixel evidence only
asset_source	textures/item/black_iron_clobberer.png	6e9d2615cfa588319b7ae65c0db463594fe56af98ebbd863ebfdf996bb3e5801	PASS	Manually reviewed all page locations; transparent RGB exception is separately path+SHA bound; pixel evidence only
asset_source	textures/item/black_iron_greataxe.png	2283507c55ef8925f0700b6ddb0b66d6288b58dd44369337dbde27de5195dce3	PASS	Manually reviewed all page locations; transparent RGB exception is separately path+SHA bound; pixel evidence only
asset_source	textures/item/black_iron_greatsword.png	872b470d5ad15a1e6b7b8a4c16bb464e1d33b09469559ae99e94785bf26a1e50	PASS	Manually reviewed all page locations; transparent RGB exception is separately path+SHA bound; pixel evidence only
asset_source	textures/item/blue_crystal.png	30b4c4d7e5a7535d05e29ec04c00f9755655df19b565e2f5760155f0b2f64491	PASS	Manually reviewed all frame/mip page locations; structural/pixel evidence only
asset_source	textures/item/cadithpiercer.png	3719c8d950d76b34250f7a5df37e98af0a00a35ea6279aa8b628b9fd8fabdfc6	PASS	Manually reviewed all page locations; transparent RGB exception is separately path+SHA bound; pixel evidence only
asset_source	textures/item/calamity_blade.png	3db001106f5df3f405cfb6938487b1f66a15614df6ebe6bf5d81c67b8b719451	PASS	Manually reviewed all page locations; transparent RGB exception is separately path+SHA bound; pixel evidence only
asset_source	textures/item/claymore.png	3820466dc2672b458d65d99379f3fd65c08b6e619a66f352e3d29d0b4071c961	PASS	Manually reviewed all page locations; transparent RGB exception is separately path+SHA bound; pixel evidence only
asset_source	textures/item/crescent_greataxe.png	2f046e8f305b0d2b8263d9e96a1fed2aa2b7e32c0fa1de5e9c4dbc6a2c646463	PASS	Manually reviewed all page locations; transparent RGB exception is separately path+SHA bound; pixel evidence only
asset_source	textures/item/crimson_cleaver.png	f2720f867d493f895563d07d70f257f9b815239023c5049c1b9f9535b5cc58a2	PASS	Manually reviewed all page locations; transparent RGB exception is separately path+SHA bound; pixel evidence only
asset_source	textures/item/crystal_frostblade.png	0e6367db5e28bdf62825252f8f352032f8b7f95cb78229bbf3c95e37fd177b98	PASS	Manually reviewed all frame/mip page locations; structural/pixel evidence only
asset_source	textures/item/crystal_frostcythe.png	41149ee6edb608de24688674de132c4bcf6202c88203cc94b2aa1257ffee290b	PASS	Manually reviewed all page locations; transparent RGB exception is separately path+SHA bound; pixel evidence only
asset_source	textures/item/dark_crystal.png	4190cab8c12851981647082ebda9c8c7bebc75b78676d1d79685d5ebc96cf9e5	PASS	Manually reviewed all frame/mip page locations; structural/pixel evidence only
asset_source	textures/item/dark_herald_spawn_egg.png	6d2ffa01bea21e2b79f1080967291fd6e33f9f19a35656c54822708a18fd8ff1	PASS	Manually reviewed all frame/mip page locations; structural/pixel evidence only
asset_source	textures/item/darkness_creature_spawn_egg.png	92d9f3cf28a6a449bd8b055db0dd6669f5d3ac2d9ed9ea3a9bbb33fa6217ea1f	PASS	Manually reviewed all frame/mip page locations; structural/pixel evidence only
asset_source	textures/item/demonic_sword.png	3efbdc6c6a6474f1bc27196dd0b983cfaa94e51d10224968878ddf8187144ce0	PASS	Manually reviewed all page locations; transparent RGB exception is separately path+SHA bound; pixel evidence only
asset_source	textures/item/demons_blood_blade.png	986fad970e20e8d4b11774b77a4dc70d4b6ea94738eb3c600641489b5bfb0da6	PASS	Manually reviewed all page locations; transparent RGB exception is separately path+SHA bound; pixel evidence only
asset_source	textures/item/demons_blood_pick.png	04fe95a791eceba2a464838fa0013917070d84c20128e10569f8902e5674459c	PASS	Manually reviewed all frame/mip page locations; structural/pixel evidence only
asset_source	textures/item/demons_blood_shovel.png	d765b6dd0f364d1f4a5ab5960f359f74aeb64a08762b1a736285f58d36aba864	PASS	Manually reviewed all page locations; transparent RGB exception is separately path+SHA bound; pixel evidence only
asset_source	textures/item/demonslayers_greatsword.png	19b33934ae3d29c9d6af9f20f5810706e44b9620c962539a487f6265e52da44f	PASS	Manually reviewed all page locations; transparent RGB exception is separately path+SHA bound; pixel evidence only
asset_source	textures/item/dragon_sword.png	69d91c8db59a19643a4aa4492a26abc7485a1fde0b3dafcd9cef16fb257cd540	PASS	Manually reviewed all frame/mip page locations; structural/pixel evidence only
asset_source	textures/item/dragon_sword_effect.png	06425b3117e2b082d2985f96e7f6ea1fdd09bff5d8cb884d1d8bd3cedaac7da7	PASS	Manually reviewed all page locations; transparent RGB exception is separately path+SHA bound; pixel evidence only
asset_source	textures/item/dragon_sword_effect.png.mcmeta	9c9109ed60e39a50c4866ec00ccaa1c5660aa2a88818b1d1b398195a6d4ab4f2	PASS	Manually accepted resolved graph/schema contract; no pixel surface applies
asset_source	textures/item/emerald_greatcleaver.png	ed9472fe65c143c78920877fcdd2c6f7ff5606a57744ae20edbe0b00c1fe359e	PASS	Manually reviewed all page locations; transparent RGB exception is separately path+SHA bound; pixel evidence only
asset_source	textures/item/ethereal_frostblade.png	21718e4e4c9f5fad41b19be69c1ae97d89f1d0db9bbcf504b68fcc48f6860bf8	PASS	Manually reviewed all frame/mip page locations; structural/pixel evidence only
asset_source	textures/item/first_vessel_spawn_egg.png	23c8e22032788042a8ffa085dd8250b9b9ef1be411b2490e512418578f3c9944	PASS	Manually reviewed all frame/mip page locations; structural/pixel evidence only
asset_source	textures/item/flamberge.png	7d749e9f8b0203a046661d6a2098f427459ec9e4c527ae5857d07a8f22293fa3	PASS	Manually reviewed all page locations; transparent RGB exception is separately path+SHA bound; pixel evidence only
asset_source	textures/item/gilded_phoenix_greataxe.png	661b9e51c0db3b814bc1d5357be8285dd7d76fb3b131220f9db0d8fe8d6507c3	PASS	Manually reviewed all page locations; transparent RGB exception is separately path+SHA bound; pixel evidence only
asset_source	textures/item/gloomsteel_greataxe.png	9a841d45a47f1bc087d5e2e96ee8116a10e901883d871e7589d5962fce56ad2a	PASS	Manually reviewed all page locations; transparent RGB exception is separately path+SHA bound; pixel evidence only
asset_source	textures/item/gloomsteel_katana.png	af075b6f922c4c9f3c80ac62637c268cc208c060313e293bcb2130b026429c7f	PASS	Manually reviewed all page locations; transparent RGB exception is separately path+SHA bound; pixel evidence only
asset_source	textures/item/gloomsteel_knife.png	12fcbda2f043a6d6b542abd924fa9882f1f486a18eb3eb1280ab2b3e0246f9e4	PASS	Manually reviewed all page locations; transparent RGB exception is separately path+SHA bound; pixel evidence only
asset_source	textures/item/grand_claymore.png	4640dcdf31c78c6a23e590730ae330490385f1ee29b6ebabedde61f618c1e6c7	PASS	Manually reviewed all page locations; transparent RGB exception is separately path+SHA bound; pixel evidence only
asset_source	textures/item/green_crystal.png	7342d863ce3c387a1b41260ff90c3f9c0ce4678ba2773180890bf8cdd73efc64	PASS	Manually reviewed all frame/mip page locations; structural/pixel evidence only
asset_source	textures/item/heavenly_partisan.png	281d8453a4f77e69d6e2a5cab1753b6216985bb5fc4b25d08d3ec4a33687bea7	PASS	Manually reviewed all frame/mip page locations; structural/pixel evidence only
asset_source	textures/item/imported/artifact_ammolite.png	e6968b63dfd45eed6dd38fc79994744d8bda0288a438fd9752e0eb25fdbf157f	PASS	Manually reviewed all frame/mip page locations; structural/pixel evidence only
asset_source	textures/item/imported/artifact_amulet.png	36330b949d19bab35c61858ec939bab1f6b607f590ae3318782157f511827c0e	PASS	Manually reviewed all frame/mip page locations; structural/pixel evidence only
asset_source	textures/item/imported/artifact_beating_heart.png	e7e4791bed8283fcc491b3b73c1293daa0c39ca0dfe9279f39601f7ef2b76e71	PASS	Manually reviewed all frame/mip page locations; structural/pixel evidence only
asset_source	textures/item/imported/artifact_beating_heart.png.mcmeta	774560201f563fe889357e266c54449dbc57da146fe6d9eb0de5c30d7b9b7e14	PASS	Manually accepted resolved graph/schema contract; no pixel surface applies
asset_source	textures/item/imported/artifact_blackpearl.png	bd8d249b5337a38740a8cc8af7590ccb26eb5d24c0494c1b01c64adc9f5f1059	PASS	Manually reviewed all frame/mip page locations; structural/pixel evidence only
asset_source	textures/item/imported/artifact_blackpearl.png.mcmeta	a35e343da855723f316c1220cbed0f5dea44970456550f7fb4e1bea04467b531	PASS	Manually accepted resolved graph/schema contract; no pixel surface applies
asset_source	textures/item/imported/artifact_bloodstone.png	6566df0c51c61336c23bf303e5ffb206982b883000327b71ecdc829d351ae818	PASS	Manually reviewed all frame/mip page locations; structural/pixel evidence only
asset_source	textures/item/imported/artifact_bloodstone.png.mcmeta	19260bc27804d8326dff2f97cb258387364adb91858343ca90677c65ef59b332	PASS	Manually accepted resolved graph/schema contract; no pixel surface applies
asset_source	textures/item/imported/artifact_bonefigurine.png	2fac2f88299dca8b743fc7f366131f4095ad606c59b490ccdbc705e3a92993df	PASS	Manually reviewed all frame/mip page locations; structural/pixel evidence only
asset_source	textures/item/imported/artifact_bound_runestone_active_1.png	612f2f8c391ea40ecac2ba2965d16b24acecc2c9591f95714a130e6d9778d859	PASS	Manually reviewed all frame/mip page locations; structural/pixel evidence only
asset_source	textures/item/imported/artifact_bound_runestone_active_2.png	d12a9a4a4c6b54f682ef28dd2bec64e1f2f7afc5c01833e1b10f4366aee81202	PASS	Manually reviewed all frame/mip page locations; structural/pixel evidence only
asset_source	textures/item/imported/artifact_bound_runestone_active_3.png	e9e9e23ce62dbf3472b0da064332dae3b3ab3931ac85caec08c951d461be20d3	PASS	Manually reviewed all frame/mip page locations; structural/pixel evidence only
asset_source	textures/item/imported/artifact_bound_runestone_inert_1.png	7649abef8e2314b4fced875893f469a9d06ccec3c5f0c63fe97dc2ec7f47c816	PASS	Manually reviewed all frame/mip page locations; structural/pixel evidence only
asset_source	textures/item/imported/artifact_bound_runestone_inert_2.png	ca2cc2d35061dc77e2c613f25986380e5b8fa4576620af57a5b47bac83da8263	PASS	Manually reviewed all frame/mip page locations; structural/pixel evidence only
asset_source	textures/item/imported/artifact_bound_runestone_inert_3.png	6f0336d84fb22674f849667f22dfee2cd238ebf6641904b13a012875a6848e90	PASS	Manually reviewed all frame/mip page locations; structural/pixel evidence only
asset_source	textures/item/imported/artifact_bowl.png	7cc9f97b74d05eb7318627a5321372f744d3bad5aa69c721ac0783535104ab02	PASS	Manually reviewed all frame/mip page locations; structural/pixel evidence only
asset_source	textures/item/imported/artifact_bullion.png	bc4d09ce5ad71a688d6a5161e3bd07ab051237d52ab00187f3caec6bde6caf0e	PASS	Manually reviewed all frame/mip page locations; structural/pixel evidence only
asset_source	textures/item/imported/artifact_coins.png	ad177f4d7f1c242e39e110edcdaf9a0d0d572962b2638dfb8529f5fd3001f91a	PASS	Manually reviewed all frame/mip page locations; structural/pixel evidence only
asset_source	textures/item/imported/artifact_corroded_copper_ring.png	1df342ad3eb4e372c79edc7c4717eeabffa13bb8e6bf4be418d8f847317a5a14	PASS	Manually reviewed all frame/mip page locations; structural/pixel evidence only
asset_source	textures/item/imported/artifact_dark_bone_figurine.png	b15054871f179e7123aa8316bc5aa8fe941ec7c4d4b9d453daac996dfc6a4c59	PASS	Manually reviewed all frame/mip page locations; structural/pixel evidence only
asset_source	textures/item/imported/artifact_diamond_ring.png	39265775ed55f7133aa528d92f83f3c26eeef6401fa26bc8cb69406ee326ff0e	PASS	Manually reviewed all frame/mip page locations; structural/pixel evidence only
asset_source	textures/item/imported/artifact_dripping_orb_1.png	54824d559d75010a79e986c425dca83c2cfff5740091c720c46822697077acfc	PASS	Manually reviewed all frame/mip page locations; structural/pixel evidence only
asset_source	textures/item/imported/artifact_dripping_orb_1.png.mcmeta	19260bc27804d8326dff2f97cb258387364adb91858343ca90677c65ef59b332	PASS	Manually accepted resolved graph/schema contract; no pixel surface applies
asset_source	textures/item/imported/artifact_dripping_orb_2.png	f3e096d6b27294b3a46b896d0e8cdde6feeb09e6e1da0ff567e03e441ffea21d	PASS	Manually reviewed all frame/mip page locations; structural/pixel evidence only
asset_source	textures/item/imported/artifact_dripping_orb_2.png.mcmeta	19260bc27804d8326dff2f97cb258387364adb91858343ca90677c65ef59b332	PASS	Manually accepted resolved graph/schema contract; no pixel surface applies
asset_source	textures/item/imported/artifact_emerald_ring.png	6726f6ab77468ab572194d8624f4d13e4b889d2e48544b9fae651ef389051dab	PASS	Manually reviewed all frame/mip page locations; structural/pixel evidence only
asset_source	textures/item/imported/artifact_emperyeanjewel.png	3a83654cb7cafce5dc168ca2fdd37b58bbb1f802c7888926eb26f6bd61a02c33	PASS	Manually reviewed all frame/mip page locations; structural/pixel evidence only
asset_source	textures/item/imported/artifact_emperyeanjewel.png.mcmeta	19260bc27804d8326dff2f97cb258387364adb91858343ca90677c65ef59b332	PASS	Manually accepted resolved graph/schema contract; no pixel surface applies
asset_source	textures/item/imported/artifact_flute.png	c1f8a8e8fd77d8e84e007b83f013f1d1614795fbc4b4504bf46f0edd037b962d	PASS	Manually reviewed all frame/mip page locations; structural/pixel evidence only
asset_source	textures/item/imported/artifact_ghoul_heart.png	0ec8ff110ca3fe0ea061f74c723c45a009a78114f048fa39d1305706b7fbf488	PASS	Manually reviewed all frame/mip page locations; structural/pixel evidence only
asset_source	textures/item/imported/artifact_ghoul_heart.png.mcmeta	1c023fafde82981ce2828fd2ca6fe362ab7cfc336a34fd9d4d7d970130f2aacf	PASS	Manually accepted resolved graph/schema contract; no pixel surface applies
asset_source	textures/item/imported/artifact_heart_mechanism.png	93a8d6eefe18160687ea04dba4df535400333fb5dc151a01552769461286e032	PASS	Manually reviewed all frame/mip page locations; structural/pixel evidence only
asset_source	textures/item/imported/artifact_lodestone.png	d4e4b1d5583670a02fa5cc4f087ff5550d871deb83e91a021622b717c45e2efe	PASS	Manually reviewed all frame/mip page locations; structural/pixel evidence only
asset_source	textures/item/imported/artifact_malignember.png	83e2039f788bf2935b8b105ebc03e4573e80b553e5e542931652c48027d9f099	PASS	Manually reviewed all frame/mip page locations; structural/pixel evidence only
asset_source	textures/item/imported/artifact_malignember.png.mcmeta	e53f995557afd018a42d25613bf89e7c015d161fb66a26df9a713a8973ee1f6d	PASS	Manually accepted resolved graph/schema contract; no pixel surface applies
asset_source	textures/item/imported/artifact_oddstone.png	98e0a254a6d27e094d4e27421fd7a49d926ec702edcde5a278d21aaa4abc0a01	PASS	Manually reviewed all frame/mip page locations; structural/pixel evidence only
asset_source	textures/item/imported/artifact_philosopherstone.png	cba5604ed62914ebe8629c6bd7b20b90f3413a8d81b4a6e82cd2b53e9d682bf1	PASS	Manually reviewed all frame/mip page locations; structural/pixel evidence only
asset_source	textures/item/imported/artifact_philosopherstone.png.mcmeta	06d5342273dfeebabc7fa3a06479b0094d3d887a1ec5d4e4e8337868c0e2101b	PASS	Manually accepted resolved graph/schema contract; no pixel surface applies
asset_source	textures/item/imported/artifact_plain_copper_ring.png	8cd2eef9e9044c475bac64e9107e81d9b6a9a639a236517f075363447ee8c48d	PASS	Manually reviewed all frame/mip page locations; structural/pixel evidence only
asset_source	textures/item/imported/artifact_ritualdagger.png	b320b9661d99929ab472deaf53e8863394e5d5524b06896699bbd7cb642ab5b0	PASS	Manually reviewed all frame/mip page locations; structural/pixel evidence only
asset_source	textures/item/imported/artifact_runestone_back.png	758850f4b4f7548bb9f09a826a6173a9c4224f45763ef64c4a059d625337a609	PASS	Manually reviewed all frame/mip page locations; structural/pixel evidence only
asset_source	textures/item/imported/artifact_runestone_dark_inscribed_large.png	aa4ea4ef5998a2aac25ee0bd36debe9f59e3cc45e3194fc47600f870a5d5b1cf	PASS	Manually reviewed all frame/mip page locations; structural/pixel evidence only
asset_source	textures/item/imported/artifact_runestone_dark_inscribed_large.png.mcmeta	0d21242797ece504dc977426b740cb501e0d85ad10703358c63a0fef4a0242a4	PASS	Manually accepted resolved graph/schema contract; no pixel surface applies
asset_source	textures/item/imported/artifact_runestone_dark_inscribed_medium.png	58d328a209c28856f288f26a74bf9952125a0019d494881fb2314e17b1bab4c9	PASS	Manually reviewed all frame/mip page locations; structural/pixel evidence only
asset_source	textures/item/imported/artifact_runestone_dark_inscribed_medium.png.mcmeta	549c9d3e00103b2916101ca951b7a5fc53cf17e7158d623846e2eefe116ea7d4	PASS	Manually accepted resolved graph/schema contract; no pixel surface applies
asset_source	textures/item/imported/artifact_runestone_dark_inscribed_small.png	0ca5916cad9fbc73a0f6f48408198fe7874b0d80699796120fcb0cd97e56c4be	PASS	Manually reviewed all frame/mip page locations; structural/pixel evidence only
asset_source	textures/item/imported/artifact_runestone_dark_inscribed_small.png.mcmeta	5d402142c327d3e29ae2d95d002edf673e89291590a3e2be700bf1da97d463c1	PASS	Manually accepted resolved graph/schema contract; no pixel surface applies
asset_source	textures/item/imported/artifact_runestone_dark_inscribed_tiny.png	3e2cf028f772c2feb9e54e13086c68b2a02a8d9309d463dc15c62becd4eb9dc5	PASS	Manually reviewed all frame/mip page locations; structural/pixel evidence only
asset_source	textures/item/imported/artifact_runestone_dark_inscribed_tiny.png.mcmeta	a73cf78d43950cde4feef8982372bb51434e4ec460624ef0e7dc6c81ac35a5c4	PASS	Manually accepted resolved graph/schema contract; no pixel surface applies
asset_source	textures/item/imported/artifact_runestone_dark_large.png	2a8af87eeb4121636cb90f560b6bb9b0a02db0a95630fd973abefdd68e463c1f	PASS	Manually reviewed all frame/mip page locations; structural/pixel evidence only
asset_source	textures/item/imported/artifact_runestone_dark_medium.png	dad05aa5d10980c40abc8af858064c08f9c3d1ee96223b0bdfeb1ed7da9da445	PASS	Manually reviewed all frame/mip page locations; structural/pixel evidence only
asset_source	textures/item/imported/artifact_runestone_dark_small.png	767c43b613eba490da51824f58ae3f94ee78a40668a42f45226eb7e290ddcb39	PASS	Manually reviewed all frame/mip page locations; structural/pixel evidence only
asset_source	textures/item/imported/artifact_runestone_dark_tiny.png	bd3545038480472a453b15d49dad4792ca2c67ac47fbdda634bb2bcd9753ee60	PASS	Manually reviewed all frame/mip page locations; structural/pixel evidence only
asset_source	textures/item/imported/artifact_runestone_frigid.png	a30d5416e01bb8b589c5254fbf91fa73ffc78a87b09dd9291c5092043785de4e	PASS	Manually reviewed all frame/mip page locations; structural/pixel evidence only
asset_source	textures/item/imported/artifact_runestone_inert.png	c244f1ed50124b203a2b90e90f7180353f3718dcc8ff579c0505305165fe02af	PASS	Manually reviewed all frame/mip page locations; structural/pixel evidence only
asset_source	textures/item/imported/artifact_runestone_overlay_0.png	a916050ba84c4f75d0d34c1b6191e57d7346799006c63db27ecd59e48e39a52a	PASS	Manually reviewed all frame/mip page locations; structural/pixel evidence only
asset_source	textures/item/imported/artifact_runestone_overlay_1.png	3be2a8165d22509c22d1a19536f886ffc63f61cbf490b7346d54291a15aa0018	PASS	Manually reviewed all frame/mip page locations; structural/pixel evidence only
asset_source	textures/item/imported/artifact_runestone_overlay_10.png	9dfee98ff1c924638d93136a20e945c1ce8fe7ff62d446fe084078441d594ab2	PASS	Manually reviewed all frame/mip page locations; structural/pixel evidence only
asset_source	textures/item/imported/artifact_runestone_overlay_2.png	216c77109121e1a50ed65bf079d1760befc80b94f74a8356f9a726d3061ef877	PASS	Manually reviewed all frame/mip page locations; structural/pixel evidence only
asset_source	textures/item/imported/artifact_runestone_overlay_3.png	2e2932fda36928d7c3746e21d8e0afe5a226baa7a7bad7efa7c1f597b8cc7270	PASS	Manually reviewed all frame/mip page locations; structural/pixel evidence only
asset_source	textures/item/imported/artifact_runestone_overlay_4.png	3c25db604f4ad474b5d9cc044355372b5dd36ba21f4b66dffef68bd3315f68cb	PASS	Manually reviewed all frame/mip page locations; structural/pixel evidence only
asset_source	textures/item/imported/artifact_runestone_overlay_5.png	8ce3b086def12f3ab9e1b0de78be55e608d5906f35794c289fe3871b3935288e	PASS	Manually reviewed all frame/mip page locations; structural/pixel evidence only
asset_source	textures/item/imported/artifact_runestone_overlay_6.png	eda7fb9e751342bbce1d7c480a24c9cd8a041a7222a33fbfb2158940d33b420c	PASS	Manually reviewed all frame/mip page locations; structural/pixel evidence only
asset_source	textures/item/imported/artifact_runestone_overlay_7.png	57de2816e0ec9c1369513d3ddf9fd668ba9061a3d65d758907e9f7d0c9aabed9	PASS	Manually reviewed all frame/mip page locations; structural/pixel evidence only
asset_source	textures/item/imported/artifact_runestone_overlay_8.png	1a5069911a0ccdc5c42f63dc6f054dff325ddd68a92d191ca9871105c02cb25a	PASS	Manually reviewed all frame/mip page locations; structural/pixel evidence only
asset_source	textures/item/imported/artifact_runestone_overlay_9.png	95563a87a5d08a9bd8885b2d47f91ecf350c35b7019f76afb879605980fe8291	PASS	Manually reviewed all frame/mip page locations; structural/pixel evidence only
asset_source	textures/item/imported/artifact_smallpot.png	8712a9bdbef621fd8a4f6b0c904ef5626c4fa18ef8ff711bac42bc47f5c2d2f8	PASS	Manually reviewed all frame/mip page locations; structural/pixel evidence only
asset_source	textures/item/imported/artifact_soulmatrix.png	ea1fc8f37f6d51c774a9566b1a6efd105e0f3cecebf3fdf353b18418f437f2a8	PASS	Manually reviewed all frame/mip page locations; structural/pixel evidence only
asset_source	textures/item/imported/artifact_soulmatrix.png.mcmeta	6bc5207d6a0b2da50d3f5ea6d1859fbadfb7db6bbe7bdaccfdb3edfffde9b8d5	PASS	Manually accepted resolved graph/schema contract; no pixel surface applies
asset_source	textures/item/imported/artifact_soulstone.large.png	77d3b7102d0a5d56bb505362d8be1b05fc85a2f468c7e4cc3386d2af96c224a3	PASS	Manually reviewed all frame/mip page locations; structural/pixel evidence only
asset_source	textures/item/imported/artifact_soulstone.large.png.mcmeta	257d88e7a9d9672d8d5dbc90bdd1b3c036402f4dde890ffb009a8ae86e777b93	PASS	Manually accepted resolved graph/schema contract; no pixel surface applies
asset_source	textures/item/imported/artifact_soulstone.medium.png	05eac608647635cdcf7ed401fea80c61b6bc71339f5614b7bcc53c02a3c214fa	PASS	Manually reviewed all frame/mip page locations; structural/pixel evidence only
asset_source	textures/item/imported/artifact_soulstone.medium.png.mcmeta	257d88e7a9d9672d8d5dbc90bdd1b3c036402f4dde890ffb009a8ae86e777b93	PASS	Manually accepted resolved graph/schema contract; no pixel surface applies
asset_source	textures/item/imported/artifact_soulstone.small.png	a7dbde5ff81a88c649621c26f766a41af2164b3833fd652fdf0df9bfc25bd61e	PASS	Manually reviewed all frame/mip page locations; structural/pixel evidence only
asset_source	textures/item/imported/artifact_soulstone.small.png.mcmeta	257d88e7a9d9672d8d5dbc90bdd1b3c036402f4dde890ffb009a8ae86e777b93	PASS	Manually accepted resolved graph/schema contract; no pixel surface applies
asset_source	textures/item/imported/artifact_soulstone_large_inert.png	1c8974be3e5cf97ccca97ca7af83d0246f937c0167b28ae7e9fe38cb2ccfe8cc	PASS	Manually reviewed all frame/mip page locations; structural/pixel evidence only
asset_source	textures/item/imported/artifact_soulstone_medium_inert.png	0ea59efa8f7e14b1b7073892c741c116d9471e7c604667c0fe594f9d75571cb4	PASS	Manually reviewed all frame/mip page locations; structural/pixel evidence only
asset_source	textures/item/imported/artifact_soulstone_small_inert.png	3596ffdfd1c1dcceb75f2f6df8b11068b8c103377338ee9dcf4f3fe607ac53d8	PASS	Manually reviewed all frame/mip page locations; structural/pixel evidence only
asset_source	textures/item/imported/artifact_star.png	5c2294940b3b80af51cde5947dbdb53bebf83a056282409084ca0c4d5231eeb5	PASS	Manually reviewed all frame/mip page locations; structural/pixel evidence only
asset_source	textures/item/imported/artifact_star_animated.png	beac036127295616b3eadd4e12458d855b54c011d72083b895afd323d87cc860	PASS	Manually reviewed all frame/mip page locations; structural/pixel evidence only
asset_source	textures/item/imported/artifact_star_animated.png.mcmeta	90a27f3977bb41cfbd40c881a6423115cf7384d1eab6373b1dca2fb15c1019a4	PASS	Manually accepted resolved graph/schema contract; no pixel surface applies
asset_source	textures/item/imported/artifact_trilobite_fossil.png	48a12618e9325991f0b9ff8d11ce5a76ffcc87c30f84e4b93a9016a9a013e294	PASS	Manually reviewed all frame/mip page locations; structural/pixel evidence only
asset_source	textures/item/imported/artifact_trilobitefossil.png	a7cbbdedd225cf1e2a539da7dae59b925d7e34e66c085ee59f3ea5de853d7a21	PASS	Manually reviewed all frame/mip page locations; structural/pixel evidence only
asset_source	textures/item/imported/artifact_woodheart.png	43e22dcdc9a43041deacd0a2d22f9d8cf587f8a8830314541ed25839df5ae3a8	PASS	Manually reviewed all frame/mip page locations; structural/pixel evidence only
asset_source	textures/item/imported/artifact_woodheart.png.mcmeta	ba864bee649af63c79fc477e207a309bf070543a5491fdf32e17ebc7931b5a30	PASS	Manually accepted resolved graph/schema contract; no pixel surface applies
asset_source	textures/item/imported/blood_salts_2.png	c8c2dd9d0bd23ec641d0a87523dd6526c81488e361e887972ae598231ec0b2fe	PASS	Manually reviewed all frame/mip page locations; structural/pixel evidence only
asset_source	textures/item/imported/book_grimoire_abyssal.png	7544b1683f26318993c4fea22e950fa67880b8bba73f17b3d54182190afa445e	PASS	Manually reviewed all frame/mip page locations; structural/pixel evidence only
asset_source	textures/item/imported/book_grimoire_blight.png	8058457d78f901523d5f11ba5fa9b140386f2db8f835885881d366ead7b3a21e	PASS	Manually reviewed all frame/mip page locations; structural/pixel evidence only
asset_source	textures/item/imported/book_grimoire_celestial.png	a85771f1ff90efe887c47f2fdfde0f2546c546d2d695fb36c0531b67a057601e	PASS	Manually reviewed all frame/mip page locations; structural/pixel evidence only
asset_source	textures/item/imported/book_grimoire_deep.png	a2ade061dcfe235342f671f521dcdd491fd3eeb5d030668b0c25681ac480297f	PASS	Manually reviewed all frame/mip page locations; structural/pixel evidence only
asset_source	textures/item/imported/book_grimoire_infernal.png	4aaef64eb2fafe20b9a60657f67c81176f25093a2f1641751e0412ef5b4f7b8a	PASS	Manually reviewed all frame/mip page locations; structural/pixel evidence only
asset_source	textures/item/imported/book_grimoire_recolor.png	0980ca992ac0cf292ac571c7a17f8431a7469eadb5ea07f885490c467f22b00a	PASS	Manually reviewed all frame/mip page locations; structural/pixel evidence only
asset_source	textures/item/imported/book_grimoire_recolor_overlay_abyssal.png	e3e392966e485ea5ee4a85a40207627ecceab7a7d5f6888bd87d4c61a4a43952	PASS	Manually reviewed all frame/mip page locations; structural/pixel evidence only
asset_source	textures/item/imported/book_grimoire_recolor_overlay_blight.png	7a6fe4b0cb6b177b3b1d3890ceb95aa9ca08fe50b3f69ae44fbcc2b9bd48e5f1	PASS	Manually reviewed all frame/mip page locations; structural/pixel evidence only
asset_source	textures/item/imported/book_grimoire_recolor_overlay_celestial.png	c8ff50bee8eedea4a61ece3306747d14a5c7f9417e7de892e43ec34741d973db	PASS	Manually reviewed all frame/mip page locations; structural/pixel evidence only
asset_source	textures/item/imported/book_grimoire_recolor_overlay_deep.png	d5f2e852dd7e6ded632e6201ca52545d51fa4a77c56dcf4fa2cabb991faaaef0	PASS	Manually reviewed all frame/mip page locations; structural/pixel evidence only
asset_source	textures/item/imported/book_grimoire_recolor_overlay_infernal.png	d8946d5e3f79b8ff03b44b3a64867882e5837e4cf554210e5d04b7a792832d9c	PASS	Manually reviewed all frame/mip page locations; structural/pixel evidence only
asset_source	textures/item/imported/book_grimoire_recolor_overlay_wild.png	46aa89bba3801fa0197bc7b151a6edcd34fc3f42401077dfd071582d499dea0a	PASS	Manually reviewed all frame/mip page locations; structural/pixel evidence only
asset_source	textures/item/imported/book_grimoire_wild.png	566af9749410c853826f28ce82c34eb5abfe3fa27de50cf50f9d492e546e050b	PASS	Manually reviewed all frame/mip page locations; structural/pixel evidence only
asset_source	textures/item/imported/book_page_written.png	9fb890a7f644947cc66f158dbcf358a8429b37862621d56feab6d1d07c1753c6	PASS	Manually reviewed all frame/mip page locations; structural/pixel evidence only
asset_source	textures/item/imported/book_tattered.png	76e470f5953e8b4a1d3e8410439b133afdc89d199d518bcd48e6e69a3afc6f27	PASS	Manually reviewed all frame/mip page locations; structural/pixel evidence only
asset_source	textures/item/imported/device_miniportal.png	621717f76404543c5ca02a85a07ffd89eae1c5f2dd1660588037ce6a1e485c3b	PASS	Manually reviewed all frame/mip page locations; structural/pixel evidence only
asset_source	textures/item/imported/device_miniportal_active.png	fee90cdbb6a43e6776a357e61719f725bb58b3dc9e7b46ff644bb7d770babbc6	PASS	Manually reviewed all frame/mip page locations; structural/pixel evidence only
asset_source	textures/item/imported/food_apple_green.png	43d70ac346fc066d369e3f567c4b1409442ad2d8f92e0bd570178b86ecc35334	PASS	Manually reviewed all frame/mip page locations; structural/pixel evidence only
asset_source	textures/item/imported/food_apple_wormy.png	5edef25500768efefb0d330ead99a588c941f5bb0ba80fc725f715163072000e	PASS	Manually reviewed all frame/mip page locations; structural/pixel evidence only
asset_source	textures/item/imported/food_apple_wormy_2.png	a5128cd62e18ab38d74df83ffaf93c6e5761a9ce1c6c2df59c610ce6c7fe795c	PASS	Manually reviewed all frame/mip page locations; structural/pixel evidence only
asset_source	textures/item/imported/food_apple_wormy_2.png.mcmeta	ec7e30fc5eb0788b3cb32c6550c3caad7aad8be413c8ea658378fee810ad95b4	PASS	Manually accepted resolved graph/schema contract; no pixel surface applies
asset_source	textures/item/imported/food_bacon_cooked.png	a771c6da4482f07ac0ba91f85110c070a7adf86ba2b3f6d48e6db4c2a61fb0bf	PASS	Manually reviewed all frame/mip page locations; structural/pixel evidence only
asset_source	textures/item/imported/food_bacon_raw.png	01cbdf7088a081d6ff98352460ad12c9fcfa6bcd29e45c271d0f6f2acf24f844	PASS	Manually reviewed all frame/mip page locations; structural/pixel evidence only
asset_source	textures/item/imported/food_beans.png	43d264d5e6fc7ae1af7344cafced189a95353548320da2500c782b51da633e5a	PASS	Manually reviewed all frame/mip page locations; structural/pixel evidence only
asset_source	textures/item/imported/food_beet.png	6939c14a3e58451d3a70503ab2ebe7df82904af72013a3da09be3d4b70635bc3	PASS	Manually reviewed all frame/mip page locations; structural/pixel evidence only
asset_source	textures/item/imported/food_billberry.png	eb8211321cc7bee786992a6082f876c7f3e6dd927d9caaa20fc4b451b5f364ec	PASS	Manually reviewed all frame/mip page locations; structural/pixel evidence only
asset_source	textures/item/imported/food_blackberry.png	23768bcd792bdbe142c2c7289b4a8b433aef6f74319ec06662e2bee09765396c	PASS	Manually reviewed all frame/mip page locations; structural/pixel evidence only
asset_source	textures/item/imported/food_blueberries.png	03f12d9d9b5850223d05e84e3849dfc10f4593c60f132401f97f2443aeb85c6e	PASS	Manually reviewed all frame/mip page locations; structural/pixel evidence only
asset_source	textures/item/imported/food_bread_big.png	a47e32ffe7679fbf3deb86b6e5dbcef84687af098b50037d7652c09f6fa9546e	PASS	Manually reviewed all frame/mip page locations; structural/pixel evidence only
asset_source	textures/item/imported/food_cabbage.png	0e2a3f93fecfb513e77c32b83f515137b2d38e525abb56e94fe3b38cf88ce7da	PASS	Manually reviewed all frame/mip page locations; structural/pixel evidence only
asset_source	textures/item/imported/food_chickpeas.png	9323e7e8d56b8a1a884ef7069005838a18588219f1cc3f3199ef69dd686f4579	PASS	Manually reviewed all frame/mip page locations; structural/pixel evidence only
asset_source	textures/item/imported/food_coconut_normal.png	6bd9ea360631f3d081c01457c9ca0a8e70e5745ee150f70a4a7215c7e69ec81f	PASS	Manually reviewed all frame/mip page locations; structural/pixel evidence only
asset_source	textures/item/imported/food_coconut_opened.png	4ca6757e02b1cd34fb6d7b387c1193bbcc82529ae26eaaf73cbc2160e15d7fd8	PASS	Manually reviewed all frame/mip page locations; structural/pixel evidence only
asset_source	textures/item/imported/food_coconut_straw.png	50e5b6bbf0d42cee539c1043b3b09ffbca6b06a8e71d2b5dd885c9fe4c18cd2c	PASS	Manually reviewed all frame/mip page locations; structural/pixel evidence only
asset_source	textures/item/imported/food_cranberries.png	30cdf0bec54002a43ea7c7a32ca372cd588b5804f9618f91d64fc419b1458287	PASS	Manually reviewed all frame/mip page locations; structural/pixel evidence only
asset_source	textures/item/imported/food_fig.png	be1348835ba19802ededd28e42706ba04d4c702ba6ee4c83c79d5fe6634dacec	PASS	Manually reviewed all frame/mip page locations; structural/pixel evidence only
asset_source	textures/item/imported/food_fish_fillet_cooked.png	a2b2d64088727d8d4ca332c309174da802885959c41dcf9d8c6e447b669dfc3a	PASS	Manually reviewed all frame/mip page locations; structural/pixel evidence only
asset_source	textures/item/imported/food_fish_fillet_raw.png	a06f0813ec7f146ebe3b34a2c21fff0482c3a6b374900606727eb603fc08fe7c	PASS	Manually reviewed all frame/mip page locations; structural/pixel evidence only
asset_source	textures/item/imported/food_fish_fillet_smoked.png	d12df72e925f29c4cf5baab55867403d9533ab850275bc4c8fb5fef7b8965630	PASS	Manually reviewed all frame/mip page locations; structural/pixel evidence only
asset_source	textures/item/imported/food_fisherberries.png	c13b11464a613fe87aa4eb57335166daec53143ac2ebb1af34082845d452dc88	PASS	Manually reviewed all frame/mip page locations; structural/pixel evidence only
asset_source	textures/item/imported/food_garlic.png	8be73c36c61f04bdf3933c6a8b873d38d6a2ed3f986f976d3d282b17083805e9	PASS	Manually reviewed all frame/mip page locations; structural/pixel evidence only
asset_source	textures/item/imported/food_grapes.png	ea033ec6f81e3a8b4b8555297c9df5f0e120c09aee6e271446f4f32dd101e5f1	PASS	Manually reviewed all frame/mip page locations; structural/pixel evidence only
asset_source	textures/item/imported/food_jerky.png	1a668e03dc9cb129ac66967a653f9a63cdfbe29f208a6087e8d08217b670b65b	PASS	Manually reviewed all frame/mip page locations; structural/pixel evidence only
asset_source	textures/item/imported/food_leek.png	05e48fc4e0875a6bd7daeb30c003f1dca86462b0f2705468bb9ef7e60d5a9bd9	PASS	Manually reviewed all frame/mip page locations; structural/pixel evidence only
asset_source	textures/item/imported/food_lentils.png	ad9bfbeaed4804884042ceb47643fe868d0e6eedf248b98f3cb0aea341533af8	PASS	Manually reviewed all frame/mip page locations; structural/pixel evidence only
asset_source	textures/item/imported/food_lettuce.png	c94d17c4a9b3df8ce283b3c47c56f07bb35219616184d951ffe5f1acec6ab71b	PASS	Manually reviewed all frame/mip page locations; structural/pixel evidence only
asset_source	textures/item/imported/food_muckroot.png	04ddda4497a48b8dc8ebb424490ae8cf17b387a5ae8e26d8e9ae7e50968959b2	PASS	Manually reviewed all frame/mip page locations; structural/pixel evidence only
asset_source	textures/item/imported/food_mulberries.png	4b7e7f672aa559ac152df42176d9dc11c883554c43e54dbb7251cdbc817f0655	PASS	Manually reviewed all frame/mip page locations; structural/pixel evidence only
asset_source	textures/item/imported/food_mungbean.png	bea2d281cdd479c12a1518437e3a7b2ce2dbb085aece63d2f171f09e6ed935ba	PASS	Manually reviewed all frame/mip page locations; structural/pixel evidence only
asset_source	textures/item/imported/food_onion.png	46c3ac26a89aa8de6cae8281f06e2ef681f3fda6e462d32b16fde76875283b8e	PASS	Manually reviewed all frame/mip page locations; structural/pixel evidence only
asset_source	textures/item/imported/food_pantao.png	7853e4912de375009b33cc03ce79a2937117212d8166ab2964c7fa392f0337df	PASS	Manually reviewed all frame/mip page locations; structural/pixel evidence only
asset_source	textures/item/imported/food_pepper.png	50a6d59a89c4baf126ab4f66402e7bc93915f419625100a6592942c8c67016de	PASS	Manually reviewed all frame/mip page locations; structural/pixel evidence only
asset_source	textures/item/imported/food_prickleberries.png	a93d22024c9e844200f67291e3bcaf9ce67adaed3b0dfa055a314d5937cd395b	PASS	Manually reviewed all frame/mip page locations; structural/pixel evidence only
asset_source	textures/item/imported/food_radish.png	46cf734b64629734fc61862609055251b93d988f9d30d797f0eeda703125282c	PASS	Manually reviewed all frame/mip page locations; structural/pixel evidence only
asset_source	textures/item/imported/food_raspberries.png	c0195acf90616896af8035922968d135bf492141bbeb7c27da52d729c88d45b2	PASS	Manually reviewed all frame/mip page locations; structural/pixel evidence only
asset_source	textures/item/imported/food_redbeans.png	7becff498b154e3d396aea0dccaa79434417c7d3b00ae189e3c1771407ec3971	PASS	Manually reviewed all frame/mip page locations; structural/pixel evidence only
asset_source	textures/item/imported/food_salmon_fillet_cooked.png	9e16f69e83929cda4dc2040eb61024fee83fa402550eb931e1daa78a464f02b2	PASS	Manually reviewed all frame/mip page locations; structural/pixel evidence only
asset_source	textures/item/imported/food_salmon_fillet_raw.png	adeae61b7d8ff9726525d397b5fcf0f438d20ddc2a06e0d855501373775dafbd	PASS	Manually reviewed all frame/mip page locations; structural/pixel evidence only
asset_source	textures/item/imported/food_salmon_fillet_smoked.png	ab0d60cbde948007562c6eff85ac2640fe7a13d338cbd8141bc0bbb5910c9a57	PASS	Manually reviewed all frame/mip page locations; structural/pixel evidence only
asset_source	textures/item/imported/food_sausage_cooked.png	97d32d68a08a97fc21aaa8e9c56ab3ff91eef23b1da25d40e406f1a59cbe18c2	PASS	Manually reviewed all frame/mip page locations; structural/pixel evidence only
asset_source	textures/item/imported/food_sausage_raw.png	2183cb9a6aaa36624dbe65fe83b4d0737e5e5c552a47ddba91d19eabc0246649	PASS	Manually reviewed all frame/mip page locations; structural/pixel evidence only
asset_source	textures/item/imported/food_silver_pear.png	2b030731d7fcdf07e5103bb549ad00ee2d50cbb14a8a68f76a70628a59640590	PASS	Manually reviewed all frame/mip page locations; structural/pixel evidence only
asset_source	textures/item/imported/food_slab_beef_cooked.png	4de937a0e0f77b4aa130079defca12eea5e4ff347c498d3cd5cf55fe403c1d27	PASS	Manually reviewed all frame/mip page locations; structural/pixel evidence only
asset_source	textures/item/imported/food_slab_beef_raw.png	46c1cec91a83d1e91f363517ca495f48d0811cc50384cb3daa417fd08a02e91b	PASS	Manually reviewed all frame/mip page locations; structural/pixel evidence only
asset_source	textures/item/imported/food_slab_beef_salted.png	4b88a133631f52a816f27b51f1b25f125d5c2cc7808439ff60d1a416fa0642ab	PASS	Manually reviewed all frame/mip page locations; structural/pixel evidence only
asset_source	textures/item/imported/food_slab_cheval_cooked.png	4d3f94c58f06454ac0f4d4ba73a2a75a027b8e9135e5731cde55fbbd88d9bb31	PASS	Manually reviewed all frame/mip page locations; structural/pixel evidence only
asset_source	textures/item/imported/food_slab_cheval_raw.png	572756d7be2c4d1c76803843eb4ae3669a66f7da0bbce6009cd242becba300ec	PASS	Manually reviewed all frame/mip page locations; structural/pixel evidence only
asset_source	textures/item/imported/food_slab_cheval_salted.png	d7db8498e68a41ab35941679e7a538a50cd0866c8453e1183a1e51559f13b305	PASS	Manually reviewed all frame/mip page locations; structural/pixel evidence only
asset_source	textures/item/imported/food_slab_mooshroom_cooked.png	6983bcd86ff797e9798339a69d6ed92411112be6444b6bd998adebc5876fc855	PASS	Manually reviewed all frame/mip page locations; structural/pixel evidence only
asset_source	textures/item/imported/food_slab_mooshroom_raw.png	21b954130aea42ad0930c51f76df2502d702867ba43ed9834f4a9f54d5e65f90	PASS	Manually reviewed all frame/mip page locations; structural/pixel evidence only
asset_source	textures/item/imported/food_slab_pork_cooked.png	feffb4e07ada27b1d38e8adaab5ef82c03f1a0c12bb85d6d5a1527c6c2869e19	PASS	Manually reviewed all frame/mip page locations; structural/pixel evidence only
asset_source	textures/item/imported/food_slab_pork_raw.png	3f5eeb019d634f9c3c2bb2ff1501093d6c31fe70894a5e91c2626f078e6ea9d4	PASS	Manually reviewed all frame/mip page locations; structural/pixel evidence only
asset_source	textures/item/imported/food_slab_pork_salted.png	2b20bdee9762b65fb3e47ba7847513fc1a7ac8de339ea5a8e544b91b718cda30	PASS	Manually reviewed all frame/mip page locations; structural/pixel evidence only
asset_source	textures/item/imported/food_slice_cantaloupe.png	614a968507d428396b34925c23e8b06865977fed9c9bdba7a095c1837a588c5e	PASS	Manually reviewed all frame/mip page locations; structural/pixel evidence only
asset_source	textures/item/imported/food_slice_honeydew.png	caa40604d91ebd0a1b5f03ab090b129f76a3576b4f55fa70ac6be2e059008b57	PASS	Manually reviewed all frame/mip page locations; structural/pixel evidence only
asset_source	textures/item/imported/food_slice_hornedmelon.png	2425e25c3dbfc49ff962228427e75eb9717917d15e955888093725217be62d16	PASS	Manually reviewed all frame/mip page locations; structural/pixel evidence only
asset_source	textures/item/imported/food_slice_squash.png	016ef5b23885b5046ffe4422fccff3611f02315465f366325a9c0eeeadafd614	PASS	Manually reviewed all frame/mip page locations; structural/pixel evidence only
asset_source	textures/item/imported/food_slice_wintermelon.png	6af391cad962387153f806beec2b7d43d881cce398fdaef62f1e634855ad3a3d	PASS	Manually reviewed all frame/mip page locations; structural/pixel evidence only
asset_source	textures/item/imported/food_spinach.png	589db699355fb8a255d107301ad45e1c66bc3d3ed20110cd88ca05450337d075	PASS	Manually reviewed all frame/mip page locations; structural/pixel evidence only
asset_source	textures/item/imported/food_stew_sweetpod.png	e27fd2615601544df8216577db2012a1b6d0713df175d7eca553150a5612d3eb	PASS	Manually reviewed all frame/mip page locations; structural/pixel evidence only
asset_source	textures/item/imported/food_strawberries.png	82c5f317910dce909cff038fe655d6e53f7c4fbadb6c2bf194d9fd77412f0c4e	PASS	Manually reviewed all frame/mip page locations; structural/pixel evidence only
asset_source	textures/item/imported/food_sunberries.png	a1c6d12ef956a40e831d9d3fea3688c0fbf907a9cc4c2abd671fc6333bd6a974	PASS	Manually reviewed all frame/mip page locations; structural/pixel evidence only
asset_source	textures/item/imported/food_sweetpod.png	86f40df9e6fab7b7e83c493634c0c921fe0b5a92d24ba4003042c7fb7aa360d0	PASS	Manually reviewed all frame/mip page locations; structural/pixel evidence only
asset_source	textures/item/imported/food_tomato.png	a602cf7cf007b7ee912f4ba7cc7b1fb2430ff928c847ee830ac90b58f4fc0db3	PASS	Manually reviewed all frame/mip page locations; structural/pixel evidence only
asset_source	textures/item/imported/food_uradbean.png	4fc1c359ee707d2e3ba6621666457c05297e6cb5e20ab554ec4e27262a9bcdbe	PASS	Manually reviewed all frame/mip page locations; structural/pixel evidence only
asset_source	textures/item/imported/food_wisdomfruit.png	4d25051d5a25fb57ff0f08ea15add0188712079d75fa6f193dd2c62241ce0b1a	PASS	Manually reviewed all frame/mip page locations; structural/pixel evidence only
asset_source	textures/item/imported/magic_essence_blood_dust.png	66e5f1278cc7a53de1670d3227d27d768619c4895230df79bbdb7f07a704fe86	PASS	Manually reviewed all frame/mip page locations; structural/pixel evidence only
asset_source	textures/item/imported/magic_essence_sacred_dust.png	3920e22ea8e077a4abb30828767057f8b58b4ee3bda8fb80f7d9e2e2ecd63a7b	PASS	Manually reviewed all frame/mip page locations; structural/pixel evidence only
asset_source	textures/item/imported/magic_essence_soul_dust.png	196da0709fa7afb35b5541218365aee2f9bb61e65c26fed5fb26c2441c8e663f	PASS	Manually reviewed all frame/mip page locations; structural/pixel evidence only
asset_source	textures/item/indigo_crystal.png	22a907ffd19153f6c030b200bb4119d7eec627850956b86aa64d7464dda6c17c	PASS	Manually reviewed all frame/mip page locations; structural/pixel evidence only
asset_source	textures/item/infected_rainbow_crystal.png	05a22e827c97c46da5daa1e2d5140381247eb93f213c41f9e48d363481770e76	PASS	Manually reviewed all frame/mip page locations; structural/pixel evidence only
asset_source	textures/item/iron_battle_axe.png	283180f2306dcb7931e5067e7e83fa656ad11084e566e5a0843d59488f86b50a	PASS	Manually reviewed all frame/mip page locations; structural/pixel evidence only
asset_source	textures/item/iron_broadsword.png	c24c6757180fdcc192baeba49e7e0e9221df2148a4ca93f180af1b093ae0db46	PASS	Manually reviewed all frame/mip page locations; structural/pixel evidence only
asset_source	textures/item/iron_dagger.png	5f4f1137e778e23373aac4501848812f67b674fe062a637dbf8555ba3a21ef25	PASS	Manually reviewed all page locations; transparent RGB exception is separately path+SHA bound; pixel evidence only
asset_source	textures/item/iron_greataxe.png	823a3ab6076c589fa71b2118d04f21ce2327a27aa50f60183a58c9f78909eff9	PASS	Manually reviewed all page locations; transparent RGB exception is separately path+SHA bound; pixel evidence only
asset_source	textures/item/iron_halberd.png	b5c79f583a6f3c512197ec05bc244bd427a5321e778de06c2afe66de57bf7121	PASS	Manually reviewed all page locations; transparent RGB exception is separately path+SHA bound; pixel evidence only
asset_source	textures/item/iron_hay_sickle.png	3fe1253eb046aecd56d580b5477f2d688a74ac941c8e97a27f6fc585ea07c177	PASS	Manually reviewed all page locations; transparent RGB exception is separately path+SHA bound; pixel evidence only
asset_source	textures/item/iron_mace.png	9fbe56605888e9767de214fe38baa9a17c36511e505c8b38dbc27dd50a494c4e	PASS	Manually reviewed all frame/mip page locations; structural/pixel evidence only
asset_source	textures/item/iron_mace_01.png	fd0f17baec8717191f7f2381e0f79a6b1a65bef1e1c511d322c41c9766ab3f74	PASS	Manually reviewed all frame/mip page locations; structural/pixel evidence only
asset_source	textures/item/iron_polearm.png	831d0fe285c6fce0056443d0490b877482858bfb36934dcae40a54fca3341cf5	PASS	Manually reviewed all page locations; transparent RGB exception is separately path+SHA bound; pixel evidence only
asset_source	textures/item/iron_polearm_01.png	0525e1d1042019ee04ffc76db2af87d48155671d221f11f7329b1e3ede4cf703	PASS	Manually reviewed all frame/mip page locations; structural/pixel evidence only
asset_source	textures/item/iron_polearm_02.png	9b05071f4e72507a3dd42a4c2ee5f207cca8751d529d24a31a7471504cbdb7bf	PASS	Manually reviewed all frame/mip page locations; structural/pixel evidence only
asset_source	textures/item/iron_sai.png	ef4309608d699b5aa01922c1d6e7e5e6b8bd13a902bbe2dce00d515045fee61d	PASS	Manually reviewed all page locations; transparent RGB exception is separately path+SHA bound; pixel evidence only
asset_source	textures/item/light_crystal.png	49a35da364168c9b25213a98b0c9b82148867ca58c516eb0bd9d2101561e116f	PASS	Manually reviewed all frame/mip page locations; structural/pixel evidence only
asset_source	textures/item/light_herald_spawn_egg.png	8baad9c3d43633a99a3e1159aab03f1cd1c83809ef2ab201c0c09ffe45b79417	PASS	Manually reviewed all frame/mip page locations; structural/pixel evidence only
asset_source	textures/item/lycanbane.png	6a6bfe5307c5b7cba0e645a177169f9febc0c9c4026d706d412016b5d0c02b2a	PASS	Manually reviewed all page locations; transparent RGB exception is separately path+SHA bound; pixel evidence only
asset_source	textures/item/moonlight.png	473fec725ad12cc9e23572bb6bd217e58539cc2a067412440f01f693695a1e10	PASS	Manually reviewed all frame/mip page locations; structural/pixel evidence only
asset_source	textures/item/nature_sword.png	9875557827e1225fad87d20a0f910f193671bb9a7d001b70375bfd9ed7e3be12	PASS	Manually reviewed all frame/mip page locations; structural/pixel evidence only
asset_source	textures/item/nocturne.png	147e427b829982e678e1cb655f2d637b8b86bd71aeee4bbea7b12683c2893d29	PASS	Manually reviewed all page locations; transparent RGB exception is separately path+SHA bound; pixel evidence only
asset_source	textures/item/oculus.png	32570df43cc724016a238914cf457faf0e4425e2062d58539400a8c1b6a03af9	PASS	Manually reviewed all page locations; transparent RGB exception is separately path+SHA bound; pixel evidence only
asset_source	textures/item/orange_crystal.png	36aecc7b6d9be68b7c94fe0e3d403ec5760429b49eaafb00ad7b3020fd2a5478	PASS	Manually reviewed all frame/mip page locations; structural/pixel evidence only
asset_source	textures/item/phantomguard_greatsword.png	f101f83297ab7fafb617c79ec715264a9384df59be35e6fc6ec70b67cc5092f5	PASS	Manually reviewed all page locations; transparent RGB exception is separately path+SHA bound; pixel evidence only
asset_source	textures/item/phantomguard_partisan.png	1378118a9b4f43fda7757f723dd8f75b1ea336b822e6d0a2ae117cb4dd5933ad	PASS	Manually reviewed all page locations; transparent RGB exception is separately path+SHA bound; pixel evidence only
asset_source	textures/item/power_test_actor_spawn_egg.png	3cfec17fa4a4632448cee6af7bb31b6ff16ca8da32e53fdddfcfdb4d775b15cc	PASS	Manually reviewed all frame/mip page locations; structural/pixel evidence only
asset_source	textures/item/radiant_sentinel_spawn_egg.png	4421196f8acdf8380ef7287314dc1efa519766424080ba92505d6328dc3c5196	PASS	Manually reviewed all frame/mip page locations; structural/pixel evidence only
asset_source	textures/item/rainbow_crystal.png	44106747ee9a615ac62092bd300ec0b16688b39a3eaa3fe95f8d53a2d7b50cb0	PASS	Manually reviewed all frame/mip page locations; structural/pixel evidence only
asset_source	textures/item/ravenous_blade.png	379b1d674f5542e54475ccbbc1630f68fe70f2b9a857a3309f8b8fbfdf727a13	PASS	Manually reviewed all frame/mip page locations; structural/pixel evidence only
asset_source	textures/item/red_crystal.png	7905f718f88e8213ed1a437d25bab28b6df54a32fb6d943ce73398b3682bcb4f	PASS	Manually reviewed all frame/mip page locations; structural/pixel evidence only
asset_source	textures/item/revenants_darkscepter.png	ec68ea1c3424007bbe455806280a65ec7d4c243a276fd282352f05ca207aaa91	PASS	Manually reviewed all frame/mip page locations; structural/pixel evidence only
asset_source	textures/item/revenants_gravecleaver.png	59666a73714aa4c89e7bdde041605b2a814e80dc9e8b74f6b191c3e99264756d	PASS	Manually reviewed all frame/mip page locations; structural/pixel evidence only
asset_source	textures/item/revenants_gravescepter.png	389d2e2c272ca3f8828971a57944815c7696dea1697194a4144f22d12bbbeee1	PASS	Manually reviewed all frame/mip page locations; structural/pixel evidence only
asset_source	textures/item/runic_piercer.png	eff931a3b971af54ca20f7bc3fc31a953e73b2cdcbe531c95bd0a2e7797aa113	PASS	Manually reviewed all frame/mip page locations; structural/pixel evidence only
asset_source	textures/item/sacrificial_cleaver.png	0035477172a25f183f01e8dccdee178e7e4bbd7c20f374529617917ac3845058	PASS	Manually reviewed all page locations; transparent RGB exception is separately path+SHA bound; pixel evidence only
asset_source	textures/item/skeleton_axe.png	91a225bd1d2ada4656295ac7b74afe600ef9ae73852f8a74745d6db8d1272839	PASS	Manually reviewed all page locations; transparent RGB exception is separately path+SHA bound; pixel evidence only
asset_source	textures/item/skeleton_axe_effect.png	96513bc5980daf14d29829a21174305f24c9626328edd952b165ccc0c0fff72b	PASS	Manually reviewed all frame/mip page locations; structural/pixel evidence only
asset_source	textures/item/skeleton_axe_effect.png.mcmeta	4ac44ffde47ef0d9969de5e86cdb317f6eba1f9dd8b723dec0db28fb787bce6e	PASS	Manually accepted resolved graph/schema contract; no pixel surface applies
asset_source	textures/item/solstice.png	c38dd19892b6920960ef717add960c3a0d53beefdf5faf2665df19faa9726dce	PASS	Manually reviewed all page locations; transparent RGB exception is separately path+SHA bound; pixel evidence only
asset_source	textures/item/spider_sword.png	945e7829083e1066c88646980ff5aac03f82ca87e5c570d9ed6ceadc02b3ff77	PASS	Manually reviewed all page locations; transparent RGB exception is separately path+SHA bound; pixel evidence only
asset_source	textures/item/spider_sword_effect.png	02fd665ab6a8bf92d7964761525588e8680841a1169a1791a30df6a71502b22b	PASS	Manually reviewed all frame/mip page locations; structural/pixel evidence only
asset_source	textures/item/spider_sword_effect.png.mcmeta	73dccd7d17e14af69795967630c291e1b85809684b8e345578ccd92181633524	PASS	Manually accepted resolved graph/schema contract; no pixel surface applies
asset_source	textures/item/talonbrand.png	49c1157c68609a572698716e255f5266e2769adf651ac5f3a375da86c1a4f0a9	PASS	Manually reviewed all page locations; transparent RGB exception is separately path+SHA bound; pixel evidence only
asset_source	textures/item/talonpick.png	c4abc348159db6d87806dd8abe66e7d0a42510070546ef523674c9051717ed09	PASS	Manually reviewed all page locations; transparent RGB exception is separately path+SHA bound; pixel evidence only
asset_source	textures/item/talonshovel.png	e96ec853707cc67568f483c53f77737c7ff9b5a88467ccd850a5a1385fe1cb15	PASS	Manually reviewed all page locations; transparent RGB exception is separately path+SHA bound; pixel evidence only
asset_source	textures/item/treacherous_axe.png	1ba00bac50a1b43896ce198c867904a52b4f1156a3a4d0911af02f37f85c9314	PASS	Manually reviewed all frame/mip page locations; structural/pixel evidence only
asset_source	textures/item/treacherous_bludgeon.png	370a91df382507b152cf7a5183b42764872ac9eabfa305cab9a570bb269891ff	PASS	Manually reviewed all frame/mip page locations; structural/pixel evidence only
asset_source	textures/item/treacherous_cleaver.png	89e1ed0e59ab345de953f055b98bae5a3dcd069ec061e2ef4857c025988a2e82	PASS	Manually reviewed all page locations; transparent RGB exception is separately path+SHA bound; pixel evidence only
asset_source	textures/item/uchigatana.png	41869aeff5323efdd2c0440011d24380c921cbac6b6a887acd09e4c58b04e60b	PASS	Manually reviewed all page locations; transparent RGB exception is separately path+SHA bound; pixel evidence only
asset_source	textures/item/vaelith.png	c3ec844e3f6540bb3d487afeb7384e21917bb0cd06ad150ace1a4ebcf177bd02	PASS	Manually reviewed all frame/mip page locations; structural/pixel evidence only
asset_source	textures/item/vaelith_flame.png	04471ed62afe242c34e5b6eb688c939b0622f0b4d15a89622dc5008c16ad6bc1	PASS	Manually reviewed all frame/mip page locations; structural/pixel evidence only
asset_source	textures/item/vaelith_flame.png.mcmeta	37ca1f757a42143edbc722b8933dc7ccb1b797ee3eaa4278783583d79858937d	PASS	Manually accepted resolved graph/schema contract; no pixel surface applies
asset_source	textures/item/valhakyra.png	5b53e95e11d3991053cc2e481000194862bfcc1ec1c1a76fdd425da3cafaca5b	PASS	Manually reviewed all page locations; transparent RGB exception is separately path+SHA bound; pixel evidence only
asset_source	textures/item/vengeance_blade.png	e66726ca8ade31b0071811180690b40f1835e69436694a05f389cf2ef8fdb8f6	PASS	Manually reviewed all page locations; transparent RGB exception is separately path+SHA bound; pixel evidence only
asset_source	textures/item/vesper.png	534ac685d03b65062adac663ceae86d596f8f0d4c5ab08ff0de8c28f1a540a24	PASS	Manually reviewed all page locations; transparent RGB exception is separately path+SHA bound; pixel evidence only
asset_source	textures/item/vindicator.png	c3098057d81b5f3fba45a7a243fc648f965f26da39c6cc4c2dd32a671bd2b00c	PASS	Manually reviewed all page locations; transparent RGB exception is separately path+SHA bound; pixel evidence only
asset_source	textures/item/violet_crystal.png	3be0f8ca2924e64e11de44c9da962757c47ed979dda1403d78dcf18949b1ea80	PASS	Manually reviewed all frame/mip page locations; structural/pixel evidence only
asset_source	textures/item/viridian_greataxe.png	5cbae39f459ff66df5c6fb012bb3d8c09b4b84252868485d857e650b06ff1a26	PASS	Manually reviewed all page locations; transparent RGB exception is separately path+SHA bound; pixel evidence only
asset_source	textures/item/viridian_pickaxe.png	a526fc536dc564e0dd5da69ff9b812f5f426eb619f70722fb84ef57686098990	PASS	Manually reviewed all page locations; transparent RGB exception is separately path+SHA bound; pixel evidence only
asset_source	textures/item/viridian_shovel.png	6afc467128e8d44a67a9340c0c416a7fd1066ba4ca983460a04a6c14c46df003	PASS	Manually reviewed all page locations; transparent RGB exception is separately path+SHA bound; pixel evidence only
asset_source	textures/item/void_oculus.png	40f4b069d2b23e90c384b1df5cd5605701334d1c91b94ad7af8dc29c57006a80	PASS	Manually reviewed all page locations; transparent RGB exception is separately path+SHA bound; pixel evidence only
asset_source	textures/item/windreaper.png	8e1418dfcee7d37e4246e4110234671a24c1588a894878d0bbaa68d7da88f414	PASS	Manually reviewed all frame/mip page locations; structural/pixel evidence only
asset_source	textures/item/winterthorn.png	0624633d28ffca14429faa97da800371e858a046aaecf0e2e850f3e9ca2c52ab	PASS	Manually reviewed all page locations; transparent RGB exception is separately path+SHA bound; pixel evidence only
asset_source	textures/item/wooden_bludgeon.png	1a7a2610d64030c6be959f6a9cdbed864f66a1c8fa2daa9954531c788676ca6c	PASS	Manually reviewed all page locations; transparent RGB exception is separately path+SHA bound; pixel evidence only
asset_source	textures/item/wooden_tonfa.png	e815ec7820ac1b10900f4b086a32f678d62a60fd230c2981f2fda1366acd6f36	PASS	Manually reviewed all page locations; transparent RGB exception is separately path+SHA bound; pixel evidence only
asset_source	textures/item/yellow_crystal.png	fb3457655752e62634caa83f58db9223cfa674efde43973a1d58f37ed97f37a1	PASS	Manually reviewed all frame/mip page locations; structural/pixel evidence only
asset_source	textures/item/zenith.png	403d9d8033df12d2734adbca42d6a1eece7ff9c46c4a4654389a2c260fde68cf	PASS	Manually reviewed all page locations; transparent RGB exception is separately path+SHA bound; pixel evidence only
asset_source	textures/mob_effect/amethyst_poisoning.png	a4563dff88456e8a3a91478dd0a4a4909d233a11aa523302a129c6a0fa16f311	PASS	Manually reviewed all frame/mip page locations; structural/pixel evidence only
asset_source	textures/mob_effect/exhaustion.png	6c9d2a266fff750bfda35bfab84660b59264bb97e8cf46b9971dd6b839e51030	PASS	Manually reviewed all frame/mip page locations; structural/pixel evidence only
asset_source	textures/particle/eclipse.png	faf6c2a192cea887e8f344d6cffa75a9aa0c4a83a4c72472f943d63118c7830a	PASS	Manually reviewed all frame/mip page locations; structural/pixel evidence only
asset_source	textures/particle/fracture.png	ab6fc3ba35baa59c7128a44197f2d80a32a23a133754378791d691e8fe698a98	PASS	Manually reviewed all frame/mip page locations; structural/pixel evidence only
asset_source	textures/particle/glyph.png	5fbe65c24fd23efc1a6b6c5eb7255b60e710dd005bb7b7c8c171ea31e2be2ffb	PASS	Manually reviewed all frame/mip page locations; structural/pixel evidence only
asset_source	textures/particle/mote.png	17a1b5af67ad4c502ef2ec00b099561fe6a06a7d1722e8b951edc1ad46221e24	PASS	Manually reviewed all frame/mip page locations; structural/pixel evidence only
asset_source	textures/particle/ribbon.png	9fdc931e942a4a9496908989617479f941b9174877582f032d515b6ebf68c7bd	PASS	Manually reviewed all frame/mip page locations; structural/pixel evidence only
asset_source	textures/particle/root.png	4f9b7b2984465dc1a9046695753d8e319a6db45dcca4acb6cc29d1b31e71e780	PASS	Manually reviewed all frame/mip page locations; structural/pixel evidence only
asset_source	textures/particle/shard.png	dac778faad4cf62278a02eb33de30c541591ed3b220f01b728da883be822e0d0	PASS	Manually reviewed all frame/mip page locations; structural/pixel evidence only
asset_source	textures/particle/spark.png	d311c0129375e49df0682ff92feb32afe643fb5d219b49558283db14b75c4518	PASS	Manually reviewed all frame/mip page locations; structural/pixel evidence only
asset_page	pixels-checker-000.png	7bb28113068a78da97e0730e2e76ef49749d897614f364b6efe8a7522934460c	PASS	Manually reviewed complete uncropped light/dark/checker frame-mip page; structural/pixel evidence only
asset_page	pixels-checker-001.png	e29ed3eb792d302405e8929b607a96c75f81fecf762d6f523b49c2f6c9c91caa	PASS	Manually reviewed complete uncropped light/dark/checker frame-mip page; structural/pixel evidence only
asset_page	pixels-checker-002.png	d93ad5d6a5bc7aa2408a783ca3a6d3780a442beea682ec0c8e96fe84141e8067	PASS	Manually reviewed complete uncropped light/dark/checker frame-mip page; structural/pixel evidence only
asset_page	pixels-checker-003.png	6f5e1260c110b79d88b801b46762433a84698273fdacce22c5531f5f503c3848	PASS	Manually reviewed complete uncropped light/dark/checker frame-mip page; structural/pixel evidence only
asset_page	pixels-checker-004.png	66c1ca70f77c6cb41779ec1a4f9ccd2499c576774655b1c8e958caab5c393b76	PASS	Manually reviewed complete uncropped light/dark/checker frame-mip page; structural/pixel evidence only
asset_page	pixels-checker-005.png	965e254bb8bf059c2bcbad1fa92daab77b37894ced3af857920b8dda162788e2	PASS	Manually reviewed complete uncropped light/dark/checker frame-mip page; structural/pixel evidence only
asset_page	pixels-checker-006.png	c578c0ee7141695a32e1831b0de59b7b644aac084e4c593a92c3a980fb0fdd8a	PASS	Manually reviewed complete uncropped light/dark/checker frame-mip page; structural/pixel evidence only
asset_page	pixels-checker-007.png	740d24774fda8d69e88d6fdd49d5ed21a9c2f91135affa30ae2092aeb40d550e	PASS	Manually reviewed complete uncropped light/dark/checker frame-mip page; structural/pixel evidence only
asset_page	pixels-checker-008.png	af2ae37ec6049af91f02bfb9d564f01d8acd2fd60273aaaddc94e35d2de9c657	PASS	Manually reviewed complete uncropped light/dark/checker frame-mip page; structural/pixel evidence only
asset_page	pixels-checker-009.png	158c9569f6a3d38e07e29d063e4afa843dc42f35822d7cd9b09d3a7c35e29e5b	PASS	Manually reviewed complete uncropped light/dark/checker frame-mip page; structural/pixel evidence only
asset_page	pixels-checker-010.png	85d70940724bc328aa75b0de3920c8203bcd9124d67f70146476addf6985c1ce	PASS	Manually reviewed complete uncropped light/dark/checker frame-mip page; structural/pixel evidence only
asset_page	pixels-checker-011.png	dd1f3a82b2bfa1b3daa9d5fda490567a5b331471f9c2ff93d5b12b18d774f268	PASS	Manually reviewed complete uncropped light/dark/checker frame-mip page; structural/pixel evidence only
asset_page	pixels-checker-012.png	ed17e19dcafce2db0e0518d7ece4663d2208bd2c710f4d4227239fa4e4affca0	PASS	Manually reviewed complete uncropped light/dark/checker frame-mip page; structural/pixel evidence only
asset_page	pixels-checker-013.png	052a7ec19039f643989a5ae19169bf3a1ddb28b52ec68950edf94c2f97ea8064	PASS	Manually reviewed complete uncropped light/dark/checker frame-mip page; structural/pixel evidence only
asset_page	pixels-checker-014.png	bdc8bfa020f3d1dab9e7461f194ecc38e6045fe4882d72338a6600a1384efc9c	PASS	Manually reviewed complete uncropped light/dark/checker frame-mip page; structural/pixel evidence only
asset_page	pixels-checker-015.png	6e9dbfae5467d5c9c44bc84d3de1fa43d1b20d4daa2d96df6c30e807438140fa	PASS	Manually reviewed complete uncropped light/dark/checker frame-mip page; structural/pixel evidence only
asset_page	pixels-checker-016.png	2fc069e77143a6170c755c267742b6cb537c2efa3cde6874f578d2f0b917005b	PASS	Manually reviewed complete uncropped light/dark/checker frame-mip page; structural/pixel evidence only
asset_page	pixels-checker-017.png	b878c35d0753344bcbf1e0a3937812dbd254fbed658188618987b621b442b83b	PASS	Manually reviewed complete uncropped light/dark/checker frame-mip page; structural/pixel evidence only
asset_page	pixels-checker-018.png	e8b7df6a2b7af4801bb45a489dff93e1d9fff3bcb6268914dff649ef14b8c55e	PASS	Manually reviewed complete uncropped light/dark/checker frame-mip page; structural/pixel evidence only
asset_page	pixels-checker-019.png	b1f31bfc1d24df11593f306805407a8ae4eaba910aa0f58d6c4609558341b924	PASS	Manually reviewed complete uncropped light/dark/checker frame-mip page; structural/pixel evidence only
asset_page	pixels-checker-020.png	a0b16fb23c4f6eb01cd30f30156dcc6773573e8da5ddbce623ebca5688b0f767	PASS	Manually reviewed complete uncropped light/dark/checker frame-mip page; structural/pixel evidence only
asset_page	pixels-checker-021.png	744a8d08e10c0dc3947c878880ce54c39f2105b6ea0f5a10904ee8a438a60a48	PASS	Manually reviewed complete uncropped light/dark/checker frame-mip page; structural/pixel evidence only
asset_page	pixels-checker-022.png	0965ea740bd36040bc9eb3f53b3d3314c94f1267bc64305b909d28469b280120	PASS	Manually reviewed complete uncropped light/dark/checker frame-mip page; structural/pixel evidence only
asset_page	pixels-checker-023.png	550ac0e12d1aa2444d538f1e30edaf605204fbbd79d9799c0cdae8dc827be7b3	PASS	Manually reviewed complete uncropped light/dark/checker frame-mip page; structural/pixel evidence only
asset_page	pixels-checker-024.png	4fbbfb3b32200cdb84d4a4168c59a15f97391ceb96ad72503d3e49d4976a4e8a	PASS	Manually reviewed complete uncropped light/dark/checker frame-mip page; structural/pixel evidence only
asset_page	pixels-checker-025.png	3a8df63510b7c5b5abc46c7b9f90c25af7d8993ac625ca123526a6d7cc99123b	PASS	Manually reviewed complete uncropped light/dark/checker frame-mip page; structural/pixel evidence only
asset_page	pixels-checker-026.png	8c7d90861c73e8256045b98bda92f149bf98032974a0c3fe695a9a76cf8ed159	PASS	Manually reviewed complete uncropped light/dark/checker frame-mip page; structural/pixel evidence only
asset_page	pixels-checker-027.png	6cddb111f1a8702de5ecaa23d4e4332e13ddb970ca199fcc81a0806134c01327	PASS	Manually reviewed complete uncropped light/dark/checker frame-mip page; structural/pixel evidence only
asset_page	pixels-checker-028.png	b577bab4d9aad8c5398ce25feaf760d75168343e8041815dd082e25af7334076	PASS	Manually reviewed complete uncropped light/dark/checker frame-mip page; structural/pixel evidence only
asset_page	pixels-checker-029.png	b34cb42d5d069f04aa3e2cde020b9814083b736a3a85cf20ee86039d4586fd03	PASS	Manually reviewed complete uncropped light/dark/checker frame-mip page; structural/pixel evidence only
asset_page	pixels-dark-000.png	45e2370304e1d8544c25f34143b283aaf240718faf7f6405502174a2a7557812	PASS	Manually reviewed complete uncropped light/dark/checker frame-mip page; structural/pixel evidence only
asset_page	pixels-dark-001.png	54c685d946769427a04dc1f97c0f561e77d6faed8fe74183436847f48787f062	PASS	Manually reviewed complete uncropped light/dark/checker frame-mip page; structural/pixel evidence only
asset_page	pixels-dark-002.png	26c47df2c20d89eec24a18b2e9546da61a2e38e3220ea07d148df5dee35806d8	PASS	Manually reviewed complete uncropped light/dark/checker frame-mip page; structural/pixel evidence only
asset_page	pixels-dark-003.png	f42fe9d84b76594b974fa9fddf9047611bf98bed20b9d1552547b5608bcfd708	PASS	Manually reviewed complete uncropped light/dark/checker frame-mip page; structural/pixel evidence only
asset_page	pixels-dark-004.png	76686e4c33a7d43aa51b08a559058155b846116e7df75843f0622b5376b6a538	PASS	Manually reviewed complete uncropped light/dark/checker frame-mip page; structural/pixel evidence only
asset_page	pixels-dark-005.png	1f1f30af0ce9387c94783811fe60992d59f12e86a136976fbbb499867bf0c374	PASS	Manually reviewed complete uncropped light/dark/checker frame-mip page; structural/pixel evidence only
asset_page	pixels-dark-006.png	600cdf3f05411f505fe5d91960ddd47f0b3a8f52ece770c3fe82f3ce514cc98a	PASS	Manually reviewed complete uncropped light/dark/checker frame-mip page; structural/pixel evidence only
asset_page	pixels-dark-007.png	791cb463ec4961bf2a9797970f8cce7ca78c51d5d9e8fd202ee52768d379381a	PASS	Manually reviewed complete uncropped light/dark/checker frame-mip page; structural/pixel evidence only
asset_page	pixels-dark-008.png	ec904824988147d96f57bdaec6fdbc002f6ba30442d3ae4bcdb5ba51f244dfd2	PASS	Manually reviewed complete uncropped light/dark/checker frame-mip page; structural/pixel evidence only
asset_page	pixels-dark-009.png	cc76d5146e9b04fc787f4467bf0a69b507ae35d34a5823a4cc39c5795ffbf0c4	PASS	Manually reviewed complete uncropped light/dark/checker frame-mip page; structural/pixel evidence only
asset_page	pixels-dark-010.png	0bc3f58962f24cc6d92da069b0e4ec5cdba5861b55800d5c51ec360c22b180e2	PASS	Manually reviewed complete uncropped light/dark/checker frame-mip page; structural/pixel evidence only
asset_page	pixels-dark-011.png	eb0a52dab1631f6836578edb1c81bf66930cc1019e4e4ef1166ccee0428938b2	PASS	Manually reviewed complete uncropped light/dark/checker frame-mip page; structural/pixel evidence only
asset_page	pixels-dark-012.png	29d56839c80861b544f61cdb5f72300bf2feaf261cb56fd55a7026961a3f3e8f	PASS	Manually reviewed complete uncropped light/dark/checker frame-mip page; structural/pixel evidence only
asset_page	pixels-dark-013.png	3e382153f3b9f8ff5986af996e98483520e530526abfe220161a694ba8bd7e69	PASS	Manually reviewed complete uncropped light/dark/checker frame-mip page; structural/pixel evidence only
asset_page	pixels-dark-014.png	7ee66a5bf63c92340b1ca08d5141c8e21d6bd8d4bfd4f4f34a2e2cebe3a8df1b	PASS	Manually reviewed complete uncropped light/dark/checker frame-mip page; structural/pixel evidence only
asset_page	pixels-dark-015.png	b01b1d8995f6b1863278142627c5ab76cad031b049906e1a757437b4fe7a1598	PASS	Manually reviewed complete uncropped light/dark/checker frame-mip page; structural/pixel evidence only
asset_page	pixels-dark-016.png	f4d65d4d9b193e507668fd9ac99dbec2b9fcaad2d843266c524488fbb2ad7fe1	PASS	Manually reviewed complete uncropped light/dark/checker frame-mip page; structural/pixel evidence only
asset_page	pixels-dark-017.png	146ba58fa60b83014a9aede16e9aa47a2e75b200b72df21b043e409d67131511	PASS	Manually reviewed complete uncropped light/dark/checker frame-mip page; structural/pixel evidence only
asset_page	pixels-dark-018.png	956010a6bd739b8f1562fe0e5c066c08aa3de3fa71693725708f3151dd9207c2	PASS	Manually reviewed complete uncropped light/dark/checker frame-mip page; structural/pixel evidence only
asset_page	pixels-dark-019.png	eb7ef580b24129700be88c7497eca9f5e7aa5a0fbfa85802852c79e2b46718a4	PASS	Manually reviewed complete uncropped light/dark/checker frame-mip page; structural/pixel evidence only
asset_page	pixels-dark-020.png	da7cf90ce7e82bf7e51d85ad8b2f1bfb84182f8c81315e3891f55aff286de758	PASS	Manually reviewed complete uncropped light/dark/checker frame-mip page; structural/pixel evidence only
asset_page	pixels-dark-021.png	27c0967bbbea18bd3947b86cacf4fe9e29230dcfba519c09491c0ae0acc171c2	PASS	Manually reviewed complete uncropped light/dark/checker frame-mip page; structural/pixel evidence only
asset_page	pixels-dark-022.png	8d1aa66854c9dd43f9e2bf5bb866d9e18a9d8752874e2ca407083cb313edb8a5	PASS	Manually reviewed complete uncropped light/dark/checker frame-mip page; structural/pixel evidence only
asset_page	pixels-dark-023.png	a11421ecfda608c1fbad6344bac2c4f92fcf86ac31b8093925f62e51b8e5a52c	PASS	Manually reviewed complete uncropped light/dark/checker frame-mip page; structural/pixel evidence only
asset_page	pixels-dark-024.png	b1e5a2812c9c292dc45dc4ba5e96c22e9a274c08c59cf8a251fd5f846e5c8a6d	PASS	Manually reviewed complete uncropped light/dark/checker frame-mip page; structural/pixel evidence only
asset_page	pixels-dark-025.png	727415471c12ea17909510a3ac3acc265151c25560c017d34ca36d6b4acc93c1	PASS	Manually reviewed complete uncropped light/dark/checker frame-mip page; structural/pixel evidence only
asset_page	pixels-dark-026.png	01e2291c3891ebfc1805be0356de441055065bcebaffa6e8e494decc7b995242	PASS	Manually reviewed complete uncropped light/dark/checker frame-mip page; structural/pixel evidence only
asset_page	pixels-dark-027.png	fc4a1dab74db16dc8076949017242820a9c26003f499e087b4b54fde3d10d2e7	PASS	Manually reviewed complete uncropped light/dark/checker frame-mip page; structural/pixel evidence only
asset_page	pixels-dark-028.png	acdcfde3d88625072cdec304d739a346a02a37bbeadeb7d90fe5414b302c0e29	PASS	Manually reviewed complete uncropped light/dark/checker frame-mip page; structural/pixel evidence only
asset_page	pixels-dark-029.png	aa1f7ccd689e65bc4cd5cca9c97a447d823a57ac165c9958be84c68ae3cffb4f	PASS	Manually reviewed complete uncropped light/dark/checker frame-mip page; structural/pixel evidence only
asset_page	pixels-light-000.png	fbca7d9cafe40489790f2d88635adfbdfc4b7163bc1307cdcb78a5ad2c64d1a7	PASS	Manually reviewed complete uncropped light/dark/checker frame-mip page; structural/pixel evidence only
asset_page	pixels-light-001.png	0390e28abf9dc1b840f045571b23cfa2b7e46b9f3ae2492d2fdd045a0654c1bf	PASS	Manually reviewed complete uncropped light/dark/checker frame-mip page; structural/pixel evidence only
asset_page	pixels-light-002.png	b4d9248a0e5420323d2537873c99caef21d378f8569c55d516dec5dd9505891a	PASS	Manually reviewed complete uncropped light/dark/checker frame-mip page; structural/pixel evidence only
asset_page	pixels-light-003.png	f836ec00acb13af94119640f5f9fe19b2faa4c36ec8aeb007c9da22513858d16	PASS	Manually reviewed complete uncropped light/dark/checker frame-mip page; structural/pixel evidence only
asset_page	pixels-light-004.png	e4dc1b18635153e4ce1eced63ad0eb036c4e6c73b01029fcf86306e93fc7ce73	PASS	Manually reviewed complete uncropped light/dark/checker frame-mip page; structural/pixel evidence only
asset_page	pixels-light-005.png	aebf234e368978e904320377c364277275fb79057e0200c758b0d9a2de3f25f3	PASS	Manually reviewed complete uncropped light/dark/checker frame-mip page; structural/pixel evidence only
asset_page	pixels-light-006.png	0def9e3c8258324137092ae6afe746f2026c8f1177a0b6c05622a954c2a0dd9b	PASS	Manually reviewed complete uncropped light/dark/checker frame-mip page; structural/pixel evidence only
asset_page	pixels-light-007.png	c3980e76e7fb591f743bcbbfffa8b021340208f216f70074a02295cb04e79759	PASS	Manually reviewed complete uncropped light/dark/checker frame-mip page; structural/pixel evidence only
asset_page	pixels-light-008.png	45109ee0e914836b10a70ef6457db6459856e653b55419050933e8cf0c9d38ac	PASS	Manually reviewed complete uncropped light/dark/checker frame-mip page; structural/pixel evidence only
asset_page	pixels-light-009.png	4df98692b6776c559aad28b1c2f3142ffaada8a66bf6811e83c7215136da8767	PASS	Manually reviewed complete uncropped light/dark/checker frame-mip page; structural/pixel evidence only
asset_page	pixels-light-010.png	9ed7b457bd233d144507eebd64ac29d4362276c0d7d17bfd4fc56932f2e3098c	PASS	Manually reviewed complete uncropped light/dark/checker frame-mip page; structural/pixel evidence only
asset_page	pixels-light-011.png	e42bf766ec15c8c0364840a60b889be9414eb359b61c4a2919d5abce075bb99a	PASS	Manually reviewed complete uncropped light/dark/checker frame-mip page; structural/pixel evidence only
asset_page	pixels-light-012.png	fcbcdd14ab6000ad41b15835299d02ee87226bc0d9e43a830c802f541ea7ed85	PASS	Manually reviewed complete uncropped light/dark/checker frame-mip page; structural/pixel evidence only
asset_page	pixels-light-013.png	c1121e74159bd1ab35659aff7a22554f72860a14c4d58955f130dcf5e335fd37	PASS	Manually reviewed complete uncropped light/dark/checker frame-mip page; structural/pixel evidence only
asset_page	pixels-light-014.png	d93db2cfc90aa2bfe2b02c5668a02a2ada6ef472d7a1efaa47540b5bac23aa8d	PASS	Manually reviewed complete uncropped light/dark/checker frame-mip page; structural/pixel evidence only
asset_page	pixels-light-015.png	fc3de15172acc648cf46b5f80a935924ffbcbc0b0bd5519e17df8aba97d1dacb	PASS	Manually reviewed complete uncropped light/dark/checker frame-mip page; structural/pixel evidence only
asset_page	pixels-light-016.png	07740c4956764a01e8770189506e47c6a1f9bd699ea8385bb3291a11dc2ca2ea	PASS	Manually reviewed complete uncropped light/dark/checker frame-mip page; structural/pixel evidence only
asset_page	pixels-light-017.png	a348ea705d9d36fe61200f4cf74c86d60972527a4e29897dde387e1e3aa92fe5	PASS	Manually reviewed complete uncropped light/dark/checker frame-mip page; structural/pixel evidence only
asset_page	pixels-light-018.png	a7ea1d849489f5d0ca857de3cdb32607fe59ee6dc29e2aba0520c7ae3100ded8	PASS	Manually reviewed complete uncropped light/dark/checker frame-mip page; structural/pixel evidence only
asset_page	pixels-light-019.png	6cbfc22424c9fbe0b8f19864be77284edabb7988a79ed7b2565413ef829228b4	PASS	Manually reviewed complete uncropped light/dark/checker frame-mip page; structural/pixel evidence only
asset_page	pixels-light-020.png	e50967a5dd8ab0fb8df7eccb28566e93d67d9e955fc6854807dc454362bdfdba	PASS	Manually reviewed complete uncropped light/dark/checker frame-mip page; structural/pixel evidence only
asset_page	pixels-light-021.png	fa26b59ba1473b10cd32c9db21f483e0856623fd96f50f6866b0864f99748a43	PASS	Manually reviewed complete uncropped light/dark/checker frame-mip page; structural/pixel evidence only
asset_page	pixels-light-022.png	7e4344b672387e217f4f19fd0bb0063e0c386ed5405d474c16748a582b1c7273	PASS	Manually reviewed complete uncropped light/dark/checker frame-mip page; structural/pixel evidence only
asset_page	pixels-light-023.png	59d2b653b1940fea4f4974fc16b965a11ef4c46bd2ea5c770b12fc45c5fffc95	PASS	Manually reviewed complete uncropped light/dark/checker frame-mip page; structural/pixel evidence only
asset_page	pixels-light-024.png	0b0280517c543e1f35b38574ca708f4dfcde81e013bfc88a3cf32da211684790	PASS	Manually reviewed complete uncropped light/dark/checker frame-mip page; structural/pixel evidence only
asset_page	pixels-light-025.png	6b2f62169f383d19b4e892439ef4fb33133a3ec5b992c0ca304abe4bbb1e201f	PASS	Manually reviewed complete uncropped light/dark/checker frame-mip page; structural/pixel evidence only
asset_page	pixels-light-026.png	1d5250de00d060e5f895b817183eff925366096bb70d0ea30f2197261e5c71c7	PASS	Manually reviewed complete uncropped light/dark/checker frame-mip page; structural/pixel evidence only
asset_page	pixels-light-027.png	d967772df519ad391654761801b84f84d063ec9f747bd710ce5355e08851d8d2	PASS	Manually reviewed complete uncropped light/dark/checker frame-mip page; structural/pixel evidence only
asset_page	pixels-light-028.png	1436b291c2f5303bb4644c567933c27d2f5ef63e877f9187cca2e241a764cbdc	PASS	Manually reviewed complete uncropped light/dark/checker frame-mip page; structural/pixel evidence only
asset_page	pixels-light-029.png	65a508c3ffcba96e4572e6f111d245bb69598004b4d9c3c09ff6155fd1f0412b	PASS	Manually reviewed complete uncropped light/dark/checker frame-mip page; structural/pixel evidence only
client_screenshot	0021_vfx011-items-evidence-gui-mip4-normal-page01.png	cbec305cae379cf5278944be36ae21624ecb2c4ba1b1bbb3e1aea0d2581fa3b9	PASS	Manually reviewed exact production-render screenshot in owned contact page
client_screenshot	0022_vfx011-items-evidence-gui-mip4-normal-page02.png	afb735bce26c6aedd90e355a356c190d3798f3b19bb546c9e5e4c7fc37a2011b	PASS	Manually reviewed exact production-render screenshot in owned contact page
client_screenshot	0023_vfx011-items-evidence-gui-mip4-normal-page03.png	00dcc24d396bc20efea3c332048d8fd524e90a8b09c57a5cc1fe212047b44e67	PASS	Manually reviewed exact production-render screenshot in owned contact page
client_screenshot	0024_vfx011-items-evidence-gui-mip4-normal-page04.png	764548a94b4f909c048b3e29c0b033a460330920f83711dfbc7b487d512187d9	PASS	Manually reviewed exact production-render screenshot in owned contact page
client_screenshot	0025_vfx011-items-evidence-gui-mip4-normal-page05.png	188483fa902b83b9f7e153e4af23bdd2f16f0e6bd0dd51cb191cfab0a3a17333	PASS	Manually reviewed exact production-render screenshot in owned contact page
client_screenshot	0026_vfx011-items-evidence-ground-mip4-normal-page01.png	ac8ce04bc6a1a34448c93c9cf908b671ec2f798dcb3e8b5fd23a503274402310	PASS	Manually reviewed exact production-render screenshot in owned contact page
client_screenshot	0027_vfx011-items-evidence-ground-mip4-normal-page02.png	7f708eee85e28f4d12b912648051b74a3d19c9f027d4d83f99194cfeed1b4f17	PASS	Manually reviewed exact production-render screenshot in owned contact page
client_screenshot	0028_vfx011-items-evidence-ground-mip4-normal-page03.png	5a6d0516870a8ce3edc221d13f1478cde899476d4a7a300202f8a0053209144b	PASS	Manually reviewed exact production-render screenshot in owned contact page
client_screenshot	0029_vfx011-items-evidence-ground-mip4-normal-page04.png	2112a9ee88ed84ebc1b0fa286b2a553db6fe8bab5a5408bfe729d7da9f4525f8	PASS	Manually reviewed exact production-render screenshot in owned contact page
client_screenshot	0030_vfx011-items-evidence-ground-mip4-normal-page05.png	07d4c91ac7704cfbceb08dd4dba21a475c8e5661a874a50e6358441ca1edbfbf	PASS	Manually reviewed exact production-render screenshot in owned contact page
client_screenshot	0031_vfx011-items-evidence-firstperson_lefthand-mip4-normal-page01.png	dc3e9c1dd2c1de6dd2fce29a8ea1f784f211565046730c66d0e1f93e9d904bca	REPAIRED	Manually reviewed corrected production-render replacement; superseded frame excluded
client_screenshot	0032_vfx011-items-evidence-firstperson_lefthand-mip4-normal-page02.png	33b3fbc6b26af510ee67fcacdbf9d8eba28382418f5e9f5ff5e477a97338fb60	PASS	Manually reviewed exact production-render screenshot in owned contact page
client_screenshot	0033_vfx011-items-evidence-firstperson_lefthand-mip4-normal-page03.png	d9bfcd8aea3be88c9835bd68d8e94a8c93f048f38518cfd15f62bbf1bfcf734a	PASS	Manually reviewed exact production-render screenshot in owned contact page
client_screenshot	0034_vfx011-items-evidence-firstperson_lefthand-mip4-normal-page04.png	2faeae6d04942c3a6e31b79aabdece30792c4b4918c6356171bbd0f530392768	PASS	Manually reviewed exact production-render screenshot in owned contact page
client_screenshot	0035_vfx011-items-evidence-firstperson_lefthand-mip4-normal-page05.png	383dba9e7bc1e981636e5bfed79bc2381704b92b20b29f7d412ad89076449a23	PASS	Manually reviewed exact production-render screenshot in owned contact page
client_screenshot	0036_vfx011-items-evidence-firstperson_righthand-mip4-normal-page01.png	98ba7757afb5f5f868535b16cd02ea304378d80b2a78b020cc014a5bb8e91a13	PASS	Manually reviewed exact production-render screenshot in owned contact page
client_screenshot	0037_vfx011-items-evidence-firstperson_righthand-mip4-normal-page02.png	6ae1827383ec5d30ca016d9238ee91022e031a57b9f591076c0d83de90bd4ea3	PASS	Manually reviewed exact production-render screenshot in owned contact page
client_screenshot	0038_vfx011-items-evidence-firstperson_righthand-mip4-normal-page03.png	a21461ebfcd3c68676da133be89e460bcee1d7c27add2415c12baa3c01b54bde	PASS	Manually reviewed exact production-render screenshot in owned contact page
client_screenshot	0039_vfx011-items-evidence-firstperson_righthand-mip4-normal-page04.png	247e3200ed3d1ef9a21b900545ec66ebfd05103b2ea45ca9af7b83fabe5b74a8	PASS	Manually reviewed exact production-render screenshot in owned contact page
client_screenshot	0040_vfx011-items-evidence-firstperson_righthand-mip4-normal-page05.png	cb0cfb8b45aa15487929a0eecceb0a6b763f1ebfd418a53468c4bb16fcedf4a2	PASS	Manually reviewed exact production-render screenshot in owned contact page
client_screenshot	0041_vfx011-items-evidence-thirdperson_lefthand-mip4-normal-page01.png	d22336d6a726c24be8ff2139aefc38b03019444dc62ce07c91427a2b95cc4867	PASS	Manually reviewed exact production-render screenshot in owned contact page
client_screenshot	0042_vfx011-items-evidence-thirdperson_lefthand-mip4-normal-page02.png	6bfa01c08644f7926b99744252be244df4374386d1e1d1ff0a1e8c6a69974b5e	PASS	Manually reviewed exact production-render screenshot in owned contact page
client_screenshot	0043_vfx011-items-evidence-thirdperson_lefthand-mip4-normal-page03.png	b95aa59860b9499ccc0b44215aff5af7c51891e3236c3e42d68d304675b1939b	PASS	Manually reviewed exact production-render screenshot in owned contact page
client_screenshot	0044_vfx011-items-evidence-thirdperson_lefthand-mip4-normal-page04.png	c94913370b347414bd473cb4ee09fc4d2bc077cef548252ba409ae7f261085ad	PASS	Manually reviewed exact production-render screenshot in owned contact page
client_screenshot	0045_vfx011-items-evidence-thirdperson_lefthand-mip4-normal-page05.png	0d09ca1d6b3ecb3362e2a21322f672aecbf4268071f32914cd12ada619616559	PASS	Manually reviewed exact production-render screenshot in owned contact page
client_screenshot	0046_vfx011-items-evidence-thirdperson_righthand-mip4-normal-page01.png	cb53dfb015ceea3ffb00966b018852a7641da5ffbd60c79317af9abd194d4cca	PASS	Manually reviewed exact production-render screenshot in owned contact page
client_screenshot	0047_vfx011-items-evidence-thirdperson_righthand-mip4-normal-page02.png	af6322ecc0f6b37412e3c4e79a12e44b241a1f018e5b162cc74fb283690d731d	PASS	Manually reviewed exact production-render screenshot in owned contact page
client_screenshot	0048_vfx011-items-evidence-thirdperson_righthand-mip4-normal-page03.png	f76347eae2bac6da265592474b246d707e3fc2dc8af89047b32e2f3566a9734b	PASS	Manually reviewed exact production-render screenshot in owned contact page
client_screenshot	0049_vfx011-items-evidence-thirdperson_righthand-mip4-normal-page04.png	012efc47fc748c9c52add395ac39ee11fba5c4de5913744f6abdf3591242b816	PASS	Manually reviewed exact production-render screenshot in owned contact page
client_screenshot	0050_vfx011-items-evidence-thirdperson_righthand-mip4-normal-page05.png	afb33de9c4fadf3c3933574641800251ca58e0e68e70d8f8be52828848026d56	PASS	Manually reviewed exact production-render screenshot in owned contact page
client_screenshot	0051_vfx011-items-evidence-fixed-mip4-normal-page01.png	6b8699b4fdf58de3c739df17fb85bc06150310c78f8c893f04eef03af0447c43	PASS	Manually reviewed exact production-render screenshot in owned contact page
client_screenshot	0052_vfx011-items-evidence-fixed-mip4-normal-page02.png	4d0ae614b925119804b382df2a47039a2359ac26ff3b1c44883cc78f59303333	PASS	Manually reviewed exact production-render screenshot in owned contact page
client_screenshot	0053_vfx011-items-evidence-fixed-mip4-normal-page03.png	0460e99e12acb3e024185aa31fd6de686769875d5036382985fc755ab62c2c5f	PASS	Manually reviewed exact production-render screenshot in owned contact page
client_screenshot	0054_vfx011-items-evidence-fixed-mip4-normal-page04.png	e40fcc5d2874e6c0651c8a81b144890834d946be9a8c6712197f835e305724ed	PASS	Manually reviewed exact production-render screenshot in owned contact page
client_screenshot	0055_vfx011-items-evidence-fixed-mip4-normal-page05.png	ff29bb2c0b2d8ca6d0139bc000033e6b341a0753fc5c989fedc8cac246cdbc8d	PASS	Manually reviewed exact production-render screenshot in owned contact page
client_screenshot	0056_vfx011-items-evidence-head-mip4-normal-page01.png	a3fd7856ffcf8cbdffa2013f309d27e00d0f96dddf1a0110e048f5aee461bebc	PASS	Manually reviewed exact production-render screenshot in owned contact page
client_screenshot	0057_vfx011-items-evidence-head-mip4-normal-page02.png	912ab06476ec1193d3bbac46bae41ed97832224e1c15fd44eab64cf4a7c7c328	PASS	Manually reviewed exact production-render screenshot in owned contact page
client_screenshot	0058_vfx011-items-evidence-head-mip4-normal-page03.png	d905f83a16f790d5c3e2e7927f9f07d03ce027d4fdf16c9f892192a7effbbf40	PASS	Manually reviewed exact production-render screenshot in owned contact page
client_screenshot	0059_vfx011-items-evidence-head-mip4-normal-page04.png	0f1520ec60940513df76de2cd026b170e39241bf31021d869defbffd1ad7c2c1	PASS	Manually reviewed exact production-render screenshot in owned contact page
client_screenshot	0060_vfx011-items-evidence-head-mip4-normal-page05.png	a26a20a7f0285b9c3d68cf09a557abd34cbc8c549be8de2f099c8c4e4cf0a508	PASS	Manually reviewed exact production-render screenshot in owned contact page
client_screenshot	0061_vfx011-items-evidence-on_shelf-mip4-normal-page01.png	460eb9cca2975e3b6036e0711fed32f8f58c45106645f7dd3c5fdb576022318a	PASS	Manually reviewed exact production-render screenshot in owned contact page
client_screenshot	0062_vfx011-items-configuration-gui-mip0-normal-page01.png	8566fc89c928befabbf495bb0b0736469b866da3ea51a552449034d87b85a2d1	PASS	Manually reviewed exact production-render screenshot in owned contact page
client_screenshot	0063_vfx011-items-configuration-gui-mip0-normal-page02.png	2cc5447ecb928a4e292f562fca683d1d3be7c430aabe2f9c92bcf29b413413a2	PASS	Manually reviewed exact production-render screenshot in owned contact page
client_screenshot	0064_vfx011-items-configuration-gui-mip0-normal-page03.png	93bdb5cdb0973ada7658f35f30d500d501c73649424b5151f668175212085b8d	PASS	Manually reviewed exact production-render screenshot in owned contact page
client_screenshot	0065_vfx011-items-configuration-gui-mip0-normal-page04.png	5ffd5a0f67db5384e9d4345655983e8687ac5bd5214401dff418cbdfb9a03a70	PASS	Manually reviewed exact production-render screenshot in owned contact page
client_screenshot	0066_vfx011-items-configuration-gui-mip0-normal-page05.png	bf54c1c3139ca44c66c2328a9ec44e071937c8699a92dba685d99f1dfd28adf7	PASS	Manually reviewed exact production-render screenshot in owned contact page
client_screenshot	0067_vfx011-items-configuration-ground-mip0-normal-page01.png	9d78aa3f8980db88f6f99f5f8075321b8d1184918ef060e3dd4e4c93de567cae	PASS	Manually reviewed exact production-render screenshot in owned contact page
client_screenshot	0068_vfx011-items-configuration-ground-mip0-normal-page02.png	1eb196649b837eadbb7bead02e3d95f7e39eb16a97b869d40b655d138152e434	PASS	Manually reviewed exact production-render screenshot in owned contact page
client_screenshot	0069_vfx011-items-configuration-ground-mip0-normal-page03.png	060c5d053bc5d6b05b0cd59a1168a5f2a50da77b1dbc630f6f9754cd00b8e74a	PASS	Manually reviewed exact production-render screenshot in owned contact page
client_screenshot	0070_vfx011-items-configuration-ground-mip0-normal-page04.png	b3af96f604f8275780675be1df48f6c875f5afc560575cfb543f1d46bd5a7b6f	PASS	Manually reviewed exact production-render screenshot in owned contact page
client_screenshot	0071_vfx011-items-configuration-ground-mip0-normal-page05.png	7c2e0faa0ea91b4d072dddf80f34ed2c0c59529cd9f192bbc73e2df4d44494d2	PASS	Manually reviewed exact production-render screenshot in owned contact page
client_screenshot	0072_vfx011-items-configuration-firstperson_lefthand-mip0-normal-page01.png	d4ac07514045379e25dafacb50012f0342bc5bcfd3e1273d178e1a1472ef60c9	REPAIRED	Manually reviewed corrected production-render replacement; superseded frame excluded
client_screenshot	0073_vfx011-items-configuration-firstperson_lefthand-mip0-normal-page02.png	e58652d0a6d9ac4b87d40ab5a46214535b1202aadb4b8468606cc132171af5f1	PASS	Manually reviewed exact production-render screenshot in owned contact page
client_screenshot	0074_vfx011-items-configuration-firstperson_lefthand-mip0-normal-page03.png	d1514f6559ff9d7bd817f3bf9c6b67bf6ae2d764d9aa5e42dcf647bf255652c1	PASS	Manually reviewed exact production-render screenshot in owned contact page
client_screenshot	0075_vfx011-items-configuration-firstperson_lefthand-mip0-normal-page04.png	9d2bdb8f48eaf81cb2f62c47d8213aa8a5e059408cc29e9a7ecd46da09cad95c	PASS	Manually reviewed exact production-render screenshot in owned contact page
client_screenshot	0076_vfx011-items-configuration-firstperson_lefthand-mip0-normal-page05.png	4695539e6b10cd9679fac65a59c9510d81115b9d52ffd1d00e86891ae2b6ccaa	PASS	Manually reviewed exact production-render screenshot in owned contact page
client_screenshot	0077_vfx011-items-configuration-firstperson_righthand-mip0-normal-page01.png	dc0dc05ae88d1f30ef43bfb6e59b56b05aa9d638044c6afac1a11e52f443ce71	PASS	Manually reviewed exact production-render screenshot in owned contact page
client_screenshot	0078_vfx011-items-configuration-firstperson_righthand-mip0-normal-page02.png	479daaf9a88ce1a6faf5a9aba37f23619ae7421f04aa63336284a877b274d523	PASS	Manually reviewed exact production-render screenshot in owned contact page
client_screenshot	0079_vfx011-items-configuration-firstperson_righthand-mip0-normal-page03.png	e6d3e58c7f40cc1a5c1282fa59ef55bceedbd123532b51640eac1b028bf5458a	PASS	Manually reviewed exact production-render screenshot in owned contact page
client_screenshot	0080_vfx011-items-configuration-firstperson_righthand-mip0-normal-page04.png	5b455527206fba73bec72b652a2eee8d2f73edba8284afc32d1193f4a9ec9f9d	PASS	Manually reviewed exact production-render screenshot in owned contact page
client_screenshot	0081_vfx011-items-configuration-firstperson_righthand-mip0-normal-page05.png	f3df466130088e950622a4d658c590167de151b87b370b0742eb8cb3570bda1e	PASS	Manually reviewed exact production-render screenshot in owned contact page
client_screenshot	0082_vfx011-items-configuration-thirdperson_lefthand-mip0-normal-page01.png	b3fb6d9e4e9bc0dc0e3b60ab325ebb5c8439a09ed9f72bc675dff3cbf66c3ea9	PASS	Manually reviewed exact production-render screenshot in owned contact page
client_screenshot	0083_vfx011-items-configuration-thirdperson_lefthand-mip0-normal-page02.png	824d6a412a2ee42cc1b1c949fa2c6f4e487ca23c9d93a4f716256484886486e6	PASS	Manually reviewed exact production-render screenshot in owned contact page
client_screenshot	0084_vfx011-items-configuration-thirdperson_lefthand-mip0-normal-page03.png	8107c82b88edac5460d479315574283d38772fdef83c4b904c85ea507743f4eb	PASS	Manually reviewed exact production-render screenshot in owned contact page
client_screenshot	0085_vfx011-items-configuration-thirdperson_lefthand-mip0-normal-page04.png	77f02c1f8dcad8b66b9ecc4e25ad96bfa01579d71bfba1762519b75c857135a3	PASS	Manually reviewed exact production-render screenshot in owned contact page
client_screenshot	0086_vfx011-items-configuration-thirdperson_lefthand-mip0-normal-page05.png	e3dae6bc076e34778c53cae8dd8c13758590181b749470df80577386b406357d	PASS	Manually reviewed exact production-render screenshot in owned contact page
client_screenshot	0087_vfx011-items-configuration-thirdperson_righthand-mip0-normal-page01.png	351e3dd5c29d58e995fc83225c9a826f2408a6768cb28918543f9fe763444ab6	PASS	Manually reviewed exact production-render screenshot in owned contact page
client_screenshot	0088_vfx011-items-configuration-thirdperson_righthand-mip0-normal-page02.png	7d981bb1bd23b53cef6d5232fd844f6c08f2dda502b1bbba957ee91dd933e866	PASS	Manually reviewed exact production-render screenshot in owned contact page
client_screenshot	0089_vfx011-items-configuration-thirdperson_righthand-mip0-normal-page03.png	3fed890f1aef4e5714a9c5faa745928f7021f1092710d143f526352bbb795306	PASS	Manually reviewed exact production-render screenshot in owned contact page
client_screenshot	0090_vfx011-items-configuration-thirdperson_righthand-mip0-normal-page04.png	75305bba70cc4a159e924ffed508c32896c013d15a25a1e496564af5193bc0e1	PASS	Manually reviewed exact production-render screenshot in owned contact page
client_screenshot	0091_vfx011-items-configuration-thirdperson_righthand-mip0-normal-page05.png	49cccddc6c873b632fed1cf03e6b6c9d17586d402bc6868408d17ff8eab02111	PASS	Manually reviewed exact production-render screenshot in owned contact page
client_screenshot	0092_vfx011-items-configuration-fixed-mip0-normal-page01.png	3472bec26b7762d45fa9e38321c3a7e67ccf6be04f70846c678e4156777fa9ad	PASS	Manually reviewed exact production-render screenshot in owned contact page
client_screenshot	0093_vfx011-items-configuration-fixed-mip0-normal-page02.png	11d5fae3d3b7155068f5be50f21b6fb65fab13f7ee720cebbf64903877eb7490	PASS	Manually reviewed exact production-render screenshot in owned contact page
client_screenshot	0094_vfx011-items-configuration-fixed-mip0-normal-page03.png	07ff6e5b1522b3197c4d542266616950f6a32e39849086d14a18ce1ff73287b0	PASS	Manually reviewed exact production-render screenshot in owned contact page
client_screenshot	0095_vfx011-items-configuration-fixed-mip0-normal-page04.png	d5f013f6b16391e041cd3e8db6f309f9606c86224a0b3491bff2ee0e18edce19	PASS	Manually reviewed exact production-render screenshot in owned contact page
client_screenshot	0096_vfx011-items-configuration-fixed-mip0-normal-page05.png	5ade1232b95e552b6d46e31bba8cff7a8c587fec03abc9074cc01d455243750e	PASS	Manually reviewed exact production-render screenshot in owned contact page
client_screenshot	0097_vfx011-items-configuration-head-mip0-normal-page01.png	9547f5854a3b4b9acae11706389b8cfc570cebe51a62062a6e7b33ed7ea4ef8e	PASS	Manually reviewed exact production-render screenshot in owned contact page
client_screenshot	0098_vfx011-items-configuration-head-mip0-normal-page02.png	c85da78f30bea6c38ead2a94bdd0a428ed9fef4f39c1470cf4478bd1c2315ff1	PASS	Manually reviewed exact production-render screenshot in owned contact page
client_screenshot	0099_vfx011-items-configuration-head-mip0-normal-page03.png	c73cf35df96fc55fd3e094e3738f5e03658b042336d46ed534ad41b72b3f7971	PASS	Manually reviewed exact production-render screenshot in owned contact page
client_screenshot	0100_vfx011-items-configuration-head-mip0-normal-page04.png	8d565a88e17c68e75defe12e2a17d8c8587f962173a096565f8fda8ef4b39c6b	PASS	Manually reviewed exact production-render screenshot in owned contact page
client_screenshot	0101_vfx011-items-configuration-head-mip0-normal-page05.png	6fa6857a0c64991f797066f8d51743b148c8048a93b7b58eccf5be1d35c513a8	PASS	Manually reviewed exact production-render screenshot in owned contact page
client_screenshot	0102_vfx011-items-configuration-on_shelf-mip0-normal-page01.png	91b7a1dba51cf000aa22332c37c4556391ab31d8e7b560c5dbbe09257b4ee660	PASS	Manually reviewed exact production-render screenshot in owned contact page
client_screenshot	0103_vfx011-items-configuration-gui-mip0-reduced-page01.png	7e674caacb1d4bae2b0748d7a39b592d7bfeb1efed8c9f4355ce146c1edca3e2	PASS	Manually reviewed exact production-render screenshot in owned contact page
client_screenshot	0104_vfx011-items-configuration-gui-mip0-reduced-page02.png	94a908d68eed2159e382cdc0b9e7653364709b72b276fe0cf167330845419549	PASS	Manually reviewed exact production-render screenshot in owned contact page
client_screenshot	0105_vfx011-items-configuration-gui-mip0-reduced-page03.png	1ac1525f355af02db7152be43de250f9a89233bc7eab682efec543629c2b7dcd	PASS	Manually reviewed exact production-render screenshot in owned contact page
client_screenshot	0106_vfx011-items-configuration-gui-mip0-reduced-page04.png	d3aecbfe5d01cc575412444be9c0e375837187e4f29b6a7dc67420b15974ab3a	PASS	Manually reviewed exact production-render screenshot in owned contact page
client_screenshot	0107_vfx011-items-configuration-gui-mip0-reduced-page05.png	a9c040f3ecb9b4de4e421d814dee539bb8bfd1f7eb29bc13cd657201859291f6	PASS	Manually reviewed exact production-render screenshot in owned contact page
client_screenshot	0108_vfx011-items-configuration-ground-mip0-reduced-page01.png	d4f99c72a0cc107b7d88ef2c7efe37c2214d60e8bca278db757876b9c5c98589	PASS	Manually reviewed exact production-render screenshot in owned contact page
client_screenshot	0109_vfx011-items-configuration-ground-mip0-reduced-page02.png	16b83c8a882adbd772b56fe7c5460d429789c6176a81026c4ef22042f347469d	PASS	Manually reviewed exact production-render screenshot in owned contact page
client_screenshot	0110_vfx011-items-configuration-ground-mip0-reduced-page03.png	12ecb665d7df41c944e8a94ea114d6ad412b58fad17fc246e1c8c3dfb8c3307b	PASS	Manually reviewed exact production-render screenshot in owned contact page
client_screenshot	0111_vfx011-items-configuration-ground-mip0-reduced-page04.png	1158b996b185a0eb9c49fa44853251ba04a4bc726cffc30b5d6a9af032aecd71	PASS	Manually reviewed exact production-render screenshot in owned contact page
client_screenshot	0112_vfx011-items-configuration-ground-mip0-reduced-page05.png	9f7fa8a993fa3a30c437157916a806958660f764d46a23c32546066525f4cfab	PASS	Manually reviewed exact production-render screenshot in owned contact page
client_screenshot	0113_vfx011-items-configuration-firstperson_lefthand-mip0-reduced-page01.png	8cd5a36e5cee54cfd7c849c90de54c775333891ae12e0478e2cf2424c221d797	REPAIRED	Manually reviewed corrected production-render replacement; superseded frame excluded
client_screenshot	0114_vfx011-items-configuration-firstperson_lefthand-mip0-reduced-page02.png	c0bd4360504f63a48ffcae6f35942546ab7c75093f6543818e8d8f9933e70cca	PASS	Manually reviewed exact production-render screenshot in owned contact page
client_screenshot	0115_vfx011-items-configuration-firstperson_lefthand-mip0-reduced-page03.png	7536be61763be1bfd1fa79d322e05c2dfa694421aa18c034bdb6ac802d8e59ae	PASS	Manually reviewed exact production-render screenshot in owned contact page
client_screenshot	0116_vfx011-items-configuration-firstperson_lefthand-mip0-reduced-page04.png	4f20c8b4065d5d51aad798800e003a9b060eaeb880b0172d4f8a2b9bfdd8b232	PASS	Manually reviewed exact production-render screenshot in owned contact page
client_screenshot	0117_vfx011-items-configuration-firstperson_lefthand-mip0-reduced-page05.png	a5b0311e35ab8a5ecfdffbcbcc85e768e9b8f04812e7574259685d11447da2a8	PASS	Manually reviewed exact production-render screenshot in owned contact page
client_screenshot	0118_vfx011-items-configuration-firstperson_righthand-mip0-reduced-page01.png	5b3dafbf8d21f5b1560640738f94da3414c40528ed4557af8537e3e6b326d8d9	PASS	Manually reviewed exact production-render screenshot in owned contact page
client_screenshot	0119_vfx011-items-configuration-firstperson_righthand-mip0-reduced-page02.png	9a7f598a1a37f20f0ca5b9331eff02ed911dc15f201de2319c665ca4eaaf5446	PASS	Manually reviewed exact production-render screenshot in owned contact page
client_screenshot	0120_vfx011-items-configuration-firstperson_righthand-mip0-reduced-page03.png	40485ac50d46669767207207223f516d1fd4d75711f47237407ddf9131d7e1e3	PASS	Manually reviewed exact production-render screenshot in owned contact page
client_screenshot	0121_vfx011-items-configuration-firstperson_righthand-mip0-reduced-page04.png	42574fd5f8f993d0836704bd513e4d78f448c42c0eb953c3a9efa37bb05eadc5	PASS	Manually reviewed exact production-render screenshot in owned contact page
client_screenshot	0122_vfx011-items-configuration-firstperson_righthand-mip0-reduced-page05.png	284bf10995e9d90feb81ddf6d31d9d0fcb629bf9d40053a63a6202fb88dfeb11	PASS	Manually reviewed exact production-render screenshot in owned contact page
client_screenshot	0123_vfx011-items-configuration-thirdperson_lefthand-mip0-reduced-page01.png	1c450a10ab6aa38cd0629b91d77f83e11456a3746dda34060da2542f94f2a9dc	PASS	Manually reviewed exact production-render screenshot in owned contact page
client_screenshot	0124_vfx011-items-configuration-thirdperson_lefthand-mip0-reduced-page02.png	bddbba243e0569b17089499b68af833168f6ae32553989eac3893299497fe14e	PASS	Manually reviewed exact production-render screenshot in owned contact page
client_screenshot	0125_vfx011-items-configuration-thirdperson_lefthand-mip0-reduced-page03.png	c22e70892a8864c094c5f080a567f2aace80c9a04eeeeb9c403b62740af8d403	PASS	Manually reviewed exact production-render screenshot in owned contact page
client_screenshot	0126_vfx011-items-configuration-thirdperson_lefthand-mip0-reduced-page04.png	2b8a036e082788fd75b7b490a7abf493cd3ada74b0753bd9f90b1d8ea8a77326	PASS	Manually reviewed exact production-render screenshot in owned contact page
client_screenshot	0127_vfx011-items-configuration-thirdperson_lefthand-mip0-reduced-page05.png	c03ee127b85bd48f13d2e0da61c492426de752a20c023bcf091ab46d1ebabea8	PASS	Manually reviewed exact production-render screenshot in owned contact page
client_screenshot	0128_vfx011-items-configuration-thirdperson_righthand-mip0-reduced-page01.png	2760f5dda0a898040c197a0ae3dcc7c32a4998d060cc0a122ca072c5310f0675	PASS	Manually reviewed exact production-render screenshot in owned contact page
client_screenshot	0129_vfx011-items-configuration-thirdperson_righthand-mip0-reduced-page02.png	75d7a69ead494fbc38e1e312e0a9452dac1809b496fd6bf30016fad1a96a7797	PASS	Manually reviewed exact production-render screenshot in owned contact page
client_screenshot	0130_vfx011-items-configuration-thirdperson_righthand-mip0-reduced-page03.png	519569efca27e5a5500a5bf9b9c5d41295627eaba08d999b12e2f867d8269b41	PASS	Manually reviewed exact production-render screenshot in owned contact page
client_screenshot	0131_vfx011-items-configuration-thirdperson_righthand-mip0-reduced-page04.png	5cd3e5845f7471857c519dec361e8f6cd23bd3a123ee7af93a3fa74e8b62e0d1	PASS	Manually reviewed exact production-render screenshot in owned contact page
client_screenshot	0132_vfx011-items-configuration-thirdperson_righthand-mip0-reduced-page05.png	54cf2496885448614b814864b295b9c2813f8813ab6f5a44131d31b386ba7781	PASS	Manually reviewed exact production-render screenshot in owned contact page
client_screenshot	0133_vfx011-items-configuration-fixed-mip0-reduced-page01.png	cf2c9add2f908b952b7bc4c6607f03577e2160c250f7d1b85092a85b2fd73f4f	PASS	Manually reviewed exact production-render screenshot in owned contact page
client_screenshot	0134_vfx011-items-configuration-fixed-mip0-reduced-page02.png	bb826b2cef0d3a7b09a49b6b1bd04a65a2a7f9417c402ba546b53fd452315b3d	PASS	Manually reviewed exact production-render screenshot in owned contact page
client_screenshot	0135_vfx011-items-configuration-fixed-mip0-reduced-page03.png	c17dfeac66e0f53b490c47584c0c7bbbba08ad857cdcbef9bc1842f6ba7b1bdd	PASS	Manually reviewed exact production-render screenshot in owned contact page
client_screenshot	0136_vfx011-items-configuration-fixed-mip0-reduced-page04.png	b06faf1ce54c92b93d7c144e3c254de58b3841d6436555f55a3b3ecf24b23536	PASS	Manually reviewed exact production-render screenshot in owned contact page
client_screenshot	0137_vfx011-items-configuration-fixed-mip0-reduced-page05.png	7f8e998e239df62cb1ce4a9ef7e1f752a9b9c662506c6474ef1e4d901e38bc0e	PASS	Manually reviewed exact production-render screenshot in owned contact page
client_screenshot	0138_vfx011-items-configuration-head-mip0-reduced-page01.png	bed4b46336257f12937dcfa87f6db2b4d9c5d39641f1989cb44ed40f9122dc2b	PASS	Manually reviewed exact production-render screenshot in owned contact page
client_screenshot	0139_vfx011-items-configuration-head-mip0-reduced-page02.png	ad647999f4847a56702bf2f383ec3d00c8e4dd0f474f57e77f91cd6ae3593661	PASS	Manually reviewed exact production-render screenshot in owned contact page
client_screenshot	0140_vfx011-items-configuration-head-mip0-reduced-page03.png	fd96229cb2bb8d6366fb130838c542ff602964234f00a5b29fbcab25042b816c	PASS	Manually reviewed exact production-render screenshot in owned contact page
client_screenshot	0141_vfx011-items-configuration-head-mip0-reduced-page04.png	8146d1d13edcef9e3d4f59d365433dca405ffaeb4a80191a641cf27aa89d01f1	PASS	Manually reviewed exact production-render screenshot in owned contact page
client_screenshot	0142_vfx011-items-configuration-head-mip0-reduced-page05.png	7fa5f2189a368e72d0d210039f70cdbd5992250c946f6fa6b59f8bd93acb57e5	PASS	Manually reviewed exact production-render screenshot in owned contact page
client_screenshot	0143_vfx011-items-configuration-on_shelf-mip0-reduced-page01.png	2f8041c025d4caaa70fdf1f37a7f9f81b7eaa171f0dbf00118063cae965ad07d	PASS	Manually reviewed exact production-render screenshot in owned contact page
client_screenshot	0144_vfx011-items-configuration-gui-mip1-normal-page01.png	44934f17af26fca6906d7699296cb9364d7736c1a81e7905e3bdaa0157055505	PASS	Manually reviewed exact production-render screenshot in owned contact page
client_screenshot	0145_vfx011-items-configuration-gui-mip1-normal-page02.png	75cb7219459913117b0704c43588420d550a4100db1cd7c0350a6684b9232c0b	PASS	Manually reviewed exact production-render screenshot in owned contact page
client_screenshot	0146_vfx011-items-configuration-gui-mip1-normal-page03.png	599e15195accc8eba80bf60b751426c57e730ade1f9db2c163d58e71f9703029	PASS	Manually reviewed exact production-render screenshot in owned contact page
client_screenshot	0147_vfx011-items-configuration-gui-mip1-normal-page04.png	950965d9af9a04181455ceeec802410fca7a9c7f2ca7f4a9899b51c5ca41b5d9	PASS	Manually reviewed exact production-render screenshot in owned contact page
client_screenshot	0148_vfx011-items-configuration-gui-mip1-normal-page05.png	a58a6589b3e3850b620182ea608c9c5dd8c803edbe568932cf64e640bae85766	PASS	Manually reviewed exact production-render screenshot in owned contact page
client_screenshot	0149_vfx011-items-configuration-ground-mip1-normal-page01.png	bd838a1cf750f8267e0b7d052ec324f5ce1c08fb4a81ce533bff36d5a2de917a	PASS	Manually reviewed exact production-render screenshot in owned contact page
client_screenshot	0150_vfx011-items-configuration-ground-mip1-normal-page02.png	ad544299242c1338aa97101c8093e54311297b623c5bdba834565187695e825e	PASS	Manually reviewed exact production-render screenshot in owned contact page
client_screenshot	0151_vfx011-items-configuration-ground-mip1-normal-page03.png	32c7a1fc88cfc86a79770698830e47e63f776a61aed5ce6ac6cfcd2cd0a5be7d	PASS	Manually reviewed exact production-render screenshot in owned contact page
client_screenshot	0152_vfx011-items-configuration-ground-mip1-normal-page04.png	8d64d8c3aa0b43d94e9b9ca17214f84401739e35d3bd25ba3b87d5ff68883e71	PASS	Manually reviewed exact production-render screenshot in owned contact page
client_screenshot	0153_vfx011-items-configuration-ground-mip1-normal-page05.png	5e929e79cd8bc64c8c40348413345953b96e13641022141773cf2cff54c5f516	PASS	Manually reviewed exact production-render screenshot in owned contact page
client_screenshot	0154_vfx011-items-configuration-firstperson_lefthand-mip1-normal-page01.png	4e3467aa6857076f0b8107272bc42db4b52b9efd7dd956293b1d027a07340173	REPAIRED	Manually reviewed corrected production-render replacement; superseded frame excluded
client_screenshot	0155_vfx011-items-configuration-firstperson_lefthand-mip1-normal-page02.png	f74e477efbb15b4f1855af517e047d08ecf1b8b6a8edb65df7b9757e92768512	PASS	Manually reviewed exact production-render screenshot in owned contact page
client_screenshot	0156_vfx011-items-configuration-firstperson_lefthand-mip1-normal-page03.png	5c7caec8038f69c71149a0d78d9cacef2c1a32d5755fcc0a5af70ea57fdc2f7b	PASS	Manually reviewed exact production-render screenshot in owned contact page
client_screenshot	0157_vfx011-items-configuration-firstperson_lefthand-mip1-normal-page04.png	7cc3d3703cc9320aae72bc2ff21d0d33284d897c84732d227f245f127ad42abe	PASS	Manually reviewed exact production-render screenshot in owned contact page
client_screenshot	0158_vfx011-items-configuration-firstperson_lefthand-mip1-normal-page05.png	4ca0b35acdb23a41adf560e2bc5d5364df1009b53f8a9c0bbe251f644c5fcefc	PASS	Manually reviewed exact production-render screenshot in owned contact page
client_screenshot	0159_vfx011-items-configuration-firstperson_righthand-mip1-normal-page01.png	5b585917326e7a0b39abce0a7a6974a39c5bcccc1e262ce5ee867614cb04406e	PASS	Manually reviewed exact production-render screenshot in owned contact page
client_screenshot	0160_vfx011-items-configuration-firstperson_righthand-mip1-normal-page02.png	ae4178a9818b6ddf49867865e950f3e217fd3004f598376ae0eef91c7638dae4	PASS	Manually reviewed exact production-render screenshot in owned contact page
client_screenshot	0161_vfx011-items-configuration-firstperson_righthand-mip1-normal-page03.png	b4736adaabd5da42a0e11bd1894042ad68d422f3686a17778db910b5b0691202	PASS	Manually reviewed exact production-render screenshot in owned contact page
client_screenshot	0162_vfx011-items-configuration-firstperson_righthand-mip1-normal-page04.png	5e53ebe0b237828cde27cb4bf6471bf09849284470f301f1b72b3fdeb03940ea	PASS	Manually reviewed exact production-render screenshot in owned contact page
client_screenshot	0163_vfx011-items-configuration-firstperson_righthand-mip1-normal-page05.png	5baa617189dce07ab356030331a69fc4d1a2629e150f1106f10a34feb59075fd	PASS	Manually reviewed exact production-render screenshot in owned contact page
client_screenshot	0164_vfx011-items-configuration-thirdperson_lefthand-mip1-normal-page01.png	9f708a778f7189fce852e5a00949e136ea6c1d705211d0b9a710d777f811e386	PASS	Manually reviewed exact production-render screenshot in owned contact page
client_screenshot	0165_vfx011-items-configuration-thirdperson_lefthand-mip1-normal-page02.png	874bfaa98126c8e8aacad44ebf020a85ff8b5825e74bdfa0b481de759bf5d036	PASS	Manually reviewed exact production-render screenshot in owned contact page
client_screenshot	0166_vfx011-items-configuration-thirdperson_lefthand-mip1-normal-page03.png	12e90176d0b476f28b8e2e51956b47ec242d83031fd46f5b9fffb2830b85717a	PASS	Manually reviewed exact production-render screenshot in owned contact page
client_screenshot	0167_vfx011-items-configuration-thirdperson_lefthand-mip1-normal-page04.png	2552c1ddfb6668c592c1e73422067a5155d961acb123f6e51b1a220858dfd9a1	PASS	Manually reviewed exact production-render screenshot in owned contact page
client_screenshot	0168_vfx011-items-configuration-thirdperson_lefthand-mip1-normal-page05.png	e886a4390ce7c84f35e32357c87766f4b3d0d15b7f66330132c48d656d2def69	PASS	Manually reviewed exact production-render screenshot in owned contact page
client_screenshot	0169_vfx011-items-configuration-thirdperson_righthand-mip1-normal-page01.png	df51a22795bd2e44fe90c7b758ffc890f563f9c901c552c4405c322dd12f36bf	PASS	Manually reviewed exact production-render screenshot in owned contact page
client_screenshot	0170_vfx011-items-configuration-thirdperson_righthand-mip1-normal-page02.png	25667a097230ba6c1bba07dc034bf6abe9f762edf093a46841d373dd94c379ef	PASS	Manually reviewed exact production-render screenshot in owned contact page
client_screenshot	0171_vfx011-items-configuration-thirdperson_righthand-mip1-normal-page03.png	b0e0a3fa784e82810aa7075c8b4691a42d8288c8df45f1aca06c1085bb56f300	PASS	Manually reviewed exact production-render screenshot in owned contact page
client_screenshot	0172_vfx011-items-configuration-thirdperson_righthand-mip1-normal-page04.png	928f18dbd52852a1d4e90802607e0d2655ab51d1b3fb2f2f2bcc4975d8b2f135	PASS	Manually reviewed exact production-render screenshot in owned contact page
client_screenshot	0173_vfx011-items-configuration-thirdperson_righthand-mip1-normal-page05.png	9219e9e8e4794c71a9faa15f0dddd3aa5c4208770c9683d0331b8987a727706a	PASS	Manually reviewed exact production-render screenshot in owned contact page
client_screenshot	0174_vfx011-items-configuration-fixed-mip1-normal-page01.png	abe1d12e0e0d37c1ca97ff90c3032b201df6e7f43ec2e257d514ed3d6b1cbfb3	PASS	Manually reviewed exact production-render screenshot in owned contact page
client_screenshot	0175_vfx011-items-configuration-fixed-mip1-normal-page02.png	37fd647666dad13c4efc692064560330ac243aead5ca14eadebf6a336b5652e6	PASS	Manually reviewed exact production-render screenshot in owned contact page
client_screenshot	0176_vfx011-items-configuration-fixed-mip1-normal-page03.png	42e52df06b553b55201eca9c47f2280f35f08d54835ffcd08a736dc8b29c5080	PASS	Manually reviewed exact production-render screenshot in owned contact page
client_screenshot	0177_vfx011-items-configuration-fixed-mip1-normal-page04.png	791725c711cbe720f82f24da671d742b2e75c8d500a7c1fbd0bb28c58b40a0b8	PASS	Manually reviewed exact production-render screenshot in owned contact page
client_screenshot	0178_vfx011-items-configuration-fixed-mip1-normal-page05.png	58a5ecd70faba60700ddcbbcf9d9e59ec57304d8779fc67031d8c84238371cce	PASS	Manually reviewed exact production-render screenshot in owned contact page
client_screenshot	0179_vfx011-items-configuration-head-mip1-normal-page01.png	52b6e93f4aba71987db4855fd278d185020475f7e52b8d4c81ecb68ff5b6207e	PASS	Manually reviewed exact production-render screenshot in owned contact page
client_screenshot	0180_vfx011-items-configuration-head-mip1-normal-page02.png	63ec9e60071fb07e074d95a240bb64c1a64a5f231fe8409eb884be0f5d1b1124	PASS	Manually reviewed exact production-render screenshot in owned contact page
client_screenshot	0181_vfx011-items-configuration-head-mip1-normal-page03.png	b5190aa6e2ca56a803883446602abb3b5d67ea188cc2c6b931bbcc5611c9fbff	PASS	Manually reviewed exact production-render screenshot in owned contact page
client_screenshot	0182_vfx011-items-configuration-head-mip1-normal-page04.png	ffa990a02ccb817ffc034edf9c2c4eb7a7842b1f92ea4ca15eede67bfa9097b9	PASS	Manually reviewed exact production-render screenshot in owned contact page
client_screenshot	0183_vfx011-items-configuration-head-mip1-normal-page05.png	b0c8c7607e033bed0aec674466a88ccd5449c14fa56689b6df1e5eb2374d502d	PASS	Manually reviewed exact production-render screenshot in owned contact page
client_screenshot	0184_vfx011-items-configuration-on_shelf-mip1-normal-page01.png	3732a5684b9fecdd1a8142bbc85d21388c06f03ed73e4cbc0351ebc66fda0685	PASS	Manually reviewed exact production-render screenshot in owned contact page
client_screenshot	0185_vfx011-items-configuration-gui-mip1-reduced-page01.png	9e3f5a56dc5b6d63e45d85aca77bd8b654cc6eb8468e39e04b8aa1ea9859aa15	PASS	Manually reviewed exact production-render screenshot in owned contact page
client_screenshot	0186_vfx011-items-configuration-gui-mip1-reduced-page02.png	304be9cfc4c3df7779055051d18c49f537e674c166fda6df57088fe152286587	PASS	Manually reviewed exact production-render screenshot in owned contact page
client_screenshot	0187_vfx011-items-configuration-gui-mip1-reduced-page03.png	2ae741aa2b40a04051e85ff9897885363f65942b93f02cb8a9817e6ee7370bfe	PASS	Manually reviewed exact production-render screenshot in owned contact page
client_screenshot	0188_vfx011-items-configuration-gui-mip1-reduced-page04.png	2d72075908e5cfcc701163ba34bc3fe7c1117749ff681696478fff0a38b6d9cf	PASS	Manually reviewed exact production-render screenshot in owned contact page
client_screenshot	0189_vfx011-items-configuration-gui-mip1-reduced-page05.png	374e96bcd1fce08f8f3e642e074a527a868775a8474bb4eda65efcc34ccfbf06	PASS	Manually reviewed exact production-render screenshot in owned contact page
client_screenshot	0190_vfx011-items-configuration-ground-mip1-reduced-page01.png	a0986bf8e1b6775200e1f8bd3db40d9b78e298bc40e39111c765bfe9b234d727	PASS	Manually reviewed exact production-render screenshot in owned contact page
client_screenshot	0191_vfx011-items-configuration-ground-mip1-reduced-page02.png	9837a68ede021137a2743e1e471013ec93fedecbec490f602c65d334dae5154a	PASS	Manually reviewed exact production-render screenshot in owned contact page
client_screenshot	0192_vfx011-items-configuration-ground-mip1-reduced-page03.png	61c37c27444330036d6d25399b9dcc249e49aca38b552bcc34f0b6a1de3a88ad	PASS	Manually reviewed exact production-render screenshot in owned contact page
client_screenshot	0193_vfx011-items-configuration-ground-mip1-reduced-page04.png	88cb45256f843f60e7230fca30e66a32668f0fa0af76fbb0ea5cf868ca95665a	PASS	Manually reviewed exact production-render screenshot in owned contact page
client_screenshot	0194_vfx011-items-configuration-ground-mip1-reduced-page05.png	0e147490ef9afe8ba616e2f2a099734fe27800a967981108134075c663d159c1	PASS	Manually reviewed exact production-render screenshot in owned contact page
client_screenshot	0195_vfx011-items-configuration-firstperson_lefthand-mip1-reduced-page01.png	cdfd5112f694b23c5fc0c316ad075c91e7ece3e9fa15c2531b858bca78e74977	REPAIRED	Manually reviewed corrected production-render replacement; superseded frame excluded
client_screenshot	0196_vfx011-items-configuration-firstperson_lefthand-mip1-reduced-page02.png	e3daefca9ffb75618c216bcddcc4bcb978e7371f7cf522a14c8aebe23387461b	PASS	Manually reviewed exact production-render screenshot in owned contact page
client_screenshot	0197_vfx011-items-configuration-firstperson_lefthand-mip1-reduced-page03.png	4b2a130f3c12dbcfd70f7f1bb58418b555c5af174ad14a9d90e3673febae2581	PASS	Manually reviewed exact production-render screenshot in owned contact page
client_screenshot	0198_vfx011-items-configuration-firstperson_lefthand-mip1-reduced-page04.png	ac2b77ae375bb411849dddb824167873c65bdf1c6bb64bc3fb920f3e68e15afb	PASS	Manually reviewed exact production-render screenshot in owned contact page
client_screenshot	0199_vfx011-items-configuration-firstperson_lefthand-mip1-reduced-page05.png	a081205678a3fb35bb02e35337370249167c66334d298337cad26f62b230dfa8	PASS	Manually reviewed exact production-render screenshot in owned contact page
client_screenshot	0200_vfx011-items-configuration-firstperson_righthand-mip1-reduced-page01.png	7919ed8e19b920a3ae039712776bc53dedb543842cb9b173db9eb999e1a8c8a9	PASS	Manually reviewed exact production-render screenshot in owned contact page
client_screenshot	0201_vfx011-items-configuration-firstperson_righthand-mip1-reduced-page02.png	457d5c93c07e4390ec3255c8c2153fd610c17fa4618519c851044ea8072020d3	PASS	Manually reviewed exact production-render screenshot in owned contact page
client_screenshot	0202_vfx011-items-configuration-firstperson_righthand-mip1-reduced-page03.png	f0ac87912ca6fcee272f8f454e4dd6013303adf30aaa021c49765e337f774141	PASS	Manually reviewed exact production-render screenshot in owned contact page
client_screenshot	0203_vfx011-items-configuration-firstperson_righthand-mip1-reduced-page04.png	255832b2ae62d5d2fd3c3adcbe9fc3a34eb7f9b85ce0972dde08ae41618df07e	PASS	Manually reviewed exact production-render screenshot in owned contact page
client_screenshot	0204_vfx011-items-configuration-firstperson_righthand-mip1-reduced-page05.png	811b1801d867d6b06e6dad6745d55f5232a54013538fcb59746cae8dbb735e90	PASS	Manually reviewed exact production-render screenshot in owned contact page
client_screenshot	0205_vfx011-items-configuration-thirdperson_lefthand-mip1-reduced-page01.png	811c7103e057bbbc98ca6531907322de01ede0a2334d78ff157f4fb0505e3723	PASS	Manually reviewed exact production-render screenshot in owned contact page
client_screenshot	0206_vfx011-items-configuration-thirdperson_lefthand-mip1-reduced-page02.png	d4a8d6bfb886512754c728c806fb8ddd8aa124d7da818e38df70d93ca9ffee6d	PASS	Manually reviewed exact production-render screenshot in owned contact page
client_screenshot	0207_vfx011-items-configuration-thirdperson_lefthand-mip1-reduced-page03.png	e7c835b1a91359420fead19b7078fe9e24242e401bf690c601dd7475bcee60db	PASS	Manually reviewed exact production-render screenshot in owned contact page
client_screenshot	0208_vfx011-items-configuration-thirdperson_lefthand-mip1-reduced-page04.png	e4a01a72b0a0f9102548d025e22312943316dc0c72c21166e777952e89e40d1e	PASS	Manually reviewed exact production-render screenshot in owned contact page
client_screenshot	0209_vfx011-items-configuration-thirdperson_lefthand-mip1-reduced-page05.png	04c4b11afe2bc2202c9a93ec008246333c69cb7fef3d4449f39469e9b3cd4706	PASS	Manually reviewed exact production-render screenshot in owned contact page
client_screenshot	0210_vfx011-items-configuration-thirdperson_righthand-mip1-reduced-page01.png	763cc17791cc72f419b95b1f8c6d763cd8c985a6544841ac6e3e4f068bb05be6	PASS	Manually reviewed exact production-render screenshot in owned contact page
client_screenshot	0211_vfx011-items-configuration-thirdperson_righthand-mip1-reduced-page02.png	5c0fb333929510c3e01527042583a0fe5ecaa23b55c05ed85ad428b3345eaea3	PASS	Manually reviewed exact production-render screenshot in owned contact page
client_screenshot	0212_vfx011-items-configuration-thirdperson_righthand-mip1-reduced-page03.png	ce7e114fad1cc4091b2ae29602f2f132844da0ef0c0c67cd7bdcdfc88db68a9e	PASS	Manually reviewed exact production-render screenshot in owned contact page
client_screenshot	0213_vfx011-items-configuration-thirdperson_righthand-mip1-reduced-page04.png	473d4302ff6d9b4bab18d6ada44526052e2e9be395731055db9f574b204af27f	PASS	Manually reviewed exact production-render screenshot in owned contact page
client_screenshot	0214_vfx011-items-configuration-thirdperson_righthand-mip1-reduced-page05.png	fd8fd3a574f88aa8537933c306786a6fb4e05a191a646b912a729244d874d2c9	PASS	Manually reviewed exact production-render screenshot in owned contact page
client_screenshot	0215_vfx011-items-configuration-fixed-mip1-reduced-page01.png	95676e1edcee7e617d016a060f4b145702961c6b8c26c2e6f636fddde414a98a	PASS	Manually reviewed exact production-render screenshot in owned contact page
client_screenshot	0216_vfx011-items-configuration-fixed-mip1-reduced-page02.png	d5b5f6195ad985398d42d41078ef0b00cfb282b8d9ced364e5a3692beed384f2	PASS	Manually reviewed exact production-render screenshot in owned contact page
client_screenshot	0217_vfx011-items-configuration-fixed-mip1-reduced-page03.png	8f4ebd239b080db6b9f489bb86d10bedf04575c0d841a239ec52bcf15c2c48e4	PASS	Manually reviewed exact production-render screenshot in owned contact page
client_screenshot	0218_vfx011-items-configuration-fixed-mip1-reduced-page04.png	07d858022db4ba54d63e8183ab0f48f5b3ea438791449cabde069c3211bc870e	PASS	Manually reviewed exact production-render screenshot in owned contact page
client_screenshot	0219_vfx011-items-configuration-fixed-mip1-reduced-page05.png	41c8653a79864f83fe89c9ddc01056ba67bc3d671116d61a05c52a521cb0eea3	PASS	Manually reviewed exact production-render screenshot in owned contact page
client_screenshot	0220_vfx011-items-configuration-head-mip1-reduced-page01.png	374f7a0e39a8615a048713258e2b1b03a6d42626fbab4556074e15a0e519305d	PASS	Manually reviewed exact production-render screenshot in owned contact page
client_screenshot	0221_vfx011-items-configuration-head-mip1-reduced-page02.png	17874e7b1cbd87da5ffcf87cb13fef5ce2da85a146001116e7273740b335ba20	PASS	Manually reviewed exact production-render screenshot in owned contact page
client_screenshot	0222_vfx011-items-configuration-head-mip1-reduced-page03.png	4461652cb5623911e0332496f67204d3252ad5ce48a4c3aafa4a969fada9ac0c	PASS	Manually reviewed exact production-render screenshot in owned contact page
client_screenshot	0223_vfx011-items-configuration-head-mip1-reduced-page04.png	f56aa20ebcff1daca4e74ff7376bcf8d104f85a2136c5d67a6293888439098fd	PASS	Manually reviewed exact production-render screenshot in owned contact page
client_screenshot	0224_vfx011-items-configuration-head-mip1-reduced-page05.png	61d7ac8d54ec90912396aae884d06ee1e6746ef36d84bb6a8445db547df44989	PASS	Manually reviewed exact production-render screenshot in owned contact page
client_screenshot	0225_vfx011-items-configuration-on_shelf-mip1-reduced-page01.png	0c370cc341ceeb47e00dfefba26d7eee8134ed0df891c20c36e1240f6a025b8e	PASS	Manually reviewed exact production-render screenshot in owned contact page
client_screenshot	0226_vfx011-items-configuration-gui-mip2-normal-page01.png	595faa54abd18657992e40264f88fa9959e53458b57b24af21811193a3020210	PASS	Manually reviewed exact production-render screenshot in owned contact page
client_screenshot	0227_vfx011-items-configuration-gui-mip2-normal-page02.png	d62476f8da00d0e1b97b92ee9a519232fae595c7f1719c41904c95bfcf5e1916	PASS	Manually reviewed exact production-render screenshot in owned contact page
client_screenshot	0228_vfx011-items-configuration-gui-mip2-normal-page03.png	f140c4639c7ecd0ca8d7cfb2d35174a3ede06767c7cfcfedacf5ec6239eea5a2	PASS	Manually reviewed exact production-render screenshot in owned contact page
client_screenshot	0229_vfx011-items-configuration-gui-mip2-normal-page04.png	68290c11a6d75183fc333af93ad7f9131fcfadc835e5e78e5ccf9287be10cc47	PASS	Manually reviewed exact production-render screenshot in owned contact page
client_screenshot	0230_vfx011-items-configuration-gui-mip2-normal-page05.png	5bc49b6e42915d02764d642187bc1dcc0baf5242fa63107ee15f70182e03b415	PASS	Manually reviewed exact production-render screenshot in owned contact page
client_screenshot	0231_vfx011-items-configuration-ground-mip2-normal-page01.png	6541bcfa4d5741e7f452eec05d1865bf78f9d0dc8fe8535147c122eab4e55e5d	PASS	Manually reviewed exact production-render screenshot in owned contact page
client_screenshot	0232_vfx011-items-configuration-ground-mip2-normal-page02.png	2dc1fb1664aa9111c21f9c03a8b6e1185909267c54558df615d92d1ba15289fe	PASS	Manually reviewed exact production-render screenshot in owned contact page
client_screenshot	0233_vfx011-items-configuration-ground-mip2-normal-page03.png	f1935a68cd52f0e1654aa9009edf4b3668038c6dfc7615ebcd45d90a3d68c2b9	PASS	Manually reviewed exact production-render screenshot in owned contact page
client_screenshot	0234_vfx011-items-configuration-ground-mip2-normal-page04.png	a3dad4a40a108a1a7548e1401a4f77e0eea66fc55688a368f18208ca175d4a2c	PASS	Manually reviewed exact production-render screenshot in owned contact page
client_screenshot	0235_vfx011-items-configuration-ground-mip2-normal-page05.png	92ec226e64ffa7063cd14408aae07d5e2fbf374795744e1e0c24cf602b0b1dc2	PASS	Manually reviewed exact production-render screenshot in owned contact page
client_screenshot	0236_vfx011-items-configuration-firstperson_lefthand-mip2-normal-page01.png	32d07400476dd495c4329e9baa663f166324e21c3a98f19858929962089d925a	REPAIRED	Manually reviewed corrected production-render replacement; superseded frame excluded
client_screenshot	0237_vfx011-items-configuration-firstperson_lefthand-mip2-normal-page02.png	3f80a59ec6e66a1d21b2db574e9551d1ad42de2b22eef40d19e0ba04d6ff510c	PASS	Manually reviewed exact production-render screenshot in owned contact page
client_screenshot	0238_vfx011-items-configuration-firstperson_lefthand-mip2-normal-page03.png	599c12cb81fdccb4eb1c2c3f5f1523ac0c6cede6b9b6614fb1e3d7ccd83f1042	PASS	Manually reviewed exact production-render screenshot in owned contact page
client_screenshot	0239_vfx011-items-configuration-firstperson_lefthand-mip2-normal-page04.png	abd15ab9b64db334ecacd4e2d9254c0d47d9512b9b0bf7abf296b385006e7cd8	PASS	Manually reviewed exact production-render screenshot in owned contact page
client_screenshot	0240_vfx011-items-configuration-firstperson_lefthand-mip2-normal-page05.png	0e2cf902227d4ca9e78d6c8453d3247d2d159d47db23fbb4dd904509921c4934	PASS	Manually reviewed exact production-render screenshot in owned contact page
client_screenshot	0241_vfx011-items-configuration-firstperson_righthand-mip2-normal-page01.png	35ae02ba32800c7ef5fae5cb3b011e0199b5d542abaec1503afbcd8680ab7afb	PASS	Manually reviewed exact production-render screenshot in owned contact page
client_screenshot	0242_vfx011-items-configuration-firstperson_righthand-mip2-normal-page02.png	82bf8a0edb4cbacc05ccaf241c502f84247491cf67be10e79bbc707da2d83b8f	PASS	Manually reviewed exact production-render screenshot in owned contact page
client_screenshot	0243_vfx011-items-configuration-firstperson_righthand-mip2-normal-page03.png	f81f71e804bbc2d9adc8822c19955d9698cd2b95e8ab80620bd72d2c6b723592	PASS	Manually reviewed exact production-render screenshot in owned contact page
client_screenshot	0244_vfx011-items-configuration-firstperson_righthand-mip2-normal-page04.png	04177df59b4dcd2030f8378eb6c4c815b211f3db7b19ad7e0a14890437afeb1d	PASS	Manually reviewed exact production-render screenshot in owned contact page
client_screenshot	0245_vfx011-items-configuration-firstperson_righthand-mip2-normal-page05.png	cbbbf5fed331714e03d023528cfd571031497865a49240bc0eb1fab96b8800cc	PASS	Manually reviewed exact production-render screenshot in owned contact page
client_screenshot	0246_vfx011-items-configuration-thirdperson_lefthand-mip2-normal-page01.png	9a44c8d63587a3bf6c645295ce0063b7a19497de8b21f300248280a726b4e0d9	PASS	Manually reviewed exact production-render screenshot in owned contact page
client_screenshot	0247_vfx011-items-configuration-thirdperson_lefthand-mip2-normal-page02.png	2e7e9c0b825136a4f1bb3437f707d2861edf3be1342e6bd8f8b2b1a7da59ef20	PASS	Manually reviewed exact production-render screenshot in owned contact page
client_screenshot	0248_vfx011-items-configuration-thirdperson_lefthand-mip2-normal-page03.png	7e1985c84f35d35dbe4bfcc2949b0964f6588727a669095d46d95d8487da2332	PASS	Manually reviewed exact production-render screenshot in owned contact page
client_screenshot	0249_vfx011-items-configuration-thirdperson_lefthand-mip2-normal-page04.png	897ce0a1dddc33c7b7018c27267a0e4b92660bce1de4486c18793a31500b44cd	PASS	Manually reviewed exact production-render screenshot in owned contact page
client_screenshot	0250_vfx011-items-configuration-thirdperson_lefthand-mip2-normal-page05.png	3c312861bd6386abf8a3cc8b372101b4e79931493fa4c65a1a9996708d234192	PASS	Manually reviewed exact production-render screenshot in owned contact page
client_screenshot	0251_vfx011-items-configuration-thirdperson_righthand-mip2-normal-page01.png	089a5a9a102ff7cc22e0e2c7f7fe1915ac941074408553bb04124d71f5051c1f	PASS	Manually reviewed exact production-render screenshot in owned contact page
client_screenshot	0252_vfx011-items-configuration-thirdperson_righthand-mip2-normal-page02.png	1c1288629f31aaa7e4f632d52a9643ea852155652335bfd1f6dbec3d04e7d662	PASS	Manually reviewed exact production-render screenshot in owned contact page
client_screenshot	0253_vfx011-items-configuration-thirdperson_righthand-mip2-normal-page03.png	c970e0ec700792d8c5264770d561cc241befeba5f4505c9299761a7fe3b304a5	PASS	Manually reviewed exact production-render screenshot in owned contact page
client_screenshot	0254_vfx011-items-configuration-thirdperson_righthand-mip2-normal-page04.png	a7b68513c81ac525fc53e9f6035a8d8f5fe3025f463ff466716857f02c577af5	PASS	Manually reviewed exact production-render screenshot in owned contact page
client_screenshot	0255_vfx011-items-configuration-thirdperson_righthand-mip2-normal-page05.png	836e710175c883ab2a62c2f2b0c16ceb3fcad8bcaa1e36260f7f91d3378e7016	PASS	Manually reviewed exact production-render screenshot in owned contact page
client_screenshot	0256_vfx011-items-configuration-fixed-mip2-normal-page01.png	d7a499e2602ea2bd97044ea0585dcd2298fbd4f05ac49f091836138420d9252f	PASS	Manually reviewed exact production-render screenshot in owned contact page
client_screenshot	0257_vfx011-items-configuration-fixed-mip2-normal-page02.png	57c2193d77ca82793f77a26c13156a2bcf8112233f64024228c17b4756b8af8d	PASS	Manually reviewed exact production-render screenshot in owned contact page
client_screenshot	0258_vfx011-items-configuration-fixed-mip2-normal-page03.png	ea271e4c95aa98c568806a591100f2374719a58b29ef7a3652d4b07dfa20d17e	PASS	Manually reviewed exact production-render screenshot in owned contact page
client_screenshot	0259_vfx011-items-configuration-fixed-mip2-normal-page04.png	903d3673df843026b9331816cfdf10e2f1b3df5a389daeca36d396e990f7a85c	PASS	Manually reviewed exact production-render screenshot in owned contact page
client_screenshot	0260_vfx011-items-configuration-fixed-mip2-normal-page05.png	03824a54f75c63dc75f3a795dd379847a2355aaf2e422c6dc0e1b1f7a6bf15ca	PASS	Manually reviewed exact production-render screenshot in owned contact page
client_screenshot	0261_vfx011-items-configuration-head-mip2-normal-page01.png	2acdb240177c1846b89b1dd505f16bbc3e8bac90512b2c1273b44fbad2deba88	PASS	Manually reviewed exact production-render screenshot in owned contact page
client_screenshot	0262_vfx011-items-configuration-head-mip2-normal-page02.png	45c2de8843fb0d4428d5cab68b6dc225e5f2e1cde5ba9bd213b0674a57f9ace1	PASS	Manually reviewed exact production-render screenshot in owned contact page
client_screenshot	0263_vfx011-items-configuration-head-mip2-normal-page03.png	9af3308dac2dfe02eab4966eb129abd2548cdf6e50ac70020006ec76e74d785f	PASS	Manually reviewed exact production-render screenshot in owned contact page
client_screenshot	0264_vfx011-items-configuration-head-mip2-normal-page04.png	337255d2433ccc0249c4690651462d7fc48574657c77b55880f9481c7b09252a	PASS	Manually reviewed exact production-render screenshot in owned contact page
client_screenshot	0265_vfx011-items-configuration-head-mip2-normal-page05.png	1ad4db7a8ed7c9eb3079203f522e4ec5f29c424a42f19d52e5aa6ffd3b56dcd6	PASS	Manually reviewed exact production-render screenshot in owned contact page
client_screenshot	0266_vfx011-items-configuration-on_shelf-mip2-normal-page01.png	da1162ae76911bee0cc8a68c98e07a1d3981d12478b8366529db4339a281de51	PASS	Manually reviewed exact production-render screenshot in owned contact page
client_screenshot	0267_vfx011-items-configuration-gui-mip2-reduced-page01.png	8bd39ed4e993e73c0266d1d24b5dbab31e7bd03a005f1f9635af454413bcf9e8	PASS	Manually reviewed exact production-render screenshot in owned contact page
client_screenshot	0268_vfx011-items-configuration-gui-mip2-reduced-page02.png	dcbf27f45a2aebaf7e53ee3aae9b5bb079c69056268b6a2e534f6ec4aee45ce8	PASS	Manually reviewed exact production-render screenshot in owned contact page
client_screenshot	0269_vfx011-items-configuration-gui-mip2-reduced-page03.png	46756deb2fc14e9337885d55fb17602ace22659325f68be76069502517a9523e	PASS	Manually reviewed exact production-render screenshot in owned contact page
client_screenshot	0270_vfx011-items-configuration-gui-mip2-reduced-page04.png	3240660f1c91b3fcf9df6a6dbd0577f188e163b4597f6a4b8a6b6d0c8a497932	PASS	Manually reviewed exact production-render screenshot in owned contact page
client_screenshot	0271_vfx011-items-configuration-gui-mip2-reduced-page05.png	c419b4cd66dfa088298f62ebfcc8ba47aabcb670ca59390a406c3de83042b008	PASS	Manually reviewed exact production-render screenshot in owned contact page
client_screenshot	0272_vfx011-items-configuration-ground-mip2-reduced-page01.png	268c6f0ae3b26aae11d0089a27891f322796bb86ee4eb15e51a63aa05f8bbcff	PASS	Manually reviewed exact production-render screenshot in owned contact page
client_screenshot	0273_vfx011-items-configuration-ground-mip2-reduced-page02.png	fae4d1ef3fa88935e6927033ee396eff52bbc27f1bad67c620933c689ba7002a	PASS	Manually reviewed exact production-render screenshot in owned contact page
client_screenshot	0274_vfx011-items-configuration-ground-mip2-reduced-page03.png	d68f98ae35e4416578b5245ca0160e1846488ba6c87c2d1bc5fa595e7fd117a3	PASS	Manually reviewed exact production-render screenshot in owned contact page
client_screenshot	0275_vfx011-items-configuration-ground-mip2-reduced-page04.png	dec06bf17c771deb29f3cedc4d4a2a7d1eb2486adba663e8ba9cad606c011b50	PASS	Manually reviewed exact production-render screenshot in owned contact page
client_screenshot	0276_vfx011-items-configuration-ground-mip2-reduced-page05.png	a3861aabc6b65bdbe497b97c37078508189c04ebd18d7bfd9def64a435f1609d	PASS	Manually reviewed exact production-render screenshot in owned contact page
client_screenshot	0277_vfx011-items-configuration-firstperson_lefthand-mip2-reduced-page01.png	f4d1dc02c28fec6b6c0bc097a233308bec5d500e2d8eb8c1e863ce2b421b777f	REPAIRED	Manually reviewed corrected production-render replacement; superseded frame excluded
client_screenshot	0278_vfx011-items-configuration-firstperson_lefthand-mip2-reduced-page02.png	01ef52e943f871184b7a5c1ea925b589568b73f859aab90d20155a79de39948a	PASS	Manually reviewed exact production-render screenshot in owned contact page
client_screenshot	0279_vfx011-items-configuration-firstperson_lefthand-mip2-reduced-page03.png	a507313bb9d25225b6156138a5c7db8c5ac041ffe383d0a6ef20cd2b1b465bdb	PASS	Manually reviewed exact production-render screenshot in owned contact page
client_screenshot	0280_vfx011-items-configuration-firstperson_lefthand-mip2-reduced-page04.png	31411dcc2e3b53b079f9af1f622f81bcc2651638e032e3642af9167503d02093	PASS	Manually reviewed exact production-render screenshot in owned contact page
client_screenshot	0281_vfx011-items-configuration-firstperson_lefthand-mip2-reduced-page05.png	4fe147197d17ddfa058adc377b08914f5c7b8638c228a7970bfa31be1407aae7	PASS	Manually reviewed exact production-render screenshot in owned contact page
client_screenshot	0282_vfx011-items-configuration-firstperson_righthand-mip2-reduced-page01.png	c762d62d9e66996d31fa9927639da82a2fb3fbf28bde226f23edbaa0c64306fb	PASS	Manually reviewed exact production-render screenshot in owned contact page
client_screenshot	0283_vfx011-items-configuration-firstperson_righthand-mip2-reduced-page02.png	a6f50ccc4b214d3783432dbbb60be11516a8851239f20f944d7cf6f25be7d56a	PASS	Manually reviewed exact production-render screenshot in owned contact page
client_screenshot	0284_vfx011-items-configuration-firstperson_righthand-mip2-reduced-page03.png	5049bf5bce445b19d1bcc922fbfbb1112b0e6c4f7360f3334b2d8dee4ae4eb42	PASS	Manually reviewed exact production-render screenshot in owned contact page
client_screenshot	0285_vfx011-items-configuration-firstperson_righthand-mip2-reduced-page04.png	a95f39333bba061f1241abfcd299fa32830107da30b1b2fdf4bf226c2638bc7f	PASS	Manually reviewed exact production-render screenshot in owned contact page
client_screenshot	0286_vfx011-items-configuration-firstperson_righthand-mip2-reduced-page05.png	91a9c09a52561916fa1b051d37f67774291f88f131eaf87cdc0571ad46f777ee	PASS	Manually reviewed exact production-render screenshot in owned contact page
client_screenshot	0287_vfx011-items-configuration-thirdperson_lefthand-mip2-reduced-page01.png	ee2221f3a2552cb13da6981004e8233018eb5c5a50bafe963b7cd7ea131e9f60	PASS	Manually reviewed exact production-render screenshot in owned contact page
client_screenshot	0288_vfx011-items-configuration-thirdperson_lefthand-mip2-reduced-page02.png	3065eb69d3668cd3cac62af6c6c609d30bfb02bd00b674d1259037eedb9fba2c	PASS	Manually reviewed exact production-render screenshot in owned contact page
client_screenshot	0289_vfx011-items-configuration-thirdperson_lefthand-mip2-reduced-page03.png	e5e741759b35a2aeddc2713545dffff989beb54eff5531a651de4565be9d8d1b	PASS	Manually reviewed exact production-render screenshot in owned contact page
client_screenshot	0290_vfx011-items-configuration-thirdperson_lefthand-mip2-reduced-page04.png	3e12b399d9d003defec695fa2801547975e4c658498b5ea8b2a0a0720b08606c	PASS	Manually reviewed exact production-render screenshot in owned contact page
client_screenshot	0291_vfx011-items-configuration-thirdperson_lefthand-mip2-reduced-page05.png	0dacef2b03fe0c143e612dc30e11b487d0367a398eb20b4da2582a299d2cdabf	PASS	Manually reviewed exact production-render screenshot in owned contact page
client_screenshot	0292_vfx011-items-configuration-thirdperson_righthand-mip2-reduced-page01.png	9fd1668f53cc7d6cd0bad3ddc58a3c7edf4a49e83971fde3e22cd31f51409498	PASS	Manually reviewed exact production-render screenshot in owned contact page
client_screenshot	0293_vfx011-items-configuration-thirdperson_righthand-mip2-reduced-page02.png	bc02f290e2c011288877ebd7f07389c6bcc12d40de06c6621576fc563383590a	PASS	Manually reviewed exact production-render screenshot in owned contact page
client_screenshot	0294_vfx011-items-configuration-thirdperson_righthand-mip2-reduced-page03.png	0df363806be4ca4620456bed3ed222fa8811d9bb7f193a16015d59328b602ec7	PASS	Manually reviewed exact production-render screenshot in owned contact page
client_screenshot	0295_vfx011-items-configuration-thirdperson_righthand-mip2-reduced-page04.png	1a58ef2f09dc988dcda87e90cfca32fc38a2c660545adb1cdc2f0b07314d890a	PASS	Manually reviewed exact production-render screenshot in owned contact page
client_screenshot	0296_vfx011-items-configuration-thirdperson_righthand-mip2-reduced-page05.png	b7ef67cc45d777245650d386b8a544f9c13ce672cae704d99de9334b0d7d3918	PASS	Manually reviewed exact production-render screenshot in owned contact page
client_screenshot	0297_vfx011-items-configuration-fixed-mip2-reduced-page01.png	0324019fba2eca994cb505162f33492b8e1b6dd571f58b3ae3d0d668d33a319f	PASS	Manually reviewed exact production-render screenshot in owned contact page
client_screenshot	0298_vfx011-items-configuration-fixed-mip2-reduced-page02.png	6d60dd2b7e56ac6a9f1643c403e8a056addca905f551d77b9075e0acefbd00a4	PASS	Manually reviewed exact production-render screenshot in owned contact page
client_screenshot	0299_vfx011-items-configuration-fixed-mip2-reduced-page03.png	d3f5c2ca50b85b81de964c395128df194ce0b1fb3b38e66df23f4e8550f284ff	PASS	Manually reviewed exact production-render screenshot in owned contact page
client_screenshot	0300_vfx011-items-configuration-fixed-mip2-reduced-page04.png	d1d6da998a8add38afabe63ab4dfe0ca61057645d057493f2c04ff2384e44e97	PASS	Manually reviewed exact production-render screenshot in owned contact page
client_screenshot	0301_vfx011-items-configuration-fixed-mip2-reduced-page05.png	9e381caf2695ddaf8a7bd612e5d5817d579d1265d4795fbbbe0e7deebc0eb7f8	PASS	Manually reviewed exact production-render screenshot in owned contact page
client_screenshot	0302_vfx011-items-configuration-head-mip2-reduced-page01.png	4245658351a7bc6b05ba0a277bb6a7d99beea193f2e1ddfdab33e6278e4f7a33	PASS	Manually reviewed exact production-render screenshot in owned contact page
client_screenshot	0303_vfx011-items-configuration-head-mip2-reduced-page02.png	8ea4a4c448d91615854594884afd978dadd2fcab4d2a91b65eca2070dc056135	PASS	Manually reviewed exact production-render screenshot in owned contact page
client_screenshot	0304_vfx011-items-configuration-head-mip2-reduced-page03.png	251d55bf794e586ea57a687a798df17399ee561a10d65c6b74541c092e2079d1	PASS	Manually reviewed exact production-render screenshot in owned contact page
client_screenshot	0305_vfx011-items-configuration-head-mip2-reduced-page04.png	18fa5f64605582ea07edae2f7e13314e91b200feba8c8b0c34110e293b2ef06b	PASS	Manually reviewed exact production-render screenshot in owned contact page
client_screenshot	0306_vfx011-items-configuration-head-mip2-reduced-page05.png	57f9eecda45a2da172956bc53d2cb2840864ed1708a25801bf367b326df3699d	PASS	Manually reviewed exact production-render screenshot in owned contact page
client_screenshot	0307_vfx011-items-configuration-on_shelf-mip2-reduced-page01.png	27327ed378e7314eb69a33e99f611e85e0936bd0ddf38a40a7a9764055eca152	PASS	Manually reviewed exact production-render screenshot in owned contact page
client_screenshot	0308_vfx011-items-configuration-gui-mip3-normal-page01.png	09d319d1460a8da4238063e826a6922b4d91afdcec8c815ac134b0b89ecd4162	PASS	Manually reviewed exact production-render screenshot in owned contact page
client_screenshot	0309_vfx011-items-configuration-gui-mip3-normal-page02.png	f6977a179be9bbd1332b50bb062a2fe817c941cda53c5a2af09f91edf2f1e311	PASS	Manually reviewed exact production-render screenshot in owned contact page
client_screenshot	0310_vfx011-items-configuration-gui-mip3-normal-page03.png	634c4371ec421710de7377ce446f949d66a9e23a25537d5e17dd2002ac1bccf1	PASS	Manually reviewed exact production-render screenshot in owned contact page
client_screenshot	0311_vfx011-items-configuration-gui-mip3-normal-page04.png	25eb8a20cdb2ecfbed564ab9b4903a09b094c51c9afaf317d9640837b17fd153	PASS	Manually reviewed exact production-render screenshot in owned contact page
client_screenshot	0312_vfx011-items-configuration-gui-mip3-normal-page05.png	eb17c50308d0cb7f334ded4337431ce7e9503339ec1f651c127e0af37b452faa	PASS	Manually reviewed exact production-render screenshot in owned contact page
client_screenshot	0313_vfx011-items-configuration-ground-mip3-normal-page01.png	93d71676609fd2bef2036ec26f3b6db60283a8ffdd7afe1ed278c910d14e22a7	PASS	Manually reviewed exact production-render screenshot in owned contact page
client_screenshot	0314_vfx011-items-configuration-ground-mip3-normal-page02.png	2c3d0070911c11a464d2e603edb7e1acca8adc6bf409fa100ef7d4887dc275d7	PASS	Manually reviewed exact production-render screenshot in owned contact page
client_screenshot	0315_vfx011-items-configuration-ground-mip3-normal-page03.png	61954722cd332e2061e54fd62b56001ab56c52ce8a3c74e6813e03374afd45f6	PASS	Manually reviewed exact production-render screenshot in owned contact page
client_screenshot	0316_vfx011-items-configuration-ground-mip3-normal-page04.png	6c8c167e24be8f4593b8e4a0e68cc7a69f599a2eef12496815a24f112e949134	PASS	Manually reviewed exact production-render screenshot in owned contact page
client_screenshot	0317_vfx011-items-configuration-ground-mip3-normal-page05.png	ee40c039d4fb42f6c66a037de80d137f2045d79f1baa1de63c1a3f63d4280fcf	PASS	Manually reviewed exact production-render screenshot in owned contact page
client_screenshot	0318_vfx011-items-configuration-firstperson_lefthand-mip3-normal-page01.png	b30c74f3ecd151148797e6475d50cecca91d24f1bf311b071edc1226a1ab0e3a	REPAIRED	Manually reviewed corrected production-render replacement; superseded frame excluded
client_screenshot	0319_vfx011-items-configuration-firstperson_lefthand-mip3-normal-page02.png	57f23744272ea108fbdd9c70742cdb4e3e89c1ca8f44e0825cc23bf9173b98c5	PASS	Manually reviewed exact production-render screenshot in owned contact page
client_screenshot	0320_vfx011-items-configuration-firstperson_lefthand-mip3-normal-page03.png	5a6fd07b170cea58821aa50225f2cf5d4a3723767792b314dfeec71455eabd3d	PASS	Manually reviewed exact production-render screenshot in owned contact page
client_screenshot	0321_vfx011-items-configuration-firstperson_lefthand-mip3-normal-page04.png	3f3d175e77de257b985b8c727d4def543dcb55c81418357a30cd7d7b21f7c78a	PASS	Manually reviewed exact production-render screenshot in owned contact page
client_screenshot	0322_vfx011-items-configuration-firstperson_lefthand-mip3-normal-page05.png	b9f7551a8f3f21d5ea913120557c32f5703854a83f4d3542fe113862cea68977	PASS	Manually reviewed exact production-render screenshot in owned contact page
client_screenshot	0323_vfx011-items-configuration-firstperson_righthand-mip3-normal-page01.png	47e28f54c8f5d4e60d94c00b974d925596a8fcb1261a2c5e2c4527469a48ea8b	PASS	Manually reviewed exact production-render screenshot in owned contact page
client_screenshot	0324_vfx011-items-configuration-firstperson_righthand-mip3-normal-page02.png	f374b5213b9c088f660d34f5d7dac70148c4c26bcbf2d660c989d2c34054b262	PASS	Manually reviewed exact production-render screenshot in owned contact page
client_screenshot	0325_vfx011-items-configuration-firstperson_righthand-mip3-normal-page03.png	b0679c77c37f027c168dacde6ff2d9a26302d604d7c20f82504a3f9834bbe6f8	PASS	Manually reviewed exact production-render screenshot in owned contact page
client_screenshot	0326_vfx011-items-configuration-firstperson_righthand-mip3-normal-page04.png	a6ec609cec9dda21a5017b124f5d5830a5389a7a1ede524e369860613ab65e48	PASS	Manually reviewed exact production-render screenshot in owned contact page
client_screenshot	0327_vfx011-items-configuration-firstperson_righthand-mip3-normal-page05.png	fee6a765c021c5004979e9b3cbc2cd7250d656e9c191ed8143a3f7d945bd5437	PASS	Manually reviewed exact production-render screenshot in owned contact page
client_screenshot	0328_vfx011-items-configuration-thirdperson_lefthand-mip3-normal-page01.png	a47b0ba30177e9358da23df38e31a9e8dad2a2f0e714d379a18118598c81cf17	PASS	Manually reviewed exact production-render screenshot in owned contact page
client_screenshot	0329_vfx011-items-configuration-thirdperson_lefthand-mip3-normal-page02.png	10882f2647fb10fcc8554f0629a7072803b9bf4910c7fa816f46fab27f55e1b0	PASS	Manually reviewed exact production-render screenshot in owned contact page
client_screenshot	0330_vfx011-items-configuration-thirdperson_lefthand-mip3-normal-page03.png	4523658e9e23762521f2da78917f753bd58ae7bf2409b9443f9fc6fe137abf14	PASS	Manually reviewed exact production-render screenshot in owned contact page
client_screenshot	0331_vfx011-items-configuration-thirdperson_lefthand-mip3-normal-page04.png	9a381c1e6fecc9580716fd2f3a260d3b2bbf56345e3d886d41a659c88a6f1c96	PASS	Manually reviewed exact production-render screenshot in owned contact page
client_screenshot	0332_vfx011-items-configuration-thirdperson_lefthand-mip3-normal-page05.png	963da0244fa8a41b7d6dcb8e432a1f0a928bf7509890c7e2f6761721a54d98fc	PASS	Manually reviewed exact production-render screenshot in owned contact page
client_screenshot	0333_vfx011-items-configuration-thirdperson_righthand-mip3-normal-page01.png	39ba20083e2116301c7e676253a05ff7fdd52ae216f3f2d2b5cbde39feb62328	PASS	Manually reviewed exact production-render screenshot in owned contact page
client_screenshot	0334_vfx011-items-configuration-thirdperson_righthand-mip3-normal-page02.png	b0967adb7e1d158400d3ca234761266399f2c9a6f2795089cf2ab4bf267cc76e	PASS	Manually reviewed exact production-render screenshot in owned contact page
client_screenshot	0335_vfx011-items-configuration-thirdperson_righthand-mip3-normal-page03.png	79f50573bece0b53791cb080d039538e5c7634d032d24d054d2bc38ed49776c3	PASS	Manually reviewed exact production-render screenshot in owned contact page
client_screenshot	0336_vfx011-items-configuration-thirdperson_righthand-mip3-normal-page04.png	d5826290e9be0a1ae4709fbbbbea72b64fea1f3dce23bd5aa284b2311be0421d	PASS	Manually reviewed exact production-render screenshot in owned contact page
client_screenshot	0337_vfx011-items-configuration-thirdperson_righthand-mip3-normal-page05.png	c46e2b5ae5bb9d361a9bb9f1e83c09658c887b5359bf72fe8fc8bd9e1339c671	PASS	Manually reviewed exact production-render screenshot in owned contact page
client_screenshot	0338_vfx011-items-configuration-fixed-mip3-normal-page01.png	56f4204156af44f4061396babda1e6e19e1d190e45464971b3a85e64a498b0ef	PASS	Manually reviewed exact production-render screenshot in owned contact page
client_screenshot	0339_vfx011-items-configuration-fixed-mip3-normal-page02.png	5588ded626c4484818011644de1f8e9c0e71475f8b5d31d53a9fbde8a4476bee	PASS	Manually reviewed exact production-render screenshot in owned contact page
client_screenshot	0340_vfx011-items-configuration-fixed-mip3-normal-page03.png	f8084e4b39e64dceb59d1e1bca79c41a2234b186ec95d578eb9c2fee69a9d3b6	PASS	Manually reviewed exact production-render screenshot in owned contact page
client_screenshot	0341_vfx011-items-configuration-fixed-mip3-normal-page04.png	577b0ce5d743691c4a99a61f08c6e13331fd818251eb733debf30451a79f970b	PASS	Manually reviewed exact production-render screenshot in owned contact page
client_screenshot	0342_vfx011-items-configuration-fixed-mip3-normal-page05.png	f50d957b486d60ca8913d70b58c91c0a687329cb43ec38b0e1e43f38c9a3a857	PASS	Manually reviewed exact production-render screenshot in owned contact page
client_screenshot	0343_vfx011-items-configuration-head-mip3-normal-page01.png	7e6c20aa3474a7014cc32a085e7063e3158a161e747291a9756c3c111ce57f1d	PASS	Manually reviewed exact production-render screenshot in owned contact page
client_screenshot	0344_vfx011-items-configuration-head-mip3-normal-page02.png	1414529279b79a89e13394ec18eef44dfb091009a903ee9ee0b69a8b83863093	PASS	Manually reviewed exact production-render screenshot in owned contact page
client_screenshot	0345_vfx011-items-configuration-head-mip3-normal-page03.png	6f19dc3e8e76215cdf48ca270776fb1ad6701fb91085e1d1c298c4cf450427e2	PASS	Manually reviewed exact production-render screenshot in owned contact page
client_screenshot	0346_vfx011-items-configuration-head-mip3-normal-page04.png	26dd349afdbcefc2fa9eeabc44576a1ce584aed0e8276e080e9f702564daa8d8	PASS	Manually reviewed exact production-render screenshot in owned contact page
client_screenshot	0347_vfx011-items-configuration-head-mip3-normal-page05.png	80002d06a1478556e91818667dad4bfe12e7c21e46af98ae295c103dc72e3fb3	PASS	Manually reviewed exact production-render screenshot in owned contact page
client_screenshot	0348_vfx011-items-configuration-on_shelf-mip3-normal-page01.png	aae6938932c4452ead3ca08ab9a9ca12160b086a8376715aa3c5c185bac88d50	PASS	Manually reviewed exact production-render screenshot in owned contact page
client_screenshot	0349_vfx011-items-configuration-gui-mip3-reduced-page01.png	162b256d82a8f7a05371180f3fc99b9b050fa4da8b5c24038447ca11892c6bc6	PASS	Manually reviewed exact production-render screenshot in owned contact page
client_screenshot	0350_vfx011-items-configuration-gui-mip3-reduced-page02.png	9f60f490fa3c5ddbf6bba3deae1af4d3bfab1f18edad35cf5ded25c640ecbd55	PASS	Manually reviewed exact production-render screenshot in owned contact page
client_screenshot	0351_vfx011-items-configuration-gui-mip3-reduced-page03.png	471059b82f65b2c3b0b01b3458f4603da29f21fb2bf5919beeb1db7bf7393767	PASS	Manually reviewed exact production-render screenshot in owned contact page
client_screenshot	0352_vfx011-items-configuration-gui-mip3-reduced-page04.png	854a0941c7665b51daea6ea5f120f44ba76961dfd3f017c7cab509ae0dc5fbb0	PASS	Manually reviewed exact production-render screenshot in owned contact page
client_screenshot	0353_vfx011-items-configuration-gui-mip3-reduced-page05.png	dbb1cc0475c95ff8d7d4662a2550d67e51943ddd11192bcd050e88a212519cb6	PASS	Manually reviewed exact production-render screenshot in owned contact page
client_screenshot	0354_vfx011-items-configuration-ground-mip3-reduced-page01.png	3957e4e70fccb8da681d43535df71b370c6ab5aadf6a0b8861d535d12a261849	PASS	Manually reviewed exact production-render screenshot in owned contact page
client_screenshot	0355_vfx011-items-configuration-ground-mip3-reduced-page02.png	2ce7a1b80a7ee3668ed89e4740514ab3fadfe4d541947e2b5425ceff4f00f2b8	PASS	Manually reviewed exact production-render screenshot in owned contact page
client_screenshot	0356_vfx011-items-configuration-ground-mip3-reduced-page03.png	74d8c77625df4682284bbf052253154b5b664256ba5284f41f0240bfc465d98b	PASS	Manually reviewed exact production-render screenshot in owned contact page
client_screenshot	0357_vfx011-items-configuration-ground-mip3-reduced-page04.png	dabe1a64224e7e42ebe10b00d1aabb8c193a005126b6bbe4b1d44cff50329320	PASS	Manually reviewed exact production-render screenshot in owned contact page
client_screenshot	0358_vfx011-items-configuration-ground-mip3-reduced-page05.png	05718d3019dd07f5e6bcebee4fe9f3aac627c30ef3eb7913feb584c4252a124e	PASS	Manually reviewed exact production-render screenshot in owned contact page
client_screenshot	0359_vfx011-items-configuration-firstperson_lefthand-mip3-reduced-page01.png	6dfabce6dfabde87e4e5420429afae258b6cc2f4a7eb8c07e073704f51457f61	REPAIRED	Manually reviewed corrected production-render replacement; superseded frame excluded
client_screenshot	0360_vfx011-items-configuration-firstperson_lefthand-mip3-reduced-page02.png	948ca82ce6207336657a19fe81a7f027fbdf1c7464afe0d20cd833c291a555fe	PASS	Manually reviewed exact production-render screenshot in owned contact page
client_screenshot	0361_vfx011-items-configuration-firstperson_lefthand-mip3-reduced-page03.png	a9d00c231d36cf1f5c4220c9014fe2a01999cf8fea8ed4d26afb91dc6c89100f	PASS	Manually reviewed exact production-render screenshot in owned contact page
client_screenshot	0362_vfx011-items-configuration-firstperson_lefthand-mip3-reduced-page04.png	5f657f5b702c3d0dc0fbc49ca6ff9ada44be044d244b21e66daf472e2f06eb26	PASS	Manually reviewed exact production-render screenshot in owned contact page
client_screenshot	0363_vfx011-items-configuration-firstperson_lefthand-mip3-reduced-page05.png	dacf1c7f52377df58ede8d012e378589153ab6aae98c7d2836e70923c97cbfe0	PASS	Manually reviewed exact production-render screenshot in owned contact page
client_screenshot	0364_vfx011-items-configuration-firstperson_righthand-mip3-reduced-page01.png	6266bab1f170aa64a3c2dd6d99475fb510b876bf0219737b33294c9f4707ee47	PASS	Manually reviewed exact production-render screenshot in owned contact page
client_screenshot	0365_vfx011-items-configuration-firstperson_righthand-mip3-reduced-page02.png	07da0637c2dac121d92edbe5d4e4e257494a724b6cd37353b14e38924a0a3b83	PASS	Manually reviewed exact production-render screenshot in owned contact page
client_screenshot	0366_vfx011-items-configuration-firstperson_righthand-mip3-reduced-page03.png	1bff1a70b283068126ed46c6c62c7357c75fcb0dc0fa3c1219f8ab907e1f5f98	PASS	Manually reviewed exact production-render screenshot in owned contact page
client_screenshot	0367_vfx011-items-configuration-firstperson_righthand-mip3-reduced-page04.png	d252980657b815f1a4df963471eb4c7be769ed48c74a4e4829db988af0a23e57	PASS	Manually reviewed exact production-render screenshot in owned contact page
client_screenshot	0368_vfx011-items-configuration-firstperson_righthand-mip3-reduced-page05.png	ca9a63c0336d0f0c771aa8360d5a039f3788f66fe6ce5bfac53fe7ba874e97d2	PASS	Manually reviewed exact production-render screenshot in owned contact page
client_screenshot	0369_vfx011-items-configuration-thirdperson_lefthand-mip3-reduced-page01.png	d5fcd091fd178b11eacf63721d267294f1099ead32c8762125479963356ab615	PASS	Manually reviewed exact production-render screenshot in owned contact page
client_screenshot	0370_vfx011-items-configuration-thirdperson_lefthand-mip3-reduced-page02.png	4bbf25a7a8c5dfb00dc73a034c79b7191a7ca30435938882fc51aa0f9dc3a7b7	PASS	Manually reviewed exact production-render screenshot in owned contact page
client_screenshot	0371_vfx011-items-configuration-thirdperson_lefthand-mip3-reduced-page03.png	d066bac1989ebbc9208ea892465cedd8c86bf9889d44b93109b61383dc5d0c79	PASS	Manually reviewed exact production-render screenshot in owned contact page
client_screenshot	0372_vfx011-items-configuration-thirdperson_lefthand-mip3-reduced-page04.png	e63dba3ab613ba4cdad1c68d9d4702e105c55df3bc7552c85771349dde532f98	PASS	Manually reviewed exact production-render screenshot in owned contact page
client_screenshot	0373_vfx011-items-configuration-thirdperson_lefthand-mip3-reduced-page05.png	f40f073f075e4ef4c389bfa4ef2fe607e29b01b4b3c5396f52baa382cc111b3f	PASS	Manually reviewed exact production-render screenshot in owned contact page
client_screenshot	0374_vfx011-items-configuration-thirdperson_righthand-mip3-reduced-page01.png	146e0eae0aa1fc86d6b1087769cd5830dc3ab24ccffb286b36b189844c41d6d1	PASS	Manually reviewed exact production-render screenshot in owned contact page
client_screenshot	0375_vfx011-items-configuration-thirdperson_righthand-mip3-reduced-page02.png	423a97442a5ede3da051ec5f4dfa0c131e3f6f25f94b5f7e5ef08323eebe95d6	PASS	Manually reviewed exact production-render screenshot in owned contact page
client_screenshot	0376_vfx011-items-configuration-thirdperson_righthand-mip3-reduced-page03.png	7ee9c7806fc141642f7e0870d9ca34daee25a092b4ce6dec1b17116b18b5090c	PASS	Manually reviewed exact production-render screenshot in owned contact page
client_screenshot	0377_vfx011-items-configuration-thirdperson_righthand-mip3-reduced-page04.png	3fada7cf526c1b4efe024e99bf32894c3c43d1949517fc8d2bdbfccd4f2b1665	PASS	Manually reviewed exact production-render screenshot in owned contact page
client_screenshot	0378_vfx011-items-configuration-thirdperson_righthand-mip3-reduced-page05.png	1677977e45b5d942883ac15c74c223c807722f194eddf1a7e1c92589af919a87	PASS	Manually reviewed exact production-render screenshot in owned contact page
client_screenshot	0379_vfx011-items-configuration-fixed-mip3-reduced-page01.png	931b7c55f7c9de62251f9b5e8b297874bf70d5ab72b20f57d3875cead7e14c85	PASS	Manually reviewed exact production-render screenshot in owned contact page
client_screenshot	0380_vfx011-items-configuration-fixed-mip3-reduced-page02.png	34f7e722e716564bcf7e9f041b49a4bcfe4fe55812fd9846a8f0ab9c7db34049	PASS	Manually reviewed exact production-render screenshot in owned contact page
client_screenshot	0381_vfx011-items-configuration-fixed-mip3-reduced-page03.png	0ff17cb84522cb92ef8fef061ce180fceff13f487fa5bc8cd120ac197f19824e	PASS	Manually reviewed exact production-render screenshot in owned contact page
client_screenshot	0382_vfx011-items-configuration-fixed-mip3-reduced-page04.png	2c8daef5d00f8148779e29008f1e2c2077e62b5219f15e5494e162186c15c7a8	PASS	Manually reviewed exact production-render screenshot in owned contact page
client_screenshot	0383_vfx011-items-configuration-fixed-mip3-reduced-page05.png	b937cd354d87aac0f92f6aa0524b2bec2144651a9655504136e1f60d6223494e	PASS	Manually reviewed exact production-render screenshot in owned contact page
client_screenshot	0384_vfx011-items-configuration-head-mip3-reduced-page01.png	3b463453e20d433cebd36ef40fc94d1011ccabd98a727257507ea2d8c9c99a67	PASS	Manually reviewed exact production-render screenshot in owned contact page
client_screenshot	0385_vfx011-items-configuration-head-mip3-reduced-page02.png	9c2d0219225900da7b289aeadea8a47f1e9f431d57315748eb776224f8dd446b	PASS	Manually reviewed exact production-render screenshot in owned contact page
client_screenshot	0386_vfx011-items-configuration-head-mip3-reduced-page03.png	8511af442be45ba43273fe967ac7c408f6c524e309ae06b24965c228285c4f55	PASS	Manually reviewed exact production-render screenshot in owned contact page
client_screenshot	0387_vfx011-items-configuration-head-mip3-reduced-page04.png	a7bd530c220e8a73a438ead2b08940201ed883291e18867938f1bb82bbbee517	PASS	Manually reviewed exact production-render screenshot in owned contact page
client_screenshot	0388_vfx011-items-configuration-head-mip3-reduced-page05.png	2ff3edac5b9577a6fdbcbfd2e04b2439f38ac78fc5b6053d3413baa0e05507b0	PASS	Manually reviewed exact production-render screenshot in owned contact page
client_screenshot	0389_vfx011-items-configuration-on_shelf-mip3-reduced-page01.png	bde0b05167378889f9893845d5cc89445e1eb363fed6edcebe7427a8dc0790c8	PASS	Manually reviewed exact production-render screenshot in owned contact page
client_screenshot	0390_vfx011-items-configuration-gui-mip4-normal-page01.png	2f6aa66fcd5b3bd9528d779d429bb25f94d16928ff1033dbc222ff83d3d63a0b	PASS	Manually reviewed exact production-render screenshot in owned contact page
client_screenshot	0391_vfx011-items-configuration-gui-mip4-normal-page02.png	707071b80026b0d0d0125337a91b6ab2b0fc0677d0418b8ad89567f9b6f3e8a9	PASS	Manually reviewed exact production-render screenshot in owned contact page
client_screenshot	0392_vfx011-items-configuration-gui-mip4-normal-page03.png	53343ae5acd43061021a7af82774f8252129e63a6d899111c9eba4b6b97b06a2	PASS	Manually reviewed exact production-render screenshot in owned contact page
client_screenshot	0393_vfx011-items-configuration-gui-mip4-normal-page04.png	c72e86ad52943d57e563384e2a22d079f645b26c3cdd944b6c992c5f4b385e5e	PASS	Manually reviewed exact production-render screenshot in owned contact page
client_screenshot	0394_vfx011-items-configuration-gui-mip4-normal-page05.png	d0b80a9c71d039bc9311c9928c11a9a02f02867b2727fce17cb423b207ae52e5	PASS	Manually reviewed exact production-render screenshot in owned contact page
client_screenshot	0395_vfx011-items-configuration-ground-mip4-normal-page01.png	2ad01c3eefe482068e073e623bbd60d36d518dae4027045a311f474547c9dd95	PASS	Manually reviewed exact production-render screenshot in owned contact page
client_screenshot	0396_vfx011-items-configuration-ground-mip4-normal-page02.png	bc63cf0a63125f3ce2cfdd71a7bded1b305d539fe33437d0648ef7bc69c60491	PASS	Manually reviewed exact production-render screenshot in owned contact page
client_screenshot	0397_vfx011-items-configuration-ground-mip4-normal-page03.png	69686b06119254df515653ba2b41a91f3c637e8aaefe9de70706b1eba02bad66	PASS	Manually reviewed exact production-render screenshot in owned contact page
client_screenshot	0398_vfx011-items-configuration-ground-mip4-normal-page04.png	a458eb6c7f4e4d78df0011d9efeb28552c22cef558319c04b0d2da9f65ddd827	PASS	Manually reviewed exact production-render screenshot in owned contact page
client_screenshot	0399_vfx011-items-configuration-ground-mip4-normal-page05.png	ea5c9539e4683cc9c5571864b87ab04fa6d988d67c459715808080c8f2aac9e9	PASS	Manually reviewed exact production-render screenshot in owned contact page
client_screenshot	0400_vfx011-items-configuration-firstperson_lefthand-mip4-normal-page01.png	67acb659019b4cd1f33cb0ad7ac40b6683dc51136c45059c005d61ce6c561636	REPAIRED	Manually reviewed corrected production-render replacement; superseded frame excluded
client_screenshot	0401_vfx011-items-configuration-firstperson_lefthand-mip4-normal-page02.png	ef8f78e9736934ef3057614ce6db51f77a36293f0571b577321efa0dcd4e98e5	PASS	Manually reviewed exact production-render screenshot in owned contact page
client_screenshot	0402_vfx011-items-configuration-firstperson_lefthand-mip4-normal-page03.png	08ecb4231b283dfb93b64f4599e812b2b133d3c446e49119fdd2bb8d16066337	PASS	Manually reviewed exact production-render screenshot in owned contact page
client_screenshot	0403_vfx011-items-configuration-firstperson_lefthand-mip4-normal-page04.png	4ffc9f4e05bd5b074eb36e12d68c528f802854903d68dc0e41f92e0b8dad0d52	PASS	Manually reviewed exact production-render screenshot in owned contact page
client_screenshot	0404_vfx011-items-configuration-firstperson_lefthand-mip4-normal-page05.png	f1fd8cf6c4ff570db08810e8eaf4b83106cd6bba3496e15daa4f5db1fef2d1f3	PASS	Manually reviewed exact production-render screenshot in owned contact page
client_screenshot	0405_vfx011-items-configuration-firstperson_righthand-mip4-normal-page01.png	7cc2a901f1d2ba569da904aedf12aa550cd02b2dc1b6ec5321b465e28005a7c8	PASS	Manually reviewed exact production-render screenshot in owned contact page
client_screenshot	0406_vfx011-items-configuration-firstperson_righthand-mip4-normal-page02.png	e9b744091873987883f15e3c31e90ba492729d017ba7806f2a8ef5f807ffcb56	PASS	Manually reviewed exact production-render screenshot in owned contact page
client_screenshot	0407_vfx011-items-configuration-firstperson_righthand-mip4-normal-page03.png	8b7e554150d5ee41698b7eb4ca6f614cc86946169e187c6c47f0ed829faeebbb	PASS	Manually reviewed exact production-render screenshot in owned contact page
client_screenshot	0408_vfx011-items-configuration-firstperson_righthand-mip4-normal-page04.png	5169e87e005b1d8b66694e41b45f900c40960302af4791a55752f275725809e0	PASS	Manually reviewed exact production-render screenshot in owned contact page
client_screenshot	0409_vfx011-items-configuration-firstperson_righthand-mip4-normal-page05.png	e3f51e411778f45f097eba1b3e7a4890fc8ab4993cc162ceaf090f508f8d8ca2	PASS	Manually reviewed exact production-render screenshot in owned contact page
client_screenshot	0410_vfx011-items-configuration-thirdperson_lefthand-mip4-normal-page01.png	dbcfea2c0cf09f7aaf76f40bb3c885e7e3cfd42d5efefdec45adf479531f42b9	PASS	Manually reviewed exact production-render screenshot in owned contact page
client_screenshot	0411_vfx011-items-configuration-thirdperson_lefthand-mip4-normal-page02.png	5b38ba81a048b2fbc9d2876c963a0597eb023647539dd587771fa7fd0311790b	PASS	Manually reviewed exact production-render screenshot in owned contact page
client_screenshot	0412_vfx011-items-configuration-thirdperson_lefthand-mip4-normal-page03.png	4efeadaef4b2296ea0951b3581d6d051c263183a06d077430d7ec5c1551359ef	PASS	Manually reviewed exact production-render screenshot in owned contact page
client_screenshot	0413_vfx011-items-configuration-thirdperson_lefthand-mip4-normal-page04.png	fb3d53ed825f596378e6c2bdd1f53508aaabf1e7ca24eb0aeebfdbec02318498	PASS	Manually reviewed exact production-render screenshot in owned contact page
client_screenshot	0414_vfx011-items-configuration-thirdperson_lefthand-mip4-normal-page05.png	e5c2a47101bfd0d8a66856265d318191ef8682d6864b45a66ce47245d57a1ece	PASS	Manually reviewed exact production-render screenshot in owned contact page
client_screenshot	0415_vfx011-items-configuration-thirdperson_righthand-mip4-normal-page01.png	ac8b1c70a997b32ce04a1efbf0b4b95cbb460777092ac8f2ca687d94f8fba888	PASS	Manually reviewed exact production-render screenshot in owned contact page
client_screenshot	0416_vfx011-items-configuration-thirdperson_righthand-mip4-normal-page02.png	9d09485729f04b01332830422a3a23d225e55f98049f376311e8ce16b2e6e7c3	PASS	Manually reviewed exact production-render screenshot in owned contact page
client_screenshot	0417_vfx011-items-configuration-thirdperson_righthand-mip4-normal-page03.png	0fac5fc1f883ca494434d02268f6aa6cf2c1343ad1bd7722d39fb778ecd0b2d5	PASS	Manually reviewed exact production-render screenshot in owned contact page
client_screenshot	0418_vfx011-items-configuration-thirdperson_righthand-mip4-normal-page04.png	d6b3343912e1cf27e2a430983f9df8a84d54931ae7af620e51910d1c95c1c694	PASS	Manually reviewed exact production-render screenshot in owned contact page
client_screenshot	0419_vfx011-items-configuration-thirdperson_righthand-mip4-normal-page05.png	9d71aea0e0556541c53fbe4268b6b90531c76de786e96517e1c5ccb934c9e42a	PASS	Manually reviewed exact production-render screenshot in owned contact page
client_screenshot	0420_vfx011-items-configuration-fixed-mip4-normal-page01.png	a54f9f3116336643a4cd3182bb898bf748ffc6a3295bc1ceb737c5004aa55168	PASS	Manually reviewed exact production-render screenshot in owned contact page
client_screenshot	0421_vfx011-items-configuration-fixed-mip4-normal-page02.png	5692aaa8683f0ca67f877556ba32e2cf956f4a6ac56c07ea2a0d3ee77f6040dc	PASS	Manually reviewed exact production-render screenshot in owned contact page
client_screenshot	0422_vfx011-items-configuration-fixed-mip4-normal-page03.png	e4bf52fa0de747ab6573803815211dca7aa794ebbf1acb4265a6fb75608e4c03	PASS	Manually reviewed exact production-render screenshot in owned contact page
client_screenshot	0423_vfx011-items-configuration-fixed-mip4-normal-page04.png	3c58b2bbaa47ef1d5658a4c45846b08f5aefdd87f671cce7e0489cefaa86131c	PASS	Manually reviewed exact production-render screenshot in owned contact page
client_screenshot	0424_vfx011-items-configuration-fixed-mip4-normal-page05.png	87e2e14dd44bc6aad306e5aa93db7a84e045c387149e378925443a57b141b69e	PASS	Manually reviewed exact production-render screenshot in owned contact page
client_screenshot	0425_vfx011-items-configuration-head-mip4-normal-page01.png	2291a70f5b5b4be36feebae2c8f319199d24dd4b8965699767c438bc89222fc3	PASS	Manually reviewed exact production-render screenshot in owned contact page
client_screenshot	0426_vfx011-items-configuration-head-mip4-normal-page02.png	dd7a0efa598c3fccb0e9f9b9b06a7568bc58990db16baae820dac94f4cee7c55	PASS	Manually reviewed exact production-render screenshot in owned contact page
client_screenshot	0427_vfx011-items-configuration-head-mip4-normal-page03.png	a33ccdfb9679f05d91e33ee2ca8febda8d4bef4aaddeab1e4606e7332f839feb	PASS	Manually reviewed exact production-render screenshot in owned contact page
client_screenshot	0428_vfx011-items-configuration-head-mip4-normal-page04.png	bafc12c914624eb9c0e5b1cd3ac31d0e5c3cfd0cb11044132ab3845144b394e0	PASS	Manually reviewed exact production-render screenshot in owned contact page
client_screenshot	0429_vfx011-items-configuration-head-mip4-normal-page05.png	abfbb48b3c8b5c86787088ba16921128f171b1e91c24588fd92e8a8382abfdd0	PASS	Manually reviewed exact production-render screenshot in owned contact page
client_screenshot	0430_vfx011-items-configuration-on_shelf-mip4-normal-page01.png	1c8be76b1d388e9150b7d195c0b7b605411aab73b16a12fd5d917c3759dab6b9	PASS	Manually reviewed exact production-render screenshot in owned contact page
client_screenshot	0431_vfx011-items-configuration-gui-mip4-reduced-page01.png	6c0b428cc35e06735caaaa013364c8e76bd7400ef27e4f22f37dc284dcfb912a	PASS	Manually reviewed exact production-render screenshot in owned contact page
client_screenshot	0432_vfx011-items-configuration-gui-mip4-reduced-page02.png	228362d85609b43ebea5fed6f92b6a189250b3a847300401f6a9c24cbfdb2c54	PASS	Manually reviewed exact production-render screenshot in owned contact page
client_screenshot	0433_vfx011-items-configuration-gui-mip4-reduced-page03.png	c7df822707fb25ef6fa550f7a58c80cb3ebe498c0dd113cabd74f48811f08833	PASS	Manually reviewed exact production-render screenshot in owned contact page
client_screenshot	0434_vfx011-items-configuration-gui-mip4-reduced-page04.png	6324962da7678f427b77615bcd23eaf61edb73a9fcc703d821ecc2cff24a5d04	PASS	Manually reviewed exact production-render screenshot in owned contact page
client_screenshot	0435_vfx011-items-configuration-gui-mip4-reduced-page05.png	c3bcac0ef5627686c702debbe841b835614d857569cb8f02098dbc4702bb66f9	PASS	Manually reviewed exact production-render screenshot in owned contact page
client_screenshot	0436_vfx011-items-configuration-ground-mip4-reduced-page01.png	cc02c28da7625bd0cfbaec38ff41f1f28fa78715195d0c43895eb099459a4da4	PASS	Manually reviewed exact production-render screenshot in owned contact page
client_screenshot	0437_vfx011-items-configuration-ground-mip4-reduced-page02.png	3321b4ade089f1be978b3819b477e0542532eccb2dfa39c331ebd8da8ffdb33a	PASS	Manually reviewed exact production-render screenshot in owned contact page
client_screenshot	0438_vfx011-items-configuration-ground-mip4-reduced-page03.png	aa50ab11216394300cb8276d99dbd42328995d249c8831433c09f13457b3e155	PASS	Manually reviewed exact production-render screenshot in owned contact page
client_screenshot	0439_vfx011-items-configuration-ground-mip4-reduced-page04.png	181a798aa4c8d4fe0a7f3e65dac703676959d906a47baf97c6d08ece864902c8	PASS	Manually reviewed exact production-render screenshot in owned contact page
client_screenshot	0440_vfx011-items-configuration-ground-mip4-reduced-page05.png	f0af42ded7cba46fdc9173e25377de18f1b65227b098b8e7793a46285fc37cbf	PASS	Manually reviewed exact production-render screenshot in owned contact page
client_screenshot	0441_vfx011-items-configuration-firstperson_lefthand-mip4-reduced-page01.png	bfaec1332a2fc111a1c0b17aa5775605bbdcdb6ed9109a8b09d5437c46f97254	REPAIRED	Manually reviewed corrected production-render replacement; superseded frame excluded
client_screenshot	0442_vfx011-items-configuration-firstperson_lefthand-mip4-reduced-page02.png	f076d7ea8eb5ba70dc6bebc0c057b4d1fb983288f5d250747611c4edcb9fbdb7	PASS	Manually reviewed exact production-render screenshot in owned contact page
client_screenshot	0443_vfx011-items-configuration-firstperson_lefthand-mip4-reduced-page03.png	1c1bfb3c3131640505f50f508ed62b0bb82cb00fc50369157d655a433a1e3c97	PASS	Manually reviewed exact production-render screenshot in owned contact page
client_screenshot	0444_vfx011-items-configuration-firstperson_lefthand-mip4-reduced-page04.png	0e720389155421657ecf32d79e50b5c4b0e226747315a37aff6a064d11e139d9	PASS	Manually reviewed exact production-render screenshot in owned contact page
client_screenshot	0445_vfx011-items-configuration-firstperson_lefthand-mip4-reduced-page05.png	7971e8bf895ecc29d68ec8b7ebc6a11aac8262c808a81b0028c8e228bf84a218	PASS	Manually reviewed exact production-render screenshot in owned contact page
client_screenshot	0446_vfx011-items-configuration-firstperson_righthand-mip4-reduced-page01.png	d7c66f7b36ed8201a373ea3f90c7fa3884941f069d4bf2a10a8bdc3040994ff0	PASS	Manually reviewed exact production-render screenshot in owned contact page
client_screenshot	0447_vfx011-items-configuration-firstperson_righthand-mip4-reduced-page02.png	a1295907e723c73f783e78b58b82faee771e2cdd72ba4089b0a26b367dd8bd82	PASS	Manually reviewed exact production-render screenshot in owned contact page
client_screenshot	0448_vfx011-items-configuration-firstperson_righthand-mip4-reduced-page03.png	1db432f4645b10daeee38b4fa88051b9a388360a68386a7b3dd46c19dee34dc0	PASS	Manually reviewed exact production-render screenshot in owned contact page
client_screenshot	0449_vfx011-items-configuration-firstperson_righthand-mip4-reduced-page04.png	dbd0119b633d0d667fa3190f3a4090cb339d78e8fc78f60cfaa2f63b5e729756	PASS	Manually reviewed exact production-render screenshot in owned contact page
client_screenshot	0450_vfx011-items-configuration-firstperson_righthand-mip4-reduced-page05.png	37fd78fe3831a331c80ac5576bc0dda8fcbe6f404eac01467105e2fb51b35b6d	PASS	Manually reviewed exact production-render screenshot in owned contact page
client_screenshot	0451_vfx011-items-configuration-thirdperson_lefthand-mip4-reduced-page01.png	fd6ae83b96a7c67b65893f22ceb3ccd366f5458abb0c5a537f06cb9f54133688	PASS	Manually reviewed exact production-render screenshot in owned contact page
client_screenshot	0452_vfx011-items-configuration-thirdperson_lefthand-mip4-reduced-page02.png	c5bba30cce70e3418238595bc23b1fbabd2810267143f8f4971ac4ddd39294d1	PASS	Manually reviewed exact production-render screenshot in owned contact page
client_screenshot	0453_vfx011-items-configuration-thirdperson_lefthand-mip4-reduced-page03.png	1dc0cda12bc0c032b45d8e82ad92f29ddb948774cbda85e924b7c702c93b0413	PASS	Manually reviewed exact production-render screenshot in owned contact page
client_screenshot	0454_vfx011-items-configuration-thirdperson_lefthand-mip4-reduced-page04.png	64ef96af6fef2c0ce1c203167737e514663f246797d558f7d1e7f0b1708fd3e6	PASS	Manually reviewed exact production-render screenshot in owned contact page
client_screenshot	0455_vfx011-items-configuration-thirdperson_lefthand-mip4-reduced-page05.png	14e4f00b5e9ad805617b93b0d84139951d9d636ba9b3026e86103bb6ca7b61f7	PASS	Manually reviewed exact production-render screenshot in owned contact page
client_screenshot	0456_vfx011-items-configuration-thirdperson_righthand-mip4-reduced-page01.png	1b229c6aa5b7aac1471841e5c4a32796c9eb78f70fd9fc1730cf6ed8b2a6bad6	PASS	Manually reviewed exact production-render screenshot in owned contact page
client_screenshot	0457_vfx011-items-configuration-thirdperson_righthand-mip4-reduced-page02.png	ceedb274e34285b8cf487124de60d78ce1bd14c190a1410ef1d85447b0a705c1	PASS	Manually reviewed exact production-render screenshot in owned contact page
client_screenshot	0458_vfx011-items-configuration-thirdperson_righthand-mip4-reduced-page03.png	63949330a76544817ece0de64439fd3f5e3601196bfe24edac940c8ed8408c32	PASS	Manually reviewed exact production-render screenshot in owned contact page
client_screenshot	0459_vfx011-items-configuration-thirdperson_righthand-mip4-reduced-page04.png	a4c641b5d49459b5aa62dcfa85894d2af2db0a7e7c502b3330d8579f32d1a7dd	PASS	Manually reviewed exact production-render screenshot in owned contact page
client_screenshot	0460_vfx011-items-configuration-thirdperson_righthand-mip4-reduced-page05.png	82049e92cb20acecc2417e18a997ddf1406254fa4738c0b21994d22d639f2f52	PASS	Manually reviewed exact production-render screenshot in owned contact page
client_screenshot	0461_vfx011-items-configuration-fixed-mip4-reduced-page01.png	c910930ef48dd27ee9b16a9a0e521e048048de2407c460311773a812d9cae737	PASS	Manually reviewed exact production-render screenshot in owned contact page
client_screenshot	0462_vfx011-items-configuration-fixed-mip4-reduced-page02.png	761d055b7391f5e4186de073dc3c514f0b58891ba1812f06444772b3e6d33fc4	PASS	Manually reviewed exact production-render screenshot in owned contact page
client_screenshot	0463_vfx011-items-configuration-fixed-mip4-reduced-page03.png	ba9195acef1eb6888a362de5273392c0669701c5f9654619b8f35f201f485bef	PASS	Manually reviewed exact production-render screenshot in owned contact page
client_screenshot	0464_vfx011-items-configuration-fixed-mip4-reduced-page04.png	23302d9dcd0b45d6841c6461d5c6f30fc2528ba96f5c07c9ff36bb23012cebec	PASS	Manually reviewed exact production-render screenshot in owned contact page
client_screenshot	0465_vfx011-items-configuration-fixed-mip4-reduced-page05.png	66b188fa4032f44b5b7899433719a054db480e7ff5fbe14dc21c89dd8d2c964c	PASS	Manually reviewed exact production-render screenshot in owned contact page
client_screenshot	0466_vfx011-items-configuration-head-mip4-reduced-page01.png	df6b8dec74e691b7404c2aa3326a7de741d91b67b24efb1015661468166b54c7	PASS	Manually reviewed exact production-render screenshot in owned contact page
client_screenshot	0467_vfx011-items-configuration-head-mip4-reduced-page02.png	afee5c034519a7df73bd85d9713fd2e1572824b57c837a4fdf446ea53207f3a0	PASS	Manually reviewed exact production-render screenshot in owned contact page
client_screenshot	0468_vfx011-items-configuration-head-mip4-reduced-page03.png	0d08eec5f7f2ba4cbb3eeadc321011dbde5c399b2af416dd76c204f6cca34714	PASS	Manually reviewed exact production-render screenshot in owned contact page
client_screenshot	0469_vfx011-items-configuration-head-mip4-reduced-page04.png	1ebf73d7d7b4f67a50159e1e2dd47e971b39deb9b6db850efd944b37e8009142	PASS	Manually reviewed exact production-render screenshot in owned contact page
client_screenshot	0470_vfx011-items-configuration-head-mip4-reduced-page05.png	c4bd6c87d598f446501e7193854babb816c3fc53aee3ca799ad29aac5d2d5a01	PASS	Manually reviewed exact production-render screenshot in owned contact page
client_screenshot	0471_vfx011-items-configuration-on_shelf-mip4-reduced-page01.png	2610fcbcf2e5c2c36746e88e23bc5ee276f551f35821e1b12a2c1f307ef49763	PASS	Manually reviewed exact production-render screenshot in owned contact page
client_screenshot	0472_vfx011-entities-front.png	5128baf34a3a201be2212ae6e6d1fb2c24e3a965139dab9d6f6ad1b21239c77d	REPAIRED	Manually reviewed corrected production-render replacement; superseded frame excluded
client_screenshot	0473_vfx011-entities-back.png	4e01a6dcaf3569d34e1b477edd3c6378217134540e0e0dd83acdecfa2c399ada	PASS	Manually reviewed exact production-render screenshot in owned contact page
client_screenshot	0474_vfx011-entities-left.png	b388ee38661b5967828b79ff90b64d0ab2de77743221bca8b0688ed10c2c2ce2	PASS	Manually reviewed exact production-render screenshot in owned contact page
client_screenshot	0475_vfx011-entities-right.png	4e5a67f1e8fb71550f4a91776b453be239f63f54e7eeac44cfe6eb9d1161537b	REPAIRED	Manually reviewed corrected production-render replacement; superseded frame excluded
client_screenshot	0476_vfx011-entities-equipped.png	cd235cdcaf00f96aadd71adc5cce449e98a095d9559675bdda3107e011e4a01a	PASS	Manually reviewed exact production-render screenshot in owned contact page
client_screenshot	0477_vfx011-entities-config-mip0-normal-front.png	66e3fe1d82099dce483d3ecc4781ed5e8e817bcf971cf67ad5bd84137646c40c	PASS	Manually reviewed exact production-render screenshot in owned contact page
client_screenshot	0478_vfx011-entities-config-mip0-normal-back.png	a71ef865dfb5b4fd0d8ece09e1123cd6abd388a411c6a65357f2e38a3160d605	PASS	Manually reviewed exact production-render screenshot in owned contact page
client_screenshot	0479_vfx011-entities-config-mip0-normal-left.png	07b3923a5a3e04eca225394f26cf02256660c2c01f4d53cc982d9a7253f229e7	PASS	Manually reviewed exact production-render screenshot in owned contact page
client_screenshot	0480_vfx011-entities-config-mip0-normal-right.png	c1e8ef0c1a6e6d9412c0affb3bcf27ed527a6001e83909f345fe3165f7d4455c	PASS	Manually reviewed exact production-render screenshot in owned contact page
client_screenshot	0481_vfx011-entities-config-mip0-normal-equipped.png	4bb0912c1ae70a40d45858af96e61d53dde65df406cc0ad01311566c82442e8a	PASS	Manually reviewed exact production-render screenshot in owned contact page
client_screenshot	0482_vfx011-entities-config-mip0-reduced-front.png	399e01e888875a7ce26876880f8a0741a278f764ffb8cd008eb09fca09bc69e7	PASS	Manually reviewed exact production-render screenshot in owned contact page
client_screenshot	0483_vfx011-entities-config-mip0-reduced-back.png	8d2e47863d57fe0fae1d8cbcb2d23b45dc2122a53687c41684d5500f11111103	PASS	Manually reviewed exact production-render screenshot in owned contact page
client_screenshot	0484_vfx011-entities-config-mip0-reduced-left.png	8008663e8038f874e52a93fde9afe1b8318262390f6f55a0174549aed7def975	PASS	Manually reviewed exact production-render screenshot in owned contact page
client_screenshot	0485_vfx011-entities-config-mip0-reduced-right.png	01d86d844a2ff7e51a9980865540c6c62f3686d3ae66791d0b44e6c21a0b9c95	PASS	Manually reviewed exact production-render screenshot in owned contact page
client_screenshot	0486_vfx011-entities-config-mip0-reduced-equipped.png	5b07191ad507270da687928e2ec283eab9fee07eda4a06bd017de01f53fc5b1b	PASS	Manually reviewed exact production-render screenshot in owned contact page
client_screenshot	0487_vfx011-entities-config-mip1-normal-front.png	95ce9b10bbe6e561af61d2b50bc0b69ee5e0aea2a8d46e6bfbdce57761f5f007	PASS	Manually reviewed exact production-render screenshot in owned contact page
client_screenshot	0488_vfx011-entities-config-mip1-normal-back.png	360b3808c4773f8d96212ad2686d8a2ff93933715f7bcd8261af6502e8307bb1	PASS	Manually reviewed exact production-render screenshot in owned contact page
client_screenshot	0489_vfx011-entities-config-mip1-normal-left.png	de8c1e863dea7265a5fec977d8dcfa50579a3cb4841f6f426ce81b3b91e545ca	PASS	Manually reviewed exact production-render screenshot in owned contact page
client_screenshot	0490_vfx011-entities-config-mip1-normal-right.png	b6a81a31884e1dae0e66bf2744f6e1544c12ec431c5297538a313aaa4b39971c	PASS	Manually reviewed exact production-render screenshot in owned contact page
client_screenshot	0491_vfx011-entities-config-mip1-normal-equipped.png	00b7977ce4e15a5a2539d45b7c53c1c1e959972a74f181cb3370e8940eeeb7aa	PASS	Manually reviewed exact production-render screenshot in owned contact page
client_screenshot	0492_vfx011-entities-config-mip1-reduced-front.png	ae6eb8e295bab91d0ffd316ba8d2f82ad55d02ef94e3b044cc45488d7cb380b6	PASS	Manually reviewed exact production-render screenshot in owned contact page
client_screenshot	0493_vfx011-entities-config-mip1-reduced-back.png	103af9de52141787377de2b5eb08baf287061ffc9ac5efb4dfe2e4265c144e83	PASS	Manually reviewed exact production-render screenshot in owned contact page
client_screenshot	0494_vfx011-entities-config-mip1-reduced-left.png	43003582b9d180df2b2c64feccf4bcde0d5669f335dd68c0176c2e3ad04c262e	PASS	Manually reviewed exact production-render screenshot in owned contact page
client_screenshot	0495_vfx011-entities-config-mip1-reduced-right.png	d5056806bc2b47f914b04cb171133e3088b17d215c42c8ea4cb899b031ff04a4	PASS	Manually reviewed exact production-render screenshot in owned contact page
client_screenshot	0496_vfx011-entities-config-mip1-reduced-equipped.png	6e857fd193ff425133c2774955cef376896cd2fddf23bcf5ddf2823805793888	PASS	Manually reviewed exact production-render screenshot in owned contact page
client_screenshot	0497_vfx011-entities-config-mip2-normal-front.png	c19d1f9a96b6eb876f4a01ed56bb4e76d4b427e1f4028180be5a9bf6b99c7907	PASS	Manually reviewed exact production-render screenshot in owned contact page
client_screenshot	0498_vfx011-entities-config-mip2-normal-back.png	0a7c138fc0bccb81fbe96692c4dc0aad39dffaadbf7e235b3ca3d4e7a6bff462	PASS	Manually reviewed exact production-render screenshot in owned contact page
client_screenshot	0499_vfx011-entities-config-mip2-normal-left.png	8d2174edd809d6b9114882988491766d5d08a375a9fab3cb9baa0c3959def84e	PASS	Manually reviewed exact production-render screenshot in owned contact page
client_screenshot	0500_vfx011-entities-config-mip2-normal-right.png	0ed6401cbe0828bae8a86c409bab194123f402c496feb24adcbaf519158411e9	PASS	Manually reviewed exact production-render screenshot in owned contact page
client_screenshot	0501_vfx011-entities-config-mip2-normal-equipped.png	6c587d003dea23b434a315b1ebdabb003dd1a0f0529b77ffd03b66e988725561	PASS	Manually reviewed exact production-render screenshot in owned contact page
client_screenshot	0502_vfx011-entities-config-mip2-reduced-front.png	5422eb82c1a517fc148caf6968ac48d593e31e7e1eef1147bc235c30e270bfa2	PASS	Manually reviewed exact production-render screenshot in owned contact page
client_screenshot	0503_vfx011-entities-config-mip2-reduced-back.png	d9f101e9c36459d55ec540906e839efb33ebaba5e5a375d72d207016a7886a4a	PASS	Manually reviewed exact production-render screenshot in owned contact page
client_screenshot	0504_vfx011-entities-config-mip2-reduced-left.png	421edb108b6652759bc9912c86fabfb0130ec12cbdc37c787121c0d025779ee9	PASS	Manually reviewed exact production-render screenshot in owned contact page
client_screenshot	0505_vfx011-entities-config-mip2-reduced-right.png	e63fe4f2b2da46180245fd61ae195ca6d2887ba72387075794d704aca4da91e8	PASS	Manually reviewed exact production-render screenshot in owned contact page
client_screenshot	0506_vfx011-entities-config-mip2-reduced-equipped.png	f797b074f0e5d9ddf1a77250ed32ad85a6db230c3fc7d6d1087f38f8fa23b1e0	PASS	Manually reviewed exact production-render screenshot in owned contact page
client_screenshot	0507_vfx011-entities-config-mip3-normal-front.png	e1001ce0aa74f8111845f2d2947f211b272e3763b887be7e476554279f0b7d9c	PASS	Manually reviewed exact production-render screenshot in owned contact page
client_screenshot	0508_vfx011-entities-config-mip3-normal-back.png	5af665514ef1c55fa832b1d9ca6025cbc8c9ed7c3ebae818408c0c9cc880149d	PASS	Manually reviewed exact production-render screenshot in owned contact page
client_screenshot	0509_vfx011-entities-config-mip3-normal-left.png	1c12920ffa9aa87060d9c8ba715b22563d75dba3fd0613cf9daccb73bbbe2554	PASS	Manually reviewed exact production-render screenshot in owned contact page
client_screenshot	0510_vfx011-entities-config-mip3-normal-right.png	dc81659d0000a414e333dd8692d17d42ea8a07b1f000b81024b151a067f54a14	PASS	Manually reviewed exact production-render screenshot in owned contact page
client_screenshot	0511_vfx011-entities-config-mip3-normal-equipped.png	bfdc3f5232bc3db45f5b61fe90fb8660fba8fa1a36f47970494b1f4c5e6ad9d7	PASS	Manually reviewed exact production-render screenshot in owned contact page
client_screenshot	0512_vfx011-entities-config-mip3-reduced-front.png	9ef1c0d0cd35585cb32b9f06628bcc855a495f252365ca4d14aabe724f207773	PASS	Manually reviewed exact production-render screenshot in owned contact page
client_screenshot	0513_vfx011-entities-config-mip3-reduced-back.png	251ac71581f35985652389d3ff0e099e46fe1e268f3d2247c7e94264bea29705	PASS	Manually reviewed exact production-render screenshot in owned contact page
client_screenshot	0514_vfx011-entities-config-mip3-reduced-left.png	2290531633dfcd795574df036faacef4ee9658950ac96830dd8c3e7fbba219c1	PASS	Manually reviewed exact production-render screenshot in owned contact page
client_screenshot	0515_vfx011-entities-config-mip3-reduced-right.png	7c65bffeb03c374df982ae9b3c32c15abbbca96a3f14f7027c1e75d871e5b31f	PASS	Manually reviewed exact production-render screenshot in owned contact page
client_screenshot	0516_vfx011-entities-config-mip3-reduced-equipped.png	da70998009813d60b0dcb481abc01add792c791f03a2661ad9a2bec0307dd291	PASS	Manually reviewed exact production-render screenshot in owned contact page
client_screenshot	0517_vfx011-entities-config-mip4-normal-front.png	68a572267bf3353bd32b3b3063e88770eb5a22965ec9093f22a7bcf3742c27b1	PASS	Manually reviewed exact production-render screenshot in owned contact page
client_screenshot	0518_vfx011-entities-config-mip4-normal-back.png	8c94bf6fe1066047365916d4e4fb6b3e5f06de5f9c5eaba4604aa9e6965fcf42	PASS	Manually reviewed exact production-render screenshot in owned contact page
client_screenshot	0519_vfx011-entities-config-mip4-normal-left.png	4d0af72809bbf72e7ddc842d4dbc3346f4ed5d1cb0aa7a2abec932151d3f2d21	PASS	Manually reviewed exact production-render screenshot in owned contact page
client_screenshot	0520_vfx011-entities-config-mip4-normal-right.png	bccca77c70b2ff1f6f7eacfd5d1ac9acb8eaf3db3547c18daed59bc85c47ef4e	PASS	Manually reviewed exact production-render screenshot in owned contact page
client_screenshot	0521_vfx011-entities-config-mip4-normal-equipped.png	6a511ced90319998d26b0b1dd180c54df18b09ef8259f68a5463f1532a061473	PASS	Manually reviewed exact production-render screenshot in owned contact page
client_screenshot	0522_vfx011-entities-config-mip4-reduced-front.png	66766aa2ecf8a2176b7b5a80ce816e3dac250f1df0397193cd8092678438cc6b	PASS	Manually reviewed exact production-render screenshot in owned contact page
client_screenshot	0523_vfx011-entities-config-mip4-reduced-back.png	b386b7901ac6529aa77a8eb4771cf0ec5cb4a7d93de8078d72338ec4e80cb3ce	PASS	Manually reviewed exact production-render screenshot in owned contact page
client_screenshot	0524_vfx011-entities-config-mip4-reduced-left.png	00f9ff02feaea5e5b6a954d44ab097d33f1b71c47d46b10255a0cbc255f22142	PASS	Manually reviewed exact production-render screenshot in owned contact page
client_screenshot	0525_vfx011-entities-config-mip4-reduced-right.png	e5a4aa5cdf5f9a0dc9619907e56da38e57fd7be280394f0578cd6a18feed131e	PASS	Manually reviewed exact production-render screenshot in owned contact page
client_screenshot	0526_vfx011-entities-config-mip4-reduced-equipped.png	c3a4d2092d7fa16e3aac72ecf81a488d279b96018431f79fa78f8a73b3f94ef8	PASS	Manually reviewed exact production-render screenshot in owned contact page
client_screenshot	0527_vfx011-screen-teleport-default-scale1-normal-wide.png	02d8ab0ff88d2e717ed3e57f6a97a2bc80664b6ddd867034e8fc79b0a97eb233	PASS	Manually reviewed exact production-render screenshot in owned contact page
client_screenshot	0528_vfx011-screen-teleport-artifact-scale1-normal-wide.png	45497a6d9c8801f1df3a327815bb69d4d8432b2d85fb63385d7508ea4f8b3d67	PASS	Manually reviewed exact production-render screenshot in owned contact page
client_screenshot	0529_vfx011-screen-locator-entity-scale1-normal-wide.png	a367f0640f5dd5cafc5c8a705f007cc4955693da27a37bf5d64254da74520930	PASS	Manually reviewed exact production-render screenshot in owned contact page
client_screenshot	0530_vfx011-screen-locator-world-scale1-normal-wide.png	4dfdafb3d5819b673ce22149db574bda7f3c1509d7708d50b0c1d863be913c74	PASS	Manually reviewed exact production-render screenshot in owned contact page
client_screenshot	0531_vfx011-screen-rank_maze_light-focused-scale1-normal-wide.png	60ff1ddfa8d4cb27d0fe8444260b12188f6dce52de91a70c91a17a9810ac32f2	PASS	Manually reviewed exact production-render screenshot in owned contact page
client_screenshot	0532_vfx011-screen-rank_maze_dark-focused-scale1-normal-wide.png	005be7a20e618fe79abd6dc5bcb6a3774881d907d52a428705bcf457e596dae8	PASS	Manually reviewed exact production-render screenshot in owned contact page
client_screenshot	0533_vfx011-screen-power_selection-selected-scale1-normal-wide.png	4f86c9a3e8e538f409cd3ab3ba9ab99fd9b95b3e1b2da29ecfafc89fb083ca00	PASS	Manually reviewed exact production-render screenshot in owned contact page
client_screenshot	0534_vfx011-screen-artifact_catalogue-selected-scale1-normal-wide.png	b3c49b875506662a7a36bfb75f655969a55541cb69995500134dcb60cfce60b1	REPAIRED	Manually reviewed corrected production-render replacement; superseded frame excluded
client_screenshot	0535_vfx011-screen-artifact_catalogue-empty-scale1-normal-wide.png	5113d203e26fb7881d5ca91688bebe08309743d2d3c4d4eb2f37edf85a6a11d5	REPAIRED	Manually reviewed corrected production-render replacement; superseded frame excluded
client_screenshot	0536_vfx011-screen-shadow_sword-selected-scale1-normal-wide.png	f85b96880346a2480c00d984dc40458b3ae89760c3633b14ecf91152a5e54213	PASS	Manually reviewed exact production-render screenshot in owned contact page
client_screenshot	0537_vfx011-screen-grimoire_index-preview-scale1-normal-wide.png	deb8d86af148112a13fb44bc24ddd571d2f99bbf6712bd124e19d549f4b5e4ea	PASS	Manually reviewed exact production-render screenshot in owned contact page
client_screenshot	0538_vfx011-screen-grimoire_index-empty-scale1-normal-wide.png	b2e08899accc6c3e1ceb1c434418331062d7eb278a62919bddddaad74641f987	PASS	Manually reviewed exact production-render screenshot in owned contact page
client_screenshot	0539_vfx011-screen-rainbow_convergence-sevenfold-scale1-normal-wide.png	2ca977d40833091359d01ee3be35bfca29ba3ab4f9d40ab67494bf5f4c8e187f	PASS	Manually reviewed exact production-render screenshot in owned contact page
client_screenshot	0540_vfx011-screen-reservoir_transfer-partial-scale1-normal-wide.png	3c027128a502be0ba524b01f850610331d4744893cd44bbd1db839bc976ce8aa	PASS	Manually reviewed exact production-render screenshot in owned contact page
client_screenshot	0541_vfx011-screen-arcane_crucible-empty-scale1-normal-wide.png	682cd56be4c4aabe8d384a6aebcaa201cffafb298a1e5f67f1c238be20bcb6d8	PASS	Manually reviewed exact production-render screenshot in owned contact page
client_screenshot	0542_vfx011-screen-arcane_crucible-populated_darkness-scale1-normal-wide.png	d0dc266a2cdcccb20cb0805134cdae4f48be14dbe33a3a57d98ca67b8fdaee84	PASS	Manually reviewed exact production-render screenshot in owned contact page
client_screenshot	0543_vfx011-screen-advancement_roots-skill-scale1-normal-wide.png	b954ddcc62aee6cc127a90e82e0cc29d313ddfc855353c18856ae059eec564ec	PASS	Manually reviewed exact production-render screenshot in owned contact page
client_screenshot	0544_vfx011-screen-teleport-default-scale1-normal-narrow.png	f0443d7fdc4f4edd05f80b240a99139bde3c3c6295889de5fa5b2ff941df558f	PASS	Manually reviewed exact production-render screenshot in owned contact page
client_screenshot	0545_vfx011-screen-teleport-artifact-scale1-normal-narrow.png	f3f7ea5a04aad52744e79c61b419e80575587f44c41c4e6e89862fec973bbe10	PASS	Manually reviewed exact production-render screenshot in owned contact page
client_screenshot	0546_vfx011-screen-locator-entity-scale1-normal-narrow.png	7d218ac67e7a1daebe6e7fe4c1533eb081fb7dca1d09e5281ce16f8c308b5c57	PASS	Manually reviewed exact production-render screenshot in owned contact page
client_screenshot	0547_vfx011-screen-locator-world-scale1-normal-narrow.png	fafbb27396d868bb56fc1aac3d51d6f075c0b3574283cc271c59bc8ce4d8fe24	PASS	Manually reviewed exact production-render screenshot in owned contact page
client_screenshot	0548_vfx011-screen-rank_maze_light-focused-scale1-normal-narrow.png	0352b3c1be2d612da4dd88d6ea9817142959cfce0a814942a6f777f6843cc9a9	PASS	Manually reviewed exact production-render screenshot in owned contact page
client_screenshot	0549_vfx011-screen-rank_maze_dark-focused-scale1-normal-narrow.png	411cede4ca013957f41ced6dbfdaee7866a0e1e232c017f4c413af29c794f04d	PASS	Manually reviewed exact production-render screenshot in owned contact page
client_screenshot	0550_vfx011-screen-power_selection-selected-scale1-normal-narrow.png	2c15fe05a94fe77dc93c991b4f990e3abdcfed2ca603af005ebeea12d01c8c42	PASS	Manually reviewed exact production-render screenshot in owned contact page
client_screenshot	0551_vfx011-screen-artifact_catalogue-selected-scale1-normal-narrow.png	6d67316d1bc2aa22cb6abe9e093708dc11b6690f539b444876037eca26f6c7ba	REPAIRED	Manually reviewed corrected production-render replacement; superseded frame excluded
client_screenshot	0552_vfx011-screen-artifact_catalogue-empty-scale1-normal-narrow.png	6617e64df0ba9115d968f5e0c0d164583eda5f9d7b736ad47ff05ff8ab57ce9c	REPAIRED	Manually reviewed corrected production-render replacement; superseded frame excluded
client_screenshot	0553_vfx011-screen-shadow_sword-selected-scale1-normal-narrow.png	8932ea9190715e86d8dc539171e2c20d0473f3e2ee8fb516ac44fec1500b05ad	PASS	Manually reviewed exact production-render screenshot in owned contact page
client_screenshot	0554_vfx011-screen-grimoire_index-preview-scale1-normal-narrow.png	7c6424a379dfc5e9b25f55930ec9582259858acbcc9fce18f4dc106ebc9d8742	PASS	Manually reviewed exact production-render screenshot in owned contact page
client_screenshot	0555_vfx011-screen-grimoire_index-empty-scale1-normal-narrow.png	93168e9d7b71b53c49cab3d87550a3bd6bdf518cdbf71f947a5a7941ed9328ec	PASS	Manually reviewed exact production-render screenshot in owned contact page
client_screenshot	0556_vfx011-screen-rainbow_convergence-sevenfold-scale1-normal-narrow.png	8885c827f182cf80bd364d315ac5cf0415bb09a1d804fd898d0145282455f614	PASS	Manually reviewed exact production-render screenshot in owned contact page
client_screenshot	0557_vfx011-screen-reservoir_transfer-partial-scale1-normal-narrow.png	87e4704cb11c03dc17e74ae5d1809d65fbb8922971c400d162ac6f396bf6144e	PASS	Manually reviewed exact production-render screenshot in owned contact page
client_screenshot	0558_vfx011-screen-arcane_crucible-empty-scale1-normal-narrow.png	b404a1f72c19a704f1d1a1debc029ff4029e33c14c8b272a90b615ab7fbfc3f5	PASS	Manually reviewed exact production-render screenshot in owned contact page
client_screenshot	0559_vfx011-screen-arcane_crucible-populated_darkness-scale1-normal-narrow.png	5937544a54dcee43cdf9095850e1e7963cf6acc6e1b84f52f9bdaa5d552e7b7e	PASS	Manually reviewed exact production-render screenshot in owned contact page
client_screenshot	0560_vfx011-screen-advancement_roots-skill-scale1-normal-narrow.png	e3fba6263982c409063e962455dc50d7ba4c156217c2be07f43ac224d162e79d	PASS	Manually reviewed exact production-render screenshot in owned contact page
client_screenshot	0561_vfx011-screen-teleport-default-scale1-reduced-wide.png	263bb571f9f76f735e37e950fb3b565737d680d1e51a6a8240b84a49396980ad	PASS	Manually reviewed exact production-render screenshot in owned contact page
client_screenshot	0562_vfx011-screen-teleport-artifact-scale1-reduced-wide.png	e48f4980c7bea2bee75421b2f350fc550114b6a13438f5cc69e4116420f98f50	PASS	Manually reviewed exact production-render screenshot in owned contact page
client_screenshot	0563_vfx011-screen-locator-entity-scale1-reduced-wide.png	192a6b8288ade6247962ea307c0acd71ce869a5f61f842f4ee127a765a8a0c22	PASS	Manually reviewed exact production-render screenshot in owned contact page
client_screenshot	0564_vfx011-screen-locator-world-scale1-reduced-wide.png	37d1ca48ff154dc569fedaf2da40019956523d3b28413da7ce13fbb37d50cc39	PASS	Manually reviewed exact production-render screenshot in owned contact page
client_screenshot	0565_vfx011-screen-rank_maze_light-focused-scale1-reduced-wide.png	b17f6e557078cf3bbcec07c34c6ea8e0ce1937e802b563aeddc44d08088764bc	PASS	Manually reviewed exact production-render screenshot in owned contact page
client_screenshot	0566_vfx011-screen-rank_maze_dark-focused-scale1-reduced-wide.png	a1ad6201e0e68d8c638ad42a033eaafd0e7236604a5754268853bfed74536db8	PASS	Manually reviewed exact production-render screenshot in owned contact page
client_screenshot	0567_vfx011-screen-power_selection-selected-scale1-reduced-wide.png	d415558c2ea39dfed5ecc58a1a27b07b0240ba6da8ea9d4587198400ed512104	PASS	Manually reviewed exact production-render screenshot in owned contact page
client_screenshot	0568_vfx011-screen-artifact_catalogue-selected-scale1-reduced-wide.png	eb84bac94b3916adbd8d9370dc3ef7313add108535abb4996c60b3e7c3da9993	REPAIRED	Manually reviewed corrected production-render replacement; superseded frame excluded
client_screenshot	0569_vfx011-screen-artifact_catalogue-empty-scale1-reduced-wide.png	891459dc28a9f01cdd96da88a9aea845b3b0e6827fe5c6ded9f6511c821dd6e8	REPAIRED	Manually reviewed corrected production-render replacement; superseded frame excluded
client_screenshot	0570_vfx011-screen-shadow_sword-selected-scale1-reduced-wide.png	f7db2f2886cc63e0dfcfd1431af0bcad3f12a507cebd1af1199d7766250cb531	PASS	Manually reviewed exact production-render screenshot in owned contact page
client_screenshot	0571_vfx011-screen-grimoire_index-preview-scale1-reduced-wide.png	0c5f6b0e4d3ff22d8102a612d9f080237de713a64b09391c644f19b2823b33fa	PASS	Manually reviewed exact production-render screenshot in owned contact page
client_screenshot	0572_vfx011-screen-grimoire_index-empty-scale1-reduced-wide.png	259ae8fd2e5ce572bfeebefc507912704cc27da3db3165dd447b2097d5fc82cd	PASS	Manually reviewed exact production-render screenshot in owned contact page
client_screenshot	0573_vfx011-screen-rainbow_convergence-sevenfold-scale1-reduced-wide.png	d15a6ef4b686abab887ba9eaa2a7849e070f2e1a0df6b4368e6df0dfc702054a	PASS	Manually reviewed exact production-render screenshot in owned contact page
client_screenshot	0574_vfx011-screen-reservoir_transfer-partial-scale1-reduced-wide.png	2a9dbecf094d60ddcd8afdc51992e10150a5eeca4e1a62d46a7d4e66ae33222b	PASS	Manually reviewed exact production-render screenshot in owned contact page
client_screenshot	0575_vfx011-screen-arcane_crucible-empty-scale1-reduced-wide.png	618626a286e8f5c372cd222baf4ce19f8d277b036ea21790ad0b24132a29281e	PASS	Manually reviewed exact production-render screenshot in owned contact page
client_screenshot	0576_vfx011-screen-arcane_crucible-populated_darkness-scale1-reduced-wide.png	41423a3d594b0b6c13272a173f33972fdfe0cf578edf80fd4b0f15b00d0d36e1	PASS	Manually reviewed exact production-render screenshot in owned contact page
client_screenshot	0577_vfx011-screen-advancement_roots-skill-scale1-reduced-wide.png	bd3efa79ca775041f7972e0ff0a5e45c788397283f6860a4c8c479f44864caa9	PASS	Manually reviewed exact production-render screenshot in owned contact page
client_screenshot	0578_vfx011-screen-teleport-default-scale1-reduced-narrow.png	f4f49f4aeb95f397ea9118c21c3cd47a7921bfe33e79b230ee30d1c094ef2d07	PASS	Manually reviewed exact production-render screenshot in owned contact page
client_screenshot	0579_vfx011-screen-teleport-artifact-scale1-reduced-narrow.png	dc0303587191147f1fd496f6580851ec55707e0b7b980e2a36a5254ce49994aa	PASS	Manually reviewed exact production-render screenshot in owned contact page
client_screenshot	0580_vfx011-screen-locator-entity-scale1-reduced-narrow.png	ab1ae94ec076bec7f60a5ced08914ce96d9887bbf7f37607ed85be0bed22820b	PASS	Manually reviewed exact production-render screenshot in owned contact page
client_screenshot	0581_vfx011-screen-locator-world-scale1-reduced-narrow.png	5c874470a0cde967ae3202f55b290a6ae0c3fcc401efed57c58f6acbb888af51	PASS	Manually reviewed exact production-render screenshot in owned contact page
client_screenshot	0582_vfx011-screen-rank_maze_light-focused-scale1-reduced-narrow.png	17df5a0b5bbb6607458198dc039e874f04d18e6378ba18f06d7ece4f49382f5a	PASS	Manually reviewed exact production-render screenshot in owned contact page
client_screenshot	0583_vfx011-screen-rank_maze_dark-focused-scale1-reduced-narrow.png	3872be62d9fce78644b5f893e0ccedd03c67f79c1c8d36bd9cabdea15985ef4e	PASS	Manually reviewed exact production-render screenshot in owned contact page
client_screenshot	0584_vfx011-screen-power_selection-selected-scale1-reduced-narrow.png	b82e363e1211fdd26535e0d1e78d1ee0c844dcbc69f9adf361a384281420e2f1	PASS	Manually reviewed exact production-render screenshot in owned contact page
client_screenshot	0585_vfx011-screen-artifact_catalogue-selected-scale1-reduced-narrow.png	2eab1dd76f1eb905096fd8a8dd4e3e84cc5ee7b360e1d3197abc17f682974924	REPAIRED	Manually reviewed corrected production-render replacement; superseded frame excluded
client_screenshot	0586_vfx011-screen-artifact_catalogue-empty-scale1-reduced-narrow.png	f4e3a8d8c165f64084458f7323b9d4ec92e49a1eac19001f0c1826a05c56e475	REPAIRED	Manually reviewed corrected production-render replacement; superseded frame excluded
client_screenshot	0587_vfx011-screen-shadow_sword-selected-scale1-reduced-narrow.png	41762c03cb810bd3b3e99c557937f34a75e158b3fcbf7b03e01c48e7017eb0d9	PASS	Manually reviewed exact production-render screenshot in owned contact page
client_screenshot	0588_vfx011-screen-grimoire_index-preview-scale1-reduced-narrow.png	39f45735d3df2eea2ef699e5f9c71a9d260b62dc798572c8a9db05d95d02d065	PASS	Manually reviewed exact production-render screenshot in owned contact page
client_screenshot	0589_vfx011-screen-grimoire_index-empty-scale1-reduced-narrow.png	bad0a3efef87b8a947741f54177d9401c3fc8608217895f78f4eab4d2c1bedfd	PASS	Manually reviewed exact production-render screenshot in owned contact page
client_screenshot	0590_vfx011-screen-rainbow_convergence-sevenfold-scale1-reduced-narrow.png	1da68f59cf445c3edbde1241a8f1a4eca28946eb0195b4d110f736b63fc88775	PASS	Manually reviewed exact production-render screenshot in owned contact page
client_screenshot	0591_vfx011-screen-reservoir_transfer-partial-scale1-reduced-narrow.png	0911941f11bb636b6f1efd3969158757a95d3785151d4687e4e1752abc0cc1ee	PASS	Manually reviewed exact production-render screenshot in owned contact page
client_screenshot	0592_vfx011-screen-arcane_crucible-empty-scale1-reduced-narrow.png	c831fec299dc732d6351dc3731a63844fa39892cb904124dbfc0eda2c9c74e5d	PASS	Manually reviewed exact production-render screenshot in owned contact page
client_screenshot	0593_vfx011-screen-arcane_crucible-populated_darkness-scale1-reduced-narrow.png	f1fca14be5c4ad798268f2d3df2ad7fac03a64572eee8d912d9c00041ce6bf76	PASS	Manually reviewed exact production-render screenshot in owned contact page
client_screenshot	0594_vfx011-screen-advancement_roots-skill-scale1-reduced-narrow.png	51834b5a09b3ad2424a9be5aed05e9998b7520d9cd99fdbf266e0f03a4c076ab	PASS	Manually reviewed exact production-render screenshot in owned contact page
client_screenshot	0595_vfx011-screen-teleport-default-scale2-normal-wide.png	5fb736a307aabc6af2750bb714113325584c041753dc465b25d65df0d25d5f2a	PASS	Manually reviewed exact production-render screenshot in owned contact page
client_screenshot	0596_vfx011-screen-teleport-artifact-scale2-normal-wide.png	05bacd0186cfbea185f19ba12ace2a9b359013309533f336f911f5f391a11654	PASS	Manually reviewed exact production-render screenshot in owned contact page
client_screenshot	0597_vfx011-screen-locator-entity-scale2-normal-wide.png	c1bed8bd19ac8e896259b3d7ae1ddfe63183626d088977ce1d388f68f3e36c79	PASS	Manually reviewed exact production-render screenshot in owned contact page
client_screenshot	0598_vfx011-screen-locator-world-scale2-normal-wide.png	74aa50d333688058be120a8e287d99b801081b409dd589ed3f02f23614e42d65	PASS	Manually reviewed exact production-render screenshot in owned contact page
client_screenshot	0599_vfx011-screen-rank_maze_light-focused-scale2-normal-wide.png	df4c4e324712b6c7aacaf7e13850da5dbd781ba8ab0a541464964d84f03df75e	PASS	Manually reviewed exact production-render screenshot in owned contact page
client_screenshot	0600_vfx011-screen-rank_maze_dark-focused-scale2-normal-wide.png	99a0e4c71d5013f4ab9bf397c9f3f85baa9f1b5aa32cd2be2576c39302775d46	PASS	Manually reviewed exact production-render screenshot in owned contact page
client_screenshot	0601_vfx011-screen-power_selection-selected-scale2-normal-wide.png	5708421f8dcb35c40e60d91857b7c86a459041701df9d1728f2c798745dcf167	PASS	Manually reviewed exact production-render screenshot in owned contact page
client_screenshot	0602_vfx011-screen-artifact_catalogue-selected-scale2-normal-wide.png	10860dc6d9dae208085bfbdb93b1e75eb186dfe7faa76fafc4dec9e29f12ee5a	REPAIRED	Manually reviewed corrected production-render replacement; superseded frame excluded
client_screenshot	0603_vfx011-screen-artifact_catalogue-empty-scale2-normal-wide.png	12f533f3416abf0c4882d0ac5e6a211d95a8ae9de1c696494dd37c9708fe8243	REPAIRED	Manually reviewed corrected production-render replacement; superseded frame excluded
client_screenshot	0604_vfx011-screen-shadow_sword-selected-scale2-normal-wide.png	1c5af850f39bbfe015ea2b49f57872b6a060b1df299330c7bc121206b4399f89	PASS	Manually reviewed exact production-render screenshot in owned contact page
client_screenshot	0605_vfx011-screen-grimoire_index-preview-scale2-normal-wide.png	3993866d3c92dd0831498527e7f4ab577423a72c246d2d53301c9cc6e014f26e	PASS	Manually reviewed exact production-render screenshot in owned contact page
client_screenshot	0606_vfx011-screen-grimoire_index-empty-scale2-normal-wide.png	3ded55e32f27f8f7efcde35a26db6e5f346028d16e6958cb5120c1394174bc2b	PASS	Manually reviewed exact production-render screenshot in owned contact page
client_screenshot	0607_vfx011-screen-rainbow_convergence-sevenfold-scale2-normal-wide.png	4bedb5b3d36083cd9ba0907d937e67f751b6b2973794232a7bfbb6580977bc17	PASS	Manually reviewed exact production-render screenshot in owned contact page
client_screenshot	0608_vfx011-screen-reservoir_transfer-partial-scale2-normal-wide.png	2e160424b6168e295dc20f93a522406cbb2a73eda87f895d843141a0cf97c550	PASS	Manually reviewed exact production-render screenshot in owned contact page
client_screenshot	0609_vfx011-screen-arcane_crucible-empty-scale2-normal-wide.png	3df56d020c927396c74f38359bdf5f3a08b24825491d25ff0c355c9dcdb972f3	PASS	Manually reviewed exact production-render screenshot in owned contact page
client_screenshot	0610_vfx011-screen-arcane_crucible-populated_darkness-scale2-normal-wide.png	e79791034ab4973588170f19cc3e124b5d513fc7c67edaea0eedef1ac402739e	PASS	Manually reviewed exact production-render screenshot in owned contact page
client_screenshot	0611_vfx011-screen-advancement_roots-skill-scale2-normal-wide.png	89841420d411ce0770d8649c8e12f8d4660a738622ab154acb798007a9d351bc	PASS	Manually reviewed exact production-render screenshot in owned contact page
client_screenshot	0612_vfx011-screen-teleport-default-scale2-normal-narrow.png	1937ce9544e1e1741bdde3046588aad3ce89a9872e2845fcecf5b37e0b63c105	PASS	Manually reviewed exact production-render screenshot in owned contact page
client_screenshot	0613_vfx011-screen-teleport-artifact-scale2-normal-narrow.png	62864b435337dbbc5dea6983f090cbb45b786aa3f61a67e61f6556ea6b18d32b	PASS	Manually reviewed exact production-render screenshot in owned contact page
client_screenshot	0614_vfx011-screen-locator-entity-scale2-normal-narrow.png	10025fa2a82050c5214dd4ee6b2a7ca3bb1d4a3be1c3088d18821c09e1c64a87	PASS	Manually reviewed exact production-render screenshot in owned contact page
client_screenshot	0615_vfx011-screen-locator-world-scale2-normal-narrow.png	2d879787dbcf0c2f9699ea03f6b81e8a8f10cdb78c133ad2d6e9ec10cac86709	PASS	Manually reviewed exact production-render screenshot in owned contact page
client_screenshot	0616_vfx011-screen-rank_maze_light-focused-scale2-normal-narrow.png	aa9d51f33b83e52509de3d0bde9201b3425d15410912d51544220869592e5522	PASS	Manually reviewed exact production-render screenshot in owned contact page
client_screenshot	0617_vfx011-screen-rank_maze_dark-focused-scale2-normal-narrow.png	91e70aaf40ecca5e6649cb3abbe9acbb2e592c5640f2e2bb0bb9a38188124854	PASS	Manually reviewed exact production-render screenshot in owned contact page
client_screenshot	0618_vfx011-screen-power_selection-selected-scale2-normal-narrow.png	934e1b4395896522a3e88c044187cebae72846fd7628d1cd51c40206a000263c	PASS	Manually reviewed exact production-render screenshot in owned contact page
client_screenshot	0619_vfx011-screen-artifact_catalogue-selected-scale2-normal-narrow.png	94798dd308c128edeb83e6a300451cad259d837db22e6581ea5cce8f0c288773	REPAIRED	Manually reviewed corrected production-render replacement; superseded frame excluded
client_screenshot	0620_vfx011-screen-artifact_catalogue-empty-scale2-normal-narrow.png	4a2b70669aee0a34babd6767b61b9cd723117e63716870e304cfabd8c465b62d	REPAIRED	Manually reviewed corrected production-render replacement; superseded frame excluded
client_screenshot	0621_vfx011-screen-shadow_sword-selected-scale2-normal-narrow.png	a198f4e74fff0ced3bd280cb52f3dc6127542319e5d7fdb74dab7b41932c88c4	PASS	Manually reviewed exact production-render screenshot in owned contact page
client_screenshot	0622_vfx011-screen-grimoire_index-preview-scale2-normal-narrow.png	98fd749cfce1cf27b03c5099df9de72fce04f3e274da5660d0c5264a4ab23d50	PASS	Manually reviewed exact production-render screenshot in owned contact page
client_screenshot	0623_vfx011-screen-grimoire_index-empty-scale2-normal-narrow.png	c45c0435607b7be0f6e9fa91eb608974c3cf8fad2e7d1a9615a0987a38a96152	PASS	Manually reviewed exact production-render screenshot in owned contact page
client_screenshot	0624_vfx011-screen-rainbow_convergence-sevenfold-scale2-normal-narrow.png	dc1fa55ab1dd8a893800e3d1a794f379af2844d228852ed4d30ec2381063e53c	PASS	Manually reviewed exact production-render screenshot in owned contact page
client_screenshot	0625_vfx011-screen-reservoir_transfer-partial-scale2-normal-narrow.png	2ad8f93fd71e4d71269afa2aadc54bf7181f4f8231c163189527568ffc5033fc	PASS	Manually reviewed exact production-render screenshot in owned contact page
client_screenshot	0626_vfx011-screen-arcane_crucible-empty-scale2-normal-narrow.png	e93600b9d97ae1d47e152a3ca707486f4d4c1d20a0142e84bfa070dd7b3ccc1e	PASS	Manually reviewed exact production-render screenshot in owned contact page
client_screenshot	0627_vfx011-screen-arcane_crucible-populated_darkness-scale2-normal-narrow.png	936baacb8f92befda5fb850ef9d05b7fe657b85fbd1417dfec005dca49b34bb1	PASS	Manually reviewed exact production-render screenshot in owned contact page
client_screenshot	0628_vfx011-screen-advancement_roots-skill-scale2-normal-narrow.png	3ec0e8841fea4bd12a3f609210592f630bd6416ee37adfc575cb8d86a5e59d79	PASS	Manually reviewed exact production-render screenshot in owned contact page
client_screenshot	0629_vfx011-screen-teleport-default-scale2-reduced-wide.png	4a0920d4d9357906812b3a071419e45cccfbbdccbbd3fcf6f8ba6baaafe9c715	PASS	Manually reviewed exact production-render screenshot in owned contact page
client_screenshot	0630_vfx011-screen-teleport-artifact-scale2-reduced-wide.png	dc64b29d889e5d49c9fc0a1911085625180b31149a78e853cc290173dd27b013	PASS	Manually reviewed exact production-render screenshot in owned contact page
client_screenshot	0631_vfx011-screen-locator-entity-scale2-reduced-wide.png	408b64554aa189de1025f43b4de68cfdf366b8d5e255e1172f0c29384d5e47d3	PASS	Manually reviewed exact production-render screenshot in owned contact page
client_screenshot	0632_vfx011-screen-locator-world-scale2-reduced-wide.png	8cc6f8da9c3f4f9a853a2981eaed2d71bd855160caf473742ae1a5a1406fe053	PASS	Manually reviewed exact production-render screenshot in owned contact page
client_screenshot	0633_vfx011-screen-rank_maze_light-focused-scale2-reduced-wide.png	a47b15fc1775ff34a5fc0b0733f19cf4a9ba126cede9571bbe64dddf7aeeb73c	PASS	Manually reviewed exact production-render screenshot in owned contact page
client_screenshot	0634_vfx011-screen-rank_maze_dark-focused-scale2-reduced-wide.png	a2431a2453c6abd4edabe9151536dbbe9682b80b1edfc06b70be446d7cfe6912	PASS	Manually reviewed exact production-render screenshot in owned contact page
client_screenshot	0635_vfx011-screen-power_selection-selected-scale2-reduced-wide.png	628eb98c9b7b568bbe8f5cfe004f3a64ef8e786b2beead4bb3563c20cec61b41	PASS	Manually reviewed exact production-render screenshot in owned contact page
client_screenshot	0636_vfx011-screen-artifact_catalogue-selected-scale2-reduced-wide.png	4f85e5b25793a33a916cf4d3eaafa90f96ba114001cf411b2397c4cb905d5cfe	REPAIRED	Manually reviewed corrected production-render replacement; superseded frame excluded
client_screenshot	0637_vfx011-screen-artifact_catalogue-empty-scale2-reduced-wide.png	dd5672afa8e495101745eaa081049a1278682dd28baedfc3aca8bbceb5a60d68	REPAIRED	Manually reviewed corrected production-render replacement; superseded frame excluded
client_screenshot	0638_vfx011-screen-shadow_sword-selected-scale2-reduced-wide.png	326982b51af585f741e6c3d25df754bc8ec3ef27a429fb1a406e3a7afd1932ba	PASS	Manually reviewed exact production-render screenshot in owned contact page
client_screenshot	0639_vfx011-screen-grimoire_index-preview-scale2-reduced-wide.png	3f3873dfecbf189f90c8d0b2dadca5ccf2cc076622d6b25c2df50e5c75ed3513	PASS	Manually reviewed exact production-render screenshot in owned contact page
client_screenshot	0640_vfx011-screen-grimoire_index-empty-scale2-reduced-wide.png	9405e8ae357dfd101db69b1a1501eeb77b5218bf075eb202651201a7e697b91b	PASS	Manually reviewed exact production-render screenshot in owned contact page
client_screenshot	0641_vfx011-screen-rainbow_convergence-sevenfold-scale2-reduced-wide.png	f5d473d1f0d4079da99ebf46d993f4d05e9ce0a42875651df70d10fe70328c47	PASS	Manually reviewed exact production-render screenshot in owned contact page
client_screenshot	0642_vfx011-screen-reservoir_transfer-partial-scale2-reduced-wide.png	368bf5a146a812ce649ac1e9b304a101044a2b9113fd9cc2d5113332fdabd3f0	PASS	Manually reviewed exact production-render screenshot in owned contact page
client_screenshot	0643_vfx011-screen-arcane_crucible-empty-scale2-reduced-wide.png	b16d9ec3741bc040c49b8e43e8664023f0fe1a4b1a67f3da0d10f30b126b0ac6	PASS	Manually reviewed exact production-render screenshot in owned contact page
client_screenshot	0644_vfx011-screen-arcane_crucible-populated_darkness-scale2-reduced-wide.png	271df9bdbdf0ac743493da6856a2908aa7ae84da0019012ed7d41531d952fa1f	PASS	Manually reviewed exact production-render screenshot in owned contact page
client_screenshot	0645_vfx011-screen-advancement_roots-skill-scale2-reduced-wide.png	e0cdd5336cf645245b66c083876031b55ccd270701c28f2517d36e5e734a2351	PASS	Manually reviewed exact production-render screenshot in owned contact page
client_screenshot	0646_vfx011-screen-teleport-default-scale2-reduced-narrow.png	6112461910d4ccba2ca969f1306fd9844f8b37dbcabd5882afeed39e1dc7e048	PASS	Manually reviewed exact production-render screenshot in owned contact page
client_screenshot	0647_vfx011-screen-teleport-artifact-scale2-reduced-narrow.png	940b11a05d630ffb02edd7925d96ab5f9a9d2e91d32312b54607292f91f6b35d	PASS	Manually reviewed exact production-render screenshot in owned contact page
client_screenshot	0648_vfx011-screen-locator-entity-scale2-reduced-narrow.png	a76b2268b975540167557a778f8d1e7b2d975758fa3a777a3ffc18faa380ab63	PASS	Manually reviewed exact production-render screenshot in owned contact page
client_screenshot	0649_vfx011-screen-locator-world-scale2-reduced-narrow.png	5272ec7f84513dd357ca3d975ec6692a32e8dbd3003d62292c84475cb4f80dea	PASS	Manually reviewed exact production-render screenshot in owned contact page
client_screenshot	0650_vfx011-screen-rank_maze_light-focused-scale2-reduced-narrow.png	4f90f3cc9f0d1984c3b6471ee7f9dab9d987f12208ddfef88b2a53509d723fb9	PASS	Manually reviewed exact production-render screenshot in owned contact page
client_screenshot	0651_vfx011-screen-rank_maze_dark-focused-scale2-reduced-narrow.png	aa6f2b7bd85d2d1869f05336a29091768b6de9ed1358eb4c54265cf20f920459	PASS	Manually reviewed exact production-render screenshot in owned contact page
client_screenshot	0652_vfx011-screen-power_selection-selected-scale2-reduced-narrow.png	357fbfdbd2e5d56dd7cfd41a8c760e276ef3f263dd1dbddbc5c0132e246a37aa	PASS	Manually reviewed exact production-render screenshot in owned contact page
client_screenshot	0653_vfx011-screen-artifact_catalogue-selected-scale2-reduced-narrow.png	0bcc985037bfb568c82347875929a111e755aeb99e5b3b76e715514177959f61	REPAIRED	Manually reviewed corrected production-render replacement; superseded frame excluded
client_screenshot	0654_vfx011-screen-artifact_catalogue-empty-scale2-reduced-narrow.png	360a0288b3a8f82e9e402f418cbda901dc2bbb60a633772d9aae637cb4447977	REPAIRED	Manually reviewed corrected production-render replacement; superseded frame excluded
client_screenshot	0655_vfx011-screen-shadow_sword-selected-scale2-reduced-narrow.png	113e26436a0c34893d284568282ee7df80be8e7366de43755baa080c410b9508	PASS	Manually reviewed exact production-render screenshot in owned contact page
client_screenshot	0656_vfx011-screen-grimoire_index-preview-scale2-reduced-narrow.png	6cab9bb9ac637b02a1a9d7b8e84731ff01218c0e39ea81bd9a193f5f50915373	PASS	Manually reviewed exact production-render screenshot in owned contact page
client_screenshot	0657_vfx011-screen-grimoire_index-empty-scale2-reduced-narrow.png	9c7ba810a325d0947edd3fa49a1c14af1c6b8a7af0e6fc35073068d0a4e293db	PASS	Manually reviewed exact production-render screenshot in owned contact page
client_screenshot	0658_vfx011-screen-rainbow_convergence-sevenfold-scale2-reduced-narrow.png	bc393341abc70294f84b6b26ecd9426649a9aaab7dc79146993f88aa09a7cffd	PASS	Manually reviewed exact production-render screenshot in owned contact page
client_screenshot	0659_vfx011-screen-reservoir_transfer-partial-scale2-reduced-narrow.png	90075cbc2eccec8922d0f2707a73c7b3a82e66e74e90bb88c6c8164ed31dec83	PASS	Manually reviewed exact production-render screenshot in owned contact page
client_screenshot	0660_vfx011-screen-arcane_crucible-empty-scale2-reduced-narrow.png	460c5932bc414bef75d088b7e1b6550cabbf3f7781dd6ad6cb9776c84cb58b00	PASS	Manually reviewed exact production-render screenshot in owned contact page
client_screenshot	0661_vfx011-screen-arcane_crucible-populated_darkness-scale2-reduced-narrow.png	9c396aef2f81ed3d3d5ab57bc5eae2859a591ee1144e46dfeea5037145149fef	PASS	Manually reviewed exact production-render screenshot in owned contact page
client_screenshot	0662_vfx011-screen-advancement_roots-skill-scale2-reduced-narrow.png	b361b69c61442157fa193221c357f076ddc4c42f4e5629e9b781129ca7888db9	PASS	Manually reviewed exact production-render screenshot in owned contact page
client_screenshot	0663_vfx011-screen-teleport-default-scale3-normal-wide.png	2d9cc44a34b9fa26468050f355426c14af0a9ecf7f0b29694c21bcce74f2a5e8	PASS	Manually reviewed exact production-render screenshot in owned contact page
client_screenshot	0664_vfx011-screen-teleport-artifact-scale3-normal-wide.png	1abfbba9a85b8622fcda76be4a057d1b160906bfcdcf9c4d644dd6c5db9dddf1	PASS	Manually reviewed exact production-render screenshot in owned contact page
client_screenshot	0665_vfx011-screen-locator-entity-scale3-normal-wide.png	91173eede4bb8f0dec848d8eb4267a85dcd53e6589b1643e4815e452af0891bf	PASS	Manually reviewed exact production-render screenshot in owned contact page
client_screenshot	0666_vfx011-screen-locator-world-scale3-normal-wide.png	f1310b84dcfe7a23e87a607db3a5b073467019e5360d6dc42f5261c17de48366	PASS	Manually reviewed exact production-render screenshot in owned contact page
client_screenshot	0667_vfx011-screen-rank_maze_light-focused-scale3-normal-wide.png	1c09e4be44c77d964b33314f2586b7d9c4b45a37eceeb1ca83dca97d2bb37896	PASS	Manually reviewed exact production-render screenshot in owned contact page
client_screenshot	0668_vfx011-screen-rank_maze_dark-focused-scale3-normal-wide.png	460fec199293d94574328b135792a890ad889bd3d1338a5bbc58a8fe89f61652	PASS	Manually reviewed exact production-render screenshot in owned contact page
client_screenshot	0669_vfx011-screen-power_selection-selected-scale3-normal-wide.png	e5e8927a6dd84f049c43f21f7980a304918be3f0daa1b66ce4ff0e5d91ca874f	PASS	Manually reviewed exact production-render screenshot in owned contact page
client_screenshot	0670_vfx011-screen-artifact_catalogue-selected-scale3-normal-wide.png	db27683c1eb174fcc806f98685051031fd825ca2c104db9055ff79ebe89beba1	REPAIRED	Manually reviewed corrected production-render replacement; superseded frame excluded
client_screenshot	0671_vfx011-screen-artifact_catalogue-empty-scale3-normal-wide.png	b0d021a463b2a6f15cdfdb22f3c088d6cc2bc3e717d211dff47a5ecec4238de6	REPAIRED	Manually reviewed corrected production-render replacement; superseded frame excluded
client_screenshot	0672_vfx011-screen-shadow_sword-selected-scale3-normal-wide.png	9cb6336bb3d5807f0d50e162d8e206b8e9e47fc240d0d20826c244a752fea206	PASS	Manually reviewed exact production-render screenshot in owned contact page
client_screenshot	0673_vfx011-screen-grimoire_index-preview-scale3-normal-wide.png	561b7ae32c6caab26cdd0ee6bdd26a4a75190caf8ef48b463a533ed8a8318ad8	PASS	Manually reviewed exact production-render screenshot in owned contact page
client_screenshot	0674_vfx011-screen-grimoire_index-empty-scale3-normal-wide.png	b7aa6a2d6aff15e1e51a780d8e66990acbe5959b6c010a3cc8f83a784783b461	PASS	Manually reviewed exact production-render screenshot in owned contact page
client_screenshot	0675_vfx011-screen-rainbow_convergence-sevenfold-scale3-normal-wide.png	6324c6dfd20df6193cacf49aaed49221df2d2f203742bede1fd19bef84721d6b	PASS	Manually reviewed exact production-render screenshot in owned contact page
client_screenshot	0676_vfx011-screen-reservoir_transfer-partial-scale3-normal-wide.png	2c5c80b3dfa9a24334bd535a2409f6827ea3927aaa94ecb5da6e0919426c5e82	PASS	Manually reviewed exact production-render screenshot in owned contact page
client_screenshot	0677_vfx011-screen-arcane_crucible-empty-scale3-normal-wide.png	e8bef0a2211b9fe08ea18dfb380695c24693e5ef60c0e3b2d4ce5851aa53a696	PASS	Manually reviewed exact production-render screenshot in owned contact page
client_screenshot	0678_vfx011-screen-arcane_crucible-populated_darkness-scale3-normal-wide.png	6504eb0200f85aac31ae666363e77f2ea522086c66e54aa7111c18fbe1503bc9	PASS	Manually reviewed exact production-render screenshot in owned contact page
client_screenshot	0679_vfx011-screen-advancement_roots-skill-scale3-normal-wide.png	b11241d64e551af8bd715bb38c3b296cab8b0768cc59ea017af5fae46a153dd4	PASS	Manually reviewed exact production-render screenshot in owned contact page
client_screenshot	0680_vfx011-screen-teleport-default-scale3-normal-narrow.png	84830d2d6db58c333fb14357c7cac567faadee04bc0aca238b8887dafcbe2a9b	PASS	Manually reviewed exact production-render screenshot in owned contact page
client_screenshot	0681_vfx011-screen-teleport-artifact-scale3-normal-narrow.png	674a2684d7ba8d09ce0a2ccfcbf7640659e670f75ca08c9c69c6708abf5374c3	PASS	Manually reviewed exact production-render screenshot in owned contact page
client_screenshot	0682_vfx011-screen-locator-entity-scale3-normal-narrow.png	c95e507865992937a0c430d149b6699d49341eac3ddbaa1fdd5643861e634cc7	PASS	Manually reviewed exact production-render screenshot in owned contact page
client_screenshot	0683_vfx011-screen-locator-world-scale3-normal-narrow.png	d0036100507859b7a2e8e5cbfbe9319afc16df0def90062f83bf51ff1ae190bb	PASS	Manually reviewed exact production-render screenshot in owned contact page
client_screenshot	0684_vfx011-screen-rank_maze_light-focused-scale3-normal-narrow.png	bfc5a1a6856548b3af2ac9bd98e494bef42bd8ea93b6729633d2759bacc518f6	PASS	Manually reviewed exact production-render screenshot in owned contact page
client_screenshot	0685_vfx011-screen-rank_maze_dark-focused-scale3-normal-narrow.png	fd2a919fb5be8a8bce50265936f8508b09b395dc643382ffaf5657c5f2549d1a	PASS	Manually reviewed exact production-render screenshot in owned contact page
client_screenshot	0686_vfx011-screen-power_selection-selected-scale3-normal-narrow.png	0e2443359bced1cb0c90d773e327d3d88a2e541d22130fe50b9ff3b29ccf0aa7	PASS	Manually reviewed exact production-render screenshot in owned contact page
client_screenshot	0687_vfx011-screen-artifact_catalogue-selected-scale3-normal-narrow.png	bd0d4eaabef269555d8b5fa6d834fe3c3b0c3a520e8d7c8b93171c4b6004c605	REPAIRED	Manually reviewed corrected production-render replacement; superseded frame excluded
client_screenshot	0688_vfx011-screen-artifact_catalogue-empty-scale3-normal-narrow.png	f3d35f8d0ff7ef9f633dbe481ddd6d7339651c9fc5f7f107547b7e10fb9b15e1	REPAIRED	Manually reviewed corrected production-render replacement; superseded frame excluded
client_screenshot	0689_vfx011-screen-shadow_sword-selected-scale3-normal-narrow.png	8893fbfe707888b0838c3d5858c2958099627ddfa33945a2f833f66449491374	PASS	Manually reviewed exact production-render screenshot in owned contact page
client_screenshot	0690_vfx011-screen-grimoire_index-preview-scale3-normal-narrow.png	7c600d8edc1ac55db6111735b8ccc002596df18ecdcdb0f72f1a3b4e1efe24b7	PASS	Manually reviewed exact production-render screenshot in owned contact page
client_screenshot	0691_vfx011-screen-grimoire_index-empty-scale3-normal-narrow.png	93754bffdd1831cc546c1aea4b0b78110c85358826d280e91a56675e4f35611e	PASS	Manually reviewed exact production-render screenshot in owned contact page
client_screenshot	0692_vfx011-screen-rainbow_convergence-sevenfold-scale3-normal-narrow.png	424ae7f2362dcd4c7cf315b61b263fc09caf69e851c8ba557edd20d62ac6a338	PASS	Manually reviewed exact production-render screenshot in owned contact page
client_screenshot	0693_vfx011-screen-reservoir_transfer-partial-scale3-normal-narrow.png	e204a44d2ed69072d19c8afbd1a662fd301cdef8c24c10124f3245c01ceac763	PASS	Manually reviewed exact production-render screenshot in owned contact page
client_screenshot	0694_vfx011-screen-arcane_crucible-empty-scale3-normal-narrow.png	764ceb407045289f11c7c88a06a4ac245cf4f071860b01741071deffb0afe1d5	PASS	Manually reviewed exact production-render screenshot in owned contact page
client_screenshot	0695_vfx011-screen-arcane_crucible-populated_darkness-scale3-normal-narrow.png	6869bcd9598394865401c9c81deed2fba6d6f50547153e5978725e4c5c0a20fb	PASS	Manually reviewed exact production-render screenshot in owned contact page
client_screenshot	0696_vfx011-screen-advancement_roots-skill-scale3-normal-narrow.png	3e71677a9dfed0a59c3fca34b68012bc315766965175f6363eb952b8772f9619	PASS	Manually reviewed exact production-render screenshot in owned contact page
client_screenshot	0697_vfx011-screen-teleport-default-scale3-reduced-wide.png	bfe3e6166fdb86b12188f272b7fee355be3241f8730d6fa46786c1e4516347a4	PASS	Manually reviewed exact production-render screenshot in owned contact page
client_screenshot	0698_vfx011-screen-teleport-artifact-scale3-reduced-wide.png	b12a54ad10874053cf5160bf98846795a14482934bd7121dea95011c638b24a1	PASS	Manually reviewed exact production-render screenshot in owned contact page
client_screenshot	0699_vfx011-screen-locator-entity-scale3-reduced-wide.png	25dafe3f07233453e495e52b0cf5d10ab673dca6c9b46e205de15e7aad362360	PASS	Manually reviewed exact production-render screenshot in owned contact page
client_screenshot	0700_vfx011-screen-locator-world-scale3-reduced-wide.png	890359ddd05ca91290b9473acdb585255e48541c66522b825f91880753a23af6	PASS	Manually reviewed exact production-render screenshot in owned contact page
client_screenshot	0701_vfx011-screen-rank_maze_light-focused-scale3-reduced-wide.png	d6bb8ed23b811385caaf91cde3a9578d27c0fc1293346c94dd716be79a8662ab	PASS	Manually reviewed exact production-render screenshot in owned contact page
client_screenshot	0702_vfx011-screen-rank_maze_dark-focused-scale3-reduced-wide.png	abc2be37697a541a0e3c3359d3258e16c6daf44aa7f88c5a43e49c09a1445a00	PASS	Manually reviewed exact production-render screenshot in owned contact page
client_screenshot	0703_vfx011-screen-power_selection-selected-scale3-reduced-wide.png	f2f977dff61a1f3f97f1df703f8f639efe0d98020afb070e92c7c62ebc67d139	PASS	Manually reviewed exact production-render screenshot in owned contact page
client_screenshot	0704_vfx011-screen-artifact_catalogue-selected-scale3-reduced-wide.png	488ed6ab2b72f2504d25a6ea367044ffa1fbd10db5f8e324a7769ada43985651	REPAIRED	Manually reviewed corrected production-render replacement; superseded frame excluded
client_screenshot	0705_vfx011-screen-artifact_catalogue-empty-scale3-reduced-wide.png	25286abad52bc8a9facf11f5ba913edc4c927e6a5e58429bd06a3e2c8e07f796	REPAIRED	Manually reviewed corrected production-render replacement; superseded frame excluded
client_screenshot	0706_vfx011-screen-shadow_sword-selected-scale3-reduced-wide.png	74e75b5d1d1fa3e21bb53dd0ad3fb9d8c94c26cda9d385981cf8df81183b60b0	PASS	Manually reviewed exact production-render screenshot in owned contact page
client_screenshot	0707_vfx011-screen-grimoire_index-preview-scale3-reduced-wide.png	9f7c74349dc57c339c77330a974eec6db3a6a0d192f86948986f806e7baa5e2c	PASS	Manually reviewed exact production-render screenshot in owned contact page
client_screenshot	0708_vfx011-screen-grimoire_index-empty-scale3-reduced-wide.png	b1a740b8d628104586a492e3add8095bcee4752a21e84857c34779945bace283	PASS	Manually reviewed exact production-render screenshot in owned contact page
client_screenshot	0709_vfx011-screen-rainbow_convergence-sevenfold-scale3-reduced-wide.png	b2782c2faccbab3a0c21ffe53a3169f14d6a9ce5f97cd0ecec5df0a94d7ac582	PASS	Manually reviewed exact production-render screenshot in owned contact page
client_screenshot	0710_vfx011-screen-reservoir_transfer-partial-scale3-reduced-wide.png	c28a60d826012e08c697abecd53d01ee3a25ba44221b66b34e96e13519218d17	PASS	Manually reviewed exact production-render screenshot in owned contact page
client_screenshot	0711_vfx011-screen-arcane_crucible-empty-scale3-reduced-wide.png	14c311b72c2938a2e54ab8c0a8ca6bbb126c571496fdc2b610ed7b63caf4fb52	PASS	Manually reviewed exact production-render screenshot in owned contact page
client_screenshot	0712_vfx011-screen-arcane_crucible-populated_darkness-scale3-reduced-wide.png	0cbfcef2444093584b5c04f72e67265784454788c45e0a7e0748cbec2966d29c	PASS	Manually reviewed exact production-render screenshot in owned contact page
client_screenshot	0713_vfx011-screen-advancement_roots-skill-scale3-reduced-wide.png	d4e201850a00b6fcec108ff47f2829639afcfd5dc7c204dfd2c54505430650d2	PASS	Manually reviewed exact production-render screenshot in owned contact page
client_screenshot	0714_vfx011-screen-teleport-default-scale3-reduced-narrow.png	2a82141ceac130eb7049a70f795889fccae25bca82cc102b96b7b34761f52cf0	PASS	Manually reviewed exact production-render screenshot in owned contact page
client_screenshot	0715_vfx011-screen-teleport-artifact-scale3-reduced-narrow.png	12dd1eacf4361f5c62f99e622938cdcee3073dab27dc8766994814d94cc04b91	PASS	Manually reviewed exact production-render screenshot in owned contact page
client_screenshot	0716_vfx011-screen-locator-entity-scale3-reduced-narrow.png	d5da3be5cfd4d20f8a0ca5060cee1967c90192a7fb85904a7ffb1b5aa481f5ec	PASS	Manually reviewed exact production-render screenshot in owned contact page
client_screenshot	0717_vfx011-screen-locator-world-scale3-reduced-narrow.png	dd10d20a816f0dfbc200cc1805b5aa7773787f9e7e601ef1c51cbd254ee90463	PASS	Manually reviewed exact production-render screenshot in owned contact page
client_screenshot	0718_vfx011-screen-rank_maze_light-focused-scale3-reduced-narrow.png	eeb790ef5930c1c3708ba3e394517fe4554144e5b80a4cae890b7e8d756e6068	PASS	Manually reviewed exact production-render screenshot in owned contact page
client_screenshot	0719_vfx011-screen-rank_maze_dark-focused-scale3-reduced-narrow.png	8380105f5575a21c96adb8935360f454cbea015d68bcd6dc8262436dd094032a	PASS	Manually reviewed exact production-render screenshot in owned contact page
client_screenshot	0720_vfx011-screen-power_selection-selected-scale3-reduced-narrow.png	bc7be484c9ce6c7f417b2d5f491bd48297d0f300778dca960ef136484a839d61	PASS	Manually reviewed exact production-render screenshot in owned contact page
client_screenshot	0721_vfx011-screen-artifact_catalogue-selected-scale3-reduced-narrow.png	d9e7a301a8035d6bc5a578042f3795325ec0b9477115aad6740591ea305d24d4	REPAIRED	Manually reviewed corrected production-render replacement; superseded frame excluded
client_screenshot	0722_vfx011-screen-artifact_catalogue-empty-scale3-reduced-narrow.png	6ce038a381988041aaa05d07901e128336d9d5e212175f109a28ef94a32a1ce3	REPAIRED	Manually reviewed corrected production-render replacement; superseded frame excluded
client_screenshot	0723_vfx011-screen-shadow_sword-selected-scale3-reduced-narrow.png	97c11f034763234f0ddb9d69f289ac4d8bf454cfed560e0f6295cb46e8680ce3	PASS	Manually reviewed exact production-render screenshot in owned contact page
client_screenshot	0724_vfx011-screen-grimoire_index-preview-scale3-reduced-narrow.png	7cc82558581b20212b0d9688741f0ba686f5a0c2b89049bde5042a74da1dd656	PASS	Manually reviewed exact production-render screenshot in owned contact page
client_screenshot	0725_vfx011-screen-grimoire_index-empty-scale3-reduced-narrow.png	389b636bdbbc0a504cef331df3c2bd2e1b14e5a2d80fcc3cd279ed0ae9f28737	PASS	Manually reviewed exact production-render screenshot in owned contact page
client_screenshot	0726_vfx011-screen-rainbow_convergence-sevenfold-scale3-reduced-narrow.png	b8c98766fde103d861131c8615ddd074ec03c07e2e13d3a81744affc13f51a05	PASS	Manually reviewed exact production-render screenshot in owned contact page
client_screenshot	0727_vfx011-screen-reservoir_transfer-partial-scale3-reduced-narrow.png	9640849742e0b09230ea3735adae9309506e60eeaf81f1debaab5dc49605b9ae	PASS	Manually reviewed exact production-render screenshot in owned contact page
client_screenshot	0728_vfx011-screen-arcane_crucible-empty-scale3-reduced-narrow.png	2a181d5e15dae32ce460f451829faabb4d1eb28e1cc65d78c0129a20fc7b0b29	PASS	Manually reviewed exact production-render screenshot in owned contact page
client_screenshot	0729_vfx011-screen-arcane_crucible-populated_darkness-scale3-reduced-narrow.png	879ddf49730549e710d77a98a92e828ceea45db54191a5364c26af833e58a765	PASS	Manually reviewed exact production-render screenshot in owned contact page
client_screenshot	0730_vfx011-screen-advancement_roots-skill-scale3-reduced-narrow.png	52e433bff67c279f13077c3a384a36bb169070d7d9c7a0df752bd5f3f837b77a	PASS	Manually reviewed exact production-render screenshot in owned contact page
client_screenshot	0731_vfx011-screen-teleport-default-scale4-normal-wide.png	40ed8312c0e3e315cff6501743fb60990ea6d89920b7f084334b94a71547cf9d	PASS	Manually reviewed exact production-render screenshot in owned contact page
client_screenshot	0732_vfx011-screen-teleport-artifact-scale4-normal-wide.png	835faacda60ed35d3f52e6bc6a061801403f07e0738ae9ebfeb2d02015e830a6	PASS	Manually reviewed exact production-render screenshot in owned contact page
client_screenshot	0733_vfx011-screen-locator-entity-scale4-normal-wide.png	2d937fa346ac0fd1f3adaba88c94d22cfc267db95e950a4057a788fa424f9657	PASS	Manually reviewed exact production-render screenshot in owned contact page
client_screenshot	0734_vfx011-screen-locator-world-scale4-normal-wide.png	b4a4a493cad2e43621f4c3d4f5fe0c76e3a9c38f0dfaa9485e26450c6dcd37b7	PASS	Manually reviewed exact production-render screenshot in owned contact page
client_screenshot	0735_vfx011-screen-rank_maze_light-focused-scale4-normal-wide.png	a48e6b3830a6a99f4afb64dfa175f3f851c399bbcd8633d392e11e81954edf88	PASS	Manually reviewed exact production-render screenshot in owned contact page
client_screenshot	0736_vfx011-screen-rank_maze_dark-focused-scale4-normal-wide.png	585a7ec8d174772e3dfa79e49b3d054eb3258a747422c8ae2bc121d8577b0f8b	PASS	Manually reviewed exact production-render screenshot in owned contact page
client_screenshot	0737_vfx011-screen-power_selection-selected-scale4-normal-wide.png	4c64ee71c62af92c552a61cd5b6f700fe7338faa54b953d2ad1a0e44e4d8fe81	PASS	Manually reviewed exact production-render screenshot in owned contact page
client_screenshot	0738_vfx011-screen-artifact_catalogue-selected-scale4-normal-wide.png	95a928dda40cdbc14cb4bd9cef01083ca5d19bf7a86f722b8d406c9915781512	REPAIRED	Manually reviewed corrected production-render replacement; superseded frame excluded
client_screenshot	0739_vfx011-screen-artifact_catalogue-empty-scale4-normal-wide.png	f10569f6604ae9a187e49c3fe8b3fdeebcbebf8e9ab8aa8980406ff7a5974fa8	REPAIRED	Manually reviewed corrected production-render replacement; superseded frame excluded
client_screenshot	0740_vfx011-screen-shadow_sword-selected-scale4-normal-wide.png	45b999bac1c338f3b9fa6a8e75a7403bb6107062948efdd656a6e53cd58fee4a	PASS	Manually reviewed exact production-render screenshot in owned contact page
client_screenshot	0741_vfx011-screen-grimoire_index-preview-scale4-normal-wide.png	b0ccfdf98d228606f7dbbbce117f77d96f3d98881a168437a2d90d1a5792c374	PASS	Manually reviewed exact production-render screenshot in owned contact page
client_screenshot	0742_vfx011-screen-grimoire_index-empty-scale4-normal-wide.png	7097440d612a191d01e6300fb0bc2ae9f462ba0a27719e4660a8618eb3ae1f2a	PASS	Manually reviewed exact production-render screenshot in owned contact page
client_screenshot	0743_vfx011-screen-rainbow_convergence-sevenfold-scale4-normal-wide.png	1d042ec5a92f3dfdb5a35827406859375eb7af57396035610d2bbd9cad3e98a9	PASS	Manually reviewed exact production-render screenshot in owned contact page
client_screenshot	0744_vfx011-screen-reservoir_transfer-partial-scale4-normal-wide.png	37ca6c23f831fe6994ec0329e0924f30f741cf7378fd4cb5996069b82871eb75	PASS	Manually reviewed exact production-render screenshot in owned contact page
client_screenshot	0745_vfx011-screen-arcane_crucible-empty-scale4-normal-wide.png	6cbd326640a8346c83a05a3b47b0bd56d2f788599bfc3c23ae98778220d78231	PASS	Manually reviewed exact production-render screenshot in owned contact page
client_screenshot	0746_vfx011-screen-arcane_crucible-populated_darkness-scale4-normal-wide.png	dd485e58c57c17e8e5cf4165b1d329e63a3f2a0b133054d7f71beac7d5c905d0	PASS	Manually reviewed exact production-render screenshot in owned contact page
client_screenshot	0747_vfx011-screen-advancement_roots-skill-scale4-normal-wide.png	38df1bf03144679539cbd50224480dcad0a3c391ea9183bd6016488036d542af	PASS	Manually reviewed exact production-render screenshot in owned contact page
client_screenshot	0748_vfx011-screen-teleport-default-scale4-normal-narrow.png	4804ef770214e3c09bffe1d195b43c9ea155d598669410c692228b6c6504636c	PASS	Manually reviewed exact production-render screenshot in owned contact page
client_screenshot	0749_vfx011-screen-teleport-artifact-scale4-normal-narrow.png	8f192f3156332781808603f5068fc2a8f83af2340692e40c27e7eaccabd68950	PASS	Manually reviewed exact production-render screenshot in owned contact page
client_screenshot	0750_vfx011-screen-locator-entity-scale4-normal-narrow.png	02e9a128305a774004dec8f165fea2c2c419f69c01c454d18e970e34c1c9f191	PASS	Manually reviewed exact production-render screenshot in owned contact page
client_screenshot	0751_vfx011-screen-locator-world-scale4-normal-narrow.png	78cac5d90a9877d2e9b0ad8888e9de8d1ae2f59c81f09155509cf05e0663127c	PASS	Manually reviewed exact production-render screenshot in owned contact page
client_screenshot	0752_vfx011-screen-rank_maze_light-focused-scale4-normal-narrow.png	c3adde12e400580b180e19085a1e64323dfede29befec7abe0ec28bdec8d247b	PASS	Manually reviewed exact production-render screenshot in owned contact page
client_screenshot	0753_vfx011-screen-rank_maze_dark-focused-scale4-normal-narrow.png	abb5ed8ea23dcce386a92740f1572da44b5e7344d27bc6c711ef7a97cb05ec4b	PASS	Manually reviewed exact production-render screenshot in owned contact page
client_screenshot	0754_vfx011-screen-power_selection-selected-scale4-normal-narrow.png	839c2f8b5e07627188ad456fd6792285d0ebf34400101cfac29ab6b180f4f130	PASS	Manually reviewed exact production-render screenshot in owned contact page
client_screenshot	0755_vfx011-screen-artifact_catalogue-selected-scale4-normal-narrow.png	3aca9ded0efcdff0f3c6bdaedebe3830448d999c4d04bfab2d0fe791521168fe	REPAIRED	Manually reviewed corrected production-render replacement; superseded frame excluded
client_screenshot	0756_vfx011-screen-artifact_catalogue-empty-scale4-normal-narrow.png	017108e9dfa4176fcbe01a273cce5f38cd1900893b7505b3934dcb45ce487f95	REPAIRED	Manually reviewed corrected production-render replacement; superseded frame excluded
client_screenshot	0757_vfx011-screen-shadow_sword-selected-scale4-normal-narrow.png	a6731c7d5b5d9c51683a0c876e1ccb35744946cf83fa7a8721adc2344b7d8ab9	PASS	Manually reviewed exact production-render screenshot in owned contact page
client_screenshot	0758_vfx011-screen-grimoire_index-preview-scale4-normal-narrow.png	dc08a506b852bf60a202e7809cac6666c46fd7b89d3ae6e758c79de0e73c6a2c	PASS	Manually reviewed exact production-render screenshot in owned contact page
client_screenshot	0759_vfx011-screen-grimoire_index-empty-scale4-normal-narrow.png	8528503710f8353f30037ecb54ba0ee132810ae743a01adbbdfb3f385b3f48cc	PASS	Manually reviewed exact production-render screenshot in owned contact page
client_screenshot	0760_vfx011-screen-rainbow_convergence-sevenfold-scale4-normal-narrow.png	1143ae6482462e80d0fd209ba39969afd04093d3f08a0f8047beae647ca4abd5	PASS	Manually reviewed exact production-render screenshot in owned contact page
client_screenshot	0761_vfx011-screen-reservoir_transfer-partial-scale4-normal-narrow.png	e989f97a988b757755300d0ddca75892a998778855fcdb0a5bb58038b4bcdabe	PASS	Manually reviewed exact production-render screenshot in owned contact page
client_screenshot	0762_vfx011-screen-arcane_crucible-empty-scale4-normal-narrow.png	8dafee7aab239108f0fe1483f3a8bca4149da61fea9d4264ade05f52623020a5	PASS	Manually reviewed exact production-render screenshot in owned contact page
client_screenshot	0763_vfx011-screen-arcane_crucible-populated_darkness-scale4-normal-narrow.png	fb6450923a0aefa7e9ee014d64a62538949a589e010dc17f457242b4be8c3c84	PASS	Manually reviewed exact production-render screenshot in owned contact page
client_screenshot	0764_vfx011-screen-advancement_roots-skill-scale4-normal-narrow.png	a9986246348b04be2446bd6051c9c7ca6c6392d0edb5ce1a6bba81c93ee53bfd	PASS	Manually reviewed exact production-render screenshot in owned contact page
client_screenshot	0765_vfx011-screen-teleport-default-scale4-reduced-wide.png	1a7587a27bfa202a5b6f5b4adcb331edf3cd380c0e27a350426a1ab1c1c81a2f	PASS	Manually reviewed exact production-render screenshot in owned contact page
client_screenshot	0766_vfx011-screen-teleport-artifact-scale4-reduced-wide.png	8c87b8c856014e44f84d5b69dfe4b206c84d46d1b6d467928da1d3890aace157	PASS	Manually reviewed exact production-render screenshot in owned contact page
client_screenshot	0767_vfx011-screen-locator-entity-scale4-reduced-wide.png	3ca75e5e75c26a309dd5e3fa2900f9d0009e636dd0758caff3a37a9fd3dcf405	PASS	Manually reviewed exact production-render screenshot in owned contact page
client_screenshot	0768_vfx011-screen-locator-world-scale4-reduced-wide.png	c1d5b2cc06ae9e455dbc6b19086cb562548a753a893522f2e2ae4f95f83488d3	PASS	Manually reviewed exact production-render screenshot in owned contact page
client_screenshot	0769_vfx011-screen-rank_maze_light-focused-scale4-reduced-wide.png	87486239f811e5510c2e8a64391c7634e0ed37e46a5051fe9a2819242cff7bab	PASS	Manually reviewed exact production-render screenshot in owned contact page
client_screenshot	0770_vfx011-screen-rank_maze_dark-focused-scale4-reduced-wide.png	a6bb4977ce6619b1b1759d1ced080afbd360e02088ff40d2d97f67505a54bc1e	PASS	Manually reviewed exact production-render screenshot in owned contact page
client_screenshot	0771_vfx011-screen-power_selection-selected-scale4-reduced-wide.png	441a2b76510baf92a7e7770da6aa8e75c4d9b6adbb2d60753ebae87f9b597934	PASS	Manually reviewed exact production-render screenshot in owned contact page
client_screenshot	0772_vfx011-screen-artifact_catalogue-selected-scale4-reduced-wide.png	0ad3e361a5707528cf3d8a5f19bb717c9b59a2e05cfa6166882597f0b81a7d23	REPAIRED	Manually reviewed corrected production-render replacement; superseded frame excluded
client_screenshot	0773_vfx011-screen-artifact_catalogue-empty-scale4-reduced-wide.png	eb08deef58f9a28fb73465e17cb63c303fff32210da63a1e0ad1b20338ade6d2	REPAIRED	Manually reviewed corrected production-render replacement; superseded frame excluded
client_screenshot	0774_vfx011-screen-shadow_sword-selected-scale4-reduced-wide.png	305441be1aaf6c1b477c8523f983a280656efaa1c2bf8818113e255663918f5c	PASS	Manually reviewed exact production-render screenshot in owned contact page
client_screenshot	0775_vfx011-screen-grimoire_index-preview-scale4-reduced-wide.png	6eecbea747346298399fe946893a3fa7b530221672aeec07f2fb14340fca2ea0	PASS	Manually reviewed exact production-render screenshot in owned contact page
client_screenshot	0776_vfx011-screen-grimoire_index-empty-scale4-reduced-wide.png	4c38c5a35c1ec3311c23a21b0d31a0608b5c05a8f341965689e98b7ea2c1e020	PASS	Manually reviewed exact production-render screenshot in owned contact page
client_screenshot	0777_vfx011-screen-rainbow_convergence-sevenfold-scale4-reduced-wide.png	70fa34b44510d3639a1939369be25f9d610d27ae6bab0979df434804bf8f54cc	PASS	Manually reviewed exact production-render screenshot in owned contact page
client_screenshot	0778_vfx011-screen-reservoir_transfer-partial-scale4-reduced-wide.png	c3a192c2f65746d1dab2975e95b3bf9215340e8243d1844adaecac39f90662fa	PASS	Manually reviewed exact production-render screenshot in owned contact page
client_screenshot	0779_vfx011-screen-arcane_crucible-empty-scale4-reduced-wide.png	df693d740acb6bd61c13acb315b34bb5318acac34eb97bfbe3e846f9479ed76e	PASS	Manually reviewed exact production-render screenshot in owned contact page
client_screenshot	0780_vfx011-screen-arcane_crucible-populated_darkness-scale4-reduced-wide.png	a7f4b1898ec43b46f3833de91a2c447cc2f5d785ff040afe430d1eeedb0f6945	PASS	Manually reviewed exact production-render screenshot in owned contact page
client_screenshot	0781_vfx011-screen-advancement_roots-skill-scale4-reduced-wide.png	5b98a4db81112366ffe6bf8b225404d91d55b0fea31a21b66b0c6af8a8788847	PASS	Manually reviewed exact production-render screenshot in owned contact page
client_screenshot	0782_vfx011-screen-teleport-default-scale4-reduced-narrow.png	ddce3ad05c58159361021941e9fe59b5bbaa29face58b1effd63a33263b35955	PASS	Manually reviewed exact production-render screenshot in owned contact page
client_screenshot	0783_vfx011-screen-teleport-artifact-scale4-reduced-narrow.png	89f49e35376054a13ba13f9d9395ced3e3c4ed0efca78c23ae22ebe810d92bc3	PASS	Manually reviewed exact production-render screenshot in owned contact page
client_screenshot	0784_vfx011-screen-locator-entity-scale4-reduced-narrow.png	d11313ca63a4d5c9ed10d14e01cd2afc6bccb54d66a2ed7bad4871b13b112c28	PASS	Manually reviewed exact production-render screenshot in owned contact page
client_screenshot	0785_vfx011-screen-locator-world-scale4-reduced-narrow.png	f2f4096175a15df222eb4b2daf6d2bd44da2ca36e0509c6eb49ad6695f5a9c9b	PASS	Manually reviewed exact production-render screenshot in owned contact page
client_screenshot	0786_vfx011-screen-rank_maze_light-focused-scale4-reduced-narrow.png	1da143ba10ff11baf31ced6d6b89fec80f07218dd2f56b5a94f06659ef8e397b	PASS	Manually reviewed exact production-render screenshot in owned contact page
client_screenshot	0787_vfx011-screen-rank_maze_dark-focused-scale4-reduced-narrow.png	f5edbb43a4c691cc9b4f18eca232ae76ed7f66e92d63bbd0713532853537bceb	PASS	Manually reviewed exact production-render screenshot in owned contact page
client_screenshot	0788_vfx011-screen-power_selection-selected-scale4-reduced-narrow.png	1a91f6716b56005e37406d1bb0c4111bacdcaf93db9fb97553d0760f609125dc	PASS	Manually reviewed exact production-render screenshot in owned contact page
client_screenshot	0789_vfx011-screen-artifact_catalogue-selected-scale4-reduced-narrow.png	e17ac325ccf3339297f4e6eba516d86cc1983836f790ab0d92f110532d2decb2	REPAIRED	Manually reviewed corrected production-render replacement; superseded frame excluded
client_screenshot	0790_vfx011-screen-artifact_catalogue-empty-scale4-reduced-narrow.png	6e5386e73c65fe7fe5ffec8e4800688caae83ec8b114275d03372f2ee8941a19	REPAIRED	Manually reviewed corrected production-render replacement; superseded frame excluded
client_screenshot	0791_vfx011-screen-shadow_sword-selected-scale4-reduced-narrow.png	dd1c8dfa5b1384e39605f0bab546b03fffa988006d070f41b277f5a0cbd1190f	PASS	Manually reviewed exact production-render screenshot in owned contact page
client_screenshot	0792_vfx011-screen-grimoire_index-preview-scale4-reduced-narrow.png	3bf9fa3300c1c70c1f719e92f4eb686b298bb528607f2d77da937100c3c13fef	PASS	Manually reviewed exact production-render screenshot in owned contact page
client_screenshot	0793_vfx011-screen-grimoire_index-empty-scale4-reduced-narrow.png	43e6c3abd48db69a61018005c9c3732ca284419d35710281580fef7f91afdc1f	PASS	Manually reviewed exact production-render screenshot in owned contact page
client_screenshot	0794_vfx011-screen-rainbow_convergence-sevenfold-scale4-reduced-narrow.png	0aabf65820e3283c4becdb1eda28f9683f43f3a31a320077feff127feff59ee4	PASS	Manually reviewed exact production-render screenshot in owned contact page
client_screenshot	0795_vfx011-screen-reservoir_transfer-partial-scale4-reduced-narrow.png	b24f69fc698b288f9ab1a3a73f6aed3c1d2b30a54a56be31fec65dcff961b550	PASS	Manually reviewed exact production-render screenshot in owned contact page
client_screenshot	0796_vfx011-screen-arcane_crucible-empty-scale4-reduced-narrow.png	6cb8cf30c2b6a2bdff416f91fea88172848ef93e7728ddfa2f0662a3eb84a673	PASS	Manually reviewed exact production-render screenshot in owned contact page
client_screenshot	0797_vfx011-screen-arcane_crucible-populated_darkness-scale4-reduced-narrow.png	6fb695a310d80edcf3f6466f9248eebf37fe44bfd5a30894ca8cc6a186b8f585	PASS	Manually reviewed exact production-render screenshot in owned contact page
client_screenshot	0798_vfx011-screen-advancement_roots-skill-scale4-reduced-narrow.png	abb47b065e990618f7f9285abde5806ba8d073cc5d1b6f291a1fb46c73d5d76b	PASS	Manually reviewed exact production-render screenshot in owned contact page
client_screenshot	0799_vfx011-screen-artifact_catalogue-hover-scale2-normal-wide.png	d8b5b5b0dd2153eef3bbc0ce40d23f73291e9d10fa7e897940a786ea1c80fb41	REPAIRED	Manually reviewed corrected production-render replacement; superseded frame excluded
client_screenshot	0800_vfx011-screen-teleport-invalid_coordinates-scale2-normal-wide.png	a97ab6097e217f8900b45c51c1623aa6f6d606855870bc5703b906bab4e51ace	PASS	Manually reviewed exact production-render screenshot in owned contact page
client_screenshot	0801_vfx011-hud-combination-realm_dark-normal.png	f5a75b4b555e5a014bfece35ab81e3abd4cb67053b341b4b2f3f7b1b07a4c1ad	PASS	Manually reviewed exact production-render screenshot in owned contact page
client_screenshot	0802_vfx011-hud-combination-realm_dark-reduced.png	8293a126ad6fea3ef16ca5e20f77ab69b091db73799287773e59c098e2e3d4a9	REPAIRED	Manually reviewed corrected production-render replacement; superseded frame excluded
client_screenshot	0803_vfx011-hud-energy-normal-half1-normal.png	b49fcde98fc6eeeada2b2a30fb355312de04e053bb8e6e9498056f8ed35dde4b	PASS	Manually reviewed exact production-render screenshot in owned contact page
client_screenshot	0804_vfx011-hud-energy-normal-half2-normal.png	db9b521f374302dca9436e3bc0184a280f194cce1e570f0920c1b480b98a83a0	PASS	Manually reviewed exact production-render screenshot in owned contact page
client_screenshot	0805_vfx011-hud-energy-normal-half3-normal.png	f7680e15a93f2851fac322efbd5d369062f4c3c5901bbc907d6db033be62b87d	PASS	Manually reviewed exact production-render screenshot in owned contact page
client_screenshot	0806_vfx011-hud-energy-normal-half4-normal.png	202e0cbb4e752323b2d14af72a8ff32826bfaff5fe9d612cc84e9e0ea1fe66c9	PASS	Manually reviewed exact production-render screenshot in owned contact page
client_screenshot	0807_vfx011-hud-energy-normal-half5-normal.png	23868e191e614ae56940b4e4fa94af19b0d0f11322dd0049df7b52dae7153d59	PASS	Manually reviewed exact production-render screenshot in owned contact page
client_screenshot	0808_vfx011-hud-energy-normal-half6-normal.png	d15f9e68bf8c8ab41868cbca860d82a41bfdb68470d7edf25ae0d4ad50e86751	PASS	Manually reviewed exact production-render screenshot in owned contact page
client_screenshot	0809_vfx011-hud-energy-normal-half7-normal.png	11beceff37f3f1c7a99d81219794a06000c722f97de518cf7957743b248f3307	PASS	Manually reviewed exact production-render screenshot in owned contact page
client_screenshot	0810_vfx011-hud-energy-normal-half8-normal.png	e820c18b1a803f46b7e9dfee8d739648e68346e33e5f48b2ec23c420eae987d1	PASS	Manually reviewed exact production-render screenshot in owned contact page
client_screenshot	0811_vfx011-hud-energy-normal-half9-normal.png	5a8ed55976f8d6dc1f51515e8d77f4f3df3da01b57178316c3d5cf66a6f462f9	PASS	Manually reviewed exact production-render screenshot in owned contact page
client_screenshot	0812_vfx011-hud-energy-normal-half10-normal.png	aae37ce9727c13277f9b41050e61decabd177e6550c3ba64dc59116d47bc0bc1	PASS	Manually reviewed exact production-render screenshot in owned contact page
client_screenshot	0813_vfx011-hud-energy-normal-half11-normal.png	c4b3ead10c96f8e1e11c9862ee6faef9c2bf8e63500df2d5692707f2b7d715f7	PASS	Manually reviewed exact production-render screenshot in owned contact page
client_screenshot	0814_vfx011-hud-energy-normal-half12-normal.png	e1f9ca899db258ea25315924d5158807965221d9d0102c7646821a41268f4c57	PASS	Manually reviewed exact production-render screenshot in owned contact page
client_screenshot	0815_vfx011-hud-energy-normal-half13-normal.png	74cf47b401074904edc5291e0c00578c8551873e30a0d49fa941968f07ba631d	PASS	Manually reviewed exact production-render screenshot in owned contact page
client_screenshot	0816_vfx011-hud-energy-normal-half14-normal.png	6b935fc7ed8271672975579dc049eb70942bc824a9182f08ea97f44696ab5ebd	PASS	Manually reviewed exact production-render screenshot in owned contact page
client_screenshot	0817_vfx011-hud-energy-normal-half15-normal.png	ae7acd1f02bf2c31790f59b9eb3a1b3b71b24278b761fee96c57694504c22baa	PASS	Manually reviewed exact production-render screenshot in owned contact page
client_screenshot	0818_vfx011-hud-energy-normal-half16-normal.png	721be0ae37837a8ce06c3882ac8d949c0561b071b4294d5f1afd98afb0c9899a	PASS	Manually reviewed exact production-render screenshot in owned contact page
client_screenshot	0819_vfx011-hud-energy-normal-half17-normal.png	8b8c45bd7dca939f03cf002e0cd11fd3722d0aef7f6994c45e3c550162967333	PASS	Manually reviewed exact production-render screenshot in owned contact page
client_screenshot	0820_vfx011-hud-energy-normal-half18-normal.png	2aaed260da076de192a72efd873c9fc3f1e1c4412f6b5b696c2ef3ee39e08369	PASS	Manually reviewed exact production-render screenshot in owned contact page
client_screenshot	0821_vfx011-hud-energy-normal-half19-normal.png	d9aef628fc359e1713deb363abb593d01de1c4f119f34edeb253b34ef4729cd6	PASS	Manually reviewed exact production-render screenshot in owned contact page
client_screenshot	0822_vfx011-hud-energy-normal-half20-normal.png	7084b295e64600ae180cad88b25f8c4fa7f666f0a16a9b5bb4486841e2187f82	PASS	Manually reviewed exact production-render screenshot in owned contact page
client_screenshot	0823_vfx011-hud-energy-empty-half0-normal.png	c99395a24535588df29c55b7400d137a7da57003db6e8c2d9156fcb9de72e998	PASS	Manually reviewed exact production-render screenshot in owned contact page
client_screenshot	0824_vfx011-hud-energy-dampened-half0-normal.png	cbbee246f63ff80abd59d9b0d88946d49e3be952b5e73495f9d0f4f5af475385	PASS	Manually reviewed exact production-render screenshot in owned contact page
client_screenshot	0825_vfx011-hud-energy-dampened-half1-normal.png	3e71011f4e0549e98fda06c6deb8a890072181c14adb0b822b0665c4222ee174	PASS	Manually reviewed exact production-render screenshot in owned contact page
client_screenshot	0826_vfx011-hud-energy-dampened-half2-normal.png	fb4c2edcc6f4379eafca24d6c879cd1eb3a304fe3a0c133c46bc51c4620f6d3b	PASS	Manually reviewed exact production-render screenshot in owned contact page
client_screenshot	0827_vfx011-hud-energy-dampened-half3-normal.png	d1b1fa7236484b7757978d1d02938e95121c6bb8c99e4253a444b6e5919c752d	PASS	Manually reviewed exact production-render screenshot in owned contact page
client_screenshot	0828_vfx011-hud-energy-dampened-half4-normal.png	6fb87aa819f2043d69249d5c595e7a8edbc74a9363f097b408d318ee2a37d812	PASS	Manually reviewed exact production-render screenshot in owned contact page
client_screenshot	0829_vfx011-hud-energy-dampened-half5-normal.png	f914691c535ff39bf59a8f42d786cf475edd593d4445a3a14a00eab451e3c5ce	PASS	Manually reviewed exact production-render screenshot in owned contact page
client_screenshot	0830_vfx011-hud-energy-dampened-half6-normal.png	df5819611f2e338b044d3c44a802ac37c2e5c58ab769a4aa465698c702b5c539	PASS	Manually reviewed exact production-render screenshot in owned contact page
client_screenshot	0831_vfx011-hud-energy-dampened-half7-normal.png	9828fb75c7ccfc9a8083e0cf5aaee8e2039476311f88c781a9ccec21e3c69f91	PASS	Manually reviewed exact production-render screenshot in owned contact page
client_screenshot	0832_vfx011-hud-energy-dampened-half8-normal.png	7fb1617e529bde1d04ee10d109ac473982f8d8c4ac6d0b7e0d1220d38933e26c	PASS	Manually reviewed exact production-render screenshot in owned contact page
client_screenshot	0833_vfx011-hud-energy-dampened-half9-normal.png	16d1443e8c77c2be4867cb5eed8abd3878213924a0cf7ee5073e833b01b828ff	PASS	Manually reviewed exact production-render screenshot in owned contact page
client_screenshot	0834_vfx011-hud-energy-dampened-half10-normal.png	9b25440a11e74e4d82f5e4012a316c4736f32f916266941b30286d80a4ef169c	PASS	Manually reviewed exact production-render screenshot in owned contact page
client_screenshot	0835_vfx011-hud-energy-dampened-half11-normal.png	4aa524e467b784ef021b954cc877486c59c996676683cbaeb3abc965b13ad94a	PASS	Manually reviewed exact production-render screenshot in owned contact page
client_screenshot	0836_vfx011-hud-energy-dampened-half12-normal.png	98b66b70c6301fad568602f8fbe7d36be89f44f683d17e175c911a8a54c5ccbe	PASS	Manually reviewed exact production-render screenshot in owned contact page
client_screenshot	0837_vfx011-hud-energy-dampened-half13-normal.png	de3e90dfb66b421c1568dbc0f55772ca60d42072e57b1b7806ec329df48f5f33	PASS	Manually reviewed exact production-render screenshot in owned contact page
client_screenshot	0838_vfx011-hud-energy-dampened-half14-normal.png	492941ec413aacf68672ff9c715a4f5309c30563f7152e41f58e483683651093	PASS	Manually reviewed exact production-render screenshot in owned contact page
client_screenshot	0839_vfx011-hud-energy-dampened-half15-normal.png	e426d106376aa90548e70cdf3b515c5376e96767babe764406213deab189b02c	PASS	Manually reviewed exact production-render screenshot in owned contact page
client_screenshot	0840_vfx011-hud-energy-dampened-half16-normal.png	ebef20d8d81740980001e57313378fa053afad392a2a2154c351960f002de46c	PASS	Manually reviewed exact production-render screenshot in owned contact page
client_screenshot	0841_vfx011-hud-energy-dampened-half17-normal.png	ad55eb7888681ffba4c775e92bd369cd8b6bca462da1e7a5a1d3c26f0c8ee670	PASS	Manually reviewed exact production-render screenshot in owned contact page
client_screenshot	0842_vfx011-hud-energy-dampened-half18-normal.png	69b08357c43e2b31a7de39fa89a217f8a1edc22b6f77c752e4bebdf2b30db748	PASS	Manually reviewed exact production-render screenshot in owned contact page
client_screenshot	0843_vfx011-hud-energy-dampened-half19-normal.png	d6ba1b69b89e60e04084b5437398151dc0db54d309a9bc3b36190dfe675ccf9e	PASS	Manually reviewed exact production-render screenshot in owned contact page
client_screenshot	0844_vfx011-hud-energy-dampened-half20-normal.png	02e617453f53c91587c369aab70dc08c44dd51f6cb06cb85b231d7de767f69ce	PASS	Manually reviewed exact production-render screenshot in owned contact page
client_screenshot	0845_vfx011-hud-energy-darkness-half1-normal.png	c1081538e27cfb42e22e4e8ff56f8f84244abef0885c15c7c619954a5645d3c3	PASS	Manually reviewed exact production-render screenshot in owned contact page
client_screenshot	0846_vfx011-hud-energy-darkness-half2-normal.png	be50b37b244dc4075dc1061c2edab62b491131273013d59f31fc1da9ae2d3e64	PASS	Manually reviewed exact production-render screenshot in owned contact page
client_screenshot	0847_vfx011-hud-energy-darkness-half3-normal.png	546980a309568d57188a9936083094ed71de249577d05da127d202daab952d1e	PASS	Manually reviewed exact production-render screenshot in owned contact page
client_screenshot	0848_vfx011-hud-energy-darkness-half4-normal.png	3637748bafedb88292e01e60f81a51f8c287b5f3aea1886a3649e63d702e95e4	PASS	Manually reviewed exact production-render screenshot in owned contact page
client_screenshot	0849_vfx011-hud-energy-darkness-half5-normal.png	2a3580be3ada0f1f22a0afed11dd1ad3f106330e62089d2a628602a927f3451d	PASS	Manually reviewed exact production-render screenshot in owned contact page
client_screenshot	0850_vfx011-hud-energy-darkness-half6-normal.png	a7f596921891a6354dffbeee586547d64b20a5841f88ff31e399890112d8bc84	PASS	Manually reviewed exact production-render screenshot in owned contact page
client_screenshot	0851_vfx011-hud-energy-darkness-half7-normal.png	88b2761832bedc548b8481141e7bbec37142407315e4af9a691c7b27893d209f	PASS	Manually reviewed exact production-render screenshot in owned contact page
client_screenshot	0852_vfx011-hud-energy-darkness-half8-normal.png	8917fc9d88662322beba39dcaea2c0b63dedfde03893e9b26a0150fdf74fb762	PASS	Manually reviewed exact production-render screenshot in owned contact page
client_screenshot	0853_vfx011-hud-energy-darkness-half9-normal.png	70e0992a2837e36f7e819e75d4f9d67e562f0d6dc9e5b7c4702dafd580ecca19	PASS	Manually reviewed exact production-render screenshot in owned contact page
client_screenshot	0854_vfx011-hud-energy-darkness-half10-normal.png	1a26a8e4de4474823f9c354916ee26827bd2f88c9f3322e40bb5ff8d8c06f681	PASS	Manually reviewed exact production-render screenshot in owned contact page
client_screenshot	0855_vfx011-hud-energy-darkness-half11-normal.png	a64b0de65c4bac234bfea1b60222cda39bb0b291600adff652cc6ea18a94c5aa	PASS	Manually reviewed exact production-render screenshot in owned contact page
client_screenshot	0856_vfx011-hud-energy-darkness-half12-normal.png	abd31bacb6975a6be708bb14cd169d70d712b6e39a4b08751005f4ee5a6a7820	PASS	Manually reviewed exact production-render screenshot in owned contact page
client_screenshot	0857_vfx011-hud-energy-darkness-half13-normal.png	9b02cd1d68535ba9576d6cfc9ff2ca165a74449d3cc158d6092a4ca29f30cfbc	PASS	Manually reviewed exact production-render screenshot in owned contact page
client_screenshot	0858_vfx011-hud-energy-darkness-half14-normal.png	af00fbc769bed2b58d83e3dab732646492d3b93401202803413b0a9dba196926	PASS	Manually reviewed exact production-render screenshot in owned contact page
client_screenshot	0859_vfx011-hud-energy-darkness-half15-normal.png	399d3bb7348450261d09b6fb49939db0b64b9d44b06a4d31a611e60f2d2fe890	PASS	Manually reviewed exact production-render screenshot in owned contact page
client_screenshot	0860_vfx011-hud-energy-darkness-half16-normal.png	227d17a286c2c764478942c8a4a6522194e01b4fd26a69bb0da48dcc23d80343	PASS	Manually reviewed exact production-render screenshot in owned contact page
client_screenshot	0861_vfx011-hud-energy-darkness-half17-normal.png	348275710814f323220f7f35a7d863cb9bd3986c7f2fd6af207a3b7c85a74274	PASS	Manually reviewed exact production-render screenshot in owned contact page
client_screenshot	0862_vfx011-hud-energy-darkness-half18-normal.png	ced43a0d96d23f6e60511ae0315ea61b0e872dc41eabfc8f3027819d38e86e1a	PASS	Manually reviewed exact production-render screenshot in owned contact page
client_screenshot	0863_vfx011-hud-energy-darkness-half19-normal.png	d0a8c8f1b4338d0ddefbd7e01becf11e45d31caa720af31560be64df985748b4	PASS	Manually reviewed exact production-render screenshot in owned contact page
client_screenshot	0864_vfx011-hud-energy-darkness-half20-normal.png	e70ba203e66fb6f780b8c34e905506387f20f18707b21d880e98afe43b51fc80	PASS	Manually reviewed exact production-render screenshot in owned contact page
client_screenshot	0865_vfx011-hud-energy-projection-half1-normal.png	d6df5fbb99dd2ad0173ecf7eb0b77acbae2307b006aea2d79938ae3cea724efe	PASS	Manually reviewed exact production-render screenshot in owned contact page
client_screenshot	0866_vfx011-hud-energy-projection-half2-normal.png	4050a5486611e1fd470a617b63e484f9bea60998da818be087bd8de7302529f6	PASS	Manually reviewed exact production-render screenshot in owned contact page
client_screenshot	0867_vfx011-hud-energy-projection-half3-normal.png	31ead011b9f5ef9ca9c4a2a13fd9f9eaabb94704caf9e0175f8f2e26f3a5d440	PASS	Manually reviewed exact production-render screenshot in owned contact page
client_screenshot	0868_vfx011-hud-energy-projection-half4-normal.png	a6c9952b2eda63a0a2dffaba8edbbdd11861396464362d55d831f953b916d6e2	PASS	Manually reviewed exact production-render screenshot in owned contact page
client_screenshot	0869_vfx011-hud-energy-projection-half5-normal.png	f15666603ad1d887e25fba99f8faaf9f03c68b129647d69de14d87beb358edb7	PASS	Manually reviewed exact production-render screenshot in owned contact page
client_screenshot	0870_vfx011-hud-energy-projection-half6-normal.png	e6ea06478f69f8768def393a03476bfe2d404e1264c3686587baf75618d3c573	PASS	Manually reviewed exact production-render screenshot in owned contact page
client_screenshot	0871_vfx011-hud-energy-projection-half7-normal.png	6b145fc1e2aef69ecdc797dc9cb4b3f1d1a58aeb6495323bb3059340f6f74b66	PASS	Manually reviewed exact production-render screenshot in owned contact page
client_screenshot	0872_vfx011-hud-energy-projection-half8-normal.png	92240035fdc51431bf7fa107a5849d89701dee81499bccdebc2c8efc337c996f	PASS	Manually reviewed exact production-render screenshot in owned contact page
client_screenshot	0873_vfx011-hud-energy-projection-half9-normal.png	af55bda9c162621c6329141f3e09f8c85a51fd5cef8cb0bb572dde03ec7cee20	PASS	Manually reviewed exact production-render screenshot in owned contact page
client_screenshot	0874_vfx011-hud-energy-projection-half10-normal.png	b3c791178fd1f272452590dd4b59b6c92ed5bace9422b2dcb4cbd7d699a0495b	PASS	Manually reviewed exact production-render screenshot in owned contact page
client_screenshot	0875_vfx011-hud-energy-projection-half11-normal.png	6fb12a15429388b44117e03adcb7b439a152ac58b01d38e0983db581fe33a277	PASS	Manually reviewed exact production-render screenshot in owned contact page
client_screenshot	0876_vfx011-hud-energy-projection-half12-normal.png	4f6c38cafa3ee3a3e0c8fa72adbec4abff370faaff27e3732a9abba43d739982	PASS	Manually reviewed exact production-render screenshot in owned contact page
client_screenshot	0877_vfx011-hud-energy-projection-half13-normal.png	c6087b7217e66a1459ef0f89058ce43e22154eec46b80e38005dce885182c53a	PASS	Manually reviewed exact production-render screenshot in owned contact page
client_screenshot	0878_vfx011-hud-energy-projection-half14-normal.png	af856cdebf8895ff9dd9feae9fc8d7de6a573210e566a9219ee5cc26157dfb13	PASS	Manually reviewed exact production-render screenshot in owned contact page
client_screenshot	0879_vfx011-hud-energy-projection-half15-normal.png	aa2360c015b74da873c7ae44efc6e7c0b1c5818d4cec9e942a01916ca3fdfe09	PASS	Manually reviewed exact production-render screenshot in owned contact page
client_screenshot	0880_vfx011-hud-energy-projection-half16-normal.png	0bbaae2d0227abd127ede62e7e70c2a8764eb7176a2a338aa4171dbf837019be	PASS	Manually reviewed exact production-render screenshot in owned contact page
client_screenshot	0881_vfx011-hud-energy-projection-half17-normal.png	b086c0128ca997d716e4cb4d5820b1884e4b78e0c6ee6f49590c3fb4f6047388	PASS	Manually reviewed exact production-render screenshot in owned contact page
client_screenshot	0882_vfx011-hud-energy-projection-half18-normal.png	d4dbe50ba4254b4057798469c72c32fde8e89979c36256208f7a2e2ff18cf30a	PASS	Manually reviewed exact production-render screenshot in owned contact page
client_screenshot	0883_vfx011-hud-energy-projection-half19-normal.png	35d21df4222d2d2523793fd04c7ed1f8a25b54612b71c6f0b669fe234b74ff4e	PASS	Manually reviewed exact production-render screenshot in owned contact page
client_screenshot	0884_vfx011-hud-energy-projection-half20-normal.png	92eb69588dc0e4143701d2cfa582db756737aff3c811e7e263e92f9e76a1dd60	PASS	Manually reviewed exact production-render screenshot in owned contact page
client_screenshot	0885_vfx011-hud-combination-slots_cooldowns-normal.png	463020b12ba9363a1d815d124220bebf2b5793b064dc8c06dc8d20dff7732b62	PASS	Manually reviewed exact production-render screenshot in owned contact page
client_screenshot	0886_vfx011-hud-combination-shadow_active-normal.png	6bd3e9b4c1f29c18c31f469b938020119ca58457bb64c9d1ad78ce9cd34fd471	PASS	Manually reviewed exact production-render screenshot in owned contact page
client_screenshot	0887_vfx011-hud-combination-shadow_recall-normal.png	c35bc541b50c3e927b4bd07471cab32c73f84f49722c7aa9365b445314ab1155	PASS	Manually reviewed exact production-render screenshot in owned contact page
client_screenshot	0888_vfx011-hud-combination-astral-normal.png	36586905295f363811a13ccacd9518f518b4c02037a1319190e3f6784b0a583f	PASS	Manually reviewed exact production-render screenshot in owned contact page
client_screenshot	0889_vfx011-hud-combination-vanilla_low_health-normal.png	1973a0f50fa7dd06ab1da5afab7bb7c93f4fe9507cbd18d0a60a9928626dd9f9	PASS	Manually reviewed exact production-render screenshot in owned contact page
client_screenshot	0890_vfx011-hud-combination-vanilla_armor-normal.png	953d0f6d43c764f7b7bb29fc46c5a565c2771deddaf36296bc031f6c64fe57c6	PASS	Manually reviewed exact production-render screenshot in owned contact page
client_screenshot	0891_vfx011-hud-combination-vanilla_air-normal.png	65dd83a92a164690f3412db7bfa4095898eb25798c2e734002d6ac8ff9453c71	PASS	Manually reviewed exact production-render screenshot in owned contact page
client_screenshot	0892_vfx011-hud-combination-vanilla_mount-normal.png	899127f672661bb609124baf7fb235d2c5171d1f6d274f0bba53cc436df993a2	PASS	Manually reviewed exact production-render screenshot in owned contact page
client_screenshot	0893_vfx011-hud-combination-vanilla_spectator-normal.png	fb7be92ab507a0aa731f318c6d39557c2401c108e1fee399376613fd3d03fb58	PASS	Manually reviewed exact production-render screenshot in owned contact page
client_screenshot	0894_vfx011-hud-energy-normal-half1-reduced.png	de7ab2c59fec12003c25f162387a803178dfaa2bb9c816541a0a1a4298d8bc7b	REPAIRED	Manually reviewed corrected production-render replacement; superseded frame excluded
client_screenshot	0895_vfx011-hud-energy-normal-half2-reduced.png	7a93efe32e92439ac433abeac713b95b00cb8a725a199cc906862c494437940e	PASS	Manually reviewed exact production-render screenshot in owned contact page
client_screenshot	0896_vfx011-hud-energy-normal-half3-reduced.png	f568f2fe87b305ad082f22b9b5f39f35f44fac7a2ad012fff2f89b5b1d7d0202	PASS	Manually reviewed exact production-render screenshot in owned contact page
client_screenshot	0897_vfx011-hud-energy-normal-half4-reduced.png	fe6edc3517068e0d834fe5cb294c11d5644c4b3a22551da8fd93474b4e5f43de	PASS	Manually reviewed exact production-render screenshot in owned contact page
client_screenshot	0898_vfx011-hud-energy-normal-half5-reduced.png	1825e9dda2778a267035a55656de5191de21467f9c42d3b9429b1ef6c0eb4a23	PASS	Manually reviewed exact production-render screenshot in owned contact page
client_screenshot	0899_vfx011-hud-energy-normal-half6-reduced.png	8c997faeaf77e238d828b7739f8b49539509f6143a2704aa4390355db51f82fa	PASS	Manually reviewed exact production-render screenshot in owned contact page
client_screenshot	0900_vfx011-hud-energy-normal-half7-reduced.png	ef0429ae2b4944f44f1be94a65dce21a059bce848524d0dc705333d4db0425fd	PASS	Manually reviewed exact production-render screenshot in owned contact page
client_screenshot	0901_vfx011-hud-energy-normal-half8-reduced.png	dcc90d00ffe58b75d3bc9e619aeeee158a5dc7557cf1c9d5b8d12a3d0eac9e57	PASS	Manually reviewed exact production-render screenshot in owned contact page
client_screenshot	0902_vfx011-hud-energy-normal-half9-reduced.png	dc7dbbd2562c9d4bcbd744741dd259ffb772bf2313d0174e3b990b6a424aa4b2	PASS	Manually reviewed exact production-render screenshot in owned contact page
client_screenshot	0903_vfx011-hud-energy-normal-half10-reduced.png	f4f2bc242b6f6297bd35fdf4316da79e400949fb9a6f03613270374ce46258e8	PASS	Manually reviewed exact production-render screenshot in owned contact page
client_screenshot	0904_vfx011-hud-energy-normal-half11-reduced.png	c5eeaa4f0d917afddcaeeff9f45bb40eff572ea425393fe42f10d4a19bc1a334	PASS	Manually reviewed exact production-render screenshot in owned contact page
client_screenshot	0905_vfx011-hud-energy-normal-half12-reduced.png	4351dcee1380951fe8c35951b595f51fc273a2fdf0a0648a045d62f899f829a1	PASS	Manually reviewed exact production-render screenshot in owned contact page
client_screenshot	0906_vfx011-hud-energy-normal-half13-reduced.png	6d73f044912921c1153d8dd8a8b2412c80ebeb9d246bba463b1cb6f3c7714fd1	PASS	Manually reviewed exact production-render screenshot in owned contact page
client_screenshot	0907_vfx011-hud-energy-normal-half14-reduced.png	ae9ba1b8652cece8367bd7a189cbc9b98bc34c9cb3da61b2d440df723af23ded	PASS	Manually reviewed exact production-render screenshot in owned contact page
client_screenshot	0908_vfx011-hud-energy-normal-half15-reduced.png	805ff5af4b53905ddb418ba356716c009f25f1a4dbc33c550dd3f7a68de4ad72	PASS	Manually reviewed exact production-render screenshot in owned contact page
client_screenshot	0909_vfx011-hud-energy-normal-half16-reduced.png	a62ae44b2aab937d9085de9c1da20bbe75c8dce791c081e8cf4b2526cde84c11	PASS	Manually reviewed exact production-render screenshot in owned contact page
client_screenshot	0910_vfx011-hud-energy-normal-half17-reduced.png	91e75f8b0f5e3f98864c8c4750f090f381a3476f86e3eddc2e3b07d618be4065	PASS	Manually reviewed exact production-render screenshot in owned contact page
client_screenshot	0911_vfx011-hud-energy-normal-half18-reduced.png	a84f3462379a11053f562ed51d322e9466f9c2614d10f4fd778baea0cad49936	PASS	Manually reviewed exact production-render screenshot in owned contact page
client_screenshot	0912_vfx011-hud-energy-normal-half19-reduced.png	b9b1c4ce45020a4212473644db7c53a6f27fa66fd62a31df7af8c335f95fe1b4	PASS	Manually reviewed exact production-render screenshot in owned contact page
client_screenshot	0913_vfx011-hud-energy-normal-half20-reduced.png	e59ae10cf7d31726c86647315c09c68650a1440e31572e23caeb4a90150c8d8a	PASS	Manually reviewed exact production-render screenshot in owned contact page
client_screenshot	0914_vfx011-hud-energy-empty-half0-reduced.png	9b754f21a6fffd59c6389f634905185bff6026ef37ac74e4715445e6df93d18c	PASS	Manually reviewed exact production-render screenshot in owned contact page
client_screenshot	0915_vfx011-hud-energy-dampened-half0-reduced.png	15571de0186d10d2b9998fa5904bc6943111628f846f7128011441c0fd97b598	PASS	Manually reviewed exact production-render screenshot in owned contact page
client_screenshot	0916_vfx011-hud-energy-dampened-half1-reduced.png	a92bc7ceafef0fb33aa2fc74414edb2eb5677927972efe3270b2bd4351728894	PASS	Manually reviewed exact production-render screenshot in owned contact page
client_screenshot	0917_vfx011-hud-energy-dampened-half2-reduced.png	6cfb46b52ed45d3c3fc3c86f707481990d32a4dc2a29e0e70ccb1f49a46b46eb	PASS	Manually reviewed exact production-render screenshot in owned contact page
client_screenshot	0918_vfx011-hud-energy-dampened-half3-reduced.png	0d20975f01acd397a21bf359e0fad9d5004111dd067fbf46f2be7d8d0fb2e5c4	PASS	Manually reviewed exact production-render screenshot in owned contact page
client_screenshot	0919_vfx011-hud-energy-dampened-half4-reduced.png	716cb8ffb421b2619c443c5e4e8272e8cf985bc07ecb0a4a279cec6a5bf0ba0e	PASS	Manually reviewed exact production-render screenshot in owned contact page
client_screenshot	0920_vfx011-hud-energy-dampened-half5-reduced.png	dd603ec6f3e93834657680759546d069ef2e84e3f956f666e18edd89eff4a5b6	PASS	Manually reviewed exact production-render screenshot in owned contact page
client_screenshot	0921_vfx011-hud-energy-dampened-half6-reduced.png	553fb1626a493ab0f24922a712734414d5b11e9525ec26001bd9c50dcbae22a4	PASS	Manually reviewed exact production-render screenshot in owned contact page
client_screenshot	0922_vfx011-hud-energy-dampened-half7-reduced.png	1b31931d0db0b8c370e6f48f4359106c565c6a29b3230a98f53b143c4d85e697	PASS	Manually reviewed exact production-render screenshot in owned contact page
client_screenshot	0923_vfx011-hud-energy-dampened-half8-reduced.png	c1a53873c1d75ae42baf855bdc538cf04ea204b639a767d6ee107a0192048b2a	PASS	Manually reviewed exact production-render screenshot in owned contact page
client_screenshot	0924_vfx011-hud-energy-dampened-half9-reduced.png	317f0c1714a95002f2dde0ba8974c3ab769009f77e227a398bc2e86c5544bfc1	PASS	Manually reviewed exact production-render screenshot in owned contact page
client_screenshot	0925_vfx011-hud-energy-dampened-half10-reduced.png	0c0ad473c4831b1e7a0e75e7ee3ab745bb650d51b3d65912809ede6f54a68ce5	PASS	Manually reviewed exact production-render screenshot in owned contact page
client_screenshot	0926_vfx011-hud-energy-dampened-half11-reduced.png	fc6f89bb7348c6b255075e8ae074f171f9cabb4c0419ec8d5f7ee2b32140fe8a	PASS	Manually reviewed exact production-render screenshot in owned contact page
client_screenshot	0927_vfx011-hud-energy-dampened-half12-reduced.png	17e53e28fe8f6b61da99f4a16edcfeb17d3cf17076e12e4f45e227455e8ad3ff	PASS	Manually reviewed exact production-render screenshot in owned contact page
client_screenshot	0928_vfx011-hud-energy-dampened-half13-reduced.png	d493108563041508a2448a34fc6a13c81c3386966d863fe73871b40b6e546807	PASS	Manually reviewed exact production-render screenshot in owned contact page
client_screenshot	0929_vfx011-hud-energy-dampened-half14-reduced.png	9da21a86501facabbb28bd65e422d21e31139389197467dce2d98cf653c3f304	PASS	Manually reviewed exact production-render screenshot in owned contact page
client_screenshot	0930_vfx011-hud-energy-dampened-half15-reduced.png	50ebb3f0c5bcc514760d7a0c5cf97fb9d6c4572833503dd901ec1a3bec848ed0	PASS	Manually reviewed exact production-render screenshot in owned contact page
client_screenshot	0931_vfx011-hud-energy-dampened-half16-reduced.png	6d47825a159ee8b6cf56cf18e8f3aff5687514febf6fb47195d3e2fd0fd5417e	PASS	Manually reviewed exact production-render screenshot in owned contact page
client_screenshot	0932_vfx011-hud-energy-dampened-half17-reduced.png	751589eade84f15585df7cd141bc310c57b34089060b2a38b9a44aa1b13eb654	PASS	Manually reviewed exact production-render screenshot in owned contact page
client_screenshot	0933_vfx011-hud-energy-dampened-half18-reduced.png	b28aed320da3cbb36f76932b2da2335a7c1d022ee386b2f355ccda4cff14e7ce	PASS	Manually reviewed exact production-render screenshot in owned contact page
client_screenshot	0934_vfx011-hud-energy-dampened-half19-reduced.png	df354079a2599f1e14b1f215ae87fbcb41a3cb7617d5b5fef9ca12db4d16be35	PASS	Manually reviewed exact production-render screenshot in owned contact page
client_screenshot	0935_vfx011-hud-energy-dampened-half20-reduced.png	b3c8aa8ea7022508a553c2b299d0a33aadc25eefbc1590367a14ae9e17c8deb9	PASS	Manually reviewed exact production-render screenshot in owned contact page
client_screenshot	0936_vfx011-hud-energy-darkness-half1-reduced.png	6e3d4d6b80e04bc30a4b7a268fde7fdf5553e0132d538f499cef3eb37b5cb685	PASS	Manually reviewed exact production-render screenshot in owned contact page
client_screenshot	0937_vfx011-hud-energy-darkness-half2-reduced.png	df8ad126fff2eb9c3b43ccddc31fc5b8aa3068f140dbd9a4ea567b061c927cc9	PASS	Manually reviewed exact production-render screenshot in owned contact page
client_screenshot	0938_vfx011-hud-energy-darkness-half3-reduced.png	6ee19f2655d558440a59de41af72bc3a1de6b771002bacabf460f231fdebec6a	PASS	Manually reviewed exact production-render screenshot in owned contact page
client_screenshot	0939_vfx011-hud-energy-darkness-half4-reduced.png	8d2a9a55bcdce65e9620af2d2f320d2ef55c6f5ddb6564e49cd0eb53806358eb	PASS	Manually reviewed exact production-render screenshot in owned contact page
client_screenshot	0940_vfx011-hud-energy-darkness-half5-reduced.png	ff1a6fdfe70107a6a2cc25a8635cf91532d464bafc9ecaae4d6e794f31fdf5ec	PASS	Manually reviewed exact production-render screenshot in owned contact page
client_screenshot	0941_vfx011-hud-energy-darkness-half6-reduced.png	721cee5018103c864a0ce33f9435676dc0a30542b0405d45576c3154b5678fe1	PASS	Manually reviewed exact production-render screenshot in owned contact page
client_screenshot	0942_vfx011-hud-energy-darkness-half7-reduced.png	b94ba105a01ee2543ecb7cc9f25a88d2bc58f28fb669aa1cb47f631778758dda	PASS	Manually reviewed exact production-render screenshot in owned contact page
client_screenshot	0943_vfx011-hud-energy-darkness-half8-reduced.png	b6b0245c08b3aa4fa87516c3865d755d6bfd06c07535b13f90ba581c74eb6e2b	PASS	Manually reviewed exact production-render screenshot in owned contact page
client_screenshot	0944_vfx011-hud-energy-darkness-half9-reduced.png	fc80d42fbfa06a249499912f6a6ce7d07829a061023da9d694b295e2ac76ab29	PASS	Manually reviewed exact production-render screenshot in owned contact page
client_screenshot	0945_vfx011-hud-energy-darkness-half10-reduced.png	0826c4f25ac519394022d23ee8bd75437dffbe167c88fe303a903cc362efef45	PASS	Manually reviewed exact production-render screenshot in owned contact page
client_screenshot	0946_vfx011-hud-energy-darkness-half11-reduced.png	715fdd9866050a616866dbcd11c8bccdba831f185983a47815f58469206a0ffa	PASS	Manually reviewed exact production-render screenshot in owned contact page
client_screenshot	0947_vfx011-hud-energy-darkness-half12-reduced.png	1a2d698589179b60f38fc4d0e0d53390f9da98eb49f0a8f8e243efee72a1e12e	PASS	Manually reviewed exact production-render screenshot in owned contact page
client_screenshot	0948_vfx011-hud-energy-darkness-half13-reduced.png	e6cb260f9dd9ac5ac84bd24023763ba2ee77b72b739b9685fcc8f1678c6b4669	PASS	Manually reviewed exact production-render screenshot in owned contact page
client_screenshot	0949_vfx011-hud-energy-darkness-half14-reduced.png	a24ba395814119a10c1ef8d6feb53fa2c23e52276cab91ea950b38eb87683652	PASS	Manually reviewed exact production-render screenshot in owned contact page
client_screenshot	0950_vfx011-hud-energy-darkness-half15-reduced.png	53d93db76752b213044701be1c4d8931299fb7f48ea6e0a1cbfc18f84abd1809	PASS	Manually reviewed exact production-render screenshot in owned contact page
client_screenshot	0951_vfx011-hud-energy-darkness-half16-reduced.png	e85cdca6d4f86abdbeb027bae27cea928233157f257235f8b7e1376a3e22ce41	PASS	Manually reviewed exact production-render screenshot in owned contact page
client_screenshot	0952_vfx011-hud-energy-darkness-half17-reduced.png	6f95a2d2c6f42fb779e5a46e367cbe79e8c9c4283966a8e12e9271288a9527e3	PASS	Manually reviewed exact production-render screenshot in owned contact page
client_screenshot	0953_vfx011-hud-energy-darkness-half18-reduced.png	4e1c7978ed3c06e60e8a981c7cd14101ef98b1d8c7d27ce43e11b55b9ddd5a54	PASS	Manually reviewed exact production-render screenshot in owned contact page
client_screenshot	0954_vfx011-hud-energy-darkness-half19-reduced.png	40f4ffe5b340c673bd66329bf704387dbad343f07618913513697987a578c6d2	PASS	Manually reviewed exact production-render screenshot in owned contact page
client_screenshot	0955_vfx011-hud-energy-darkness-half20-reduced.png	716403eafcb0431de178980395e7735f1bfc42e1f8924f0994351f014b119a49	PASS	Manually reviewed exact production-render screenshot in owned contact page
client_screenshot	0956_vfx011-hud-energy-projection-half1-reduced.png	3656b018fd8bf35a2ed7b6e09b69d826534cfb7e4fb8637adb53d99fb18d43e4	PASS	Manually reviewed exact production-render screenshot in owned contact page
client_screenshot	0957_vfx011-hud-energy-projection-half2-reduced.png	17ece23dcc67c3b3422e26dcdb059896ad0ee0dae3e1d488d44ea124ea6d51a6	PASS	Manually reviewed exact production-render screenshot in owned contact page
client_screenshot	0958_vfx011-hud-energy-projection-half3-reduced.png	7c03fd4214f8684408f66361587b6deca06cdfa15c450c7d91106d0ac8ba1497	PASS	Manually reviewed exact production-render screenshot in owned contact page
client_screenshot	0959_vfx011-hud-energy-projection-half4-reduced.png	b31aed6b42e4e0fc988455da438cc95469455dcdb9d92df543453fe9a95b7c63	PASS	Manually reviewed exact production-render screenshot in owned contact page
client_screenshot	0960_vfx011-hud-energy-projection-half5-reduced.png	0445f766b9fb10c8bd4387529c577bed3797a709538da09adeecce8612108029	PASS	Manually reviewed exact production-render screenshot in owned contact page
client_screenshot	0961_vfx011-hud-energy-projection-half6-reduced.png	57c43d2a8a7b0f0ce5077defbf8cc4378d467c6d79bff17793dcb15b9db22875	PASS	Manually reviewed exact production-render screenshot in owned contact page
client_screenshot	0962_vfx011-hud-energy-projection-half7-reduced.png	3ce51baf2c76fd7e52f0377dc29289030638734aa48598e376c6bb8e641240cc	PASS	Manually reviewed exact production-render screenshot in owned contact page
client_screenshot	0963_vfx011-hud-energy-projection-half8-reduced.png	263c83b58ce1a83fad8c15b946a1b6f59568e84352e6bd843806b61900a336e3	PASS	Manually reviewed exact production-render screenshot in owned contact page
client_screenshot	0964_vfx011-hud-energy-projection-half9-reduced.png	53b20b2876f3a234364939c67d4f24fe79c16ef50f238838817c080a191de7cd	PASS	Manually reviewed exact production-render screenshot in owned contact page
client_screenshot	0965_vfx011-hud-energy-projection-half10-reduced.png	e2938122b0599f676a32fae47c6d66a5ac5cf7c28fa97ed789cb5611e0a5af48	PASS	Manually reviewed exact production-render screenshot in owned contact page
client_screenshot	0966_vfx011-hud-energy-projection-half11-reduced.png	afd22d241aa6f77e498a443692f838c37d81360ef886d00012747939dee49b0b	PASS	Manually reviewed exact production-render screenshot in owned contact page
client_screenshot	0967_vfx011-hud-energy-projection-half12-reduced.png	58841aa6c50a3ca83a240eaa25618d7617ee8877404d0994dc18d62db746b788	PASS	Manually reviewed exact production-render screenshot in owned contact page
client_screenshot	0968_vfx011-hud-energy-projection-half13-reduced.png	d18169881466b831e1641eb17425bde062de70f087ae8cfbfed61bf9c375c875	PASS	Manually reviewed exact production-render screenshot in owned contact page
client_screenshot	0969_vfx011-hud-energy-projection-half14-reduced.png	7359c97af6b8ecf10733d7a9ac201fac483c96e2ea6461fa12c45cc573e646ff	PASS	Manually reviewed exact production-render screenshot in owned contact page
client_screenshot	0970_vfx011-hud-energy-projection-half15-reduced.png	164c419426dc81468bc3f64a68dabd5c16317bdf11eccc54d7e3e601e3862af0	PASS	Manually reviewed exact production-render screenshot in owned contact page
client_screenshot	0971_vfx011-hud-energy-projection-half16-reduced.png	c83700a30c9803aab17c212e92cc6b757133e45486c11f229db7874a175e6dab	PASS	Manually reviewed exact production-render screenshot in owned contact page
client_screenshot	0972_vfx011-hud-energy-projection-half17-reduced.png	3e2e477657a8952c95f4acf68b097369536dcfd953714995b7de6ffd8da15760	PASS	Manually reviewed exact production-render screenshot in owned contact page
client_screenshot	0973_vfx011-hud-energy-projection-half18-reduced.png	a1bdfa2440c3866c056d64b7dfdac38721875e467b8865eec646ee8012766b58	PASS	Manually reviewed exact production-render screenshot in owned contact page
client_screenshot	0974_vfx011-hud-energy-projection-half19-reduced.png	6df34fc8e0afe15f9e281ad7fdddfc2c2b3c430603d4082f980933aa0cce239e	PASS	Manually reviewed exact production-render screenshot in owned contact page
client_screenshot	0975_vfx011-hud-energy-projection-half20-reduced.png	66e676efc4592940426b449cc356273e6986c1583b7a672d99d34898151bb147	PASS	Manually reviewed exact production-render screenshot in owned contact page
client_screenshot	0976_vfx011-hud-combination-slots_cooldowns-reduced.png	2a2712ad2a5f0a0db4f0a3e8e232cc58236b18155fd42a291b5091b1da740667	REPAIRED	Manually reviewed corrected production-render replacement; superseded frame excluded
client_screenshot	0977_vfx011-hud-combination-shadow_active-reduced.png	811aa56057097ed54517849031b98cc4c7dd8d5f3c4a5d1c5cc1767dc522c20d	PASS	Manually reviewed exact production-render screenshot in owned contact page
client_screenshot	0978_vfx011-hud-combination-shadow_recall-reduced.png	e67c629b8c8c8a29ff0fce58262dbaaa78738e326781e320b5eb983171dda3f2	PASS	Manually reviewed exact production-render screenshot in owned contact page
client_screenshot	0979_vfx011-hud-combination-astral-reduced.png	34aef4b21e2c97e5acda223fa831122a1121e7630cef40cb1577e67a44c01ce0	PASS	Manually reviewed exact production-render screenshot in owned contact page
client_screenshot	0980_vfx011-hud-combination-vanilla_low_health-reduced.png	8ced81f10f9c56f97c74f37cae98c479aaceef157cf91beaed0fa763f888fc4e	PASS	Manually reviewed exact production-render screenshot in owned contact page
client_screenshot	0981_vfx011-hud-combination-vanilla_armor-reduced.png	afe654ed48320ed6c5fc2cf906da28d11dfd0c5cf0aad98c59ffa42e0530c00e	PASS	Manually reviewed exact production-render screenshot in owned contact page
client_screenshot	0982_vfx011-hud-combination-vanilla_air-reduced.png	533046dd2cd9f2d5e6f9d6a93aa26e8f6db96dbff2b35692eba578257511a767	PASS	Manually reviewed exact production-render screenshot in owned contact page
client_screenshot	0983_vfx011-hud-combination-vanilla_mount-reduced.png	418878c28669ccbbe4754ef91f266b757f0568fa3e641f372d21290b0063ee3f	PASS	Manually reviewed exact production-render screenshot in owned contact page
client_screenshot	0984_vfx011-hud-combination-vanilla_spectator-reduced.png	ba6c27a635ff7a2601973420f2fb1cb232ac11ab33570e4b418f695130f7a31b	REPAIRED	Manually reviewed corrected production-render replacement; superseded frame excluded
client_screenshot	0985_vfx011-gameplay-first_person-solstice.png	6d21dd92a8825ff378c942ebead8c258d67935797ec484225544950dfa5cacf9	PASS	Manually reviewed exact production-render screenshot in owned contact page
client_screenshot	0986_vfx011-gameplay-third_person-solstice.png	7fa87e80e8e59954d1f3ebecfdd2ec9ec729a72db0f6b63ebb13172cab196f92	PASS	Manually reviewed exact production-render screenshot in owned contact page
client_screenshot	0987_vfx011-boss-light_herald-progress72.png	0bece1fcde04b46ec15c1d8e245683294a8a0e9e428b0f99be9b18af8d1a387f	PASS	Manually reviewed exact production-render screenshot in owned contact page
client_screenshot	0988_vfx011-boss-dark_herald-progress38.png	102be7ece319c663225a1c7a39b9a785f98a55526d5c54f9abf3610076009780	PASS	Manually reviewed exact production-render screenshot in owned contact page
client_screenshot	0989_vfx011-boss-first_vessel-opening-progress90.png	f7050876d735942e9b732a004e128cfd9671882c78cb436209395285c907c29e	PASS	Manually reviewed exact production-render screenshot in owned contact page
client_screenshot	0990_vfx011-boss-first_vessel-unbound-progress52.png	45e812d5816cb94509765801ad30da8b899fdcde5f83e20d9d282bb07b3898ec	PASS	Manually reviewed exact production-render screenshot in owned contact page
client_screenshot	0991_vfx011-boss-first_vessel-last_covenant-progress14.png	2b61f67b12a9b89debcace105576baf237a3e7ac7b31d137d4047a75368c9f87	PASS	Manually reviewed exact production-render screenshot in owned contact page
client_page	client-000.png	216ce2fce01ebdf02c7dcac5a42976552d521a69da32f90063791b54782bb2cb	REPAIRED	Manually reviewed production contact page including identified replacement captures
client_page	client-001.png	78a7046497f3ba5a0680198376bc9aeb8b3b625c92ab228fa3aa90d3739902ea	PASS	Manually reviewed complete production-render contact page
client_page	client-002.png	81880053e834628f6b043c7cfdeef77b8bb847f76ac9fe1660d00c1d1f87d7ef	REPAIRED	Manually reviewed production contact page including identified replacement captures
client_page	client-003.png	815f133c6592bc37773e84993a3822649c7af7cbc28f719c4f9a66fd95bc21f5	PASS	Manually reviewed complete production-render contact page
client_page	client-004.png	4f4e1bb333e53c203692a820dcff7a442fdd1713b8523ff74bfe11053fa4928b	REPAIRED	Manually reviewed production contact page including identified replacement captures
client_page	client-005.png	43b25fcf6e3651b77c0c5f03ba9aff269d17c6275f368d919f60df8e26ab0951	PASS	Manually reviewed complete production-render contact page
client_page	client-006.png	b2bf7dcebbc90da8890ed69fc8601e537e544edd57dd52bd3e2600d76f84f3fe	REPAIRED	Manually reviewed production contact page including identified replacement captures
client_page	client-007.png	a0e901cc43d3bcbdc9726f6910f88107aa300353c02b70a0311b077997778355	PASS	Manually reviewed complete production-render contact page
client_page	client-008.png	c53172410858861b4e25df015c7eb6d0d78313b130235548a72f59e35aab13a3	REPAIRED	Manually reviewed production contact page including identified replacement captures
client_page	client-009.png	e75fc8cafc32b6ee15eeb8ac985d02b4287f792e76504a32ddffe3c91b8498fd	PASS	Manually reviewed complete production-render contact page
client_page	client-010.png	46548f444a6d2618a95c2250f43ae273e108304e61028088b795bb5316e0947e	REPAIRED	Manually reviewed production contact page including identified replacement captures
client_page	client-011.png	af1d53acd1a0ef0e29c65a5a667d9b8d57a18562c1705350405276dde3cb1edc	PASS	Manually reviewed complete production-render contact page
client_page	client-012.png	3e0c4f8bd734daf33b2fc542203efed418b0f09906b798bd70faf369dddde278	REPAIRED	Manually reviewed production contact page including identified replacement captures
client_page	client-013.png	224d44b7e2391d0c5c0667dd7cc36096584f6a2326ce4a69a8c4731534269d2e	PASS	Manually reviewed complete production-render contact page
client_page	client-014.png	860ec518296bb4d566a4dd7f17934e5dbc61ae8d53195c5a3b58982dba0cccbd	REPAIRED	Manually reviewed production contact page including identified replacement captures
client_page	client-015.png	6e6574227faf64b9e496d0cac1d7a27ad8574a7d3a0d3e4412c5ec8ed087e075	PASS	Manually reviewed complete production-render contact page
client_page	client-016.png	8227dd7d60022aa50a818b1577bda776bd2f64fb7d99d2f94ba4b87780392f2e	REPAIRED	Manually reviewed production contact page including identified replacement captures
client_page	client-017.png	062aa876637e93cbec91443ca6d33604c76c7e1a2f27c7c6ec05adddaab2dd94	PASS	Manually reviewed complete production-render contact page
client_page	client-018.png	7115a31efb39018bb49e6b6f6b849a2c8e6552d5d9291969daa0fc562bf17feb	REPAIRED	Manually reviewed production contact page including identified replacement captures
client_page	client-019.png	e5195aaecf8c9ec406a533ceedd8742e753018ad767d0eb8555b35a5874f5722	PASS	Manually reviewed complete production-render contact page
client_page	client-020.png	d1a3b64ec87f97ca5b7d374f05f220a4301eb804448ae1859a9a7018779e497d	PASS	Manually reviewed complete production-render contact page
client_page	client-021.png	5ba0ae66f35aea9847f794cf0580a77a4e34af51319d2eec60fed3eefc991ef7	REPAIRED	Manually reviewed production contact page including identified replacement captures
client_page	client-022.png	bc08c03322477138080402ddb35bb9eab9d0ce561aea2a85224a2d59a6c1b2ec	REPAIRED	Manually reviewed production contact page including identified replacement captures
client_page	client-023.png	1b4c420ca444e185c1040945f7b6c3122db7c6fe5fed660974e8f29d10b0b060	PASS	Manually reviewed complete production-render contact page
client_page	client-024.png	651cdc75e33adb23ea887476ceba9912855caa715dd75c5a0b069b50b682ce4a	PASS	Manually reviewed complete production-render contact page
client_page	client-025.png	ecfc27282a656fbbe5b3c73114d5f33fa8d8880a8184d876bda0fb957baa7f98	REPAIRED	Manually reviewed production contact page including identified replacement captures
client_page	client-026.png	61d5cb3c3b9fa39055c3b93b8ec9b9fec39ca8baffa8f90328ffe86e544addfd	REPAIRED	Manually reviewed production contact page including identified replacement captures
client_page	client-027.png	6eb0d90c346be630b49c819e87fd20e09ec393b6e588c855ecee9bb087323615	REPAIRED	Manually reviewed production contact page including identified replacement captures
client_page	client-028.png	b7f109c2be3676d047647e2f3d8ec4b40ad8758ff2d2769fd0f8270f1b94a8f9	REPAIRED	Manually reviewed production contact page including identified replacement captures
client_page	client-029.png	31653ff5e6ecf4b2416173906eb78b8bf5846c26d03f40647c104b45054150df	REPAIRED	Manually reviewed production contact page including identified replacement captures
client_page	client-030.png	0b9d4de2eecab78b655413d8092e2b58d125972eeed316ea80b10affa27904bd	REPAIRED	Manually reviewed production contact page including identified replacement captures
client_page	client-031.png	6eb9f195895583ef916649a5d402204c1c6e275adf03e0805b0605ef0f244ac0	REPAIRED	Manually reviewed production contact page including identified replacement captures
client_page	client-032.png	35b6feed26c29fb2d0bc0f8b59c85d6b56c35c9e552495946fda9b2c4ae160f1	REPAIRED	Manually reviewed production contact page including identified replacement captures
client_page	client-033.png	d11f5b145ad1661370b536810adb80ef91469bba520b09de4ac7e3d6be5757d9	REPAIRED	Manually reviewed production contact page including identified replacement captures
client_page	client-034.png	e76ce39179bce563080240334550a64be10aeb0962d11416324f325b4b5bb28e	REPAIRED	Manually reviewed production contact page including identified replacement captures
client_page	client-035.png	e7448b4bd5199a390970a1a86bb3c18a826c2fc4a8cddf8291560d5a4b1b3d25	REPAIRED	Manually reviewed production contact page including identified replacement captures
client_page	client-036.png	2bb86daad5761f64e05e6fdb8fb43b208e42263f6808245f8fbea631499e13c5	REPAIRED	Manually reviewed production contact page including identified replacement captures
client_page	client-037.png	d8103f144b2778dfb9c39b80889f07a340c2710f7c0d6258674fb10e137c8ca6	REPAIRED	Manually reviewed production contact page including identified replacement captures
client_page	client-038.png	3c477cbc9aa6e01c3f0421daf1a46a3520c24c5598beb50d39254a6f45fe13a3	REPAIRED	Manually reviewed production contact page including identified replacement captures
client_page	client-039.png	c4b2429b3524e02fd4ebf4f7a9b06e5b4613c4de33bb78faa5ff3b7ab7bc1ad5	REPAIRED	Manually reviewed production contact page including identified replacement captures
client_page	client-040.png	cebee20af8ced84e65c97b950e03530933d9f461ba5f1110ef3a14989907205c	PASS	Manually reviewed complete production-render contact page
client_page	client-041.png	4f9f1c4abc203eefaf1e612171874ec6492f434354f7f186e14f9a17e57732d3	PASS	Manually reviewed complete production-render contact page
client_page	client-042.png	ac2d7bfc602fe2d85c87ab8f9aa866b027246cc8294c1420d0f93f876a3f7649	PASS	Manually reviewed complete production-render contact page
client_page	client-043.png	6f927e88ba03cffbdc5bb90fee429185c692d4907d48ba87b96d4842582c44aa	REPAIRED	Manually reviewed production contact page including identified replacement captures
client_page	client-044.png	a173dabc7eff6ccee8349e2c511ec0da4b7d97271b8464213e8f3b783cf79f74	PASS	Manually reviewed complete production-render contact page
client_page	client-045.png	127073dd5dabef271e5019f9b6a19b5ee170f9137caa610a22d4ea9e8ee864b5	PASS	Manually reviewed complete production-render contact page
client_page	client-046.png	899095d722fb8fb39d51582e479810fe77051f76ca457a492d908fa537be013f	PASS	Manually reviewed complete production-render contact page
client_page	client-047.png	4ce7da689cc37f7dd1e780ac5a67f23c5492f156e6bab2ec1b6574f5d97d6a2b	REPAIRED	Manually reviewed production contact page including identified replacement captures
client_page	client-048.png	42a51912d741fca4c0c509f7d14d1ce2b9c88eedec7a52be12a740df77175792	REPAIRED	Manually reviewed production contact page including identified replacement captures
two_client_capture	locator-01.png	2ecead775b430cec3fc41f4fdc049e65b2066277b57f6f9cc0c89320f6249a66	REPAIRED	Manually reviewed clean real-two-client replay; UI-noise predecessor rejected
two_client_capture	darkness-01.png	15627934286d394616908173be0f49db9f12879f29c918eba99350e403490da1	REPAIRED	Manually reviewed clean real-two-client replay; UI-noise predecessor rejected
