first,second,first_origin,second_origin,outcome,motif,sound,intensity,first_potency,second_potency,first_duration,second_duration,first_range,second_range,replacement_aspect,blocks_first,blocks_second,mechanics
amethyst_block,amethyst_block,AMETHYST,AMETHYST,RESONATE,sealed_resonance,interaction_clash,2,0.850,0.850,0.850,0.850,1.000,1.000,,false,false,Suppression fields reinforce while slightly damping one another.
amethyst_block,amethyst_item,AMETHYST,AMETHYST,RESONATE,sealed_resonance,interaction_clash,2,0.850,0.850,0.850,0.850,1.000,1.000,,false,false,Suppression fields reinforce while slightly damping one another.
amethyst_block,amethyst_ward,AMETHYST,AMETHYST,RESONATE,sealed_resonance,interaction_clash,2,0.850,0.850,0.850,0.850,1.000,1.000,,false,false,Suppression fields reinforce while slightly damping one another.
amethyst_block,anti_portal_field,AMETHYST,SPELL,RESONATE,sealed_resonance,interaction_clash,2,0.850,0.850,0.850,0.850,1.000,1.000,,false,false,Suppression fields reinforce while slightly damping one another.
amethyst_block,astral_projection,AMETHYST,INNATE,CANCEL,amethyst_grounding,interaction_clash,4,1.000,0.000,1.000,0.000,1.000,0.000,,false,true,Anchored amethyst overcomes the incoming magical presence.
amethyst_block,banishment_circle,AMETHYST,SPELL,RESONATE,sealed_resonance,interaction_clash,2,0.850,0.850,0.850,0.850,1.000,1.000,,false,false,Suppression fields reinforce while slightly damping one another.
amethyst_block,binding_sigil,AMETHYST,SPELL,RESONATE,sealed_resonance,interaction_clash,2,0.850,0.850,0.850,0.850,1.000,1.000,,false,false,Suppression fields reinforce while slightly damping one another.
amethyst_block,breezy_bash,AMETHYST,INNATE,CANCEL,amethyst_grounding,interaction_clash,4,1.000,0.000,1.000,0.000,1.000,0.000,,false,true,Anchored amethyst overcomes the incoming magical presence.
amethyst_block,chrono_stop,AMETHYST,CRYSTAL,CANCEL,amethyst_grounding,interaction_clash,4,1.000,0.000,1.000,0.000,1.000,0.000,,false,true,Anchored amethyst overcomes the incoming magical presence.
amethyst_block,clone_swarm,AMETHYST,CRYSTAL,CANCEL,amethyst_grounding,interaction_clash,4,1.000,0.000,1.000,0.000,1.000,0.000,,false,true,Anchored amethyst overcomes the incoming magical presence.
amethyst_block,concealment_veil,AMETHYST,SPELL,CANCEL,amethyst_grounding,interaction_clash,4,1.000,0.000,1.000,0.000,1.000,0.000,,false,true,Anchored amethyst overcomes the incoming magical presence.
amethyst_block,controlled_hellfire,AMETHYST,SPELL,CANCEL,amethyst_grounding,interaction_clash,4,1.000,0.000,1.000,0.000,1.000,0.000,,false,true,Anchored amethyst overcomes the incoming magical presence.
amethyst_block,counterspell,AMETHYST,SPELL,RESONATE,sealed_resonance,interaction_clash,2,0.850,0.850,0.850,0.850,1.000,1.000,,false,false,Suppression fields reinforce while slightly damping one another.
amethyst_block,cozy_campfire,AMETHYST,INNATE,CANCEL,amethyst_grounding,interaction_clash,4,1.000,0.000,1.000,0.000,1.000,0.000,,false,true,Anchored amethyst overcomes the incoming magical presence.
amethyst_block,creativity_manifestation,AMETHYST,CRYSTAL,CANCEL,amethyst_grounding,interaction_clash,4,1.000,0.000,1.000,0.000,1.000,0.000,,false,true,Anchored amethyst overcomes the incoming magical presence.
amethyst_block,dark_crystal,AMETHYST,CRYSTAL,CANCEL,amethyst_grounding,interaction_clash,4,1.000,0.000,1.000,0.000,1.000,0.000,,false,true,Anchored amethyst overcomes the incoming magical presence.
amethyst_block,dimensional_anchor,AMETHYST,SPELL,RESONATE,sealed_resonance,interaction_clash,2,0.850,0.850,0.850,0.850,1.000,1.000,,false,false,Suppression fields reinforce while slightly damping one another.
amethyst_block,dispel,AMETHYST,SPELL,RESONATE,sealed_resonance,interaction_clash,2,0.850,0.850,0.850,0.850,1.000,1.000,,false,false,Suppression fields reinforce while slightly damping one another.
amethyst_block,double_health,AMETHYST,INNATE,CANCEL,amethyst_grounding,interaction_clash,4,1.000,0.000,1.000,0.000,1.000,0.000,,false,true,Anchored amethyst overcomes the incoming magical presence.
amethyst_block,dreamwalking,AMETHYST,CRYSTAL,CANCEL,amethyst_grounding,interaction_clash,4,1.000,0.000,1.000,0.000,1.000,0.000,,false,true,Anchored amethyst overcomes the incoming magical presence.
amethyst_block,elemental_blast,AMETHYST,INNATE,CANCEL,amethyst_grounding,interaction_clash,4,1.000,0.000,1.000,0.000,1.000,0.000,,false,true,Anchored amethyst overcomes the incoming magical presence.
amethyst_block,energy_beam,AMETHYST,INNATE,CANCEL,amethyst_grounding,interaction_clash,4,1.000,0.000,1.000,0.000,1.000,0.000,,false,true,Anchored amethyst overcomes the incoming magical presence.
amethyst_block,energy_drain,AMETHYST,INNATE,CANCEL,amethyst_grounding,interaction_clash,4,1.000,0.000,1.000,0.000,1.000,0.000,,false,true,Anchored amethyst overcomes the incoming magical presence.
amethyst_block,fireball,AMETHYST,INNATE,CANCEL,amethyst_grounding,interaction_clash,4,1.000,0.000,1.000,0.000,1.000,0.000,,false,true,Anchored amethyst overcomes the incoming magical presence.
amethyst_block,flight,AMETHYST,INNATE,CANCEL,amethyst_grounding,interaction_clash,4,1.000,0.000,1.000,0.000,1.000,0.000,,false,true,Anchored amethyst overcomes the incoming magical presence.
amethyst_block,forcefield,AMETHYST,INNATE,CANCEL,amethyst_grounding,interaction_clash,4,1.000,0.000,1.000,0.000,1.000,0.000,,false,true,Anchored amethyst overcomes the incoming magical presence.
amethyst_block,frost_nova,AMETHYST,INNATE,CANCEL,amethyst_grounding,interaction_clash,4,1.000,0.000,1.000,0.000,1.000,0.000,,false,true,Anchored amethyst overcomes the incoming magical presence.
amethyst_block,gravity_displacement,AMETHYST,INNATE,CANCEL,amethyst_grounding,interaction_clash,4,1.000,0.000,1.000,0.000,1.000,0.000,,false,true,Anchored amethyst overcomes the incoming magical presence.
amethyst_block,ground_slam,AMETHYST,INNATE,CANCEL,amethyst_grounding,interaction_clash,4,1.000,0.000,1.000,0.000,1.000,0.000,,false,true,Anchored amethyst overcomes the incoming magical presence.
amethyst_block,hex,AMETHYST,SPELL,CANCEL,amethyst_grounding,interaction_clash,4,1.000,0.000,1.000,0.000,1.000,0.000,,false,true,Anchored amethyst overcomes the incoming magical presence.
amethyst_block,ice_manipulation,AMETHYST,INNATE,CANCEL,amethyst_grounding,interaction_clash,4,1.000,0.000,1.000,0.000,1.000,0.000,,false,true,Anchored amethyst overcomes the incoming magical presence.
amethyst_block,infernal_seal,AMETHYST,SPELL,RESONATE,sealed_resonance,interaction_clash,2,0.850,0.850,0.850,0.850,1.000,1.000,,false,false,Suppression fields reinforce while slightly damping one another.
amethyst_block,inferno,AMETHYST,CRYSTAL,CANCEL,amethyst_grounding,interaction_clash,4,1.000,0.000,1.000,0.000,1.000,0.000,,false,true,Anchored amethyst overcomes the incoming magical presence.
amethyst_block,invisibility,AMETHYST,INNATE,CANCEL,amethyst_grounding,interaction_clash,4,1.000,0.000,1.000,0.000,1.000,0.000,,false,true,Anchored amethyst overcomes the incoming magical presence.
amethyst_block,kinetic_ward,AMETHYST,SPELL,CANCEL,amethyst_grounding,interaction_clash,4,1.000,0.000,1.000,0.000,1.000,0.000,,false,true,Anchored amethyst overcomes the incoming magical presence.
amethyst_block,life_bloom,AMETHYST,CRYSTAL,CANCEL,amethyst_grounding,interaction_clash,4,1.000,0.000,1.000,0.000,1.000,0.000,,false,true,Anchored amethyst overcomes the incoming magical presence.
amethyst_block,light_crystal,AMETHYST,CRYSTAL,CANCEL,amethyst_grounding,interaction_clash,4,1.000,0.000,1.000,0.000,1.000,0.000,,false,true,Anchored amethyst overcomes the incoming magical presence.
amethyst_block,lightning_strike,AMETHYST,INNATE,CANCEL,amethyst_grounding,interaction_clash,4,1.000,0.000,1.000,0.000,1.000,0.000,,false,true,Anchored amethyst overcomes the incoming magical presence.
amethyst_block,middleworld,AMETHYST,CRYSTAL,CANCEL,amethyst_grounding,interaction_clash,4,1.000,0.000,1.000,0.000,1.000,0.000,,false,true,Anchored amethyst overcomes the incoming magical presence.
amethyst_block,plant_healing_acceleration,AMETHYST,INNATE,CANCEL,amethyst_grounding,interaction_clash,4,1.000,0.000,1.000,0.000,1.000,0.000,,false,true,Anchored amethyst overcomes the incoming magical presence.
amethyst_block,portal_rift,AMETHYST,CRYSTAL,CANCEL,amethyst_grounding,interaction_clash,4,1.000,0.000,1.000,0.000,1.000,0.000,,false,true,Anchored amethyst overcomes the incoming magical presence.
amethyst_block,purification_circle,AMETHYST,SPELL,RESONATE,sealed_resonance,interaction_clash,2,0.850,0.850,0.850,0.850,1.000,1.000,,false,false,Suppression fields reinforce while slightly damping one another.
amethyst_block,ritual_amplification,AMETHYST,SPELL,CANCEL,amethyst_grounding,interaction_clash,4,1.000,0.000,1.000,0.000,1.000,0.000,,false,true,Anchored amethyst overcomes the incoming magical presence.
amethyst_block,root_binding,AMETHYST,SPELL,CANCEL,amethyst_grounding,interaction_clash,4,1.000,0.000,1.000,0.000,1.000,0.000,,false,true,Anchored amethyst overcomes the incoming magical presence.
amethyst_block,sanctuary_growth,AMETHYST,SPELL,CANCEL,amethyst_grounding,interaction_clash,4,1.000,0.000,1.000,0.000,1.000,0.000,,false,true,Anchored amethyst overcomes the incoming magical presence.
amethyst_block,shadow_step,AMETHYST,INNATE,CANCEL,amethyst_grounding,interaction_clash,4,1.000,0.000,1.000,0.000,1.000,0.000,,false,true,Anchored amethyst overcomes the incoming magical presence.
amethyst_block,size_shift,AMETHYST,CRYSTAL,CANCEL,amethyst_grounding,interaction_clash,4,1.000,0.000,1.000,0.000,1.000,0.000,,false,true,Anchored amethyst overcomes the incoming magical presence.
amethyst_block,slow_world,AMETHYST,INNATE,CANCEL,amethyst_grounding,interaction_clash,4,1.000,0.000,1.000,0.000,1.000,0.000,,false,true,Anchored amethyst overcomes the incoming magical presence.
amethyst_block,soul_compass,AMETHYST,SPELL,CANCEL,amethyst_grounding,interaction_clash,4,1.000,0.000,1.000,0.000,1.000,0.000,,false,true,Anchored amethyst overcomes the incoming magical presence.
amethyst_block,soul_link,AMETHYST,CRYSTAL,CANCEL,amethyst_grounding,interaction_clash,4,1.000,0.000,1.000,0.000,1.000,0.000,,false,true,Anchored amethyst overcomes the incoming magical presence.
amethyst_block,space_time,AMETHYST,CRYSTAL,CANCEL,amethyst_grounding,interaction_clash,4,1.000,0.000,1.000,0.000,1.000,0.000,,false,true,Anchored amethyst overcomes the incoming magical presence.
amethyst_block,speed_burst,AMETHYST,INNATE,CANCEL,amethyst_grounding,interaction_clash,4,1.000,0.000,1.000,0.000,1.000,0.000,,false,true,Anchored amethyst overcomes the incoming magical presence.
amethyst_block,starfall,AMETHYST,INNATE,CANCEL,amethyst_grounding,interaction_clash,4,1.000,0.000,1.000,0.000,1.000,0.000,,false,true,Anchored amethyst overcomes the incoming magical presence.
amethyst_block,super_speed,AMETHYST,INNATE,CANCEL,amethyst_grounding,interaction_clash,4,1.000,0.000,1.000,0.000,1.000,0.000,,false,true,Anchored amethyst overcomes the incoming magical presence.
amethyst_block,telekinesis,AMETHYST,INNATE,CANCEL,amethyst_grounding,interaction_clash,4,1.000,0.000,1.000,0.000,1.000,0.000,,false,true,Anchored amethyst overcomes the incoming magical presence.
amethyst_block,time_freeze,AMETHYST,INNATE,CANCEL,amethyst_grounding,interaction_clash,4,1.000,0.000,1.000,0.000,1.000,0.000,,false,true,Anchored amethyst overcomes the incoming magical presence.
amethyst_block,time_shift,AMETHYST,INNATE,CANCEL,amethyst_grounding,interaction_clash,4,1.000,0.000,1.000,0.000,1.000,0.000,,false,true,Anchored amethyst overcomes the incoming magical presence.
amethyst_block,tracking_mark,AMETHYST,SPELL,CANCEL,amethyst_grounding,interaction_clash,4,1.000,0.000,1.000,0.000,1.000,0.000,,false,true,Anchored amethyst overcomes the incoming magical presence.
amethyst_block,vessel_possession,AMETHYST,INNATE,CANCEL,amethyst_grounding,interaction_clash,4,1.000,0.000,1.000,0.000,1.000,0.000,,false,true,Anchored amethyst overcomes the incoming magical presence.
amethyst_block,vitality_transfer,AMETHYST,SPELL,CANCEL,amethyst_grounding,interaction_clash,4,1.000,0.000,1.000,0.000,1.000,0.000,,false,true,Anchored amethyst overcomes the incoming magical presence.
amethyst_block,void_beam,AMETHYST,INNATE,CANCEL,amethyst_grounding,interaction_clash,4,1.000,0.000,1.000,0.000,1.000,0.000,,false,true,Anchored amethyst overcomes the incoming magical presence.
amethyst_block,ward_breaking_ritual,AMETHYST,SPELL,RESONATE,sealed_resonance,interaction_clash,2,0.850,0.850,0.850,0.850,1.000,1.000,,false,false,Suppression fields reinforce while slightly damping one another.
amethyst_block,weather_sigil,AMETHYST,SPELL,CANCEL,amethyst_grounding,interaction_clash,4,1.000,0.000,1.000,0.000,1.000,0.000,,false,true,Anchored amethyst overcomes the incoming magical presence.
amethyst_item,amethyst_item,AMETHYST,AMETHYST,RESONATE,sealed_resonance,interaction_clash,2,0.850,0.850,0.850,0.850,1.000,1.000,,false,false,Suppression fields reinforce while slightly damping one another.
amethyst_item,amethyst_ward,AMETHYST,AMETHYST,RESONATE,sealed_resonance,interaction_clash,2,0.850,0.850,0.850,0.850,1.000,1.000,,false,false,Suppression fields reinforce while slightly damping one another.
amethyst_item,anti_portal_field,AMETHYST,SPELL,RESONATE,sealed_resonance,interaction_clash,2,0.850,0.850,0.850,0.850,1.000,1.000,,false,false,Suppression fields reinforce while slightly damping one another.
amethyst_item,astral_projection,AMETHYST,INNATE,DAMPEN,amethyst_hum,interaction_clash,2,1.000,0.550,1.000,0.550,1.000,1.000,,false,false,Carried amethyst dampens but does not fully erase the force.
amethyst_item,banishment_circle,AMETHYST,SPELL,RESONATE,sealed_resonance,interaction_clash,2,0.850,0.850,0.850,0.850,1.000,1.000,,false,false,Suppression fields reinforce while slightly damping one another.
amethyst_item,binding_sigil,AMETHYST,SPELL,RESONATE,sealed_resonance,interaction_clash,2,0.850,0.850,0.850,0.850,1.000,1.000,,false,false,Suppression fields reinforce while slightly damping one another.
amethyst_item,breezy_bash,AMETHYST,INNATE,DAMPEN,amethyst_hum,interaction_clash,2,1.000,0.550,1.000,0.550,1.000,1.000,,false,false,Carried amethyst dampens but does not fully erase the force.
amethyst_item,chrono_stop,AMETHYST,CRYSTAL,DAMPEN,amethyst_hum,interaction_clash,2,1.000,0.550,1.000,0.550,1.000,1.000,,false,false,Carried amethyst dampens but does not fully erase the force.
amethyst_item,clone_swarm,AMETHYST,CRYSTAL,DAMPEN,amethyst_hum,interaction_clash,2,1.000,0.550,1.000,0.550,1.000,1.000,,false,false,Carried amethyst dampens but does not fully erase the force.
amethyst_item,concealment_veil,AMETHYST,SPELL,DAMPEN,amethyst_hum,interaction_clash,2,1.000,0.550,1.000,0.550,1.000,1.000,,false,false,Carried amethyst dampens but does not fully erase the force.
amethyst_item,controlled_hellfire,AMETHYST,SPELL,DAMPEN,amethyst_hum,interaction_clash,2,1.000,0.550,1.000,0.550,1.000,1.000,,false,false,Carried amethyst dampens but does not fully erase the force.
amethyst_item,counterspell,AMETHYST,SPELL,RESONATE,sealed_resonance,interaction_clash,2,0.850,0.850,0.850,0.850,1.000,1.000,,false,false,Suppression fields reinforce while slightly damping one another.
amethyst_item,cozy_campfire,AMETHYST,INNATE,DAMPEN,amethyst_hum,interaction_clash,2,1.000,0.550,1.000,0.550,1.000,1.000,,false,false,Carried amethyst dampens but does not fully erase the force.
amethyst_item,creativity_manifestation,AMETHYST,CRYSTAL,DAMPEN,amethyst_hum,interaction_clash,2,1.000,0.550,1.000,0.550,1.000,1.000,,false,false,Carried amethyst dampens but does not fully erase the force.
amethyst_item,dark_crystal,AMETHYST,CRYSTAL,DAMPEN,amethyst_hum,interaction_clash,2,1.000,0.550,1.000,0.550,1.000,1.000,,false,false,Carried amethyst dampens but does not fully erase the force.
amethyst_item,dimensional_anchor,AMETHYST,SPELL,RESONATE,sealed_resonance,interaction_clash,2,0.850,0.850,0.850,0.850,1.000,1.000,,false,false,Suppression fields reinforce while slightly damping one another.
amethyst_item,dispel,AMETHYST,SPELL,RESONATE,sealed_resonance,interaction_clash,2,0.850,0.850,0.850,0.850,1.000,1.000,,false,false,Suppression fields reinforce while slightly damping one another.
amethyst_item,double_health,AMETHYST,INNATE,DAMPEN,amethyst_hum,interaction_clash,2,1.000,0.550,1.000,0.550,1.000,1.000,,false,false,Carried amethyst dampens but does not fully erase the force.
amethyst_item,dreamwalking,AMETHYST,CRYSTAL,DAMPEN,amethyst_hum,interaction_clash,2,1.000,0.550,1.000,0.550,1.000,1.000,,false,false,Carried amethyst dampens but does not fully erase the force.
amethyst_item,elemental_blast,AMETHYST,INNATE,DAMPEN,amethyst_hum,interaction_clash,2,1.000,0.550,1.000,0.550,1.000,1.000,,false,false,Carried amethyst dampens but does not fully erase the force.
amethyst_item,energy_beam,AMETHYST,INNATE,DAMPEN,amethyst_hum,interaction_clash,2,1.000,0.550,1.000,0.550,1.000,1.000,,false,false,Carried amethyst dampens but does not fully erase the force.
amethyst_item,energy_drain,AMETHYST,INNATE,DAMPEN,amethyst_hum,interaction_clash,2,1.000,0.550,1.000,0.550,1.000,1.000,,false,false,Carried amethyst dampens but does not fully erase the force.
amethyst_item,fireball,AMETHYST,INNATE,DAMPEN,amethyst_hum,interaction_clash,2,1.000,0.550,1.000,0.550,1.000,1.000,,false,false,Carried amethyst dampens but does not fully erase the force.
amethyst_item,flight,AMETHYST,INNATE,DAMPEN,amethyst_hum,interaction_clash,2,1.000,0.550,1.000,0.550,1.000,1.000,,false,false,Carried amethyst dampens but does not fully erase the force.
amethyst_item,forcefield,AMETHYST,INNATE,DAMPEN,amethyst_hum,interaction_clash,2,1.000,0.550,1.000,0.550,1.000,1.000,,false,false,Carried amethyst dampens but does not fully erase the force.
amethyst_item,frost_nova,AMETHYST,INNATE,DAMPEN,amethyst_hum,interaction_clash,2,1.000,0.550,1.000,0.550,1.000,1.000,,false,false,Carried amethyst dampens but does not fully erase the force.
amethyst_item,gravity_displacement,AMETHYST,INNATE,DAMPEN,amethyst_hum,interaction_clash,2,1.000,0.550,1.000,0.550,1.000,1.000,,false,false,Carried amethyst dampens but does not fully erase the force.
amethyst_item,ground_slam,AMETHYST,INNATE,DAMPEN,amethyst_hum,interaction_clash,2,1.000,0.550,1.000,0.550,1.000,1.000,,false,false,Carried amethyst dampens but does not fully erase the force.
amethyst_item,hex,AMETHYST,SPELL,DAMPEN,amethyst_hum,interaction_clash,2,1.000,0.550,1.000,0.550,1.000,1.000,,false,false,Carried amethyst dampens but does not fully erase the force.
amethyst_item,ice_manipulation,AMETHYST,INNATE,DAMPEN,amethyst_hum,interaction_clash,2,1.000,0.550,1.000,0.550,1.000,1.000,,false,false,Carried amethyst dampens but does not fully erase the force.
amethyst_item,infernal_seal,AMETHYST,SPELL,RESONATE,sealed_resonance,interaction_clash,2,0.850,0.850,0.850,0.850,1.000,1.000,,false,false,Suppression fields reinforce while slightly damping one another.
amethyst_item,inferno,AMETHYST,CRYSTAL,DAMPEN,amethyst_hum,interaction_clash,2,1.000,0.550,1.000,0.550,1.000,1.000,,false,false,Carried amethyst dampens but does not fully erase the force.
amethyst_item,invisibility,AMETHYST,INNATE,DAMPEN,amethyst_hum,interaction_clash,2,1.000,0.550,1.000,0.550,1.000,1.000,,false,false,Carried amethyst dampens but does not fully erase the force.
amethyst_item,kinetic_ward,AMETHYST,SPELL,DAMPEN,amethyst_hum,interaction_clash,2,1.000,0.550,1.000,0.550,1.000,1.000,,false,false,Carried amethyst dampens but does not fully erase the force.
amethyst_item,life_bloom,AMETHYST,CRYSTAL,DAMPEN,amethyst_hum,interaction_clash,2,1.000,0.550,1.000,0.550,1.000,1.000,,false,false,Carried amethyst dampens but does not fully erase the force.
amethyst_item,light_crystal,AMETHYST,CRYSTAL,DAMPEN,amethyst_hum,interaction_clash,2,1.000,0.550,1.000,0.550,1.000,1.000,,false,false,Carried amethyst dampens but does not fully erase the force.
amethyst_item,lightning_strike,AMETHYST,INNATE,DAMPEN,amethyst_hum,interaction_clash,2,1.000,0.550,1.000,0.550,1.000,1.000,,false,false,Carried amethyst dampens but does not fully erase the force.
amethyst_item,middleworld,AMETHYST,CRYSTAL,DAMPEN,amethyst_hum,interaction_clash,2,1.000,0.550,1.000,0.550,1.000,1.000,,false,false,Carried amethyst dampens but does not fully erase the force.
amethyst_item,plant_healing_acceleration,AMETHYST,INNATE,DAMPEN,amethyst_hum,interaction_clash,2,1.000,0.550,1.000,0.550,1.000,1.000,,false,false,Carried amethyst dampens but does not fully erase the force.
amethyst_item,portal_rift,AMETHYST,CRYSTAL,DAMPEN,amethyst_hum,interaction_clash,2,1.000,0.550,1.000,0.550,1.000,1.000,,false,false,Carried amethyst dampens but does not fully erase the force.
amethyst_item,purification_circle,AMETHYST,SPELL,RESONATE,sealed_resonance,interaction_clash,2,0.850,0.850,0.850,0.850,1.000,1.000,,false,false,Suppression fields reinforce while slightly damping one another.
amethyst_item,ritual_amplification,AMETHYST,SPELL,DAMPEN,amethyst_hum,interaction_clash,2,1.000,0.550,1.000,0.550,1.000,1.000,,false,false,Carried amethyst dampens but does not fully erase the force.
amethyst_item,root_binding,AMETHYST,SPELL,DAMPEN,amethyst_hum,interaction_clash,2,1.000,0.550,1.000,0.550,1.000,1.000,,false,false,Carried amethyst dampens but does not fully erase the force.
amethyst_item,sanctuary_growth,AMETHYST,SPELL,DAMPEN,amethyst_hum,interaction_clash,2,1.000,0.550,1.000,0.550,1.000,1.000,,false,false,Carried amethyst dampens but does not fully erase the force.
amethyst_item,shadow_step,AMETHYST,INNATE,DAMPEN,amethyst_hum,interaction_clash,2,1.000,0.550,1.000,0.550,1.000,1.000,,false,false,Carried amethyst dampens but does not fully erase the force.
amethyst_item,size_shift,AMETHYST,CRYSTAL,DAMPEN,amethyst_hum,interaction_clash,2,1.000,0.550,1.000,0.550,1.000,1.000,,false,false,Carried amethyst dampens but does not fully erase the force.
amethyst_item,slow_world,AMETHYST,INNATE,DAMPEN,amethyst_hum,interaction_clash,2,1.000,0.550,1.000,0.550,1.000,1.000,,false,false,Carried amethyst dampens but does not fully erase the force.
amethyst_item,soul_compass,AMETHYST,SPELL,DAMPEN,amethyst_hum,interaction_clash,2,1.000,0.550,1.000,0.550,1.000,1.000,,false,false,Carried amethyst dampens but does not fully erase the force.
amethyst_item,soul_link,AMETHYST,CRYSTAL,DAMPEN,amethyst_hum,interaction_clash,2,1.000,0.550,1.000,0.550,1.000,1.000,,false,false,Carried amethyst dampens but does not fully erase the force.
amethyst_item,space_time,AMETHYST,CRYSTAL,DAMPEN,amethyst_hum,interaction_clash,2,1.000,0.550,1.000,0.550,1.000,1.000,,false,false,Carried amethyst dampens but does not fully erase the force.
amethyst_item,speed_burst,AMETHYST,INNATE,DAMPEN,amethyst_hum,interaction_clash,2,1.000,0.550,1.000,0.550,1.000,1.000,,false,false,Carried amethyst dampens but does not fully erase the force.
amethyst_item,starfall,AMETHYST,INNATE,DAMPEN,amethyst_hum,interaction_clash,2,1.000,0.550,1.000,0.550,1.000,1.000,,false,false,Carried amethyst dampens but does not fully erase the force.
amethyst_item,super_speed,AMETHYST,INNATE,DAMPEN,amethyst_hum,interaction_clash,2,1.000,0.550,1.000,0.550,1.000,1.000,,false,false,Carried amethyst dampens but does not fully erase the force.
amethyst_item,telekinesis,AMETHYST,INNATE,DAMPEN,amethyst_hum,interaction_clash,2,1.000,0.550,1.000,0.550,1.000,1.000,,false,false,Carried amethyst dampens but does not fully erase the force.
amethyst_item,time_freeze,AMETHYST,INNATE,DAMPEN,amethyst_hum,interaction_clash,2,1.000,0.550,1.000,0.550,1.000,1.000,,false,false,Carried amethyst dampens but does not fully erase the force.
amethyst_item,time_shift,AMETHYST,INNATE,DAMPEN,amethyst_hum,interaction_clash,2,1.000,0.550,1.000,0.550,1.000,1.000,,false,false,Carried amethyst dampens but does not fully erase the force.
amethyst_item,tracking_mark,AMETHYST,SPELL,DAMPEN,amethyst_hum,interaction_clash,2,1.000,0.550,1.000,0.550,1.000,1.000,,false,false,Carried amethyst dampens but does not fully erase the force.
amethyst_item,vessel_possession,AMETHYST,INNATE,DAMPEN,amethyst_hum,interaction_clash,2,1.000,0.550,1.000,0.550,1.000,1.000,,false,false,Carried amethyst dampens but does not fully erase the force.
amethyst_item,vitality_transfer,AMETHYST,SPELL,DAMPEN,amethyst_hum,interaction_clash,2,1.000,0.550,1.000,0.550,1.000,1.000,,false,false,Carried amethyst dampens but does not fully erase the force.
amethyst_item,void_beam,AMETHYST,INNATE,DAMPEN,amethyst_hum,interaction_clash,2,1.000,0.550,1.000,0.550,1.000,1.000,,false,false,Carried amethyst dampens but does not fully erase the force.
amethyst_item,ward_breaking_ritual,AMETHYST,SPELL,RESONATE,sealed_resonance,interaction_clash,2,0.850,0.850,0.850,0.850,1.000,1.000,,false,false,Suppression fields reinforce while slightly damping one another.
amethyst_item,weather_sigil,AMETHYST,SPELL,DAMPEN,amethyst_hum,interaction_clash,2,1.000,0.550,1.000,0.550,1.000,1.000,,false,false,Carried amethyst dampens but does not fully erase the force.
amethyst_ward,amethyst_ward,AMETHYST,AMETHYST,RESONATE,sealed_resonance,interaction_clash,2,0.850,0.850,0.850,0.850,1.000,1.000,,false,false,Suppression fields reinforce while slightly damping one another.
amethyst_ward,anti_portal_field,AMETHYST,SPELL,RESONATE,sealed_resonance,interaction_clash,2,0.850,0.850,0.850,0.850,1.000,1.000,,false,false,Suppression fields reinforce while slightly damping one another.
amethyst_ward,astral_projection,AMETHYST,INNATE,CANCEL,amethyst_fracture,interaction_clash,4,1.000,0.000,1.000,0.000,1.000,0.000,,false,true,Anchored amethyst overcomes the incoming magical presence.
amethyst_ward,banishment_circle,AMETHYST,SPELL,RESONATE,sealed_resonance,interaction_clash,2,0.850,0.850,0.850,0.850,1.000,1.000,,false,false,Suppression fields reinforce while slightly damping one another.
amethyst_ward,binding_sigil,AMETHYST,SPELL,RESONATE,sealed_resonance,interaction_clash,2,0.850,0.850,0.850,0.850,1.000,1.000,,false,false,Suppression fields reinforce while slightly damping one another.
amethyst_ward,breezy_bash,AMETHYST,INNATE,CANCEL,amethyst_fracture,interaction_clash,4,1.000,0.000,1.000,0.000,1.000,0.000,,false,true,Anchored amethyst overcomes the incoming magical presence.
amethyst_ward,chrono_stop,AMETHYST,CRYSTAL,CANCEL,amethyst_fracture,interaction_clash,4,1.000,0.000,1.000,0.000,1.000,0.000,,false,true,Anchored amethyst overcomes the incoming magical presence.
amethyst_ward,clone_swarm,AMETHYST,CRYSTAL,CANCEL,amethyst_fracture,interaction_clash,4,1.000,0.000,1.000,0.000,1.000,0.000,,false,true,Anchored amethyst overcomes the incoming magical presence.
amethyst_ward,concealment_veil,AMETHYST,SPELL,CANCEL,amethyst_fracture,interaction_clash,4,1.000,0.000,1.000,0.000,1.000,0.000,,false,true,Anchored amethyst overcomes the incoming magical presence.
amethyst_ward,controlled_hellfire,AMETHYST,SPELL,CANCEL,amethyst_fracture,interaction_clash,4,1.000,0.000,1.000,0.000,1.000,0.000,,false,true,Anchored amethyst overcomes the incoming magical presence.
amethyst_ward,counterspell,AMETHYST,SPELL,RESONATE,sealed_resonance,interaction_clash,2,0.850,0.850,0.850,0.850,1.000,1.000,,false,false,Suppression fields reinforce while slightly damping one another.
amethyst_ward,cozy_campfire,AMETHYST,INNATE,CANCEL,amethyst_fracture,interaction_clash,4,1.000,0.000,1.000,0.000,1.000,0.000,,false,true,Anchored amethyst overcomes the incoming magical presence.
amethyst_ward,creativity_manifestation,AMETHYST,CRYSTAL,CANCEL,amethyst_fracture,interaction_clash,4,1.000,0.000,1.000,0.000,1.000,0.000,,false,true,Anchored amethyst overcomes the incoming magical presence.
amethyst_ward,dark_crystal,AMETHYST,CRYSTAL,CANCEL,amethyst_fracture,interaction_clash,4,1.000,0.000,1.000,0.000,1.000,0.000,,false,true,Anchored amethyst overcomes the incoming magical presence.
amethyst_ward,dimensional_anchor,AMETHYST,SPELL,RESONATE,sealed_resonance,interaction_clash,2,0.850,0.850,0.850,0.850,1.000,1.000,,false,false,Suppression fields reinforce while slightly damping one another.
amethyst_ward,dispel,AMETHYST,SPELL,RESONATE,sealed_resonance,interaction_clash,2,0.850,0.850,0.850,0.850,1.000,1.000,,false,false,Suppression fields reinforce while slightly damping one another.
amethyst_ward,double_health,AMETHYST,INNATE,CANCEL,amethyst_fracture,interaction_clash,4,1.000,0.000,1.000,0.000,1.000,0.000,,false,true,Anchored amethyst overcomes the incoming magical presence.
amethyst_ward,dreamwalking,AMETHYST,CRYSTAL,CANCEL,amethyst_fracture,interaction_clash,4,1.000,0.000,1.000,0.000,1.000,0.000,,false,true,Anchored amethyst overcomes the incoming magical presence.
amethyst_ward,elemental_blast,AMETHYST,INNATE,CANCEL,amethyst_fracture,interaction_clash,4,1.000,0.000,1.000,0.000,1.000,0.000,,false,true,Anchored amethyst overcomes the incoming magical presence.
amethyst_ward,energy_beam,AMETHYST,INNATE,CANCEL,amethyst_fracture,interaction_clash,4,1.000,0.000,1.000,0.000,1.000,0.000,,false,true,Anchored amethyst overcomes the incoming magical presence.
amethyst_ward,energy_drain,AMETHYST,INNATE,CANCEL,amethyst_fracture,interaction_clash,4,1.000,0.000,1.000,0.000,1.000,0.000,,false,true,Anchored amethyst overcomes the incoming magical presence.
amethyst_ward,fireball,AMETHYST,INNATE,CANCEL,amethyst_fracture,interaction_clash,4,1.000,0.000,1.000,0.000,1.000,0.000,,false,true,Anchored amethyst overcomes the incoming magical presence.
amethyst_ward,flight,AMETHYST,INNATE,CANCEL,amethyst_fracture,interaction_clash,4,1.000,0.000,1.000,0.000,1.000,0.000,,false,true,Anchored amethyst overcomes the incoming magical presence.
amethyst_ward,forcefield,AMETHYST,INNATE,CANCEL,amethyst_fracture,interaction_clash,4,1.000,0.000,1.000,0.000,1.000,0.000,,false,true,Anchored amethyst overcomes the incoming magical presence.
amethyst_ward,frost_nova,AMETHYST,INNATE,CANCEL,amethyst_fracture,interaction_clash,4,1.000,0.000,1.000,0.000,1.000,0.000,,false,true,Anchored amethyst overcomes the incoming magical presence.
amethyst_ward,gravity_displacement,AMETHYST,INNATE,CANCEL,amethyst_fracture,interaction_clash,4,1.000,0.000,1.000,0.000,1.000,0.000,,false,true,Anchored amethyst overcomes the incoming magical presence.
amethyst_ward,ground_slam,AMETHYST,INNATE,CANCEL,amethyst_fracture,interaction_clash,4,1.000,0.000,1.000,0.000,1.000,0.000,,false,true,Anchored amethyst overcomes the incoming magical presence.
amethyst_ward,hex,AMETHYST,SPELL,CANCEL,amethyst_fracture,interaction_clash,4,1.000,0.000,1.000,0.000,1.000,0.000,,false,true,Anchored amethyst overcomes the incoming magical presence.
amethyst_ward,ice_manipulation,AMETHYST,INNATE,CANCEL,amethyst_fracture,interaction_clash,4,1.000,0.000,1.000,0.000,1.000,0.000,,false,true,Anchored amethyst overcomes the incoming magical presence.
amethyst_ward,infernal_seal,AMETHYST,SPELL,RESONATE,sealed_resonance,interaction_clash,2,0.850,0.850,0.850,0.850,1.000,1.000,,false,false,Suppression fields reinforce while slightly damping one another.
amethyst_ward,inferno,AMETHYST,CRYSTAL,CANCEL,amethyst_fracture,interaction_clash,4,1.000,0.000,1.000,0.000,1.000,0.000,,false,true,Anchored amethyst overcomes the incoming magical presence.
amethyst_ward,invisibility,AMETHYST,INNATE,CANCEL,amethyst_fracture,interaction_clash,4,1.000,0.000,1.000,0.000,1.000,0.000,,false,true,Anchored amethyst overcomes the incoming magical presence.
amethyst_ward,kinetic_ward,AMETHYST,SPELL,CANCEL,amethyst_fracture,interaction_clash,4,1.000,0.000,1.000,0.000,1.000,0.000,,false,true,Anchored amethyst overcomes the incoming magical presence.
amethyst_ward,life_bloom,AMETHYST,CRYSTAL,CANCEL,amethyst_fracture,interaction_clash,4,1.000,0.000,1.000,0.000,1.000,0.000,,false,true,Anchored amethyst overcomes the incoming magical presence.
amethyst_ward,light_crystal,AMETHYST,CRYSTAL,CANCEL,amethyst_fracture,interaction_clash,4,1.000,0.000,1.000,0.000,1.000,0.000,,false,true,Anchored amethyst overcomes the incoming magical presence.
amethyst_ward,lightning_strike,AMETHYST,INNATE,CANCEL,amethyst_fracture,interaction_clash,4,1.000,0.000,1.000,0.000,1.000,0.000,,false,true,Anchored amethyst overcomes the incoming magical presence.
amethyst_ward,middleworld,AMETHYST,CRYSTAL,CANCEL,amethyst_fracture,interaction_clash,4,1.000,0.000,1.000,0.000,1.000,0.000,,false,true,Anchored amethyst overcomes the incoming magical presence.
amethyst_ward,plant_healing_acceleration,AMETHYST,INNATE,CANCEL,amethyst_fracture,interaction_clash,4,1.000,0.000,1.000,0.000,1.000,0.000,,false,true,Anchored amethyst overcomes the incoming magical presence.
amethyst_ward,portal_rift,AMETHYST,CRYSTAL,CANCEL,amethyst_fracture,interaction_clash,4,1.000,0.000,1.000,0.000,1.000,0.000,,false,true,Anchored amethyst overcomes the incoming magical presence.
amethyst_ward,purification_circle,AMETHYST,SPELL,RESONATE,sealed_resonance,interaction_clash,2,0.850,0.850,0.850,0.850,1.000,1.000,,false,false,Suppression fields reinforce while slightly damping one another.
amethyst_ward,ritual_amplification,AMETHYST,SPELL,CANCEL,amethyst_fracture,interaction_clash,4,1.000,0.000,1.000,0.000,1.000,0.000,,false,true,Anchored amethyst overcomes the incoming magical presence.
amethyst_ward,root_binding,AMETHYST,SPELL,CANCEL,amethyst_fracture,interaction_clash,4,1.000,0.000,1.000,0.000,1.000,0.000,,false,true,Anchored amethyst overcomes the incoming magical presence.
amethyst_ward,sanctuary_growth,AMETHYST,SPELL,CANCEL,amethyst_fracture,interaction_clash,4,1.000,0.000,1.000,0.000,1.000,0.000,,false,true,Anchored amethyst overcomes the incoming magical presence.
amethyst_ward,shadow_step,AMETHYST,INNATE,CANCEL,amethyst_fracture,interaction_clash,4,1.000,0.000,1.000,0.000,1.000,0.000,,false,true,Anchored amethyst overcomes the incoming magical presence.
amethyst_ward,size_shift,AMETHYST,CRYSTAL,CANCEL,amethyst_fracture,interaction_clash,4,1.000,0.000,1.000,0.000,1.000,0.000,,false,true,Anchored amethyst overcomes the incoming magical presence.
amethyst_ward,slow_world,AMETHYST,INNATE,CANCEL,amethyst_fracture,interaction_clash,4,1.000,0.000,1.000,0.000,1.000,0.000,,false,true,Anchored amethyst overcomes the incoming magical presence.
amethyst_ward,soul_compass,AMETHYST,SPELL,CANCEL,amethyst_fracture,interaction_clash,4,1.000,0.000,1.000,0.000,1.000,0.000,,false,true,Anchored amethyst overcomes the incoming magical presence.
amethyst_ward,soul_link,AMETHYST,CRYSTAL,CANCEL,amethyst_fracture,interaction_clash,4,1.000,0.000,1.000,0.000,1.000,0.000,,false,true,Anchored amethyst overcomes the incoming magical presence.
amethyst_ward,space_time,AMETHYST,CRYSTAL,CANCEL,amethyst_fracture,interaction_clash,4,1.000,0.000,1.000,0.000,1.000,0.000,,false,true,Anchored amethyst overcomes the incoming magical presence.
amethyst_ward,speed_burst,AMETHYST,INNATE,CANCEL,amethyst_fracture,interaction_clash,4,1.000,0.000,1.000,0.000,1.000,0.000,,false,true,Anchored amethyst overcomes the incoming magical presence.
amethyst_ward,starfall,AMETHYST,INNATE,CANCEL,amethyst_fracture,interaction_clash,4,1.000,0.000,1.000,0.000,1.000,0.000,,false,true,Anchored amethyst overcomes the incoming magical presence.
amethyst_ward,super_speed,AMETHYST,INNATE,CANCEL,amethyst_fracture,interaction_clash,4,1.000,0.000,1.000,0.000,1.000,0.000,,false,true,Anchored amethyst overcomes the incoming magical presence.
amethyst_ward,telekinesis,AMETHYST,INNATE,CANCEL,amethyst_fracture,interaction_clash,4,1.000,0.000,1.000,0.000,1.000,0.000,,false,true,Anchored amethyst overcomes the incoming magical presence.
amethyst_ward,time_freeze,AMETHYST,INNATE,CANCEL,amethyst_fracture,interaction_clash,4,1.000,0.000,1.000,0.000,1.000,0.000,,false,true,Anchored amethyst overcomes the incoming magical presence.
amethyst_ward,time_shift,AMETHYST,INNATE,CANCEL,amethyst_fracture,interaction_clash,4,1.000,0.000,1.000,0.000,1.000,0.000,,false,true,Anchored amethyst overcomes the incoming magical presence.
amethyst_ward,tracking_mark,AMETHYST,SPELL,CANCEL,amethyst_fracture,interaction_clash,4,1.000,0.000,1.000,0.000,1.000,0.000,,false,true,Anchored amethyst overcomes the incoming magical presence.
amethyst_ward,vessel_possession,AMETHYST,INNATE,CANCEL,amethyst_fracture,interaction_clash,4,1.000,0.000,1.000,0.000,1.000,0.000,,false,true,Anchored amethyst overcomes the incoming magical presence.
amethyst_ward,vitality_transfer,AMETHYST,SPELL,CANCEL,amethyst_fracture,interaction_clash,4,1.000,0.000,1.000,0.000,1.000,0.000,,false,true,Anchored amethyst overcomes the incoming magical presence.
amethyst_ward,void_beam,AMETHYST,INNATE,CANCEL,amethyst_fracture,interaction_clash,4,1.000,0.000,1.000,0.000,1.000,0.000,,false,true,Anchored amethyst overcomes the incoming magical presence.
amethyst_ward,ward_breaking_ritual,AMETHYST,SPELL,RESONATE,sealed_resonance,interaction_clash,2,0.850,0.850,0.850,0.850,1.000,1.000,,false,false,Suppression fields reinforce while slightly damping one another.
amethyst_ward,weather_sigil,AMETHYST,SPELL,CANCEL,amethyst_fracture,interaction_clash,4,1.000,0.000,1.000,0.000,1.000,0.000,,false,true,Anchored amethyst overcomes the incoming magical presence.
anti_portal_field,anti_portal_field,SPELL,SPELL,RESONATE,sealed_resonance,interaction_clash,2,0.850,0.850,0.850,0.850,1.000,1.000,,false,false,Suppression fields reinforce while slightly damping one another.
anti_portal_field,astral_projection,SPELL,INNATE,CANCEL,anchor_chains,interaction_clash,4,1.000,0.000,1.000,0.000,1.000,0.000,,false,true,Dimensional chains close the attempted route.
anti_portal_field,banishment_circle,SPELL,SPELL,RESONATE,sealed_resonance,interaction_clash,2,0.850,0.850,0.850,0.850,1.000,1.000,,false,false,Suppression fields reinforce while slightly damping one another.
anti_portal_field,binding_sigil,SPELL,SPELL,RESONATE,sealed_resonance,interaction_clash,2,0.850,0.850,0.850,0.850,1.000,1.000,,false,false,Suppression fields reinforce while slightly damping one another.
anti_portal_field,breezy_bash,SPELL,INNATE,DAMPEN,counter_sigils,interaction_clash,2,1.000,0.550,1.000,0.550,1.000,1.000,,false,false,Suppression and action contest according to interaction priority.
anti_portal_field,chrono_stop,SPELL,CRYSTAL,DAMPEN,counter_sigils,interaction_clash,2,1.000,0.550,1.000,0.550,1.000,1.000,,false,false,Suppression and action contest according to interaction priority.
anti_portal_field,clone_swarm,SPELL,CRYSTAL,DAMPEN,counter_sigils,interaction_clash,2,1.000,0.550,1.000,0.550,1.000,1.000,,false,false,Suppression and action contest according to interaction priority.
anti_portal_field,concealment_veil,SPELL,SPELL,DAMPEN,counter_sigils,interaction_clash,2,1.000,0.550,1.000,0.550,1.000,1.000,,false,false,Suppression and action contest according to interaction priority.
anti_portal_field,controlled_hellfire,SPELL,SPELL,DAMPEN,counter_sigils,interaction_clash,2,1.000,0.550,1.000,0.550,1.000,1.000,,false,false,Suppression and action contest according to interaction priority.
anti_portal_field,counterspell,SPELL,SPELL,RESONATE,sealed_resonance,interaction_clash,2,0.850,0.850,0.850,0.850,1.000,1.000,,false,false,Suppression fields reinforce while slightly damping one another.
anti_portal_field,cozy_campfire,SPELL,INNATE,DAMPEN,counter_sigils,interaction_clash,2,1.000,0.550,1.000,0.550,1.000,1.000,,false,false,Suppression and action contest according to interaction priority.
anti_portal_field,creativity_manifestation,SPELL,CRYSTAL,DAMPEN,counter_sigils,interaction_clash,2,1.000,0.550,1.000,0.550,1.000,1.000,,false,false,Suppression and action contest according to interaction priority.
anti_portal_field,dark_crystal,SPELL,CRYSTAL,CANCEL,anchor_chains,interaction_clash,4,1.000,0.000,1.000,0.000,1.000,0.000,,false,true,Dimensional chains close the attempted route.
anti_portal_field,dimensional_anchor,SPELL,SPELL,RESONATE,sealed_resonance,interaction_clash,2,0.850,0.850,0.850,0.850,1.000,1.000,,false,false,Suppression fields reinforce while slightly damping one another.
anti_portal_field,dispel,SPELL,SPELL,RESONATE,sealed_resonance,interaction_clash,2,0.850,0.850,0.850,0.850,1.000,1.000,,false,false,Suppression fields reinforce while slightly damping one another.
anti_portal_field,double_health,SPELL,INNATE,DAMPEN,counter_sigils,interaction_clash,2,1.000,0.550,1.000,0.550,1.000,1.000,,false,false,Suppression and action contest according to interaction priority.
anti_portal_field,dreamwalking,SPELL,CRYSTAL,CANCEL,anchor_chains,interaction_clash,4,1.000,0.000,1.000,0.000,1.000,0.000,,false,true,Dimensional chains close the attempted route.
anti_portal_field,elemental_blast,SPELL,INNATE,DAMPEN,counter_sigils,interaction_clash,2,1.000,0.550,1.000,0.550,1.000,1.000,,false,false,Suppression and action contest according to interaction priority.
anti_portal_field,energy_beam,SPELL,INNATE,DAMPEN,counter_sigils,interaction_clash,2,1.000,0.550,1.000,0.550,1.000,1.000,,false,false,Suppression and action contest according to interaction priority.
anti_portal_field,energy_drain,SPELL,INNATE,DAMPEN,counter_sigils,interaction_clash,2,1.000,0.550,1.000,0.550,1.000,1.000,,false,false,Suppression and action contest according to interaction priority.
anti_portal_field,fireball,SPELL,INNATE,DAMPEN,counter_sigils,interaction_clash,2,1.000,0.550,1.000,0.550,1.000,1.000,,false,false,Suppression and action contest according to interaction priority.
anti_portal_field,flight,SPELL,INNATE,DAMPEN,counter_sigils,interaction_clash,2,1.000,0.550,1.000,0.550,1.000,1.000,,false,false,Suppression and action contest according to interaction priority.
anti_portal_field,forcefield,SPELL,INNATE,DAMPEN,counter_sigils,interaction_clash,2,1.000,0.550,1.000,0.550,1.000,1.000,,false,false,Suppression and action contest according to interaction priority.
anti_portal_field,frost_nova,SPELL,INNATE,DAMPEN,counter_sigils,interaction_clash,2,1.000,0.550,1.000,0.550,1.000,1.000,,false,false,Suppression and action contest according to interaction priority.
anti_portal_field,gravity_displacement,SPELL,INNATE,DAMPEN,counter_sigils,interaction_clash,2,1.000,0.550,1.000,0.550,1.000,1.000,,false,false,Suppression and action contest according to interaction priority.
anti_portal_field,ground_slam,SPELL,INNATE,DAMPEN,counter_sigils,interaction_clash,2,1.000,0.550,1.000,0.550,1.000,1.000,,false,false,Suppression and action contest according to interaction priority.
anti_portal_field,hex,SPELL,SPELL,DAMPEN,counter_sigils,interaction_clash,2,1.000,0.550,1.000,0.550,1.000,1.000,,false,false,Suppression and action contest according to interaction priority.
anti_portal_field,ice_manipulation,SPELL,INNATE,DAMPEN,counter_sigils,interaction_clash,2,1.000,0.550,1.000,0.550,1.000,1.000,,false,false,Suppression and action contest according to interaction priority.
anti_portal_field,infernal_seal,SPELL,SPELL,RESONATE,sealed_resonance,interaction_clash,2,0.850,0.850,0.850,0.850,1.000,1.000,,false,false,Suppression fields reinforce while slightly damping one another.
anti_portal_field,inferno,SPELL,CRYSTAL,DAMPEN,counter_sigils,interaction_clash,2,1.000,0.550,1.000,0.550,1.000,1.000,,false,false,Suppression and action contest according to interaction priority.
anti_portal_field,invisibility,SPELL,INNATE,DAMPEN,counter_sigils,interaction_clash,2,1.000,0.550,1.000,0.550,1.000,1.000,,false,false,Suppression and action contest according to interaction priority.
anti_portal_field,kinetic_ward,SPELL,SPELL,DAMPEN,counter_sigils,interaction_clash,2,1.000,0.550,1.000,0.550,1.000,1.000,,false,false,Suppression and action contest according to interaction priority.
anti_portal_field,life_bloom,SPELL,CRYSTAL,DAMPEN,counter_sigils,interaction_clash,2,1.000,0.550,1.000,0.550,1.000,1.000,,false,false,Suppression and action contest according to interaction priority.
anti_portal_field,light_crystal,SPELL,CRYSTAL,CANCEL,anchor_chains,interaction_clash,4,1.000,0.000,1.000,0.000,1.000,0.000,,false,true,Dimensional chains close the attempted route.
anti_portal_field,lightning_strike,SPELL,INNATE,DAMPEN,counter_sigils,interaction_clash,2,1.000,0.550,1.000,0.550,1.000,1.000,,false,false,Suppression and action contest according to interaction priority.
anti_portal_field,middleworld,SPELL,CRYSTAL,CANCEL,anchor_chains,interaction_clash,4,1.000,0.000,1.000,0.000,1.000,0.000,,false,true,Dimensional chains close the attempted route.
anti_portal_field,plant_healing_acceleration,SPELL,INNATE,DAMPEN,counter_sigils,interaction_clash,2,1.000,0.550,1.000,0.550,1.000,1.000,,false,false,Suppression and action contest according to interaction priority.
anti_portal_field,portal_rift,SPELL,CRYSTAL,CANCEL,anchor_chains,interaction_clash,4,1.000,0.000,1.000,0.000,1.000,0.000,,false,true,Dimensional chains close the attempted route.
anti_portal_field,purification_circle,SPELL,SPELL,RESONATE,sealed_resonance,interaction_clash,2,0.850,0.850,0.850,0.850,1.000,1.000,,false,false,Suppression fields reinforce while slightly damping one another.
anti_portal_field,ritual_amplification,SPELL,SPELL,DAMPEN,counter_sigils,interaction_clash,2,1.000,0.550,1.000,0.550,1.000,1.000,,false,false,Suppression and action contest according to interaction priority.
anti_portal_field,root_binding,SPELL,SPELL,DAMPEN,counter_sigils,interaction_clash,2,1.000,0.550,1.000,0.550,1.000,1.000,,false,false,Suppression and action contest according to interaction priority.
anti_portal_field,sanctuary_growth,SPELL,SPELL,DAMPEN,counter_sigils,interaction_clash,2,1.000,0.550,1.000,0.550,1.000,1.000,,false,false,Suppression and action contest according to interaction priority.
anti_portal_field,shadow_step,SPELL,INNATE,CANCEL,anchor_chains,interaction_clash,4,1.000,0.000,1.000,0.000,1.000,0.000,,false,true,Dimensional chains close the attempted route.
anti_portal_field,size_shift,SPELL,CRYSTAL,DAMPEN,counter_sigils,interaction_clash,2,1.000,0.550,1.000,0.550,1.000,1.000,,false,false,Suppression and action contest according to interaction priority.
anti_portal_field,slow_world,SPELL,INNATE,DAMPEN,counter_sigils,interaction_clash,2,1.000,0.550,1.000,0.550,1.000,1.000,,false,false,Suppression and action contest according to interaction priority.
anti_portal_field,soul_compass,SPELL,SPELL,DAMPEN,counter_sigils,interaction_clash,2,1.000,0.550,1.000,0.550,1.000,1.000,,false,false,Suppression and action contest according to interaction priority.
anti_portal_field,soul_link,SPELL,CRYSTAL,DAMPEN,counter_sigils,interaction_clash,2,1.000,0.550,1.000,0.550,1.000,1.000,,false,false,Suppression and action contest according to interaction priority.
anti_portal_field,space_time,SPELL,CRYSTAL,DAMPEN,counter_sigils,interaction_clash,2,1.000,0.550,1.000,0.550,1.000,1.000,,false,false,Suppression and action contest according to interaction priority.
anti_portal_field,speed_burst,SPELL,INNATE,DAMPEN,counter_sigils,interaction_clash,2,1.000,0.550,1.000,0.550,1.000,1.000,,false,false,Suppression and action contest according to interaction priority.
anti_portal_field,starfall,SPELL,INNATE,DAMPEN,counter_sigils,interaction_clash,2,1.000,0.550,1.000,0.550,1.000,1.000,,false,false,Suppression and action contest according to interaction priority.
anti_portal_field,super_speed,SPELL,INNATE,DAMPEN,counter_sigils,interaction_clash,2,1.000,0.550,1.000,0.550,1.000,1.000,,false,false,Suppression and action contest according to interaction priority.
anti_portal_field,telekinesis,SPELL,INNATE,DAMPEN,counter_sigils,interaction_clash,2,1.000,0.550,1.000,0.550,1.000,1.000,,false,false,Suppression and action contest according to interaction priority.
anti_portal_field,time_freeze,SPELL,INNATE,DAMPEN,counter_sigils,interaction_clash,2,1.000,0.550,1.000,0.550,1.000,1.000,,false,false,Suppression and action contest according to interaction priority.
anti_portal_field,time_shift,SPELL,INNATE,CANCEL,anchor_chains,interaction_clash,4,1.000,0.000,1.000,0.000,1.000,0.000,,false,true,Dimensional chains close the attempted route.
anti_portal_field,tracking_mark,SPELL,SPELL,DAMPEN,counter_sigils,interaction_clash,2,1.000,0.550,1.000,0.550,1.000,1.000,,false,false,Suppression and action contest according to interaction priority.
anti_portal_field,vessel_possession,SPELL,INNATE,CANCEL,anchor_chains,interaction_clash,4,1.000,0.000,1.000,0.000,1.000,0.000,,false,true,Dimensional chains close the attempted route.
anti_portal_field,vitality_transfer,SPELL,SPELL,DAMPEN,counter_sigils,interaction_clash,2,1.000,0.550,1.000,0.550,1.000,1.000,,false,false,Suppression and action contest according to interaction priority.
anti_portal_field,void_beam,SPELL,INNATE,DAMPEN,counter_sigils,interaction_clash,2,1.000,0.550,1.000,0.550,1.000,1.000,,false,false,Suppression and action contest according to interaction priority.
anti_portal_field,ward_breaking_ritual,SPELL,SPELL,RESONATE,sealed_resonance,interaction_clash,2,0.850,0.850,0.850,0.850,1.000,1.000,,false,false,Suppression fields reinforce while slightly damping one another.
anti_portal_field,weather_sigil,SPELL,SPELL,DAMPEN,counter_sigils,interaction_clash,2,1.000,0.550,1.000,0.550,1.000,1.000,,false,false,Suppression and action contest according to interaction priority.
astral_projection,astral_projection,INNATE,INNATE,RESONATE,mind_resonance,interaction_clash,3,1.120,1.120,1.100,1.100,1.050,1.050,MIND,false,false,Shared aspects resonate with bounded potency and duration.
astral_projection,banishment_circle,INNATE,SPELL,DAMPEN,counter_sigils,interaction_clash,2,0.550,1.000,0.550,1.000,1.000,1.000,,false,false,Suppression and action contest according to interaction priority.
astral_projection,binding_sigil,INNATE,SPELL,DAMPEN,counter_sigils,interaction_clash,2,0.550,1.000,0.550,1.000,1.000,1.000,,false,false,Suppression and action contest according to interaction priority.
astral_projection,breezy_bash,INNATE,INNATE,COEXIST,harmonic_weave,interaction_clash,1,1.000,1.000,1.000,1.000,1.000,1.000,,false,false,Independent forces coexist with a restrained harmonic weave.
astral_projection,chrono_stop,INNATE,CRYSTAL,COEXIST,harmonic_weave,interaction_clash,1,1.000,1.000,1.000,1.000,1.000,1.000,,false,false,Independent forces coexist with a restrained harmonic weave.
astral_projection,clone_swarm,INNATE,CRYSTAL,RESONATE,mind_resonance,interaction_clash,3,1.120,1.120,1.100,1.100,1.050,1.050,MIND,false,false,Shared aspects resonate with bounded potency and duration.
astral_projection,concealment_veil,INNATE,SPELL,RESONATE,mind_resonance,interaction_clash,3,1.120,1.120,1.100,1.100,1.050,1.050,MIND,false,false,Shared aspects resonate with bounded potency and duration.
astral_projection,controlled_hellfire,INNATE,SPELL,COEXIST,harmonic_weave,interaction_clash,1,1.000,1.000,1.000,1.000,1.000,1.000,,false,false,Independent forces coexist with a restrained harmonic weave.
astral_projection,counterspell,INNATE,SPELL,DAMPEN,counter_sigils,interaction_clash,2,0.550,1.000,0.550,1.000,1.000,1.000,,false,false,Suppression and action contest according to interaction priority.
astral_projection,cozy_campfire,INNATE,INNATE,COEXIST,harmonic_weave,interaction_clash,1,1.000,1.000,1.000,1.000,1.000,1.000,,false,false,Independent forces coexist with a restrained harmonic weave.
astral_projection,creativity_manifestation,INNATE,CRYSTAL,COEXIST,harmonic_weave,interaction_clash,1,1.000,1.000,1.000,1.000,1.000,1.000,,false,false,Independent forces coexist with a restrained harmonic weave.
astral_projection,dark_crystal,INNATE,CRYSTAL,RESONATE,mind_resonance,interaction_clash,3,1.120,1.120,1.100,1.100,1.050,1.050,MIND,false,false,Shared aspects resonate with bounded potency and duration.
astral_projection,dimensional_anchor,INNATE,SPELL,CANCEL,anchor_chains,interaction_clash,4,0.000,1.000,0.000,1.000,0.000,1.000,,true,false,Dimensional chains close the attempted route.
astral_projection,dispel,INNATE,SPELL,DAMPEN,counter_sigils,interaction_clash,2,0.550,1.000,0.550,1.000,1.000,1.000,,false,false,Suppression and action contest according to interaction priority.
astral_projection,double_health,INNATE,INNATE,COEXIST,harmonic_weave,interaction_clash,1,1.000,1.000,1.000,1.000,1.000,1.000,,false,false,Independent forces coexist with a restrained harmonic weave.
astral_projection,dreamwalking,INNATE,CRYSTAL,RESONATE,mind_resonance,interaction_clash,3,1.120,1.120,1.100,1.100,1.050,1.050,MIND,false,false,Shared aspects resonate with bounded potency and duration.
astral_projection,elemental_blast,INNATE,INNATE,COEXIST,harmonic_weave,interaction_clash,1,1.000,1.000,1.000,1.000,1.000,1.000,,false,false,Independent forces coexist with a restrained harmonic weave.
astral_projection,energy_beam,INNATE,INNATE,COEXIST,harmonic_weave,interaction_clash,1,1.000,1.000,1.000,1.000,1.000,1.000,,false,false,Independent forces coexist with a restrained harmonic weave.
astral_projection,energy_drain,INNATE,INNATE,RESONATE,soul_resonance,interaction_clash,3,1.120,1.120,1.100,1.100,1.050,1.050,SOUL,false,false,Shared aspects resonate with bounded potency and duration.
astral_projection,fireball,INNATE,INNATE,COEXIST,harmonic_weave,interaction_clash,1,1.000,1.000,1.000,1.000,1.000,1.000,,false,false,Independent forces coexist with a restrained harmonic weave.
astral_projection,flight,INNATE,INNATE,COEXIST,harmonic_weave,interaction_clash,1,1.000,1.000,1.000,1.000,1.000,1.000,,false,false,Independent forces coexist with a restrained harmonic weave.
astral_projection,forcefield,INNATE,INNATE,COEXIST,harmonic_weave,interaction_clash,1,1.000,1.000,1.000,1.000,1.000,1.000,,false,false,Independent forces coexist with a restrained harmonic weave.
astral_projection,frost_nova,INNATE,INNATE,COEXIST,harmonic_weave,interaction_clash,1,1.000,1.000,1.000,1.000,1.000,1.000,,false,false,Independent forces coexist with a restrained harmonic weave.
astral_projection,gravity_displacement,INNATE,INNATE,COEXIST,harmonic_weave,interaction_clash,1,1.000,1.000,1.000,1.000,1.000,1.000,,false,false,Independent forces coexist with a restrained harmonic weave.
astral_projection,ground_slam,INNATE,INNATE,COEXIST,harmonic_weave,interaction_clash,1,1.000,1.000,1.000,1.000,1.000,1.000,,false,false,Independent forces coexist with a restrained harmonic weave.
astral_projection,hex,INNATE,SPELL,RESONATE,mind_resonance,interaction_clash,3,1.120,1.120,1.100,1.100,1.050,1.050,MIND,false,false,Shared aspects resonate with bounded potency and duration.
astral_projection,ice_manipulation,INNATE,INNATE,COEXIST,harmonic_weave,interaction_clash,1,1.000,1.000,1.000,1.000,1.000,1.000,,false,false,Independent forces coexist with a restrained harmonic weave.
astral_projection,infernal_seal,INNATE,SPELL,DAMPEN,counter_sigils,interaction_clash,2,0.550,1.000,0.550,1.000,1.000,1.000,,false,false,Suppression and action contest according to interaction priority.
astral_projection,inferno,INNATE,CRYSTAL,COEXIST,harmonic_weave,interaction_clash,1,1.000,1.000,1.000,1.000,1.000,1.000,,false,false,Independent forces coexist with a restrained harmonic weave.
astral_projection,invisibility,INNATE,INNATE,RESONATE,mind_resonance,interaction_clash,3,1.120,1.120,1.100,1.100,1.050,1.050,MIND,false,false,Shared aspects resonate with bounded potency and duration.
astral_projection,kinetic_ward,INNATE,SPELL,COEXIST,harmonic_weave,interaction_clash,1,1.000,1.000,1.000,1.000,1.000,1.000,,false,false,Independent forces coexist with a restrained harmonic weave.
astral_projection,life_bloom,INNATE,CRYSTAL,COEXIST,harmonic_weave,interaction_clash,1,1.000,1.000,1.000,1.000,1.000,1.000,,false,false,Independent forces coexist with a restrained harmonic weave.
astral_projection,light_crystal,INNATE,CRYSTAL,RESONATE,mind_resonance,interaction_clash,3,1.120,1.120,1.100,1.100,1.050,1.050,MIND,false,false,Shared aspects resonate with bounded potency and duration.
astral_projection,lightning_strike,INNATE,INNATE,COEXIST,harmonic_weave,interaction_clash,1,1.000,1.000,1.000,1.000,1.000,1.000,,false,false,Independent forces coexist with a restrained harmonic weave.
astral_projection,middleworld,INNATE,CRYSTAL,RESONATE,mind_resonance,interaction_clash,3,1.120,1.120,1.100,1.100,1.050,1.050,MIND,false,false,Shared aspects resonate with bounded potency and duration.
astral_projection,plant_healing_acceleration,INNATE,INNATE,COEXIST,harmonic_weave,interaction_clash,1,1.000,1.000,1.000,1.000,1.000,1.000,,false,false,Independent forces coexist with a restrained harmonic weave.
astral_projection,portal_rift,INNATE,CRYSTAL,COEXIST,harmonic_weave,interaction_clash,1,1.000,1.000,1.000,1.000,1.000,1.000,,false,false,Independent forces coexist with a restrained harmonic weave.
astral_projection,purification_circle,INNATE,SPELL,DAMPEN,counter_sigils,interaction_clash,2,0.550,1.000,0.550,1.000,1.000,1.000,,false,false,Suppression and action contest according to interaction priority.
astral_projection,ritual_amplification,INNATE,SPELL,RESONATE,soul_resonance,interaction_clash,3,1.120,1.120,1.100,1.100,1.050,1.050,SOUL,false,false,Shared aspects resonate with bounded potency and duration.
astral_projection,root_binding,INNATE,SPELL,COEXIST,harmonic_weave,interaction_clash,1,1.000,1.000,1.000,1.000,1.000,1.000,,false,false,Independent forces coexist with a restrained harmonic weave.
astral_projection,sanctuary_growth,INNATE,SPELL,COEXIST,harmonic_weave,interaction_clash,1,1.000,1.000,1.000,1.000,1.000,1.000,,false,false,Independent forces coexist with a restrained harmonic weave.
astral_projection,shadow_step,INNATE,INNATE,COEXIST,harmonic_weave,interaction_clash,1,1.000,1.000,1.000,1.000,1.000,1.000,,false,false,Independent forces coexist with a restrained harmonic weave.
astral_projection,size_shift,INNATE,CRYSTAL,COEXIST,harmonic_weave,interaction_clash,1,1.000,1.000,1.000,1.000,1.000,1.000,,false,false,Independent forces coexist with a restrained harmonic weave.
astral_projection,slow_world,INNATE,INNATE,COEXIST,harmonic_weave,interaction_clash,1,1.000,1.000,1.000,1.000,1.000,1.000,,false,false,Independent forces coexist with a restrained harmonic weave.
astral_projection,soul_compass,INNATE,SPELL,RESONATE,mind_resonance,interaction_clash,3,1.120,1.120,1.100,1.100,1.050,1.050,MIND,false,false,Shared aspects resonate with bounded potency and duration.
astral_projection,soul_link,INNATE,CRYSTAL,RESONATE,soul_resonance,interaction_clash,3,1.120,1.120,1.100,1.100,1.050,1.050,SOUL,false,false,Shared aspects resonate with bounded potency and duration.
astral_projection,space_time,INNATE,CRYSTAL,COEXIST,harmonic_weave,interaction_clash,1,1.000,1.000,1.000,1.000,1.000,1.000,,false,false,Independent forces coexist with a restrained harmonic weave.
astral_projection,speed_burst,INNATE,INNATE,COEXIST,harmonic_weave,interaction_clash,1,1.000,1.000,1.000,1.000,1.000,1.000,,false,false,Independent forces coexist with a restrained harmonic weave.
astral_projection,starfall,INNATE,INNATE,COEXIST,harmonic_weave,interaction_clash,1,1.000,1.000,1.000,1.000,1.000,1.000,,false,false,Independent forces coexist with a restrained harmonic weave.
astral_projection,super_speed,INNATE,INNATE,COEXIST,harmonic_weave,interaction_clash,1,1.000,1.000,1.000,1.000,1.000,1.000,,false,false,Independent forces coexist with a restrained harmonic weave.
astral_projection,telekinesis,INNATE,INNATE,RESONATE,mind_resonance,interaction_clash,3,1.120,1.120,1.100,1.100,1.050,1.050,MIND,false,false,Shared aspects resonate with bounded potency and duration.
astral_projection,time_freeze,INNATE,INNATE,COEXIST,harmonic_weave,interaction_clash,1,1.000,1.000,1.000,1.000,1.000,1.000,,false,false,Independent forces coexist with a restrained harmonic weave.
astral_projection,time_shift,INNATE,INNATE,COEXIST,harmonic_weave,interaction_clash,1,1.000,1.000,1.000,1.000,1.000,1.000,,false,false,Independent forces coexist with a restrained harmonic weave.
astral_projection,tracking_mark,INNATE,SPELL,RESONATE,soul_resonance,interaction_clash,3,1.120,1.120,1.100,1.100,1.050,1.050,SOUL,false,false,Shared aspects resonate with bounded potency and duration.
astral_projection,vessel_possession,INNATE,INNATE,RESONATE,mind_resonance,interaction_clash,3,1.120,1.120,1.100,1.100,1.050,1.050,MIND,false,false,Shared aspects resonate with bounded potency and duration.
astral_projection,vitality_transfer,INNATE,SPELL,RESONATE,soul_resonance,interaction_clash,3,1.120,1.120,1.100,1.100,1.050,1.050,SOUL,false,false,Shared aspects resonate with bounded potency and duration.
astral_projection,void_beam,INNATE,INNATE,COEXIST,harmonic_weave,interaction_clash,1,1.000,1.000,1.000,1.000,1.000,1.000,,false,false,Independent forces coexist with a restrained harmonic weave.
astral_projection,ward_breaking_ritual,INNATE,SPELL,DAMPEN,counter_sigils,interaction_clash,2,0.550,1.000,0.550,1.000,1.000,1.000,,false,false,Suppression and action contest according to interaction priority.
astral_projection,weather_sigil,INNATE,SPELL,COEXIST,harmonic_weave,interaction_clash,1,1.000,1.000,1.000,1.000,1.000,1.000,,false,false,Independent forces coexist with a restrained harmonic weave.
banishment_circle,banishment_circle,SPELL,SPELL,RESONATE,sealed_resonance,interaction_clash,2,0.850,0.850,0.850,0.850,1.000,1.000,,false,false,Suppression fields reinforce while slightly damping one another.
banishment_circle,binding_sigil,SPELL,SPELL,RESONATE,sealed_resonance,interaction_clash,2,0.850,0.850,0.850,0.850,1.000,1.000,,false,false,Suppression fields reinforce while slightly damping one another.
banishment_circle,breezy_bash,SPELL,INNATE,DAMPEN,counter_sigils,interaction_clash,2,1.000,0.550,1.000,0.550,1.000,1.000,,false,false,Suppression and action contest according to interaction priority.
banishment_circle,chrono_stop,SPELL,CRYSTAL,DAMPEN,counter_sigils,interaction_clash,2,1.000,0.550,1.000,0.550,1.000,1.000,,false,false,Suppression and action contest according to interaction priority.
banishment_circle,clone_swarm,SPELL,CRYSTAL,CANCEL,return_seal,interaction_clash,4,0.000,0.000,0.000,0.000,0.000,0.000,,true,true,Banishment returns POWERS-owned ephemeral clones.
banishment_circle,concealment_veil,SPELL,SPELL,DAMPEN,counter_sigils,interaction_clash,2,1.000,0.550,1.000,0.550,1.000,1.000,,false,false,Suppression and action contest according to interaction priority.
banishment_circle,controlled_hellfire,SPELL,SPELL,DAMPEN,counter_sigils,interaction_clash,2,1.000,0.550,1.000,0.550,1.000,1.000,,false,false,Suppression and action contest according to interaction priority.
banishment_circle,counterspell,SPELL,SPELL,RESONATE,sealed_resonance,interaction_clash,2,0.850,0.850,0.850,0.850,1.000,1.000,,false,false,Suppression fields reinforce while slightly damping one another.
banishment_circle,cozy_campfire,SPELL,INNATE,DAMPEN,counter_sigils,interaction_clash,2,1.000,0.550,1.000,0.550,1.000,1.000,,false,false,Suppression and action contest according to interaction priority.
banishment_circle,creativity_manifestation,SPELL,CRYSTAL,DAMPEN,counter_sigils,interaction_clash,2,1.000,0.550,1.000,0.550,1.000,1.000,,false,false,Suppression and action contest according to interaction priority.
banishment_circle,dark_crystal,SPELL,CRYSTAL,DAMPEN,counter_sigils,interaction_clash,2,1.000,0.550,1.000,0.550,1.000,1.000,,false,false,Suppression and action contest according to interaction priority.
banishment_circle,dimensional_anchor,SPELL,SPELL,RESONATE,sealed_resonance,interaction_clash,2,0.850,0.850,0.850,0.850,1.000,1.000,,false,false,Suppression fields reinforce while slightly damping one another.
banishment_circle,dispel,SPELL,SPELL,RESONATE,sealed_resonance,interaction_clash,2,0.850,0.850,0.850,0.850,1.000,1.000,,false,false,Suppression fields reinforce while slightly damping one another.
banishment_circle,double_health,SPELL,INNATE,DAMPEN,counter_sigils,interaction_clash,2,1.000,0.550,1.000,0.550,1.000,1.000,,false,false,Suppression and action contest according to interaction priority.
banishment_circle,dreamwalking,SPELL,CRYSTAL,DAMPEN,counter_sigils,interaction_clash,2,1.000,0.550,1.000,0.550,1.000,1.000,,false,false,Suppression and action contest according to interaction priority.
banishment_circle,elemental_blast,SPELL,INNATE,DAMPEN,counter_sigils,interaction_clash,2,1.000,0.550,1.000,0.550,1.000,1.000,,false,false,Suppression and action contest according to interaction priority.
banishment_circle,energy_beam,SPELL,INNATE,DAMPEN,counter_sigils,interaction_clash,2,1.000,0.550,1.000,0.550,1.000,1.000,,false,false,Suppression and action contest according to interaction priority.
banishment_circle,energy_drain,SPELL,INNATE,DAMPEN,counter_sigils,interaction_clash,2,1.000,0.550,1.000,0.550,1.000,1.000,,false,false,Suppression and action contest according to interaction priority.
banishment_circle,fireball,SPELL,INNATE,DAMPEN,counter_sigils,interaction_clash,2,1.000,0.550,1.000,0.550,1.000,1.000,,false,false,Suppression and action contest according to interaction priority.
banishment_circle,flight,SPELL,INNATE,DAMPEN,counter_sigils,interaction_clash,2,1.000,0.550,1.000,0.550,1.000,1.000,,false,false,Suppression and action contest according to interaction priority.
banishment_circle,forcefield,SPELL,INNATE,DAMPEN,counter_sigils,interaction_clash,2,1.000,0.550,1.000,0.550,1.000,1.000,,false,false,Suppression and action contest according to interaction priority.
banishment_circle,frost_nova,SPELL,INNATE,DAMPEN,counter_sigils,interaction_clash,2,1.000,0.550,1.000,0.550,1.000,1.000,,false,false,Suppression and action contest according to interaction priority.
banishment_circle,gravity_displacement,SPELL,INNATE,DAMPEN,counter_sigils,interaction_clash,2,1.000,0.550,1.000,0.550,1.000,1.000,,false,false,Suppression and action contest according to interaction priority.
banishment_circle,ground_slam,SPELL,INNATE,DAMPEN,counter_sigils,interaction_clash,2,1.000,0.550,1.000,0.550,1.000,1.000,,false,false,Suppression and action contest according to interaction priority.
banishment_circle,hex,SPELL,SPELL,DAMPEN,counter_sigils,interaction_clash,2,1.000,0.550,1.000,0.550,1.000,1.000,,false,false,Suppression and action contest according to interaction priority.
banishment_circle,ice_manipulation,SPELL,INNATE,DAMPEN,counter_sigils,interaction_clash,2,1.000,0.550,1.000,0.550,1.000,1.000,,false,false,Suppression and action contest according to interaction priority.
banishment_circle,infernal_seal,SPELL,SPELL,RESONATE,sealed_resonance,interaction_clash,2,0.850,0.850,0.850,0.850,1.000,1.000,,false,false,Suppression fields reinforce while slightly damping one another.
banishment_circle,inferno,SPELL,CRYSTAL,DAMPEN,counter_sigils,interaction_clash,2,1.000,0.550,1.000,0.550,1.000,1.000,,false,false,Suppression and action contest according to interaction priority.
banishment_circle,invisibility,SPELL,INNATE,DAMPEN,counter_sigils,interaction_clash,2,1.000,0.550,1.000,0.550,1.000,1.000,,false,false,Suppression and action contest according to interaction priority.
banishment_circle,kinetic_ward,SPELL,SPELL,DAMPEN,counter_sigils,interaction_clash,2,1.000,0.550,1.000,0.550,1.000,1.000,,false,false,Suppression and action contest according to interaction priority.
banishment_circle,life_bloom,SPELL,CRYSTAL,DAMPEN,counter_sigils,interaction_clash,2,1.000,0.550,1.000,0.550,1.000,1.000,,false,false,Suppression and action contest according to interaction priority.
banishment_circle,light_crystal,SPELL,CRYSTAL,DAMPEN,counter_sigils,interaction_clash,2,1.000,0.550,1.000,0.550,1.000,1.000,,false,false,Suppression and action contest according to interaction priority.
banishment_circle,lightning_strike,SPELL,INNATE,DAMPEN,counter_sigils,interaction_clash,2,1.000,0.550,1.000,0.550,1.000,1.000,,false,false,Suppression and action contest according to interaction priority.
banishment_circle,middleworld,SPELL,CRYSTAL,DAMPEN,counter_sigils,interaction_clash,2,1.000,0.550,1.000,0.550,1.000,1.000,,false,false,Suppression and action contest according to interaction priority.
banishment_circle,plant_healing_acceleration,SPELL,INNATE,DAMPEN,counter_sigils,interaction_clash,2,1.000,0.550,1.000,0.550,1.000,1.000,,false,false,Suppression and action contest according to interaction priority.
banishment_circle,portal_rift,SPELL,CRYSTAL,DAMPEN,counter_sigils,interaction_clash,2,1.000,0.550,1.000,0.550,1.000,1.000,,false,false,Suppression and action contest according to interaction priority.
banishment_circle,purification_circle,SPELL,SPELL,RESONATE,sealed_resonance,interaction_clash,2,0.850,0.850,0.850,0.850,1.000,1.000,,false,false,Suppression fields reinforce while slightly damping one another.
banishment_circle,ritual_amplification,SPELL,SPELL,DAMPEN,counter_sigils,interaction_clash,2,1.000,0.550,1.000,0.550,1.000,1.000,,false,false,Suppression and action contest according to interaction priority.
banishment_circle,root_binding,SPELL,SPELL,DAMPEN,counter_sigils,interaction_clash,2,1.000,0.550,1.000,0.550,1.000,1.000,,false,false,Suppression and action contest according to interaction priority.
banishment_circle,sanctuary_growth,SPELL,SPELL,DAMPEN,counter_sigils,interaction_clash,2,1.000,0.550,1.000,0.550,1.000,1.000,,false,false,Suppression and action contest according to interaction priority.
banishment_circle,shadow_step,SPELL,INNATE,DAMPEN,counter_sigils,interaction_clash,2,1.000,0.550,1.000,0.550,1.000,1.000,,false,false,Suppression and action contest according to interaction priority.
banishment_circle,size_shift,SPELL,CRYSTAL,DAMPEN,counter_sigils,interaction_clash,2,1.000,0.550,1.000,0.550,1.000,1.000,,false,false,Suppression and action contest according to interaction priority.
banishment_circle,slow_world,SPELL,INNATE,DAMPEN,counter_sigils,interaction_clash,2,1.000,0.550,1.000,0.550,1.000,1.000,,false,false,Suppression and action contest according to interaction priority.
banishment_circle,soul_compass,SPELL,SPELL,DAMPEN,counter_sigils,interaction_clash,2,1.000,0.550,1.000,0.550,1.000,1.000,,false,false,Suppression and action contest according to interaction priority.
banishment_circle,soul_link,SPELL,CRYSTAL,DAMPEN,counter_sigils,interaction_clash,2,1.000,0.550,1.000,0.550,1.000,1.000,,false,false,Suppression and action contest according to interaction priority.
banishment_circle,space_time,SPELL,CRYSTAL,DAMPEN,counter_sigils,interaction_clash,2,1.000,0.550,1.000,0.550,1.000,1.000,,false,false,Suppression and action contest according to interaction priority.
banishment_circle,speed_burst,SPELL,INNATE,DAMPEN,counter_sigils,interaction_clash,2,1.000,0.550,1.000,0.550,1.000,1.000,,false,false,Suppression and action contest according to interaction priority.
banishment_circle,starfall,SPELL,INNATE,DAMPEN,counter_sigils,interaction_clash,2,1.000,0.550,1.000,0.550,1.000,1.000,,false,false,Suppression and action contest according to interaction priority.
banishment_circle,super_speed,SPELL,INNATE,DAMPEN,counter_sigils,interaction_clash,2,1.000,0.550,1.000,0.550,1.000,1.000,,false,false,Suppression and action contest according to interaction priority.
banishment_circle,telekinesis,SPELL,INNATE,DAMPEN,counter_sigils,interaction_clash,2,1.000,0.550,1.000,0.550,1.000,1.000,,false,false,Suppression and action contest according to interaction priority.
banishment_circle,time_freeze,SPELL,INNATE,DAMPEN,counter_sigils,interaction_clash,2,1.000,0.550,1.000,0.550,1.000,1.000,,false,false,Suppression and action contest according to interaction priority.
banishment_circle,time_shift,SPELL,INNATE,DAMPEN,counter_sigils,interaction_clash,2,1.000,0.550,1.000,0.550,1.000,1.000,,false,false,Suppression and action contest according to interaction priority.
banishment_circle,tracking_mark,SPELL,SPELL,DAMPEN,counter_sigils,interaction_clash,2,1.000,0.550,1.000,0.550,1.000,1.000,,false,false,Suppression and action contest according to interaction priority.
banishment_circle,vessel_possession,SPELL,INNATE,DAMPEN,counter_sigils,interaction_clash,2,1.000,0.550,1.000,0.550,1.000,1.000,,false,false,Suppression and action contest according to interaction priority.
banishment_circle,vitality_transfer,SPELL,SPELL,DAMPEN,counter_sigils,interaction_clash,2,1.000,0.550,1.000,0.550,1.000,1.000,,false,false,Suppression and action contest according to interaction priority.
banishment_circle,void_beam,SPELL,INNATE,DAMPEN,counter_sigils,interaction_clash,2,1.000,0.550,1.000,0.550,1.000,1.000,,false,false,Suppression and action contest according to interaction priority.
banishment_circle,ward_breaking_ritual,SPELL,SPELL,RESONATE,sealed_resonance,interaction_clash,2,0.850,0.850,0.850,0.850,1.000,1.000,,false,false,Suppression fields reinforce while slightly damping one another.
banishment_circle,weather_sigil,SPELL,SPELL,DAMPEN,counter_sigils,interaction_clash,2,1.000,0.550,1.000,0.550,1.000,1.000,,false,false,Suppression and action contest according to interaction priority.
binding_sigil,binding_sigil,SPELL,SPELL,RESONATE,sealed_resonance,interaction_clash,2,0.850,0.850,0.850,0.850,1.000,1.000,,false,false,Suppression fields reinforce while slightly damping one another.
binding_sigil,breezy_bash,SPELL,INNATE,DAMPEN,counter_sigils,interaction_clash,2,1.000,0.550,1.000,0.550,1.000,1.000,,false,false,Suppression and action contest according to interaction priority.
binding_sigil,chrono_stop,SPELL,CRYSTAL,DAMPEN,counter_sigils,interaction_clash,2,1.000,0.550,1.000,0.550,1.000,1.000,,false,false,Suppression and action contest according to interaction priority.
binding_sigil,clone_swarm,SPELL,CRYSTAL,DAMPEN,counter_sigils,interaction_clash,2,1.000,0.550,1.000,0.550,1.000,1.000,,false,false,Suppression and action contest according to interaction priority.
binding_sigil,concealment_veil,SPELL,SPELL,DAMPEN,counter_sigils,interaction_clash,2,1.000,0.550,1.000,0.550,1.000,1.000,,false,false,Suppression and action contest according to interaction priority.
binding_sigil,controlled_hellfire,SPELL,SPELL,DAMPEN,counter_sigils,interaction_clash,2,1.000,0.550,1.000,0.550,1.000,1.000,,false,false,Suppression and action contest according to interaction priority.
binding_sigil,counterspell,SPELL,SPELL,RESONATE,sealed_resonance,interaction_clash,2,0.850,0.850,0.850,0.850,1.000,1.000,,false,false,Suppression fields reinforce while slightly damping one another.
binding_sigil,cozy_campfire,SPELL,INNATE,DAMPEN,counter_sigils,interaction_clash,2,1.000,0.550,1.000,0.550,1.000,1.000,,false,false,Suppression and action contest according to interaction priority.
binding_sigil,creativity_manifestation,SPELL,CRYSTAL,DAMPEN,counter_sigils,interaction_clash,2,1.000,0.550,1.000,0.550,1.000,1.000,,false,false,Suppression and action contest according to interaction priority.
binding_sigil,dark_crystal,SPELL,CRYSTAL,DAMPEN,counter_sigils,interaction_clash,2,1.000,0.550,1.000,0.550,1.000,1.000,,false,false,Suppression and action contest according to interaction priority.
binding_sigil,dimensional_anchor,SPELL,SPELL,RESONATE,sealed_resonance,interaction_clash,2,0.850,0.850,0.850,0.850,1.000,1.000,,false,false,Suppression fields reinforce while slightly damping one another.
binding_sigil,dispel,SPELL,SPELL,RESONATE,sealed_resonance,interaction_clash,2,0.850,0.850,0.850,0.850,1.000,1.000,,false,false,Suppression fields reinforce while slightly damping one another.
binding_sigil,double_health,SPELL,INNATE,DAMPEN,counter_sigils,interaction_clash,2,1.000,0.550,1.000,0.550,1.000,1.000,,false,false,Suppression and action contest according to interaction priority.
binding_sigil,dreamwalking,SPELL,CRYSTAL,DAMPEN,counter_sigils,interaction_clash,2,1.000,0.550,1.000,0.550,1.000,1.000,,false,false,Suppression and action contest according to interaction priority.
binding_sigil,elemental_blast,SPELL,INNATE,DAMPEN,counter_sigils,interaction_clash,2,1.000,0.550,1.000,0.550,1.000,1.000,,false,false,Suppression and action contest according to interaction priority.
binding_sigil,energy_beam,SPELL,INNATE,DAMPEN,counter_sigils,interaction_clash,2,1.000,0.550,1.000,0.550,1.000,1.000,,false,false,Suppression and action contest according to interaction priority.
binding_sigil,energy_drain,SPELL,INNATE,DAMPEN,counter_sigils,interaction_clash,2,1.000,0.550,1.000,0.550,1.000,1.000,,false,false,Suppression and action contest according to interaction priority.
binding_sigil,fireball,SPELL,INNATE,DAMPEN,counter_sigils,interaction_clash,2,1.000,0.550,1.000,0.550,1.000,1.000,,false,false,Suppression and action contest according to interaction priority.
binding_sigil,flight,SPELL,INNATE,DAMPEN,counter_sigils,interaction_clash,2,1.000,0.550,1.000,0.550,1.000,1.000,,false,false,Suppression and action contest according to interaction priority.
binding_sigil,forcefield,SPELL,INNATE,DAMPEN,counter_sigils,interaction_clash,2,1.000,0.550,1.000,0.550,1.000,1.000,,false,false,Suppression and action contest according to interaction priority.
binding_sigil,frost_nova,SPELL,INNATE,DAMPEN,counter_sigils,interaction_clash,2,1.000,0.550,1.000,0.550,1.000,1.000,,false,false,Suppression and action contest according to interaction priority.
binding_sigil,gravity_displacement,SPELL,INNATE,DAMPEN,counter_sigils,interaction_clash,2,1.000,0.550,1.000,0.550,1.000,1.000,,false,false,Suppression and action contest according to interaction priority.
binding_sigil,ground_slam,SPELL,INNATE,DAMPEN,counter_sigils,interaction_clash,2,1.000,0.550,1.000,0.550,1.000,1.000,,false,false,Suppression and action contest according to interaction priority.
binding_sigil,hex,SPELL,SPELL,DAMPEN,counter_sigils,interaction_clash,2,1.000,0.550,1.000,0.550,1.000,1.000,,false,false,Suppression and action contest according to interaction priority.
binding_sigil,ice_manipulation,SPELL,INNATE,DAMPEN,counter_sigils,interaction_clash,2,1.000,0.550,1.000,0.550,1.000,1.000,,false,false,Suppression and action contest according to interaction priority.
binding_sigil,infernal_seal,SPELL,SPELL,RESONATE,sealed_resonance,interaction_clash,2,0.850,0.850,0.850,0.850,1.000,1.000,,false,false,Suppression fields reinforce while slightly damping one another.
binding_sigil,inferno,SPELL,CRYSTAL,DAMPEN,counter_sigils,interaction_clash,2,1.000,0.550,1.000,0.550,1.000,1.000,,false,false,Suppression and action contest according to interaction priority.
binding_sigil,invisibility,SPELL,INNATE,DAMPEN,counter_sigils,interaction_clash,2,1.000,0.550,1.000,0.550,1.000,1.000,,false,false,Suppression and action contest according to interaction priority.
binding_sigil,kinetic_ward,SPELL,SPELL,DAMPEN,counter_sigils,interaction_clash,2,1.000,0.550,1.000,0.550,1.000,1.000,,false,false,Suppression and action contest according to interaction priority.
binding_sigil,life_bloom,SPELL,CRYSTAL,DAMPEN,counter_sigils,interaction_clash,2,1.000,0.550,1.000,0.550,1.000,1.000,,false,false,Suppression and action contest according to interaction priority.
binding_sigil,light_crystal,SPELL,CRYSTAL,DAMPEN,counter_sigils,interaction_clash,2,1.000,0.550,1.000,0.550,1.000,1.000,,false,false,Suppression and action contest according to interaction priority.
binding_sigil,lightning_strike,SPELL,INNATE,DAMPEN,counter_sigils,interaction_clash,2,1.000,0.550,1.000,0.550,1.000,1.000,,false,false,Suppression and action contest according to interaction priority.
binding_sigil,middleworld,SPELL,CRYSTAL,DAMPEN,counter_sigils,interaction_clash,2,1.000,0.550,1.000,0.550,1.000,1.000,,false,false,Suppression and action contest according to interaction priority.
binding_sigil,plant_healing_acceleration,SPELL,INNATE,DAMPEN,counter_sigils,interaction_clash,2,1.000,0.550,1.000,0.550,1.000,1.000,,false,false,Suppression and action contest according to interaction priority.
binding_sigil,portal_rift,SPELL,CRYSTAL,DAMPEN,counter_sigils,interaction_clash,2,1.000,0.550,1.000,0.550,1.000,1.000,,false,false,Suppression and action contest according to interaction priority.
binding_sigil,purification_circle,SPELL,SPELL,RESONATE,sealed_resonance,interaction_clash,2,0.850,0.850,0.850,0.850,1.000,1.000,,false,false,Suppression fields reinforce while slightly damping one another.
binding_sigil,ritual_amplification,SPELL,SPELL,DAMPEN,counter_sigils,interaction_clash,2,1.000,0.550,1.000,0.550,1.000,1.000,,false,false,Suppression and action contest according to interaction priority.
binding_sigil,root_binding,SPELL,SPELL,DAMPEN,counter_sigils,interaction_clash,2,1.000,0.550,1.000,0.550,1.000,1.000,,false,false,Suppression and action contest according to interaction priority.
binding_sigil,sanctuary_growth,SPELL,SPELL,DAMPEN,counter_sigils,interaction_clash,2,1.000,0.550,1.000,0.550,1.000,1.000,,false,false,Suppression and action contest according to interaction priority.
binding_sigil,shadow_step,SPELL,INNATE,DAMPEN,counter_sigils,interaction_clash,2,1.000,0.550,1.000,0.550,1.000,1.000,,false,false,Suppression and action contest according to interaction priority.
binding_sigil,size_shift,SPELL,CRYSTAL,DAMPEN,counter_sigils,interaction_clash,2,1.000,0.550,1.000,0.550,1.000,1.000,,false,false,Suppression and action contest according to interaction priority.
binding_sigil,slow_world,SPELL,INNATE,DAMPEN,counter_sigils,interaction_clash,2,1.000,0.550,1.000,0.550,1.000,1.000,,false,false,Suppression and action contest according to interaction priority.
binding_sigil,soul_compass,SPELL,SPELL,DAMPEN,counter_sigils,interaction_clash,2,1.000,0.550,1.000,0.550,1.000,1.000,,false,false,Suppression and action contest according to interaction priority.
binding_sigil,soul_link,SPELL,CRYSTAL,DAMPEN,counter_sigils,interaction_clash,2,1.000,0.550,1.000,0.550,1.000,1.000,,false,false,Suppression and action contest according to interaction priority.
binding_sigil,space_time,SPELL,CRYSTAL,DAMPEN,counter_sigils,interaction_clash,2,1.000,0.550,1.000,0.550,1.000,1.000,,false,false,Suppression and action contest according to interaction priority.
binding_sigil,speed_burst,SPELL,INNATE,DAMPEN,counter_sigils,interaction_clash,2,1.000,0.550,1.000,0.550,1.000,1.000,,false,false,Suppression and action contest according to interaction priority.
binding_sigil,starfall,SPELL,INNATE,DAMPEN,counter_sigils,interaction_clash,2,1.000,0.550,1.000,0.550,1.000,1.000,,false,false,Suppression and action contest according to interaction priority.
binding_sigil,super_speed,SPELL,INNATE,DAMPEN,counter_sigils,interaction_clash,2,1.000,0.550,1.000,0.550,1.000,1.000,,false,false,Suppression and action contest according to interaction priority.
binding_sigil,telekinesis,SPELL,INNATE,DAMPEN,counter_sigils,interaction_clash,2,1.000,0.550,1.000,0.550,1.000,1.000,,false,false,Suppression and action contest according to interaction priority.
binding_sigil,time_freeze,SPELL,INNATE,DAMPEN,counter_sigils,interaction_clash,2,1.000,0.550,1.000,0.550,1.000,1.000,,false,false,Suppression and action contest according to interaction priority.
binding_sigil,time_shift,SPELL,INNATE,DAMPEN,counter_sigils,interaction_clash,2,1.000,0.550,1.000,0.550,1.000,1.000,,false,false,Suppression and action contest according to interaction priority.
binding_sigil,tracking_mark,SPELL,SPELL,DAMPEN,counter_sigils,interaction_clash,2,1.000,0.550,1.000,0.550,1.000,1.000,,false,false,Suppression and action contest according to interaction priority.
binding_sigil,vessel_possession,SPELL,INNATE,DAMPEN,counter_sigils,interaction_clash,2,1.000,0.550,1.000,0.550,1.000,1.000,,false,false,Suppression and action contest according to interaction priority.
binding_sigil,vitality_transfer,SPELL,SPELL,DAMPEN,counter_sigils,interaction_clash,2,1.000,0.550,1.000,0.550,1.000,1.000,,false,false,Suppression and action contest according to interaction priority.
binding_sigil,void_beam,SPELL,INNATE,DAMPEN,counter_sigils,interaction_clash,2,1.000,0.550,1.000,0.550,1.000,1.000,,false,false,Suppression and action contest according to interaction priority.
binding_sigil,ward_breaking_ritual,SPELL,SPELL,RESONATE,sealed_resonance,interaction_clash,2,0.850,0.850,0.850,0.850,1.000,1.000,,false,false,Suppression fields reinforce while slightly damping one another.
binding_sigil,weather_sigil,SPELL,SPELL,DAMPEN,counter_sigils,interaction_clash,2,1.000,0.550,1.000,0.550,1.000,1.000,,false,false,Suppression and action contest according to interaction priority.
breezy_bash,breezy_bash,INNATE,INNATE,RESONATE,force_resonance,interaction_clash,3,1.120,1.120,1.100,1.100,1.050,1.050,FORCE,false,false,Shared aspects resonate with bounded potency and duration.
breezy_bash,chrono_stop,INNATE,CRYSTAL,RESONATE,force_resonance,interaction_clash,3,1.120,1.120,1.100,1.100,1.050,1.050,FORCE,false,false,Shared aspects resonate with bounded potency and duration.
breezy_bash,clone_swarm,INNATE,CRYSTAL,COEXIST,harmonic_weave,interaction_clash,1,1.000,1.000,1.000,1.000,1.000,1.000,,false,false,Independent forces coexist with a restrained harmonic weave.
breezy_bash,concealment_veil,INNATE,SPELL,COEXIST,harmonic_weave,interaction_clash,1,1.000,1.000,1.000,1.000,1.000,1.000,,false,false,Independent forces coexist with a restrained harmonic weave.
breezy_bash,controlled_hellfire,INNATE,SPELL,COEXIST,harmonic_weave,interaction_clash,1,1.000,1.000,1.000,1.000,1.000,1.000,,false,false,Independent forces coexist with a restrained harmonic weave.
breezy_bash,counterspell,INNATE,SPELL,DAMPEN,counter_sigils,interaction_clash,2,0.550,1.000,0.550,1.000,1.000,1.000,,false,false,Suppression and action contest according to interaction priority.
breezy_bash,cozy_campfire,INNATE,INNATE,COEXIST,harmonic_weave,interaction_clash,1,1.000,1.000,1.000,1.000,1.000,1.000,,false,false,Independent forces coexist with a restrained harmonic weave.
breezy_bash,creativity_manifestation,INNATE,CRYSTAL,COEXIST,harmonic_weave,interaction_clash,1,1.000,1.000,1.000,1.000,1.000,1.000,,false,false,Independent forces coexist with a restrained harmonic weave.
breezy_bash,dark_crystal,INNATE,CRYSTAL,COEXIST,harmonic_weave,interaction_clash,1,1.000,1.000,1.000,1.000,1.000,1.000,,false,false,Independent forces coexist with a restrained harmonic weave.
breezy_bash,dimensional_anchor,INNATE,SPELL,DAMPEN,counter_sigils,interaction_clash,2,0.550,1.000,0.550,1.000,1.000,1.000,,false,false,Suppression and action contest according to interaction priority.
breezy_bash,dispel,INNATE,SPELL,DAMPEN,counter_sigils,interaction_clash,2,0.550,1.000,0.550,1.000,1.000,1.000,,false,false,Suppression and action contest according to interaction priority.
breezy_bash,double_health,INNATE,INNATE,COEXIST,harmonic_weave,interaction_clash,1,1.000,1.000,1.000,1.000,1.000,1.000,,false,false,Independent forces coexist with a restrained harmonic weave.
breezy_bash,dreamwalking,INNATE,CRYSTAL,COEXIST,harmonic_weave,interaction_clash,1,1.000,1.000,1.000,1.000,1.000,1.000,,false,false,Independent forces coexist with a restrained harmonic weave.
breezy_bash,elemental_blast,INNATE,INNATE,COEXIST,harmonic_weave,interaction_clash,1,1.000,1.000,1.000,1.000,1.000,1.000,,false,false,Independent forces coexist with a restrained harmonic weave.
breezy_bash,energy_beam,INNATE,INNATE,RESONATE,force_resonance,interaction_clash,3,1.120,1.120,1.100,1.100,1.050,1.050,FORCE,false,false,Shared aspects resonate with bounded potency and duration.
breezy_bash,energy_drain,INNATE,INNATE,COEXIST,harmonic_weave,interaction_clash,1,1.000,1.000,1.000,1.000,1.000,1.000,,false,false,Independent forces coexist with a restrained harmonic weave.
breezy_bash,fireball,INNATE,INNATE,RESONATE,force_resonance,interaction_clash,3,1.120,1.120,1.100,1.100,1.050,1.050,FORCE,false,false,Shared aspects resonate with bounded potency and duration.
breezy_bash,flight,INNATE,INNATE,RESONATE,motion_resonance,interaction_clash,3,1.120,1.120,1.100,1.100,1.050,1.050,MOTION,false,false,Shared aspects resonate with bounded potency and duration.
breezy_bash,forcefield,INNATE,INNATE,RESONATE,force_resonance,interaction_clash,3,1.120,1.120,1.100,1.100,1.050,1.050,FORCE,false,false,Shared aspects resonate with bounded potency and duration.
breezy_bash,frost_nova,INNATE,INNATE,RESONATE,force_resonance,interaction_clash,3,1.120,1.120,1.100,1.100,1.050,1.050,FORCE,false,false,Shared aspects resonate with bounded potency and duration.
breezy_bash,gravity_displacement,INNATE,INNATE,RESONATE,force_resonance,interaction_clash,3,1.120,1.120,1.100,1.100,1.050,1.050,FORCE,false,false,Shared aspects resonate with bounded potency and duration.
breezy_bash,ground_slam,INNATE,INNATE,RESONATE,force_resonance,interaction_clash,3,1.120,1.120,1.100,1.100,1.050,1.050,FORCE,false,false,Shared aspects resonate with bounded potency and duration.
breezy_bash,hex,INNATE,SPELL,COEXIST,harmonic_weave,interaction_clash,1,1.000,1.000,1.000,1.000,1.000,1.000,,false,false,Independent forces coexist with a restrained harmonic weave.
breezy_bash,ice_manipulation,INNATE,INNATE,COEXIST,harmonic_weave,interaction_clash,1,1.000,1.000,1.000,1.000,1.000,1.000,,false,false,Independent forces coexist with a restrained harmonic weave.
breezy_bash,infernal_seal,INNATE,SPELL,DAMPEN,counter_sigils,interaction_clash,2,0.550,1.000,0.550,1.000,1.000,1.000,,false,false,Suppression and action contest according to interaction priority.
breezy_bash,inferno,INNATE,CRYSTAL,COEXIST,harmonic_weave,interaction_clash,1,1.000,1.000,1.000,1.000,1.000,1.000,,false,false,Independent forces coexist with a restrained harmonic weave.
breezy_bash,invisibility,INNATE,INNATE,COEXIST,harmonic_weave,interaction_clash,1,1.000,1.000,1.000,1.000,1.000,1.000,,false,false,Independent forces coexist with a restrained harmonic weave.
breezy_bash,kinetic_ward,INNATE,SPELL,RESONATE,motion_resonance,interaction_clash,3,1.120,1.120,1.100,1.100,1.050,1.050,MOTION,false,false,Shared aspects resonate with bounded potency and duration.
breezy_bash,life_bloom,INNATE,CRYSTAL,COEXIST,harmonic_weave,interaction_clash,1,1.000,1.000,1.000,1.000,1.000,1.000,,false,false,Independent forces coexist with a restrained harmonic weave.
breezy_bash,light_crystal,INNATE,CRYSTAL,COEXIST,harmonic_weave,interaction_clash,1,1.000,1.000,1.000,1.000,1.000,1.000,,false,false,Independent forces coexist with a restrained harmonic weave.
breezy_bash,lightning_strike,INNATE,INNATE,COEXIST,harmonic_weave,interaction_clash,1,1.000,1.000,1.000,1.000,1.000,1.000,,false,false,Independent forces coexist with a restrained harmonic weave.
breezy_bash,middleworld,INNATE,CRYSTAL,COEXIST,harmonic_weave,interaction_clash,1,1.000,1.000,1.000,1.000,1.000,1.000,,false,false,Independent forces coexist with a restrained harmonic weave.
breezy_bash,plant_healing_acceleration,INNATE,INNATE,COEXIST,harmonic_weave,interaction_clash,1,1.000,1.000,1.000,1.000,1.000,1.000,,false,false,Independent forces coexist with a restrained harmonic weave.
breezy_bash,portal_rift,INNATE,CRYSTAL,RESONATE,force_resonance,interaction_clash,3,1.120,1.120,1.100,1.100,1.050,1.050,FORCE,false,false,Shared aspects resonate with bounded potency and duration.
breezy_bash,purification_circle,INNATE,SPELL,DAMPEN,counter_sigils,interaction_clash,2,0.550,1.000,0.550,1.000,1.000,1.000,,false,false,Suppression and action contest according to interaction priority.
breezy_bash,ritual_amplification,INNATE,SPELL,COEXIST,harmonic_weave,interaction_clash,1,1.000,1.000,1.000,1.000,1.000,1.000,,false,false,Independent forces coexist with a restrained harmonic weave.
breezy_bash,root_binding,INNATE,SPELL,RESONATE,force_resonance,interaction_clash,3,1.120,1.120,1.100,1.100,1.050,1.050,FORCE,false,false,Shared aspects resonate with bounded potency and duration.
breezy_bash,sanctuary_growth,INNATE,SPELL,COEXIST,harmonic_weave,interaction_clash,1,1.000,1.000,1.000,1.000,1.000,1.000,,false,false,Independent forces coexist with a restrained harmonic weave.
breezy_bash,shadow_step,INNATE,INNATE,RESONATE,motion_resonance,interaction_clash,3,1.120,1.120,1.100,1.100,1.050,1.050,MOTION,false,false,Shared aspects resonate with bounded potency and duration.
breezy_bash,size_shift,INNATE,CRYSTAL,COEXIST,harmonic_weave,interaction_clash,1,1.000,1.000,1.000,1.000,1.000,1.000,,false,false,Independent forces coexist with a restrained harmonic weave.
breezy_bash,slow_world,INNATE,INNATE,RESONATE,motion_resonance,interaction_clash,3,1.120,1.120,1.100,1.100,1.050,1.050,MOTION,false,false,Shared aspects resonate with bounded potency and duration.
breezy_bash,soul_compass,INNATE,SPELL,COEXIST,harmonic_weave,interaction_clash,1,1.000,1.000,1.000,1.000,1.000,1.000,,false,false,Independent forces coexist with a restrained harmonic weave.
breezy_bash,soul_link,INNATE,CRYSTAL,COEXIST,harmonic_weave,interaction_clash,1,1.000,1.000,1.000,1.000,1.000,1.000,,false,false,Independent forces coexist with a restrained harmonic weave.
breezy_bash,space_time,INNATE,CRYSTAL,COEXIST,harmonic_weave,interaction_clash,1,1.000,1.000,1.000,1.000,1.000,1.000,,false,false,Independent forces coexist with a restrained harmonic weave.
breezy_bash,speed_burst,INNATE,INNATE,RESONATE,force_resonance,interaction_clash,3,1.120,1.120,1.100,1.100,1.050,1.050,FORCE,false,false,Shared aspects resonate with bounded potency and duration.
breezy_bash,starfall,INNATE,INNATE,RESONATE,force_resonance,interaction_clash,3,1.120,1.120,1.100,1.100,1.050,1.050,FORCE,false,false,Shared aspects resonate with bounded potency and duration.
breezy_bash,super_speed,INNATE,INNATE,RESONATE,motion_resonance,interaction_clash,3,1.120,1.120,1.100,1.100,1.050,1.050,MOTION,false,false,Shared aspects resonate with bounded potency and duration.
breezy_bash,telekinesis,INNATE,INNATE,RESONATE,force_resonance,interaction_clash,3,1.120,1.120,1.100,1.100,1.050,1.050,FORCE,false,false,Shared aspects resonate with bounded potency and duration.
breezy_bash,time_freeze,INNATE,INNATE,COEXIST,harmonic_weave,interaction_clash,1,1.000,1.000,1.000,1.000,1.000,1.000,,false,false,Independent forces coexist with a restrained harmonic weave.
breezy_bash,time_shift,INNATE,INNATE,COEXIST,harmonic_weave,interaction_clash,1,1.000,1.000,1.000,1.000,1.000,1.000,,false,false,Independent forces coexist with a restrained harmonic weave.
breezy_bash,tracking_mark,INNATE,SPELL,COEXIST,harmonic_weave,interaction_clash,1,1.000,1.000,1.000,1.000,1.000,1.000,,false,false,Independent forces coexist with a restrained harmonic weave.
breezy_bash,vessel_possession,INNATE,INNATE,COEXIST,harmonic_weave,interaction_clash,1,1.000,1.000,1.000,1.000,1.000,1.000,,false,false,Independent forces coexist with a restrained harmonic weave.
breezy_bash,vitality_transfer,INNATE,SPELL,COEXIST,harmonic_weave,interaction_clash,1,1.000,1.000,1.000,1.000,1.000,1.000,,false,false,Independent forces coexist with a restrained harmonic weave.
breezy_bash,void_beam,INNATE,INNATE,COEXIST,harmonic_weave,interaction_clash,1,1.000,1.000,1.000,1.000,1.000,1.000,,false,false,Independent forces coexist with a restrained harmonic weave.
breezy_bash,ward_breaking_ritual,INNATE,SPELL,DAMPEN,counter_sigils,interaction_clash,2,0.550,1.000,0.550,1.000,1.000,1.000,,false,false,Suppression and action contest according to interaction priority.
breezy_bash,weather_sigil,INNATE,SPELL,COEXIST,harmonic_weave,interaction_clash,1,1.000,1.000,1.000,1.000,1.000,1.000,,false,false,Independent forces coexist with a restrained harmonic weave.
chrono_stop,chrono_stop,CRYSTAL,CRYSTAL,RESONATE,force_resonance,interaction_clash,3,1.120,1.120,1.100,1.100,1.050,1.050,FORCE,false,false,Shared aspects resonate with bounded potency and duration.
chrono_stop,clone_swarm,CRYSTAL,CRYSTAL,COEXIST,harmonic_weave,interaction_clash,1,1.000,1.000,1.000,1.000,1.000,1.000,,false,false,Independent forces coexist with a restrained harmonic weave.
chrono_stop,concealment_veil,CRYSTAL,SPELL,COEXIST,harmonic_weave,interaction_clash,1,1.000,1.000,1.000,1.000,1.000,1.000,,false,false,Independent forces coexist with a restrained harmonic weave.
chrono_stop,controlled_hellfire,CRYSTAL,SPELL,COEXIST,harmonic_weave,interaction_clash,1,1.000,1.000,1.000,1.000,1.000,1.000,,false,false,Independent forces coexist with a restrained harmonic weave.
chrono_stop,counterspell,CRYSTAL,SPELL,DAMPEN,counter_sigils,interaction_clash,2,0.550,1.000,0.550,1.000,1.000,1.000,,false,false,Suppression and action contest according to interaction priority.
chrono_stop,cozy_campfire,CRYSTAL,INNATE,COEXIST,harmonic_weave,interaction_clash,1,1.000,1.000,1.000,1.000,1.000,1.000,,false,false,Independent forces coexist with a restrained harmonic weave.
chrono_stop,creativity_manifestation,CRYSTAL,CRYSTAL,COEXIST,harmonic_weave,interaction_clash,1,1.000,1.000,1.000,1.000,1.000,1.000,,false,false,Independent forces coexist with a restrained harmonic weave.
chrono_stop,dark_crystal,CRYSTAL,CRYSTAL,COEXIST,harmonic_weave,interaction_clash,1,1.000,1.000,1.000,1.000,1.000,1.000,,false,false,Independent forces coexist with a restrained harmonic weave.
chrono_stop,dimensional_anchor,CRYSTAL,SPELL,DAMPEN,counter_sigils,interaction_clash,2,0.550,1.000,0.550,1.000,1.000,1.000,,false,false,Suppression and action contest according to interaction priority.
chrono_stop,dispel,CRYSTAL,SPELL,DAMPEN,counter_sigils,interaction_clash,2,0.550,1.000,0.550,1.000,1.000,1.000,,false,false,Suppression and action contest according to interaction priority.
chrono_stop,double_health,CRYSTAL,INNATE,COEXIST,harmonic_weave,interaction_clash,1,1.000,1.000,1.000,1.000,1.000,1.000,,false,false,Independent forces coexist with a restrained harmonic weave.
chrono_stop,dreamwalking,CRYSTAL,CRYSTAL,COEXIST,harmonic_weave,interaction_clash,1,1.000,1.000,1.000,1.000,1.000,1.000,,false,false,Independent forces coexist with a restrained harmonic weave.
chrono_stop,elemental_blast,CRYSTAL,INNATE,COEXIST,harmonic_weave,interaction_clash,1,1.000,1.000,1.000,1.000,1.000,1.000,,false,false,Independent forces coexist with a restrained harmonic weave.
chrono_stop,energy_beam,CRYSTAL,INNATE,RESONATE,force_resonance,interaction_clash,3,1.120,1.120,1.100,1.100,1.050,1.050,FORCE,false,false,Shared aspects resonate with bounded potency and duration.
chrono_stop,energy_drain,CRYSTAL,INNATE,COEXIST,harmonic_weave,interaction_clash,1,1.000,1.000,1.000,1.000,1.000,1.000,,false,false,Independent forces coexist with a restrained harmonic weave.
chrono_stop,fireball,CRYSTAL,INNATE,RESONATE,force_resonance,interaction_clash,3,1.120,1.120,1.100,1.100,1.050,1.050,FORCE,false,false,Shared aspects resonate with bounded potency and duration.
chrono_stop,flight,CRYSTAL,INNATE,COEXIST,harmonic_weave,interaction_clash,1,1.000,1.000,1.000,1.000,1.000,1.000,,false,false,Independent forces coexist with a restrained harmonic weave.
chrono_stop,forcefield,CRYSTAL,INNATE,RESONATE,force_resonance,interaction_clash,3,1.120,1.120,1.100,1.100,1.050,1.050,FORCE,false,false,Shared aspects resonate with bounded potency and duration.
chrono_stop,frost_nova,CRYSTAL,INNATE,RESONATE,force_resonance,interaction_clash,3,1.120,1.120,1.100,1.100,1.050,1.050,FORCE,false,false,Shared aspects resonate with bounded potency and duration.
chrono_stop,gravity_displacement,CRYSTAL,INNATE,RESONATE,force_resonance,interaction_clash,3,1.120,1.120,1.100,1.100,1.050,1.050,FORCE,false,false,Shared aspects resonate with bounded potency and duration.
chrono_stop,ground_slam,CRYSTAL,INNATE,RESONATE,force_resonance,interaction_clash,3,1.120,1.120,1.100,1.100,1.050,1.050,FORCE,false,false,Shared aspects resonate with bounded potency and duration.
chrono_stop,hex,CRYSTAL,SPELL,COEXIST,harmonic_weave,interaction_clash,1,1.000,1.000,1.000,1.000,1.000,1.000,,false,false,Independent forces coexist with a restrained harmonic weave.
chrono_stop,ice_manipulation,CRYSTAL,INNATE,COEXIST,harmonic_weave,interaction_clash,1,1.000,1.000,1.000,1.000,1.000,1.000,,false,false,Independent forces coexist with a restrained harmonic weave.
chrono_stop,infernal_seal,CRYSTAL,SPELL,DAMPEN,counter_sigils,interaction_clash,2,0.550,1.000,0.550,1.000,1.000,1.000,,false,false,Suppression and action contest according to interaction priority.
chrono_stop,inferno,CRYSTAL,CRYSTAL,COEXIST,harmonic_weave,interaction_clash,1,1.000,1.000,1.000,1.000,1.000,1.000,,false,false,Independent forces coexist with a restrained harmonic weave.
chrono_stop,invisibility,CRYSTAL,INNATE,COEXIST,harmonic_weave,interaction_clash,1,1.000,1.000,1.000,1.000,1.000,1.000,,false,false,Independent forces coexist with a restrained harmonic weave.
chrono_stop,kinetic_ward,CRYSTAL,SPELL,COEXIST,harmonic_weave,interaction_clash,1,1.000,1.000,1.000,1.000,1.000,1.000,,false,false,Independent forces coexist with a restrained harmonic weave.
chrono_stop,life_bloom,CRYSTAL,CRYSTAL,COEXIST,harmonic_weave,interaction_clash,1,1.000,1.000,1.000,1.000,1.000,1.000,,false,false,Independent forces coexist with a restrained harmonic weave.
chrono_stop,light_crystal,CRYSTAL,CRYSTAL,COEXIST,harmonic_weave,interaction_clash,1,1.000,1.000,1.000,1.000,1.000,1.000,,false,false,Independent forces coexist with a restrained harmonic weave.
chrono_stop,lightning_strike,CRYSTAL,INNATE,COEXIST,harmonic_weave,interaction_clash,1,1.000,1.000,1.000,1.000,1.000,1.000,,false,false,Independent forces coexist with a restrained harmonic weave.
chrono_stop,middleworld,CRYSTAL,CRYSTAL,COEXIST,harmonic_weave,interaction_clash,1,1.000,1.000,1.000,1.000,1.000,1.000,,false,false,Independent forces coexist with a restrained harmonic weave.
chrono_stop,plant_healing_acceleration,CRYSTAL,INNATE,COEXIST,harmonic_weave,interaction_clash,1,1.000,1.000,1.000,1.000,1.000,1.000,,false,false,Independent forces coexist with a restrained harmonic weave.
chrono_stop,portal_rift,CRYSTAL,CRYSTAL,RESONATE,force_resonance,interaction_clash,3,1.120,1.120,1.100,1.100,1.050,1.050,FORCE,false,false,Shared aspects resonate with bounded potency and duration.
chrono_stop,purification_circle,CRYSTAL,SPELL,DAMPEN,counter_sigils,interaction_clash,2,0.550,1.000,0.550,1.000,1.000,1.000,,false,false,Suppression and action contest according to interaction priority.
chrono_stop,ritual_amplification,CRYSTAL,SPELL,COEXIST,harmonic_weave,interaction_clash,1,1.000,1.000,1.000,1.000,1.000,1.000,,false,false,Independent forces coexist with a restrained harmonic weave.
chrono_stop,root_binding,CRYSTAL,SPELL,RESONATE,force_resonance,interaction_clash,3,1.120,1.120,1.100,1.100,1.050,1.050,FORCE,false,false,Shared aspects resonate with bounded potency and duration.
chrono_stop,sanctuary_growth,CRYSTAL,SPELL,COEXIST,harmonic_weave,interaction_clash,1,1.000,1.000,1.000,1.000,1.000,1.000,,false,false,Independent forces coexist with a restrained harmonic weave.
chrono_stop,shadow_step,CRYSTAL,INNATE,COEXIST,harmonic_weave,interaction_clash,1,1.000,1.000,1.000,1.000,1.000,1.000,,false,false,Independent forces coexist with a restrained harmonic weave.
chrono_stop,size_shift,CRYSTAL,CRYSTAL,COEXIST,harmonic_weave,interaction_clash,1,1.000,1.000,1.000,1.000,1.000,1.000,,false,false,Independent forces coexist with a restrained harmonic weave.
chrono_stop,slow_world,CRYSTAL,INNATE,RESONATE,time_resonance,interaction_clash,3,1.120,1.120,1.100,1.100,1.050,1.050,TIME,false,false,Shared aspects resonate with bounded potency and duration.
chrono_stop,soul_compass,CRYSTAL,SPELL,COEXIST,harmonic_weave,interaction_clash,1,1.000,1.000,1.000,1.000,1.000,1.000,,false,false,Independent forces coexist with a restrained harmonic weave.
chrono_stop,soul_link,CRYSTAL,CRYSTAL,COEXIST,harmonic_weave,interaction_clash,1,1.000,1.000,1.000,1.000,1.000,1.000,,false,false,Independent forces coexist with a restrained harmonic weave.
chrono_stop,space_time,CRYSTAL,CRYSTAL,RESONATE,time_resonance,interaction_clash,3,1.120,1.120,1.100,1.100,1.050,1.050,TIME,false,false,Shared aspects resonate with bounded potency and duration.
chrono_stop,speed_burst,CRYSTAL,INNATE,RESONATE,force_resonance,interaction_clash,3,1.120,1.120,1.100,1.100,1.050,1.050,FORCE,false,false,Shared aspects resonate with bounded potency and duration.
chrono_stop,starfall,CRYSTAL,INNATE,RESONATE,force_resonance,interaction_clash,3,1.120,1.120,1.100,1.100,1.050,1.050,FORCE,false,false,Shared aspects resonate with bounded potency and duration.
chrono_stop,super_speed,CRYSTAL,INNATE,RESONATE,time_resonance,interaction_clash,3,1.120,1.120,1.100,1.100,1.050,1.050,TIME,false,false,Shared aspects resonate with bounded potency and duration.
chrono_stop,telekinesis,CRYSTAL,INNATE,RESONATE,force_resonance,interaction_clash,3,1.120,1.120,1.100,1.100,1.050,1.050,FORCE,false,false,Shared aspects resonate with bounded potency and duration.
chrono_stop,time_freeze,CRYSTAL,INNATE,RESONATE,time_resonance,interaction_clash,3,1.120,1.120,1.100,1.100,1.050,1.050,TIME,false,false,Shared aspects resonate with bounded potency and duration.
chrono_stop,time_shift,CRYSTAL,INNATE,RESONATE,time_resonance,interaction_clash,3,1.120,1.120,1.100,1.100,1.050,1.050,TIME,false,false,Shared aspects resonate with bounded potency and duration.
chrono_stop,tracking_mark,CRYSTAL,SPELL,COEXIST,harmonic_weave,interaction_clash,1,1.000,1.000,1.000,1.000,1.000,1.000,,false,false,Independent forces coexist with a restrained harmonic weave.
chrono_stop,vessel_possession,CRYSTAL,INNATE,COEXIST,harmonic_weave,interaction_clash,1,1.000,1.000,1.000,1.000,1.000,1.000,,false,false,Independent forces coexist with a restrained harmonic weave.
chrono_stop,vitality_transfer,CRYSTAL,SPELL,COEXIST,harmonic_weave,interaction_clash,1,1.000,1.000,1.000,1.000,1.000,1.000,,false,false,Independent forces coexist with a restrained harmonic weave.
chrono_stop,void_beam,CRYSTAL,INNATE,COEXIST,harmonic_weave,interaction_clash,1,1.000,1.000,1.000,1.000,1.000,1.000,,false,false,Independent forces coexist with a restrained harmonic weave.
chrono_stop,ward_breaking_ritual,CRYSTAL,SPELL,DAMPEN,counter_sigils,interaction_clash,2,0.550,1.000,0.550,1.000,1.000,1.000,,false,false,Suppression and action contest according to interaction priority.
chrono_stop,weather_sigil,CRYSTAL,SPELL,COEXIST,harmonic_weave,interaction_clash,1,1.000,1.000,1.000,1.000,1.000,1.000,,false,false,Independent forces coexist with a restrained harmonic weave.
clone_swarm,clone_swarm,CRYSTAL,CRYSTAL,RESONATE,mind_resonance,interaction_clash,3,1.120,1.120,1.100,1.100,1.050,1.050,MIND,false,false,Shared aspects resonate with bounded potency and duration.
clone_swarm,concealment_veil,CRYSTAL,SPELL,RESONATE,mind_resonance,interaction_clash,3,1.120,1.120,1.100,1.100,1.050,1.050,MIND,false,false,Shared aspects resonate with bounded potency and duration.
clone_swarm,controlled_hellfire,CRYSTAL,SPELL,COEXIST,harmonic_weave,interaction_clash,1,1.000,1.000,1.000,1.000,1.000,1.000,,false,false,Independent forces coexist with a restrained harmonic weave.
clone_swarm,counterspell,CRYSTAL,SPELL,DAMPEN,counter_sigils,interaction_clash,2,0.550,1.000,0.550,1.000,1.000,1.000,,false,false,Suppression and action contest according to interaction priority.
clone_swarm,cozy_campfire,CRYSTAL,INNATE,AMPLIFY,concordant_bloom,interaction_clash,2,1.080,1.080,1.120,1.120,1.000,1.000,,false,false,Compatible support magic gains a capped cooperative resonance.
clone_swarm,creativity_manifestation,CRYSTAL,CRYSTAL,RESONATE,creation_resonance,interaction_clash,3,1.120,1.120,1.100,1.100,1.050,1.050,CREATION,false,false,Shared aspects resonate with bounded potency and duration.
clone_swarm,dark_crystal,CRYSTAL,CRYSTAL,RESONATE,mind_resonance,interaction_clash,3,1.120,1.120,1.100,1.100,1.050,1.050,MIND,false,false,Shared aspects resonate with bounded potency and duration.
clone_swarm,dimensional_anchor,CRYSTAL,SPELL,DAMPEN,counter_sigils,interaction_clash,2,0.550,1.000,0.550,1.000,1.000,1.000,,false,false,Suppression and action contest according to interaction priority.
clone_swarm,dispel,CRYSTAL,SPELL,DAMPEN,counter_sigils,interaction_clash,2,0.550,1.000,0.550,1.000,1.000,1.000,,false,false,Suppression and action contest according to interaction priority.
clone_swarm,double_health,CRYSTAL,INNATE,COEXIST,harmonic_weave,interaction_clash,1,1.000,1.000,1.000,1.000,1.000,1.000,,false,false,Independent forces coexist with a restrained harmonic weave.
clone_swarm,dreamwalking,CRYSTAL,CRYSTAL,RESONATE,mind_resonance,interaction_clash,3,1.120,1.120,1.100,1.100,1.050,1.050,MIND,false,false,Shared aspects resonate with bounded potency and duration.
clone_swarm,elemental_blast,CRYSTAL,INNATE,COEXIST,harmonic_weave,interaction_clash,1,1.000,1.000,1.000,1.000,1.000,1.000,,false,false,Independent forces coexist with a restrained harmonic weave.
clone_swarm,energy_beam,CRYSTAL,INNATE,COEXIST,harmonic_weave,interaction_clash,1,1.000,1.000,1.000,1.000,1.000,1.000,,false,false,Independent forces coexist with a restrained harmonic weave.
clone_swarm,energy_drain,CRYSTAL,INNATE,COEXIST,harmonic_weave,interaction_clash,1,1.000,1.000,1.000,1.000,1.000,1.000,,false,false,Independent forces coexist with a restrained harmonic weave.
clone_swarm,fireball,CRYSTAL,INNATE,COEXIST,harmonic_weave,interaction_clash,1,1.000,1.000,1.000,1.000,1.000,1.000,,false,false,Independent forces coexist with a restrained harmonic weave.
clone_swarm,flight,CRYSTAL,INNATE,COEXIST,harmonic_weave,interaction_clash,1,1.000,1.000,1.000,1.000,1.000,1.000,,false,false,Independent forces coexist with a restrained harmonic weave.
clone_swarm,forcefield,CRYSTAL,INNATE,COEXIST,harmonic_weave,interaction_clash,1,1.000,1.000,1.000,1.000,1.000,1.000,,false,false,Independent forces coexist with a restrained harmonic weave.
clone_swarm,frost_nova,CRYSTAL,INNATE,COEXIST,harmonic_weave,interaction_clash,1,1.000,1.000,1.000,1.000,1.000,1.000,,false,false,Independent forces coexist with a restrained harmonic weave.
clone_swarm,gravity_displacement,CRYSTAL,INNATE,COEXIST,harmonic_weave,interaction_clash,1,1.000,1.000,1.000,1.000,1.000,1.000,,false,false,Independent forces coexist with a restrained harmonic weave.
clone_swarm,ground_slam,CRYSTAL,INNATE,COEXIST,harmonic_weave,interaction_clash,1,1.000,1.000,1.000,1.000,1.000,1.000,,false,false,Independent forces coexist with a restrained harmonic weave.
clone_swarm,hex,CRYSTAL,SPELL,RESONATE,mind_resonance,interaction_clash,3,1.120,1.120,1.100,1.100,1.050,1.050,MIND,false,false,Shared aspects resonate with bounded potency and duration.
clone_swarm,ice_manipulation,CRYSTAL,INNATE,RESONATE,creation_resonance,interaction_clash,3,1.120,1.120,1.100,1.100,1.050,1.050,CREATION,false,false,Shared aspects resonate with bounded potency and duration.
clone_swarm,infernal_seal,CRYSTAL,SPELL,DAMPEN,counter_sigils,interaction_clash,2,0.550,1.000,0.550,1.000,1.000,1.000,,false,false,Suppression and action contest according to interaction priority.
clone_swarm,inferno,CRYSTAL,CRYSTAL,COEXIST,harmonic_weave,interaction_clash,1,1.000,1.000,1.000,1.000,1.000,1.000,,false,false,Independent forces coexist with a restrained harmonic weave.
clone_swarm,invisibility,CRYSTAL,INNATE,RESONATE,mind_resonance,interaction_clash,3,1.120,1.120,1.100,1.100,1.050,1.050,MIND,false,false,Shared aspects resonate with bounded potency and duration.
clone_swarm,kinetic_ward,CRYSTAL,SPELL,COEXIST,harmonic_weave,interaction_clash,1,1.000,1.000,1.000,1.000,1.000,1.000,,false,false,Independent forces coexist with a restrained harmonic weave.
clone_swarm,life_bloom,CRYSTAL,CRYSTAL,AMPLIFY,concordant_bloom,interaction_clash,2,1.080,1.080,1.120,1.120,1.000,1.000,,false,false,Compatible support magic gains a capped cooperative resonance.
clone_swarm,light_crystal,CRYSTAL,CRYSTAL,RESONATE,mind_resonance,interaction_clash,3,1.120,1.120,1.100,1.100,1.050,1.050,MIND,false,false,Shared aspects resonate with bounded potency and duration.
clone_swarm,lightning_strike,CRYSTAL,INNATE,COEXIST,harmonic_weave,interaction_clash,1,1.000,1.000,1.000,1.000,1.000,1.000,,false,false,Independent forces coexist with a restrained harmonic weave.
clone_swarm,middleworld,CRYSTAL,CRYSTAL,RESONATE,mind_resonance,interaction_clash,3,1.120,1.120,1.100,1.100,1.050,1.050,MIND,false,false,Shared aspects resonate with bounded potency and duration.
clone_swarm,plant_healing_acceleration,CRYSTAL,INNATE,AMPLIFY,concordant_bloom,interaction_clash,2,1.080,1.080,1.120,1.120,1.000,1.000,,false,false,Compatible support magic gains a capped cooperative resonance.
clone_swarm,portal_rift,CRYSTAL,CRYSTAL,COEXIST,harmonic_weave,interaction_clash,1,1.000,1.000,1.000,1.000,1.000,1.000,,false,false,Independent forces coexist with a restrained harmonic weave.
clone_swarm,purification_circle,CRYSTAL,SPELL,DAMPEN,counter_sigils,interaction_clash,2,0.550,1.000,0.550,1.000,1.000,1.000,,false,false,Suppression and action contest according to interaction priority.
clone_swarm,ritual_amplification,CRYSTAL,SPELL,RESONATE,creation_resonance,interaction_clash,3,1.120,1.120,1.100,1.100,1.050,1.050,CREATION,false,false,Shared aspects resonate with bounded potency and duration.
clone_swarm,root_binding,CRYSTAL,SPELL,COEXIST,harmonic_weave,interaction_clash,1,1.000,1.000,1.000,1.000,1.000,1.000,,false,false,Independent forces coexist with a restrained harmonic weave.
clone_swarm,sanctuary_growth,CRYSTAL,SPELL,COEXIST,harmonic_weave,interaction_clash,1,1.000,1.000,1.000,1.000,1.000,1.000,,false,false,Independent forces coexist with a restrained harmonic weave.
clone_swarm,shadow_step,CRYSTAL,INNATE,COEXIST,harmonic_weave,interaction_clash,1,1.000,1.000,1.000,1.000,1.000,1.000,,false,false,Independent forces coexist with a restrained harmonic weave.
clone_swarm,size_shift,CRYSTAL,CRYSTAL,RESONATE,creation_resonance,interaction_clash,3,1.120,1.120,1.100,1.100,1.050,1.050,CREATION,false,false,Shared aspects resonate with bounded potency and duration.
clone_swarm,slow_world,CRYSTAL,INNATE,COEXIST,harmonic_weave,interaction_clash,1,1.000,1.000,1.000,1.000,1.000,1.000,,false,false,Independent forces coexist with a restrained harmonic weave.
clone_swarm,soul_compass,CRYSTAL,SPELL,RESONATE,mind_resonance,interaction_clash,3,1.120,1.120,1.100,1.100,1.050,1.050,MIND,false,false,Shared aspects resonate with bounded potency and duration.
clone_swarm,soul_link,CRYSTAL,CRYSTAL,COEXIST,harmonic_weave,interaction_clash,1,1.000,1.000,1.000,1.000,1.000,1.000,,false,false,Independent forces coexist with a restrained harmonic weave.
clone_swarm,space_time,CRYSTAL,CRYSTAL,COEXIST,harmonic_weave,interaction_clash,1,1.000,1.000,1.000,1.000,1.000,1.000,,false,false,Independent forces coexist with a restrained harmonic weave.
clone_swarm,speed_burst,CRYSTAL,INNATE,COEXIST,harmonic_weave,interaction_clash,1,1.000,1.000,1.000,1.000,1.000,1.000,,false,false,Independent forces coexist with a restrained harmonic weave.
clone_swarm,starfall,CRYSTAL,INNATE,COEXIST,harmonic_weave,interaction_clash,1,1.000,1.000,1.000,1.000,1.000,1.000,,false,false,Independent forces coexist with a restrained harmonic weave.
clone_swarm,super_speed,CRYSTAL,INNATE,COEXIST,harmonic_weave,interaction_clash,1,1.000,1.000,1.000,1.000,1.000,1.000,,false,false,Independent forces coexist with a restrained harmonic weave.
clone_swarm,telekinesis,CRYSTAL,INNATE,RESONATE,mind_resonance,interaction_clash,3,1.120,1.120,1.100,1.100,1.050,1.050,MIND,false,false,Shared aspects resonate with bounded potency and duration.
clone_swarm,time_freeze,CRYSTAL,INNATE,COEXIST,harmonic_weave,interaction_clash,1,1.000,1.000,1.000,1.000,1.000,1.000,,false,false,Independent forces coexist with a restrained harmonic weave.
clone_swarm,time_shift,CRYSTAL,INNATE,COEXIST,harmonic_weave,interaction_clash,1,1.000,1.000,1.000,1.000,1.000,1.000,,false,false,Independent forces coexist with a restrained harmonic weave.
clone_swarm,tracking_mark,CRYSTAL,SPELL,COEXIST,harmonic_weave,interaction_clash,1,1.000,1.000,1.000,1.000,1.000,1.000,,false,false,Independent forces coexist with a restrained harmonic weave.
clone_swarm,vessel_possession,CRYSTAL,INNATE,RESONATE,mind_resonance,interaction_clash,3,1.120,1.120,1.100,1.100,1.050,1.050,MIND,false,false,Shared aspects resonate with bounded potency and duration.
clone_swarm,vitality_transfer,CRYSTAL,SPELL,AMPLIFY,concordant_bloom,interaction_clash,2,1.080,1.080,1.120,1.120,1.000,1.000,,false,false,Compatible support magic gains a capped cooperative resonance.
clone_swarm,void_beam,CRYSTAL,INNATE,COEXIST,harmonic_weave,interaction_clash,1,1.000,1.000,1.000,1.000,1.000,1.000,,false,false,Independent forces coexist with a restrained harmonic weave.
clone_swarm,ward_breaking_ritual,CRYSTAL,SPELL,DAMPEN,counter_sigils,interaction_clash,2,0.550,1.000,0.550,1.000,1.000,1.000,,false,false,Suppression and action contest according to interaction priority.
clone_swarm,weather_sigil,CRYSTAL,SPELL,RESONATE,creation_resonance,interaction_clash,3,1.120,1.120,1.100,1.100,1.050,1.050,CREATION,false,false,Shared aspects resonate with bounded potency and duration.
concealment_veil,concealment_veil,SPELL,SPELL,RESONATE,mind_resonance,interaction_clash,3,1.120,1.120,1.100,1.100,1.050,1.050,MIND,false,false,Shared aspects resonate with bounded potency and duration.
concealment_veil,controlled_hellfire,SPELL,SPELL,CONTEST,ward_clash,interaction_clash,3,0.800,0.800,0.800,0.800,1.000,1.000,,false,false,Defensive and harmful magic contest shield integrity and potency.
concealment_veil,counterspell,SPELL,SPELL,DAMPEN,counter_sigils,interaction_clash,2,0.550,1.000,0.550,1.000,1.000,1.000,,false,false,Suppression and action contest according to interaction priority.
concealment_veil,cozy_campfire,SPELL,INNATE,COEXIST,harmonic_weave,interaction_clash,1,1.000,1.000,1.000,1.000,1.000,1.000,,false,false,Independent forces coexist with a restrained harmonic weave.
concealment_veil,creativity_manifestation,SPELL,CRYSTAL,CONTEST,revealed_veil,interaction_clash,3,0.850,0.850,0.850,0.850,1.000,1.000,,false,false,Concealment and detection contest without leaking hidden information.
concealment_veil,dark_crystal,SPELL,CRYSTAL,RESONATE,mind_resonance,interaction_clash,3,1.120,1.120,1.100,1.100,1.050,1.050,MIND,false,false,Shared aspects resonate with bounded potency and duration.
concealment_veil,dimensional_anchor,SPELL,SPELL,DAMPEN,counter_sigils,interaction_clash,2,0.550,1.000,0.550,1.000,1.000,1.000,,false,false,Suppression and action contest according to interaction priority.
concealment_veil,dispel,SPELL,SPELL,DAMPEN,counter_sigils,interaction_clash,2,0.550,1.000,0.550,1.000,1.000,1.000,,false,false,Suppression and action contest according to interaction priority.
concealment_veil,double_health,SPELL,INNATE,COEXIST,harmonic_weave,interaction_clash,1,1.000,1.000,1.000,1.000,1.000,1.000,,false,false,Independent forces coexist with a restrained harmonic weave.
concealment_veil,dreamwalking,SPELL,CRYSTAL,RESONATE,mind_resonance,interaction_clash,3,1.120,1.120,1.100,1.100,1.050,1.050,MIND,false,false,Shared aspects resonate with bounded potency and duration.
concealment_veil,elemental_blast,SPELL,INNATE,CONTEST,ward_clash,interaction_clash,3,0.800,0.800,0.800,0.800,1.000,1.000,,false,false,Defensive and harmful magic contest shield integrity and potency.
concealment_veil,energy_beam,SPELL,INNATE,CONTEST,ward_clash,interaction_clash,3,0.800,0.800,0.800,0.800,1.000,1.000,,false,false,Defensive and harmful magic contest shield integrity and potency.
concealment_veil,energy_drain,SPELL,INNATE,CONTEST,ward_clash,interaction_clash,3,0.800,0.800,0.800,0.800,1.000,1.000,,false,false,Defensive and harmful magic contest shield integrity and potency.
concealment_veil,fireball,SPELL,INNATE,CONTEST,ward_clash,interaction_clash,3,0.800,0.800,0.800,0.800,1.000,1.000,,false,false,Defensive and harmful magic contest shield integrity and potency.
concealment_veil,flight,SPELL,INNATE,COEXIST,harmonic_weave,interaction_clash,1,1.000,1.000,1.000,1.000,1.000,1.000,,false,false,Independent forces coexist with a restrained harmonic weave.
concealment_veil,forcefield,SPELL,INNATE,COEXIST,harmonic_weave,interaction_clash,1,1.000,1.000,1.000,1.000,1.000,1.000,,false,false,Independent forces coexist with a restrained harmonic weave.
concealment_veil,frost_nova,SPELL,INNATE,COEXIST,harmonic_weave,interaction_clash,1,1.000,1.000,1.000,1.000,1.000,1.000,,false,false,Independent forces coexist with a restrained harmonic weave.
concealment_veil,gravity_displacement,SPELL,INNATE,COEXIST,harmonic_weave,interaction_clash,1,1.000,1.000,1.000,1.000,1.000,1.000,,false,false,Independent forces coexist with a restrained harmonic weave.
concealment_veil,ground_slam,SPELL,INNATE,CONTEST,ward_clash,interaction_clash,3,0.800,0.800,0.800,0.800,1.000,1.000,,false,false,Defensive and harmful magic contest shield integrity and potency.
concealment_veil,hex,SPELL,SPELL,RESONATE,mind_resonance,interaction_clash,3,1.120,1.120,1.100,1.100,1.050,1.050,MIND,false,false,Shared aspects resonate with bounded potency and duration.
concealment_veil,ice_manipulation,SPELL,INNATE,COEXIST,harmonic_weave,interaction_clash,1,1.000,1.000,1.000,1.000,1.000,1.000,,false,false,Independent forces coexist with a restrained harmonic weave.
concealment_veil,infernal_seal,SPELL,SPELL,DAMPEN,counter_sigils,interaction_clash,2,0.550,1.000,0.550,1.000,1.000,1.000,,false,false,Suppression and action contest according to interaction priority.
concealment_veil,inferno,SPELL,CRYSTAL,CONTEST,ward_clash,interaction_clash,3,0.800,0.800,0.800,0.800,1.000,1.000,,false,false,Defensive and harmful magic contest shield integrity and potency.
concealment_veil,invisibility,SPELL,INNATE,RESONATE,mind_resonance,interaction_clash,3,1.120,1.120,1.100,1.100,1.050,1.050,MIND,false,false,Shared aspects resonate with bounded potency and duration.
concealment_veil,kinetic_ward,SPELL,SPELL,COEXIST,harmonic_weave,interaction_clash,1,1.000,1.000,1.000,1.000,1.000,1.000,,false,false,Independent forces coexist with a restrained harmonic weave.
concealment_veil,life_bloom,SPELL,CRYSTAL,CONTEST,revealed_veil,interaction_clash,3,0.850,0.850,0.850,0.850,1.000,1.000,,false,false,Concealment and detection contest without leaking hidden information.
concealment_veil,light_crystal,SPELL,CRYSTAL,RESONATE,mind_resonance,interaction_clash,3,1.120,1.120,1.100,1.100,1.050,1.050,MIND,false,false,Shared aspects resonate with bounded potency and duration.
concealment_veil,lightning_strike,SPELL,INNATE,CONTEST,ward_clash,interaction_clash,3,0.800,0.800,0.800,0.800,1.000,1.000,,false,false,Defensive and harmful magic contest shield integrity and potency.
concealment_veil,middleworld,SPELL,CRYSTAL,RESONATE,mind_resonance,interaction_clash,3,1.120,1.120,1.100,1.100,1.050,1.050,MIND,false,false,Shared aspects resonate with bounded potency and duration.
concealment_veil,plant_healing_acceleration,SPELL,INNATE,COEXIST,harmonic_weave,interaction_clash,1,1.000,1.000,1.000,1.000,1.000,1.000,,false,false,Independent forces coexist with a restrained harmonic weave.
concealment_veil,portal_rift,SPELL,CRYSTAL,CONTEST,ward_clash,interaction_clash,3,0.800,0.800,0.800,0.800,1.000,1.000,,false,false,Defensive and harmful magic contest shield integrity and potency.
concealment_veil,purification_circle,SPELL,SPELL,DAMPEN,counter_sigils,interaction_clash,2,0.550,1.000,0.550,1.000,1.000,1.000,,false,false,Suppression and action contest according to interaction priority.
concealment_veil,ritual_amplification,SPELL,SPELL,COEXIST,harmonic_weave,interaction_clash,1,1.000,1.000,1.000,1.000,1.000,1.000,,false,false,Independent forces coexist with a restrained harmonic weave.
concealment_veil,root_binding,SPELL,SPELL,COEXIST,harmonic_weave,interaction_clash,1,1.000,1.000,1.000,1.000,1.000,1.000,,false,false,Independent forces coexist with a restrained harmonic weave.
concealment_veil,sanctuary_growth,SPELL,SPELL,COEXIST,harmonic_weave,interaction_clash,1,1.000,1.000,1.000,1.000,1.000,1.000,,false,false,Independent forces coexist with a restrained harmonic weave.
concealment_veil,shadow_step,SPELL,INNATE,COEXIST,harmonic_weave,interaction_clash,1,1.000,1.000,1.000,1.000,1.000,1.000,,false,false,Independent forces coexist with a restrained harmonic weave.
concealment_veil,size_shift,SPELL,CRYSTAL,COEXIST,harmonic_weave,interaction_clash,1,1.000,1.000,1.000,1.000,1.000,1.000,,false,false,Independent forces coexist with a restrained harmonic weave.
concealment_veil,slow_world,SPELL,INNATE,COEXIST,harmonic_weave,interaction_clash,1,1.000,1.000,1.000,1.000,1.000,1.000,,false,false,Independent forces coexist with a restrained harmonic weave.
concealment_veil,soul_compass,SPELL,SPELL,RESONATE,mind_resonance,interaction_clash,3,1.120,1.120,1.100,1.100,1.050,1.050,MIND,false,false,Shared aspects resonate with bounded potency and duration.
concealment_veil,soul_link,SPELL,CRYSTAL,COEXIST,harmonic_weave,interaction_clash,1,1.000,1.000,1.000,1.000,1.000,1.000,,false,false,Independent forces coexist with a restrained harmonic weave.
concealment_veil,space_time,SPELL,CRYSTAL,COEXIST,harmonic_weave,interaction_clash,1,1.000,1.000,1.000,1.000,1.000,1.000,,false,false,Independent forces coexist with a restrained harmonic weave.
concealment_veil,speed_burst,SPELL,INNATE,COEXIST,harmonic_weave,interaction_clash,1,1.000,1.000,1.000,1.000,1.000,1.000,,false,false,Independent forces coexist with a restrained harmonic weave.
concealment_veil,starfall,SPELL,INNATE,CONTEST,ward_clash,interaction_clash,3,0.800,0.800,0.800,0.800,1.000,1.000,,false,false,Defensive and harmful magic contest shield integrity and potency.
concealment_veil,super_speed,SPELL,INNATE,COEXIST,harmonic_weave,interaction_clash,1,1.000,1.000,1.000,1.000,1.000,1.000,,false,false,Independent forces coexist with a restrained harmonic weave.
concealment_veil,telekinesis,SPELL,INNATE,RESONATE,mind_resonance,interaction_clash,3,1.120,1.120,1.100,1.100,1.050,1.050,MIND,false,false,Shared aspects resonate with bounded potency and duration.
concealment_veil,time_freeze,SPELL,INNATE,COEXIST,harmonic_weave,interaction_clash,1,1.000,1.000,1.000,1.000,1.000,1.000,,false,false,Independent forces coexist with a restrained harmonic weave.
concealment_veil,time_shift,SPELL,INNATE,COEXIST,harmonic_weave,interaction_clash,1,1.000,1.000,1.000,1.000,1.000,1.000,,false,false,Independent forces coexist with a restrained harmonic weave.
concealment_veil,tracking_mark,SPELL,SPELL,CONTEST,revealed_veil,interaction_clash,3,0.850,0.850,0.850,0.850,1.000,1.000,,false,false,Concealment and detection contest without leaking hidden information.
concealment_veil,vessel_possession,SPELL,INNATE,RESONATE,mind_resonance,interaction_clash,3,1.120,1.120,1.100,1.100,1.050,1.050,MIND,false,false,Shared aspects resonate with bounded potency and duration.
concealment_veil,vitality_transfer,SPELL,SPELL,COEXIST,harmonic_weave,interaction_clash,1,1.000,1.000,1.000,1.000,1.000,1.000,,false,false,Independent forces coexist with a restrained harmonic weave.
concealment_veil,void_beam,SPELL,INNATE,CONTEST,ward_clash,interaction_clash,3,0.800,0.800,0.800,0.800,1.000,1.000,,false,false,Defensive and harmful magic contest shield integrity and potency.
concealment_veil,ward_breaking_ritual,SPELL,SPELL,DAMPEN,counter_sigils,interaction_clash,2,0.550,1.000,0.550,1.000,1.000,1.000,,false,false,Suppression and action contest according to interaction priority.
concealment_veil,weather_sigil,SPELL,SPELL,COEXIST,harmonic_weave,interaction_clash,1,1.000,1.000,1.000,1.000,1.000,1.000,,false,false,Independent forces coexist with a restrained harmonic weave.
controlled_hellfire,controlled_hellfire,SPELL,SPELL,RESONATE,flame_resonance,interaction_clash,3,1.120,1.120,1.100,1.100,1.050,1.050,FLAME,false,false,Shared aspects resonate with bounded potency and duration.
controlled_hellfire,counterspell,SPELL,SPELL,DAMPEN,counter_sigils,interaction_clash,2,0.550,1.000,0.550,1.000,1.000,1.000,,false,false,Suppression and action contest according to interaction priority.
controlled_hellfire,cozy_campfire,SPELL,INNATE,CONTEST,withered_bloom,interaction_clash,3,0.800,0.800,0.800,0.800,1.000,1.000,,false,false,Life and corruption contest without deleting unrelated effects.
controlled_hellfire,creativity_manifestation,SPELL,CRYSTAL,CONSUME,eclipse_break,interaction_clash,5,0.350,1.150,0.500,1.000,1.000,1.000,,true,false,The higher-priority force breaks the opposed aspect.
controlled_hellfire,dark_crystal,SPELL,CRYSTAL,RESONATE,darkness_resonance,interaction_clash,3,1.120,1.120,1.100,1.100,1.050,1.050,DARKNESS,false,false,Shared aspects resonate with bounded potency and duration.
controlled_hellfire,dimensional_anchor,SPELL,SPELL,DAMPEN,counter_sigils,interaction_clash,2,0.550,1.000,0.550,1.000,1.000,1.000,,false,false,Suppression and action contest according to interaction priority.
controlled_hellfire,dispel,SPELL,SPELL,DAMPEN,counter_sigils,interaction_clash,2,0.550,1.000,0.550,1.000,1.000,1.000,,false,false,Suppression and action contest according to interaction priority.
controlled_hellfire,double_health,SPELL,INNATE,CONTEST,withered_bloom,interaction_clash,3,0.800,0.800,0.800,0.800,1.000,1.000,,false,false,Life and corruption contest without deleting unrelated effects.
controlled_hellfire,dreamwalking,SPELL,CRYSTAL,COEXIST,harmonic_weave,interaction_clash,1,1.000,1.000,1.000,1.000,1.000,1.000,,false,false,Independent forces coexist with a restrained harmonic weave.
controlled_hellfire,elemental_blast,SPELL,INNATE,TRANSFORM,steam,interaction_clash,4,0.750,0.750,0.600,0.600,0.900,0.900,MOTION,false,false,Flame and frost become a pressure wave of obscuring steam.
controlled_hellfire,energy_beam,SPELL,INNATE,RESONATE,flame_resonance,interaction_clash,3,1.120,1.120,1.100,1.100,1.050,1.050,FLAME,false,false,Shared aspects resonate with bounded potency and duration.
controlled_hellfire,energy_drain,SPELL,INNATE,RESONATE,darkness_resonance,interaction_clash,3,1.120,1.120,1.100,1.100,1.050,1.050,DARKNESS,false,false,Shared aspects resonate with bounded potency and duration.
controlled_hellfire,fireball,SPELL,INNATE,RESONATE,flame_resonance,interaction_clash,3,1.120,1.120,1.100,1.100,1.050,1.050,FLAME,false,false,Shared aspects resonate with bounded potency and duration.
controlled_hellfire,flight,SPELL,INNATE,COEXIST,harmonic_weave,interaction_clash,1,1.000,1.000,1.000,1.000,1.000,1.000,,false,false,Independent forces coexist with a restrained harmonic weave.
controlled_hellfire,forcefield,SPELL,INNATE,CONTEST,ward_clash,interaction_clash,3,0.800,0.800,0.800,0.800,1.000,1.000,,false,false,Defensive and harmful magic contest shield integrity and potency.
controlled_hellfire,frost_nova,SPELL,INNATE,TRANSFORM,steam,interaction_clash,4,0.750,0.750,0.600,0.600,0.900,0.900,MOTION,false,false,Flame and frost become a pressure wave of obscuring steam.
controlled_hellfire,gravity_displacement,SPELL,INNATE,COEXIST,harmonic_weave,interaction_clash,1,1.000,1.000,1.000,1.000,1.000,1.000,,false,false,Independent forces coexist with a restrained harmonic weave.
controlled_hellfire,ground_slam,SPELL,INNATE,DESTABILIZE,violent_interference,interaction_clash,4,1.050,1.050,0.750,0.750,1.000,1.000,,false,false,Colliding hostile forces intensify impact while shortening persistence.
controlled_hellfire,hex,SPELL,SPELL,RESONATE,darkness_resonance,interaction_clash,3,1.120,1.120,1.100,1.100,1.050,1.050,DARKNESS,false,false,Shared aspects resonate with bounded potency and duration.
controlled_hellfire,ice_manipulation,SPELL,INNATE,TRANSFORM,steam,interaction_clash,4,0.750,0.750,0.600,0.600,0.900,0.900,MOTION,false,false,Flame and frost become a pressure wave of obscuring steam.
controlled_hellfire,infernal_seal,SPELL,SPELL,DAMPEN,counter_sigils,interaction_clash,2,0.550,1.000,0.550,1.000,1.000,1.000,,false,false,Suppression and action contest according to interaction priority.
controlled_hellfire,inferno,SPELL,CRYSTAL,RESONATE,flame_resonance,interaction_clash,3,1.120,1.120,1.100,1.100,1.050,1.050,FLAME,false,false,Shared aspects resonate with bounded potency and duration.
controlled_hellfire,invisibility,SPELL,INNATE,CONTEST,ward_clash,interaction_clash,3,0.800,0.800,0.800,0.800,1.000,1.000,,false,false,Defensive and harmful magic contest shield integrity and potency.
controlled_hellfire,kinetic_ward,SPELL,SPELL,CONTEST,ward_clash,interaction_clash,3,0.800,0.800,0.800,0.800,1.000,1.000,,false,false,Defensive and harmful magic contest shield integrity and potency.
controlled_hellfire,life_bloom,SPELL,CRYSTAL,CONSUME,eclipse_break,interaction_clash,5,0.350,1.150,0.500,1.000,1.000,1.000,,true,false,The higher-priority force breaks the opposed aspect.
controlled_hellfire,light_crystal,SPELL,CRYSTAL,CONSUME,eclipse_break,interaction_clash,5,0.350,1.150,0.500,1.000,1.000,1.000,,true,false,The higher-priority force breaks the opposed aspect.
controlled_hellfire,lightning_strike,SPELL,INNATE,DESTABILIZE,violent_interference,interaction_clash,4,1.050,1.050,0.750,0.750,1.000,1.000,,false,false,Colliding hostile forces intensify impact while shortening persistence.
controlled_hellfire,middleworld,SPELL,CRYSTAL,COEXIST,harmonic_weave,interaction_clash,1,1.000,1.000,1.000,1.000,1.000,1.000,,false,false,Independent forces coexist with a restrained harmonic weave.
controlled_hellfire,plant_healing_acceleration,SPELL,INNATE,CONTEST,withered_bloom,interaction_clash,3,0.800,0.800,0.800,0.800,1.000,1.000,,false,false,Life and corruption contest without deleting unrelated effects.
controlled_hellfire,portal_rift,SPELL,CRYSTAL,DESTABILIZE,violent_interference,interaction_clash,4,1.050,1.050,0.750,0.750,1.000,1.000,,false,false,Colliding hostile forces intensify impact while shortening persistence.
controlled_hellfire,purification_circle,SPELL,SPELL,CANCEL,cleansing_rain,interaction_clash,4,0.000,1.000,0.000,1.000,0.000,1.000,,true,false,Purification unweaves the hostile residue.
controlled_hellfire,ritual_amplification,SPELL,SPELL,COEXIST,harmonic_weave,interaction_clash,1,1.000,1.000,1.000,1.000,1.000,1.000,,false,false,Independent forces coexist with a restrained harmonic weave.
controlled_hellfire,root_binding,SPELL,SPELL,CONTEST,withered_bloom,interaction_clash,3,0.800,0.800,0.800,0.800,1.000,1.000,,false,false,Life and corruption contest without deleting unrelated effects.
controlled_hellfire,sanctuary_growth,SPELL,SPELL,CONTEST,withered_bloom,interaction_clash,3,0.800,0.800,0.800,0.800,1.000,1.000,,false,false,Life and corruption contest without deleting unrelated effects.
controlled_hellfire,shadow_step,SPELL,INNATE,RESONATE,darkness_resonance,interaction_clash,3,1.120,1.120,1.100,1.100,1.050,1.050,DARKNESS,false,false,Shared aspects resonate with bounded potency and duration.
controlled_hellfire,size_shift,SPELL,CRYSTAL,COEXIST,harmonic_weave,interaction_clash,1,1.000,1.000,1.000,1.000,1.000,1.000,,false,false,Independent forces coexist with a restrained harmonic weave.
controlled_hellfire,slow_world,SPELL,INNATE,COEXIST,harmonic_weave,interaction_clash,1,1.000,1.000,1.000,1.000,1.000,1.000,,false,false,Independent forces coexist with a restrained harmonic weave.
controlled_hellfire,soul_compass,SPELL,SPELL,COEXIST,harmonic_weave,interaction_clash,1,1.000,1.000,1.000,1.000,1.000,1.000,,false,false,Independent forces coexist with a restrained harmonic weave.
controlled_hellfire,soul_link,SPELL,CRYSTAL,CONTEST,withered_bloom,interaction_clash,3,0.800,0.800,0.800,0.800,1.000,1.000,,false,false,Life and corruption contest without deleting unrelated effects.
controlled_hellfire,space_time,SPELL,CRYSTAL,COEXIST,harmonic_weave,interaction_clash,1,1.000,1.000,1.000,1.000,1.000,1.000,,false,false,Independent forces coexist with a restrained harmonic weave.
controlled_hellfire,speed_burst,SPELL,INNATE,COEXIST,harmonic_weave,interaction_clash,1,1.000,1.000,1.000,1.000,1.000,1.000,,false,false,Independent forces coexist with a restrained harmonic weave.
controlled_hellfire,starfall,SPELL,INNATE,CONSUME,eclipse_break,interaction_clash,5,1.150,0.350,1.000,0.500,1.000,1.000,,false,true,The higher-priority force breaks the opposed aspect.
controlled_hellfire,super_speed,SPELL,INNATE,COEXIST,harmonic_weave,interaction_clash,1,1.000,1.000,1.000,1.000,1.000,1.000,,false,false,Independent forces coexist with a restrained harmonic weave.
controlled_hellfire,telekinesis,SPELL,INNATE,COEXIST,harmonic_weave,interaction_clash,1,1.000,1.000,1.000,1.000,1.000,1.000,,false,false,Independent forces coexist with a restrained harmonic weave.
controlled_hellfire,time_freeze,SPELL,INNATE,COEXIST,harmonic_weave,interaction_clash,1,1.000,1.000,1.000,1.000,1.000,1.000,,false,false,Independent forces coexist with a restrained harmonic weave.
controlled_hellfire,time_shift,SPELL,INNATE,COEXIST,harmonic_weave,interaction_clash,1,1.000,1.000,1.000,1.000,1.000,1.000,,false,false,Independent forces coexist with a restrained harmonic weave.
controlled_hellfire,tracking_mark,SPELL,SPELL,CONTEST,eclipse,interaction_clash,5,0.700,0.700,0.700,0.700,1.000,1.000,,false,false,Balanced light and darkness become a revealing eclipse.
controlled_hellfire,vessel_possession,SPELL,INNATE,COEXIST,harmonic_weave,interaction_clash,1,1.000,1.000,1.000,1.000,1.000,1.000,,false,false,Independent forces coexist with a restrained harmonic weave.
controlled_hellfire,vitality_transfer,SPELL,SPELL,CONTEST,withered_bloom,interaction_clash,3,0.800,0.800,0.800,0.800,1.000,1.000,,false,false,Life and corruption contest without deleting unrelated effects.
controlled_hellfire,void_beam,SPELL,INNATE,RESONATE,darkness_resonance,interaction_clash,3,1.120,1.120,1.100,1.100,1.050,1.050,DARKNESS,false,false,Shared aspects resonate with bounded potency and duration.
controlled_hellfire,ward_breaking_ritual,SPELL,SPELL,DAMPEN,counter_sigils,interaction_clash,2,0.550,1.000,0.550,1.000,1.000,1.000,,false,false,Suppression and action contest according to interaction priority.
controlled_hellfire,weather_sigil,SPELL,SPELL,COEXIST,harmonic_weave,interaction_clash,1,1.000,1.000,1.000,1.000,1.000,1.000,,false,false,Independent forces coexist with a restrained harmonic weave.
counterspell,counterspell,SPELL,SPELL,RESONATE,sealed_resonance,interaction_clash,2,0.850,0.850,0.850,0.850,1.000,1.000,,false,false,Suppression fields reinforce while slightly damping one another.
counterspell,cozy_campfire,SPELL,INNATE,DAMPEN,counter_sigils,interaction_clash,2,1.000,0.550,1.000,0.550,1.000,1.000,,false,false,Suppression and action contest according to interaction priority.
counterspell,creativity_manifestation,SPELL,CRYSTAL,DAMPEN,counter_sigils,interaction_clash,2,1.000,0.550,1.000,0.550,1.000,1.000,,false,false,Suppression and action contest according to interaction priority.
counterspell,dark_crystal,SPELL,CRYSTAL,DAMPEN,counter_sigils,interaction_clash,2,1.000,0.550,1.000,0.550,1.000,1.000,,false,false,Suppression and action contest according to interaction priority.
counterspell,dimensional_anchor,SPELL,SPELL,RESONATE,sealed_resonance,interaction_clash,2,0.850,0.850,0.850,0.850,1.000,1.000,,false,false,Suppression fields reinforce while slightly damping one another.
counterspell,dispel,SPELL,SPELL,RESONATE,sealed_resonance,interaction_clash,2,0.850,0.850,0.850,0.850,1.000,1.000,,false,false,Suppression fields reinforce while slightly damping one another.
counterspell,double_health,SPELL,INNATE,DAMPEN,counter_sigils,interaction_clash,2,1.000,0.550,1.000,0.550,1.000,1.000,,false,false,Suppression and action contest according to interaction priority.
counterspell,dreamwalking,SPELL,CRYSTAL,DAMPEN,counter_sigils,interaction_clash,2,1.000,0.550,1.000,0.550,1.000,1.000,,false,false,Suppression and action contest according to interaction priority.
counterspell,elemental_blast,SPELL,INNATE,DAMPEN,counter_sigils,interaction_clash,2,1.000,0.550,1.000,0.550,1.000,1.000,,false,false,Suppression and action contest according to interaction priority.
counterspell,energy_beam,SPELL,INNATE,DAMPEN,counter_sigils,interaction_clash,2,1.000,0.550,1.000,0.550,1.000,1.000,,false,false,Suppression and action contest according to interaction priority.
counterspell,energy_drain,SPELL,INNATE,DAMPEN,counter_sigils,interaction_clash,2,1.000,0.550,1.000,0.550,1.000,1.000,,false,false,Suppression and action contest according to interaction priority.
counterspell,fireball,SPELL,INNATE,DAMPEN,counter_sigils,interaction_clash,2,1.000,0.550,1.000,0.550,1.000,1.000,,false,false,Suppression and action contest according to interaction priority.
counterspell,flight,SPELL,INNATE,DAMPEN,counter_sigils,interaction_clash,2,1.000,0.550,1.000,0.550,1.000,1.000,,false,false,Suppression and action contest according to interaction priority.
counterspell,forcefield,SPELL,INNATE,DAMPEN,counter_sigils,interaction_clash,2,1.000,0.550,1.000,0.550,1.000,1.000,,false,false,Suppression and action contest according to interaction priority.
counterspell,frost_nova,SPELL,INNATE,DAMPEN,counter_sigils,interaction_clash,2,1.000,0.550,1.000,0.550,1.000,1.000,,false,false,Suppression and action contest according to interaction priority.
counterspell,gravity_displacement,SPELL,INNATE,DAMPEN,counter_sigils,interaction_clash,2,1.000,0.550,1.000,0.550,1.000,1.000,,false,false,Suppression and action contest according to interaction priority.
counterspell,ground_slam,SPELL,INNATE,DAMPEN,counter_sigils,interaction_clash,2,1.000,0.550,1.000,0.550,1.000,1.000,,false,false,Suppression and action contest according to interaction priority.
counterspell,hex,SPELL,SPELL,DAMPEN,counter_sigils,interaction_clash,2,1.000,0.550,1.000,0.550,1.000,1.000,,false,false,Suppression and action contest according to interaction priority.
counterspell,ice_manipulation,SPELL,INNATE,DAMPEN,counter_sigils,interaction_clash,2,1.000,0.550,1.000,0.550,1.000,1.000,,false,false,Suppression and action contest according to interaction priority.
counterspell,infernal_seal,SPELL,SPELL,RESONATE,sealed_resonance,interaction_clash,2,0.850,0.850,0.850,0.850,1.000,1.000,,false,false,Suppression fields reinforce while slightly damping one another.
counterspell,inferno,SPELL,CRYSTAL,DAMPEN,counter_sigils,interaction_clash,2,1.000,0.550,1.000,0.550,1.000,1.000,,false,false,Suppression and action contest according to interaction priority.
counterspell,invisibility,SPELL,INNATE,DAMPEN,counter_sigils,interaction_clash,2,1.000,0.550,1.000,0.550,1.000,1.000,,false,false,Suppression and action contest according to interaction priority.
counterspell,kinetic_ward,SPELL,SPELL,DAMPEN,counter_sigils,interaction_clash,2,1.000,0.550,1.000,0.550,1.000,1.000,,false,false,Suppression and action contest according to interaction priority.
counterspell,life_bloom,SPELL,CRYSTAL,DAMPEN,counter_sigils,interaction_clash,2,1.000,0.550,1.000,0.550,1.000,1.000,,false,false,Suppression and action contest according to interaction priority.
counterspell,light_crystal,SPELL,CRYSTAL,DAMPEN,counter_sigils,interaction_clash,2,1.000,0.550,1.000,0.550,1.000,1.000,,false,false,Suppression and action contest according to interaction priority.
counterspell,lightning_strike,SPELL,INNATE,DAMPEN,counter_sigils,interaction_clash,2,1.000,0.550,1.000,0.550,1.000,1.000,,false,false,Suppression and action contest according to interaction priority.
counterspell,middleworld,SPELL,CRYSTAL,DAMPEN,counter_sigils,interaction_clash,2,1.000,0.550,1.000,0.550,1.000,1.000,,false,false,Suppression and action contest according to interaction priority.
counterspell,plant_healing_acceleration,SPELL,INNATE,DAMPEN,counter_sigils,interaction_clash,2,1.000,0.550,1.000,0.550,1.000,1.000,,false,false,Suppression and action contest according to interaction priority.
counterspell,portal_rift,SPELL,CRYSTAL,DAMPEN,counter_sigils,interaction_clash,2,1.000,0.550,1.000,0.550,1.000,1.000,,false,false,Suppression and action contest according to interaction priority.
counterspell,purification_circle,SPELL,SPELL,RESONATE,sealed_resonance,interaction_clash,2,0.850,0.850,0.850,0.850,1.000,1.000,,false,false,Suppression fields reinforce while slightly damping one another.
counterspell,ritual_amplification,SPELL,SPELL,DAMPEN,counter_sigils,interaction_clash,2,1.000,0.550,1.000,0.550,1.000,1.000,,false,false,Suppression and action contest according to interaction priority.
counterspell,root_binding,SPELL,SPELL,DAMPEN,counter_sigils,interaction_clash,2,1.000,0.550,1.000,0.550,1.000,1.000,,false,false,Suppression and action contest according to interaction priority.
counterspell,sanctuary_growth,SPELL,SPELL,DAMPEN,counter_sigils,interaction_clash,2,1.000,0.550,1.000,0.550,1.000,1.000,,false,false,Suppression and action contest according to interaction priority.
counterspell,shadow_step,SPELL,INNATE,DAMPEN,counter_sigils,interaction_clash,2,1.000,0.550,1.000,0.550,1.000,1.000,,false,false,Suppression and action contest according to interaction priority.
counterspell,size_shift,SPELL,CRYSTAL,DAMPEN,counter_sigils,interaction_clash,2,1.000,0.550,1.000,0.550,1.000,1.000,,false,false,Suppression and action contest according to interaction priority.
counterspell,slow_world,SPELL,INNATE,DAMPEN,counter_sigils,interaction_clash,2,1.000,0.550,1.000,0.550,1.000,1.000,,false,false,Suppression and action contest according to interaction priority.
counterspell,soul_compass,SPELL,SPELL,DAMPEN,counter_sigils,interaction_clash,2,1.000,0.550,1.000,0.550,1.000,1.000,,false,false,Suppression and action contest according to interaction priority.
counterspell,soul_link,SPELL,CRYSTAL,DAMPEN,counter_sigils,interaction_clash,2,1.000,0.550,1.000,0.550,1.000,1.000,,false,false,Suppression and action contest according to interaction priority.
counterspell,space_time,SPELL,CRYSTAL,DAMPEN,counter_sigils,interaction_clash,2,1.000,0.550,1.000,0.550,1.000,1.000,,false,false,Suppression and action contest according to interaction priority.
counterspell,speed_burst,SPELL,INNATE,DAMPEN,counter_sigils,interaction_clash,2,1.000,0.550,1.000,0.550,1.000,1.000,,false,false,Suppression and action contest according to interaction priority.
counterspell,starfall,SPELL,INNATE,DAMPEN,counter_sigils,interaction_clash,2,1.000,0.550,1.000,0.550,1.000,1.000,,false,false,Suppression and action contest according to interaction priority.
counterspell,super_speed,SPELL,INNATE,DAMPEN,counter_sigils,interaction_clash,2,1.000,0.550,1.000,0.550,1.000,1.000,,false,false,Suppression and action contest according to interaction priority.
counterspell,telekinesis,SPELL,INNATE,DAMPEN,counter_sigils,interaction_clash,2,1.000,0.550,1.000,0.550,1.000,1.000,,false,false,Suppression and action contest according to interaction priority.
counterspell,time_freeze,SPELL,INNATE,DAMPEN,counter_sigils,interaction_clash,2,1.000,0.550,1.000,0.550,1.000,1.000,,false,false,Suppression and action contest according to interaction priority.
counterspell,time_shift,SPELL,INNATE,DAMPEN,counter_sigils,interaction_clash,2,1.000,0.550,1.000,0.550,1.000,1.000,,false,false,Suppression and action contest according to interaction priority.
counterspell,tracking_mark,SPELL,SPELL,DAMPEN,counter_sigils,interaction_clash,2,1.000,0.550,1.000,0.550,1.000,1.000,,false,false,Suppression and action contest according to interaction priority.
counterspell,vessel_possession,SPELL,INNATE,DAMPEN,counter_sigils,interaction_clash,2,1.000,0.550,1.000,0.550,1.000,1.000,,false,false,Suppression and action contest according to interaction priority.
counterspell,vitality_transfer,SPELL,SPELL,DAMPEN,counter_sigils,interaction_clash,2,1.000,0.550,1.000,0.550,1.000,1.000,,false,false,Suppression and action contest according to interaction priority.
counterspell,void_beam,SPELL,INNATE,DAMPEN,counter_sigils,interaction_clash,2,1.000,0.550,1.000,0.550,1.000,1.000,,false,false,Suppression and action contest according to interaction priority.
counterspell,ward_breaking_ritual,SPELL,SPELL,RESONATE,sealed_resonance,interaction_clash,2,0.850,0.850,0.850,0.850,1.000,1.000,,false,false,Suppression fields reinforce while slightly damping one another.
counterspell,weather_sigil,SPELL,SPELL,DAMPEN,counter_sigils,interaction_clash,2,1.000,0.550,1.000,0.550,1.000,1.000,,false,false,Suppression and action contest according to interaction priority.
cozy_campfire,cozy_campfire,INNATE,INNATE,RESONATE,flame_resonance,interaction_clash,3,1.120,1.120,1.100,1.100,1.050,1.050,FLAME,false,false,Shared aspects resonate with bounded potency and duration.
cozy_campfire,creativity_manifestation,INNATE,CRYSTAL,COEXIST,harmonic_weave,interaction_clash,1,1.000,1.000,1.000,1.000,1.000,1.000,,false,false,Independent forces coexist with a restrained harmonic weave.
cozy_campfire,dark_crystal,INNATE,CRYSTAL,CONTEST,withered_bloom,interaction_clash,3,0.800,0.800,0.800,0.800,1.000,1.000,,false,false,Life and corruption contest without deleting unrelated effects.
cozy_campfire,dimensional_anchor,INNATE,SPELL,DAMPEN,counter_sigils,interaction_clash,2,0.550,1.000,0.550,1.000,1.000,1.000,,false,false,Suppression and action contest according to interaction priority.
cozy_campfire,dispel,INNATE,SPELL,DAMPEN,counter_sigils,interaction_clash,2,0.550,1.000,0.550,1.000,1.000,1.000,,false,false,Suppression and action contest according to interaction priority.
cozy_campfire,double_health,INNATE,INNATE,RESONATE,life_resonance,interaction_clash,3,1.120,1.120,1.100,1.100,1.050,1.050,LIFE,false,false,Shared aspects resonate with bounded potency and duration.
cozy_campfire,dreamwalking,INNATE,CRYSTAL,COEXIST,harmonic_weave,interaction_clash,1,1.000,1.000,1.000,1.000,1.000,1.000,,false,false,Independent forces coexist with a restrained harmonic weave.
cozy_campfire,elemental_blast,INNATE,INNATE,TRANSFORM,steam,interaction_clash,4,0.750,0.750,0.600,0.600,0.900,0.900,MOTION,false,false,Flame and frost become a pressure wave of obscuring steam.
cozy_campfire,energy_beam,INNATE,INNATE,RESONATE,flame_resonance,interaction_clash,3,1.120,1.120,1.100,1.100,1.050,1.050,FLAME,false,false,Shared aspects resonate with bounded potency and duration.
cozy_campfire,energy_drain,INNATE,INNATE,CONTEST,withered_bloom,interaction_clash,3,0.800,0.800,0.800,0.800,1.000,1.000,,false,false,Life and corruption contest without deleting unrelated effects.
cozy_campfire,fireball,INNATE,INNATE,RESONATE,flame_resonance,interaction_clash,3,1.120,1.120,1.100,1.100,1.050,1.050,FLAME,false,false,Shared aspects resonate with bounded potency and duration.
cozy_campfire,flight,INNATE,INNATE,COEXIST,harmonic_weave,interaction_clash,1,1.000,1.000,1.000,1.000,1.000,1.000,,false,false,Independent forces coexist with a restrained harmonic weave.
cozy_campfire,forcefield,INNATE,INNATE,RESONATE,protection_resonance,interaction_clash,3,1.120,1.120,1.100,1.100,1.050,1.050,PROTECTION,false,false,Shared aspects resonate with bounded potency and duration.
cozy_campfire,frost_nova,INNATE,INNATE,TRANSFORM,steam,interaction_clash,4,0.750,0.750,0.600,0.600,0.900,0.900,MOTION,false,false,Flame and frost become a pressure wave of obscuring steam.
cozy_campfire,gravity_displacement,INNATE,INNATE,COEXIST,harmonic_weave,interaction_clash,1,1.000,1.000,1.000,1.000,1.000,1.000,,false,false,Independent forces coexist with a restrained harmonic weave.
cozy_campfire,ground_slam,INNATE,INNATE,COEXIST,harmonic_weave,interaction_clash,1,1.000,1.000,1.000,1.000,1.000,1.000,,false,false,Independent forces coexist with a restrained harmonic weave.
cozy_campfire,hex,INNATE,SPELL,CONTEST,withered_bloom,interaction_clash,3,0.800,0.800,0.800,0.800,1.000,1.000,,false,false,Life and corruption contest without deleting unrelated effects.
cozy_campfire,ice_manipulation,INNATE,INNATE,TRANSFORM,steam,interaction_clash,4,0.750,0.750,0.600,0.600,0.900,0.900,MOTION,false,false,Flame and frost become a pressure wave of obscuring steam.
cozy_campfire,infernal_seal,INNATE,SPELL,DAMPEN,counter_sigils,interaction_clash,2,0.550,1.000,0.550,1.000,1.000,1.000,,false,false,Suppression and action contest according to interaction priority.
cozy_campfire,inferno,INNATE,CRYSTAL,RESONATE,flame_resonance,interaction_clash,3,1.120,1.120,1.100,1.100,1.050,1.050,FLAME,false,false,Shared aspects resonate with bounded potency and duration.
cozy_campfire,invisibility,INNATE,INNATE,COEXIST,harmonic_weave,interaction_clash,1,1.000,1.000,1.000,1.000,1.000,1.000,,false,false,Independent forces coexist with a restrained harmonic weave.
cozy_campfire,kinetic_ward,INNATE,SPELL,RESONATE,protection_resonance,interaction_clash,3,1.120,1.120,1.100,1.100,1.050,1.050,PROTECTION,false,false,Shared aspects resonate with bounded potency and duration.
cozy_campfire,life_bloom,INNATE,CRYSTAL,RESONATE,life_resonance,interaction_clash,3,1.120,1.120,1.100,1.100,1.050,1.050,LIFE,false,false,Shared aspects resonate with bounded potency and duration.
cozy_campfire,light_crystal,INNATE,CRYSTAL,COEXIST,harmonic_weave,interaction_clash,1,1.000,1.000,1.000,1.000,1.000,1.000,,false,false,Independent forces coexist with a restrained harmonic weave.
cozy_campfire,lightning_strike,INNATE,INNATE,COEXIST,harmonic_weave,interaction_clash,1,1.000,1.000,1.000,1.000,1.000,1.000,,false,false,Independent forces coexist with a restrained harmonic weave.
cozy_campfire,middleworld,INNATE,CRYSTAL,COEXIST,harmonic_weave,interaction_clash,1,1.000,1.000,1.000,1.000,1.000,1.000,,false,false,Independent forces coexist with a restrained harmonic weave.
cozy_campfire,plant_healing_acceleration,INNATE,INNATE,RESONATE,life_resonance,interaction_clash,3,1.120,1.120,1.100,1.100,1.050,1.050,LIFE,false,false,Shared aspects resonate with bounded potency and duration.
cozy_campfire,portal_rift,INNATE,CRYSTAL,COEXIST,harmonic_weave,interaction_clash,1,1.000,1.000,1.000,1.000,1.000,1.000,,false,false,Independent forces coexist with a restrained harmonic weave.
cozy_campfire,purification_circle,INNATE,SPELL,DAMPEN,counter_sigils,interaction_clash,2,0.550,1.000,0.550,1.000,1.000,1.000,,false,false,Suppression and action contest according to interaction priority.
cozy_campfire,ritual_amplification,INNATE,SPELL,AMPLIFY,concordant_bloom,interaction_clash,2,1.080,1.080,1.120,1.120,1.000,1.000,,false,false,Compatible support magic gains a capped cooperative resonance.
cozy_campfire,root_binding,INNATE,SPELL,RESONATE,life_resonance,interaction_clash,3,1.120,1.120,1.100,1.100,1.050,1.050,LIFE,false,false,Shared aspects resonate with bounded potency and duration.
cozy_campfire,sanctuary_growth,INNATE,SPELL,RESONATE,life_resonance,interaction_clash,3,1.120,1.120,1.100,1.100,1.050,1.050,LIFE,false,false,Shared aspects resonate with bounded potency and duration.
cozy_campfire,shadow_step,INNATE,INNATE,CONTEST,withered_bloom,interaction_clash,3,0.800,0.800,0.800,0.800,1.000,1.000,,false,false,Life and corruption contest without deleting unrelated effects.
cozy_campfire,size_shift,INNATE,CRYSTAL,COEXIST,harmonic_weave,interaction_clash,1,1.000,1.000,1.000,1.000,1.000,1.000,,false,false,Independent forces coexist with a restrained harmonic weave.
cozy_campfire,slow_world,INNATE,INNATE,COEXIST,harmonic_weave,interaction_clash,1,1.000,1.000,1.000,1.000,1.000,1.000,,false,false,Independent forces coexist with a restrained harmonic weave.
cozy_campfire,soul_compass,INNATE,SPELL,COEXIST,harmonic_weave,interaction_clash,1,1.000,1.000,1.000,1.000,1.000,1.000,,false,false,Independent forces coexist with a restrained harmonic weave.
cozy_campfire,soul_link,INNATE,CRYSTAL,RESONATE,life_resonance,interaction_clash,3,1.120,1.120,1.100,1.100,1.050,1.050,LIFE,false,false,Shared aspects resonate with bounded potency and duration.
cozy_campfire,space_time,INNATE,CRYSTAL,COEXIST,harmonic_weave,interaction_clash,1,1.000,1.000,1.000,1.000,1.000,1.000,,false,false,Independent forces coexist with a restrained harmonic weave.
cozy_campfire,speed_burst,INNATE,INNATE,COEXIST,harmonic_weave,interaction_clash,1,1.000,1.000,1.000,1.000,1.000,1.000,,false,false,Independent forces coexist with a restrained harmonic weave.
cozy_campfire,starfall,INNATE,INNATE,COEXIST,harmonic_weave,interaction_clash,1,1.000,1.000,1.000,1.000,1.000,1.000,,false,false,Independent forces coexist with a restrained harmonic weave.
cozy_campfire,super_speed,INNATE,INNATE,COEXIST,harmonic_weave,interaction_clash,1,1.000,1.000,1.000,1.000,1.000,1.000,,false,false,Independent forces coexist with a restrained harmonic weave.
cozy_campfire,telekinesis,INNATE,INNATE,COEXIST,harmonic_weave,interaction_clash,1,1.000,1.000,1.000,1.000,1.000,1.000,,false,false,Independent forces coexist with a restrained harmonic weave.
cozy_campfire,time_freeze,INNATE,INNATE,COEXIST,harmonic_weave,interaction_clash,1,1.000,1.000,1.000,1.000,1.000,1.000,,false,false,Independent forces coexist with a restrained harmonic weave.
cozy_campfire,time_shift,INNATE,INNATE,COEXIST,harmonic_weave,interaction_clash,1,1.000,1.000,1.000,1.000,1.000,1.000,,false,false,Independent forces coexist with a restrained harmonic weave.
cozy_campfire,tracking_mark,INNATE,SPELL,COEXIST,harmonic_weave,interaction_clash,1,1.000,1.000,1.000,1.000,1.000,1.000,,false,false,Independent forces coexist with a restrained harmonic weave.
cozy_campfire,vessel_possession,INNATE,INNATE,COEXIST,harmonic_weave,interaction_clash,1,1.000,1.000,1.000,1.000,1.000,1.000,,false,false,Independent forces coexist with a restrained harmonic weave.
cozy_campfire,vitality_transfer,INNATE,SPELL,RESONATE,life_resonance,interaction_clash,3,1.120,1.120,1.100,1.100,1.050,1.050,LIFE,false,false,Shared aspects resonate with bounded potency and duration.
cozy_campfire,void_beam,INNATE,INNATE,CONTEST,withered_bloom,interaction_clash,3,0.800,0.800,0.800,0.800,1.000,1.000,,false,false,Life and corruption contest without deleting unrelated effects.
cozy_campfire,ward_breaking_ritual,INNATE,SPELL,DAMPEN,counter_sigils,interaction_clash,2,0.550,1.000,0.550,1.000,1.000,1.000,,false,false,Suppression and action contest according to interaction priority.
cozy_campfire,weather_sigil,INNATE,SPELL,COEXIST,harmonic_weave,interaction_clash,1,1.000,1.000,1.000,1.000,1.000,1.000,,false,false,Independent forces coexist with a restrained harmonic weave.
creativity_manifestation,creativity_manifestation,CRYSTAL,CRYSTAL,RESONATE,light_resonance,interaction_clash,3,1.120,1.120,1.100,1.100,1.050,1.050,LIGHT,false,false,Shared aspects resonate with bounded potency and duration.
creativity_manifestation,dark_crystal,CRYSTAL,CRYSTAL,CONTEST,eclipse,interaction_clash,5,0.700,0.700,0.700,0.700,1.000,1.000,,false,false,Balanced light and darkness become a revealing eclipse.
creativity_manifestation,dimensional_anchor,CRYSTAL,SPELL,DAMPEN,counter_sigils,interaction_clash,2,0.550,1.000,0.550,1.000,1.000,1.000,,false,false,Suppression and action contest according to interaction priority.
creativity_manifestation,dispel,CRYSTAL,SPELL,DAMPEN,counter_sigils,interaction_clash,2,0.550,1.000,0.550,1.000,1.000,1.000,,false,false,Suppression and action contest according to interaction priority.
creativity_manifestation,double_health,CRYSTAL,INNATE,COEXIST,harmonic_weave,interaction_clash,1,1.000,1.000,1.000,1.000,1.000,1.000,,false,false,Independent forces coexist with a restrained harmonic weave.
creativity_manifestation,dreamwalking,CRYSTAL,CRYSTAL,COEXIST,harmonic_weave,interaction_clash,1,1.000,1.000,1.000,1.000,1.000,1.000,,false,false,Independent forces coexist with a restrained harmonic weave.
creativity_manifestation,elemental_blast,CRYSTAL,INNATE,COEXIST,harmonic_weave,interaction_clash,1,1.000,1.000,1.000,1.000,1.000,1.000,,false,false,Independent forces coexist with a restrained harmonic weave.
creativity_manifestation,energy_beam,CRYSTAL,INNATE,COEXIST,harmonic_weave,interaction_clash,1,1.000,1.000,1.000,1.000,1.000,1.000,,false,false,Independent forces coexist with a restrained harmonic weave.
creativity_manifestation,energy_drain,CRYSTAL,INNATE,CONSUME,eclipse_break,interaction_clash,5,1.150,0.350,1.000,0.500,1.000,1.000,,false,true,The higher-priority force breaks the opposed aspect.
creativity_manifestation,fireball,CRYSTAL,INNATE,COEXIST,harmonic_weave,interaction_clash,1,1.000,1.000,1.000,1.000,1.000,1.000,,false,false,Independent forces coexist with a restrained harmonic weave.
creativity_manifestation,flight,CRYSTAL,INNATE,COEXIST,harmonic_weave,interaction_clash,1,1.000,1.000,1.000,1.000,1.000,1.000,,false,false,Independent forces coexist with a restrained harmonic weave.
creativity_manifestation,forcefield,CRYSTAL,INNATE,COEXIST,harmonic_weave,interaction_clash,1,1.000,1.000,1.000,1.000,1.000,1.000,,false,false,Independent forces coexist with a restrained harmonic weave.
creativity_manifestation,frost_nova,CRYSTAL,INNATE,COEXIST,harmonic_weave,interaction_clash,1,1.000,1.000,1.000,1.000,1.000,1.000,,false,false,Independent forces coexist with a restrained harmonic weave.
creativity_manifestation,gravity_displacement,CRYSTAL,INNATE,COEXIST,harmonic_weave,interaction_clash,1,1.000,1.000,1.000,1.000,1.000,1.000,,false,false,Independent forces coexist with a restrained harmonic weave.
creativity_manifestation,ground_slam,CRYSTAL,INNATE,COEXIST,harmonic_weave,interaction_clash,1,1.000,1.000,1.000,1.000,1.000,1.000,,false,false,Independent forces coexist with a restrained harmonic weave.
creativity_manifestation,hex,CRYSTAL,SPELL,CONSUME,eclipse_break,interaction_clash,5,1.150,0.350,1.000,0.500,1.000,1.000,,false,true,The higher-priority force breaks the opposed aspect.
creativity_manifestation,ice_manipulation,CRYSTAL,INNATE,RESONATE,creation_resonance,interaction_clash,3,1.120,1.120,1.100,1.100,1.050,1.050,CREATION,false,false,Shared aspects resonate with bounded potency and duration.
creativity_manifestation,infernal_seal,CRYSTAL,SPELL,DAMPEN,counter_sigils,interaction_clash,2,0.550,1.000,0.550,1.000,1.000,1.000,,false,false,Suppression and action contest according to interaction priority.
creativity_manifestation,inferno,CRYSTAL,CRYSTAL,COEXIST,harmonic_weave,interaction_clash,1,1.000,1.000,1.000,1.000,1.000,1.000,,false,false,Independent forces coexist with a restrained harmonic weave.
creativity_manifestation,invisibility,CRYSTAL,INNATE,CONTEST,revealed_veil,interaction_clash,3,0.850,0.850,0.850,0.850,1.000,1.000,,false,false,Concealment and detection contest without leaking hidden information.
creativity_manifestation,kinetic_ward,CRYSTAL,SPELL,COEXIST,harmonic_weave,interaction_clash,1,1.000,1.000,1.000,1.000,1.000,1.000,,false,false,Independent forces coexist with a restrained harmonic weave.
creativity_manifestation,life_bloom,CRYSTAL,CRYSTAL,RESONATE,light_resonance,interaction_clash,3,1.120,1.120,1.100,1.100,1.050,1.050,LIGHT,false,false,Shared aspects resonate with bounded potency and duration.
creativity_manifestation,light_crystal,CRYSTAL,CRYSTAL,RESONATE,light_resonance,interaction_clash,3,1.120,1.120,1.100,1.100,1.050,1.050,LIGHT,false,false,Shared aspects resonate with bounded potency and duration.
creativity_manifestation,lightning_strike,CRYSTAL,INNATE,COEXIST,harmonic_weave,interaction_clash,1,1.000,1.000,1.000,1.000,1.000,1.000,,false,false,Independent forces coexist with a restrained harmonic weave.
creativity_manifestation,middleworld,CRYSTAL,CRYSTAL,COEXIST,harmonic_weave,interaction_clash,1,1.000,1.000,1.000,1.000,1.000,1.000,,false,false,Independent forces coexist with a restrained harmonic weave.
creativity_manifestation,plant_healing_acceleration,CRYSTAL,INNATE,COEXIST,harmonic_weave,interaction_clash,1,1.000,1.000,1.000,1.000,1.000,1.000,,false,false,Independent forces coexist with a restrained harmonic weave.
creativity_manifestation,portal_rift,CRYSTAL,CRYSTAL,COEXIST,harmonic_weave,interaction_clash,1,1.000,1.000,1.000,1.000,1.000,1.000,,false,false,Independent forces coexist with a restrained harmonic weave.
creativity_manifestation,purification_circle,CRYSTAL,SPELL,DAMPEN,counter_sigils,interaction_clash,2,0.550,1.000,0.550,1.000,1.000,1.000,,false,false,Suppression and action contest according to interaction priority.
creativity_manifestation,ritual_amplification,CRYSTAL,SPELL,RESONATE,creation_resonance,interaction_clash,3,1.120,1.120,1.100,1.100,1.050,1.050,CREATION,false,false,Shared aspects resonate with bounded potency and duration.
creativity_manifestation,root_binding,CRYSTAL,SPELL,COEXIST,harmonic_weave,interaction_clash,1,1.000,1.000,1.000,1.000,1.000,1.000,,false,false,Independent forces coexist with a restrained harmonic weave.
creativity_manifestation,sanctuary_growth,CRYSTAL,SPELL,COEXIST,harmonic_weave,interaction_clash,1,1.000,1.000,1.000,1.000,1.000,1.000,,false,false,Independent forces coexist with a restrained harmonic weave.
creativity_manifestation,shadow_step,CRYSTAL,INNATE,CONSUME,eclipse_break,interaction_clash,5,1.150,0.350,1.000,0.500,1.000,1.000,,false,true,The higher-priority force breaks the opposed aspect.
creativity_manifestation,size_shift,CRYSTAL,CRYSTAL,RESONATE,creation_resonance,interaction_clash,3,1.120,1.120,1.100,1.100,1.050,1.050,CREATION,false,false,Shared aspects resonate with bounded potency and duration.
creativity_manifestation,slow_world,CRYSTAL,INNATE,COEXIST,harmonic_weave,interaction_clash,1,1.000,1.000,1.000,1.000,1.000,1.000,,false,false,Independent forces coexist with a restrained harmonic weave.
creativity_manifestation,soul_compass,CRYSTAL,SPELL,COEXIST,harmonic_weave,interaction_clash,1,1.000,1.000,1.000,1.000,1.000,1.000,,false,false,Independent forces coexist with a restrained harmonic weave.
creativity_manifestation,soul_link,CRYSTAL,CRYSTAL,COEXIST,harmonic_weave,interaction_clash,1,1.000,1.000,1.000,1.000,1.000,1.000,,false,false,Independent forces coexist with a restrained harmonic weave.
creativity_manifestation,space_time,CRYSTAL,CRYSTAL,COEXIST,harmonic_weave,interaction_clash,1,1.000,1.000,1.000,1.000,1.000,1.000,,false,false,Independent forces coexist with a restrained harmonic weave.
creativity_manifestation,speed_burst,CRYSTAL,INNATE,COEXIST,harmonic_weave,interaction_clash,1,1.000,1.000,1.000,1.000,1.000,1.000,,false,false,Independent forces coexist with a restrained harmonic weave.
creativity_manifestation,starfall,CRYSTAL,INNATE,RESONATE,light_resonance,interaction_clash,3,1.120,1.120,1.100,1.100,1.050,1.050,LIGHT,false,false,Shared aspects resonate with bounded potency and duration.
creativity_manifestation,super_speed,CRYSTAL,INNATE,COEXIST,harmonic_weave,interaction_clash,1,1.000,1.000,1.000,1.000,1.000,1.000,,false,false,Independent forces coexist with a restrained harmonic weave.
creativity_manifestation,telekinesis,CRYSTAL,INNATE,COEXIST,harmonic_weave,interaction_clash,1,1.000,1.000,1.000,1.000,1.000,1.000,,false,false,Independent forces coexist with a restrained harmonic weave.
creativity_manifestation,time_freeze,CRYSTAL,INNATE,COEXIST,harmonic_weave,interaction_clash,1,1.000,1.000,1.000,1.000,1.000,1.000,,false,false,Independent forces coexist with a restrained harmonic weave.
creativity_manifestation,time_shift,CRYSTAL,INNATE,COEXIST,harmonic_weave,interaction_clash,1,1.000,1.000,1.000,1.000,1.000,1.000,,false,false,Independent forces coexist with a restrained harmonic weave.
creativity_manifestation,tracking_mark,CRYSTAL,SPELL,RESONATE,light_resonance,interaction_clash,3,1.120,1.120,1.100,1.100,1.050,1.050,LIGHT,false,false,Shared aspects resonate with bounded potency and duration.
creativity_manifestation,vessel_possession,CRYSTAL,INNATE,COEXIST,harmonic_weave,interaction_clash,1,1.000,1.000,1.000,1.000,1.000,1.000,,false,false,Independent forces coexist with a restrained harmonic weave.
creativity_manifestation,vitality_transfer,CRYSTAL,SPELL,COEXIST,harmonic_weave,interaction_clash,1,1.000,1.000,1.000,1.000,1.000,1.000,,false,false,Independent forces coexist with a restrained harmonic weave.
creativity_manifestation,void_beam,CRYSTAL,INNATE,CONSUME,eclipse_break,interaction_clash,5,1.150,0.350,1.000,0.500,1.000,1.000,,false,true,The higher-priority force breaks the opposed aspect.
creativity_manifestation,ward_breaking_ritual,CRYSTAL,SPELL,DAMPEN,counter_sigils,interaction_clash,2,0.550,1.000,0.550,1.000,1.000,1.000,,false,false,Suppression and action contest according to interaction priority.
creativity_manifestation,weather_sigil,CRYSTAL,SPELL,RESONATE,creation_resonance,interaction_clash,3,1.120,1.120,1.100,1.100,1.050,1.050,CREATION,false,false,Shared aspects resonate with bounded potency and duration.
dark_crystal,dark_crystal,CRYSTAL,CRYSTAL,RESONATE,mind_resonance,interaction_clash,3,1.120,1.120,1.100,1.100,1.050,1.050,MIND,false,false,Shared aspects resonate with bounded potency and duration.
dark_crystal,dimensional_anchor,CRYSTAL,SPELL,CANCEL,anchor_chains,interaction_clash,4,0.000,1.000,0.000,1.000,0.000,1.000,,true,false,Dimensional chains close the attempted route.
dark_crystal,dispel,CRYSTAL,SPELL,DAMPEN,counter_sigils,interaction_clash,2,0.550,1.000,0.550,1.000,1.000,1.000,,false,false,Suppression and action contest according to interaction priority.
dark_crystal,double_health,CRYSTAL,INNATE,CONTEST,withered_bloom,interaction_clash,3,0.800,0.800,0.800,0.800,1.000,1.000,,false,false,Life and corruption contest without deleting unrelated effects.
dark_crystal,dreamwalking,CRYSTAL,CRYSTAL,RESONATE,mind_resonance,interaction_clash,3,1.120,1.120,1.100,1.100,1.050,1.050,MIND,false,false,Shared aspects resonate with bounded potency and duration.
dark_crystal,elemental_blast,CRYSTAL,INNATE,COEXIST,harmonic_weave,interaction_clash,1,1.000,1.000,1.000,1.000,1.000,1.000,,false,false,Independent forces coexist with a restrained harmonic weave.
dark_crystal,energy_beam,CRYSTAL,INNATE,COEXIST,harmonic_weave,interaction_clash,1,1.000,1.000,1.000,1.000,1.000,1.000,,false,false,Independent forces coexist with a restrained harmonic weave.
dark_crystal,energy_drain,CRYSTAL,INNATE,RESONATE,darkness_resonance,interaction_clash,3,1.120,1.120,1.100,1.100,1.050,1.050,DARKNESS,false,false,Shared aspects resonate with bounded potency and duration.
dark_crystal,fireball,CRYSTAL,INNATE,COEXIST,harmonic_weave,interaction_clash,1,1.000,1.000,1.000,1.000,1.000,1.000,,false,false,Independent forces coexist with a restrained harmonic weave.
dark_crystal,flight,CRYSTAL,INNATE,COEXIST,harmonic_weave,interaction_clash,1,1.000,1.000,1.000,1.000,1.000,1.000,,false,false,Independent forces coexist with a restrained harmonic weave.
dark_crystal,forcefield,CRYSTAL,INNATE,COEXIST,harmonic_weave,interaction_clash,1,1.000,1.000,1.000,1.000,1.000,1.000,,false,false,Independent forces coexist with a restrained harmonic weave.
dark_crystal,frost_nova,CRYSTAL,INNATE,COEXIST,harmonic_weave,interaction_clash,1,1.000,1.000,1.000,1.000,1.000,1.000,,false,false,Independent forces coexist with a restrained harmonic weave.
dark_crystal,gravity_displacement,CRYSTAL,INNATE,COEXIST,harmonic_weave,interaction_clash,1,1.000,1.000,1.000,1.000,1.000,1.000,,false,false,Independent forces coexist with a restrained harmonic weave.
dark_crystal,ground_slam,CRYSTAL,INNATE,COEXIST,harmonic_weave,interaction_clash,1,1.000,1.000,1.000,1.000,1.000,1.000,,false,false,Independent forces coexist with a restrained harmonic weave.
dark_crystal,hex,CRYSTAL,SPELL,RESONATE,mind_resonance,interaction_clash,3,1.120,1.120,1.100,1.100,1.050,1.050,MIND,false,false,Shared aspects resonate with bounded potency and duration.
dark_crystal,ice_manipulation,CRYSTAL,INNATE,COEXIST,harmonic_weave,interaction_clash,1,1.000,1.000,1.000,1.000,1.000,1.000,,false,false,Independent forces coexist with a restrained harmonic weave.
dark_crystal,infernal_seal,CRYSTAL,SPELL,DAMPEN,counter_sigils,interaction_clash,2,0.550,1.000,0.550,1.000,1.000,1.000,,false,false,Suppression and action contest according to interaction priority.
dark_crystal,inferno,CRYSTAL,CRYSTAL,COEXIST,harmonic_weave,interaction_clash,1,1.000,1.000,1.000,1.000,1.000,1.000,,false,false,Independent forces coexist with a restrained harmonic weave.
dark_crystal,invisibility,CRYSTAL,INNATE,RESONATE,mind_resonance,interaction_clash,3,1.120,1.120,1.100,1.100,1.050,1.050,MIND,false,false,Shared aspects resonate with bounded potency and duration.
dark_crystal,kinetic_ward,CRYSTAL,SPELL,COEXIST,harmonic_weave,interaction_clash,1,1.000,1.000,1.000,1.000,1.000,1.000,,false,false,Independent forces coexist with a restrained harmonic weave.
dark_crystal,life_bloom,CRYSTAL,CRYSTAL,CONTEST,eclipse,interaction_clash,5,0.700,0.700,0.700,0.700,1.000,1.000,,false,false,Balanced light and darkness become a revealing eclipse.
dark_crystal,light_crystal,CRYSTAL,CRYSTAL,CONTEST,eclipse,interaction_clash,5,0.700,0.700,0.700,0.700,1.000,1.000,,false,false,Equal light and darkness form a revealing eclipse field.
dark_crystal,lightning_strike,CRYSTAL,INNATE,COEXIST,harmonic_weave,interaction_clash,1,1.000,1.000,1.000,1.000,1.000,1.000,,false,false,Independent forces coexist with a restrained harmonic weave.
dark_crystal,middleworld,CRYSTAL,CRYSTAL,RESONATE,mind_resonance,interaction_clash,3,1.120,1.120,1.100,1.100,1.050,1.050,MIND,false,false,Shared aspects resonate with bounded potency and duration.
dark_crystal,plant_healing_acceleration,CRYSTAL,INNATE,CONTEST,withered_bloom,interaction_clash,3,0.800,0.800,0.800,0.800,1.000,1.000,,false,false,Life and corruption contest without deleting unrelated effects.
dark_crystal,portal_rift,CRYSTAL,CRYSTAL,COEXIST,harmonic_weave,interaction_clash,1,1.000,1.000,1.000,1.000,1.000,1.000,,false,false,Independent forces coexist with a restrained harmonic weave.
dark_crystal,purification_circle,CRYSTAL,SPELL,CANCEL,cleansing_rain,interaction_clash,4,0.000,1.000,0.000,1.000,0.000,1.000,,true,false,Purification unweaves the hostile residue.
dark_crystal,ritual_amplification,CRYSTAL,SPELL,COEXIST,harmonic_weave,interaction_clash,1,1.000,1.000,1.000,1.000,1.000,1.000,,false,false,Independent forces coexist with a restrained harmonic weave.
dark_crystal,root_binding,CRYSTAL,SPELL,CONTEST,withered_bloom,interaction_clash,3,0.800,0.800,0.800,0.800,1.000,1.000,,false,false,Life and corruption contest without deleting unrelated effects.
dark_crystal,sanctuary_growth,CRYSTAL,SPELL,CONTEST,withered_bloom,interaction_clash,3,0.800,0.800,0.800,0.800,1.000,1.000,,false,false,Life and corruption contest without deleting unrelated effects.
dark_crystal,shadow_step,CRYSTAL,INNATE,RESONATE,darkness_resonance,interaction_clash,3,1.120,1.120,1.100,1.100,1.050,1.050,DARKNESS,false,false,Shared aspects resonate with bounded potency and duration.
dark_crystal,size_shift,CRYSTAL,CRYSTAL,COEXIST,harmonic_weave,interaction_clash,1,1.000,1.000,1.000,1.000,1.000,1.000,,false,false,Independent forces coexist with a restrained harmonic weave.
dark_crystal,slow_world,CRYSTAL,INNATE,COEXIST,harmonic_weave,interaction_clash,1,1.000,1.000,1.000,1.000,1.000,1.000,,false,false,Independent forces coexist with a restrained harmonic weave.
dark_crystal,soul_compass,CRYSTAL,SPELL,RESONATE,mind_resonance,interaction_clash,3,1.120,1.120,1.100,1.100,1.050,1.050,MIND,false,false,Shared aspects resonate with bounded potency and duration.
dark_crystal,soul_link,CRYSTAL,CRYSTAL,CONTEST,withered_bloom,interaction_clash,3,0.800,0.800,0.800,0.800,1.000,1.000,,false,false,Life and corruption contest without deleting unrelated effects.
dark_crystal,space_time,CRYSTAL,CRYSTAL,COEXIST,harmonic_weave,interaction_clash,1,1.000,1.000,1.000,1.000,1.000,1.000,,false,false,Independent forces coexist with a restrained harmonic weave.
dark_crystal,speed_burst,CRYSTAL,INNATE,COEXIST,harmonic_weave,interaction_clash,1,1.000,1.000,1.000,1.000,1.000,1.000,,false,false,Independent forces coexist with a restrained harmonic weave.
dark_crystal,starfall,CRYSTAL,INNATE,CONSUME,eclipse_break,interaction_clash,5,1.150,0.350,1.000,0.500,1.000,1.000,,false,true,The higher-priority force breaks the opposed aspect.
dark_crystal,super_speed,CRYSTAL,INNATE,COEXIST,harmonic_weave,interaction_clash,1,1.000,1.000,1.000,1.000,1.000,1.000,,false,false,Independent forces coexist with a restrained harmonic weave.
dark_crystal,telekinesis,CRYSTAL,INNATE,RESONATE,mind_resonance,interaction_clash,3,1.120,1.120,1.100,1.100,1.050,1.050,MIND,false,false,Shared aspects resonate with bounded potency and duration.
dark_crystal,time_freeze,CRYSTAL,INNATE,COEXIST,harmonic_weave,interaction_clash,1,1.000,1.000,1.000,1.000,1.000,1.000,,false,false,Independent forces coexist with a restrained harmonic weave.
dark_crystal,time_shift,CRYSTAL,INNATE,COEXIST,harmonic_weave,interaction_clash,1,1.000,1.000,1.000,1.000,1.000,1.000,,false,false,Independent forces coexist with a restrained harmonic weave.
dark_crystal,tracking_mark,CRYSTAL,SPELL,CONSUME,eclipse_break,interaction_clash,5,1.150,0.350,1.000,0.500,1.000,1.000,,false,true,The higher-priority force breaks the opposed aspect.
dark_crystal,vessel_possession,CRYSTAL,INNATE,RESONATE,mind_resonance,interaction_clash,3,1.120,1.120,1.100,1.100,1.050,1.050,MIND,false,false,Shared aspects resonate with bounded potency and duration.
dark_crystal,vitality_transfer,CRYSTAL,SPELL,CONTEST,withered_bloom,interaction_clash,3,0.800,0.800,0.800,0.800,1.000,1.000,,false,false,Life and corruption contest without deleting unrelated effects.
dark_crystal,void_beam,CRYSTAL,INNATE,RESONATE,darkness_resonance,interaction_clash,3,1.120,1.120,1.100,1.100,1.050,1.050,DARKNESS,false,false,Shared aspects resonate with bounded potency and duration.
dark_crystal,ward_breaking_ritual,CRYSTAL,SPELL,DAMPEN,counter_sigils,interaction_clash,2,0.550,1.000,0.550,1.000,1.000,1.000,,false,false,Suppression and action contest according to interaction priority.
dark_crystal,weather_sigil,CRYSTAL,SPELL,COEXIST,harmonic_weave,interaction_clash,1,1.000,1.000,1.000,1.000,1.000,1.000,,false,false,Independent forces coexist with a restrained harmonic weave.
dimensional_anchor,dimensional_anchor,SPELL,SPELL,RESONATE,sealed_resonance,interaction_clash,2,0.850,0.850,0.850,0.850,1.000,1.000,,false,false,Suppression fields reinforce while slightly damping one another.
dimensional_anchor,dispel,SPELL,SPELL,RESONATE,sealed_resonance,interaction_clash,2,0.850,0.850,0.850,0.850,1.000,1.000,,false,false,Suppression fields reinforce while slightly damping one another.
dimensional_anchor,double_health,SPELL,INNATE,DAMPEN,counter_sigils,interaction_clash,2,1.000,0.550,1.000,0.550,1.000,1.000,,false,false,Suppression and action contest according to interaction priority.
dimensional_anchor,dreamwalking,SPELL,CRYSTAL,CANCEL,anchor_chains,interaction_clash,4,1.000,0.000,1.000,0.000,1.000,0.000,,false,true,Dimensional chains close the attempted route.
dimensional_anchor,elemental_blast,SPELL,INNATE,DAMPEN,counter_sigils,interaction_clash,2,1.000,0.550,1.000,0.550,1.000,1.000,,false,false,Suppression and action contest according to interaction priority.
dimensional_anchor,energy_beam,SPELL,INNATE,DAMPEN,counter_sigils,interaction_clash,2,1.000,0.550,1.000,0.550,1.000,1.000,,false,false,Suppression and action contest according to interaction priority.
dimensional_anchor,energy_drain,SPELL,INNATE,DAMPEN,counter_sigils,interaction_clash,2,1.000,0.550,1.000,0.550,1.000,1.000,,false,false,Suppression and action contest according to interaction priority.
dimensional_anchor,fireball,SPELL,INNATE,DAMPEN,counter_sigils,interaction_clash,2,1.000,0.550,1.000,0.550,1.000,1.000,,false,false,Suppression and action contest according to interaction priority.
dimensional_anchor,flight,SPELL,INNATE,DAMPEN,counter_sigils,interaction_clash,2,1.000,0.550,1.000,0.550,1.000,1.000,,false,false,Suppression and action contest according to interaction priority.
dimensional_anchor,forcefield,SPELL,INNATE,DAMPEN,counter_sigils,interaction_clash,2,1.000,0.550,1.000,0.550,1.000,1.000,,false,false,Suppression and action contest according to interaction priority.
dimensional_anchor,frost_nova,SPELL,INNATE,DAMPEN,counter_sigils,interaction_clash,2,1.000,0.550,1.000,0.550,1.000,1.000,,false,false,Suppression and action contest according to interaction priority.
dimensional_anchor,gravity_displacement,SPELL,INNATE,DAMPEN,counter_sigils,interaction_clash,2,1.000,0.550,1.000,0.550,1.000,1.000,,false,false,Suppression and action contest according to interaction priority.
dimensional_anchor,ground_slam,SPELL,INNATE,DAMPEN,counter_sigils,interaction_clash,2,1.000,0.550,1.000,0.550,1.000,1.000,,false,false,Suppression and action contest according to interaction priority.
dimensional_anchor,hex,SPELL,SPELL,DAMPEN,counter_sigils,interaction_clash,2,1.000,0.550,1.000,0.550,1.000,1.000,,false,false,Suppression and action contest according to interaction priority.
dimensional_anchor,ice_manipulation,SPELL,INNATE,DAMPEN,counter_sigils,interaction_clash,2,1.000,0.550,1.000,0.550,1.000,1.000,,false,false,Suppression and action contest according to interaction priority.
dimensional_anchor,infernal_seal,SPELL,SPELL,RESONATE,sealed_resonance,interaction_clash,2,0.850,0.850,0.850,0.850,1.000,1.000,,false,false,Suppression fields reinforce while slightly damping one another.
dimensional_anchor,inferno,SPELL,CRYSTAL,DAMPEN,counter_sigils,interaction_clash,2,1.000,0.550,1.000,0.550,1.000,1.000,,false,false,Suppression and action contest according to interaction priority.
dimensional_anchor,invisibility,SPELL,INNATE,DAMPEN,counter_sigils,interaction_clash,2,1.000,0.550,1.000,0.550,1.000,1.000,,false,false,Suppression and action contest according to interaction priority.
dimensional_anchor,kinetic_ward,SPELL,SPELL,DAMPEN,counter_sigils,interaction_clash,2,1.000,0.550,1.000,0.550,1.000,1.000,,false,false,Suppression and action contest according to interaction priority.
dimensional_anchor,life_bloom,SPELL,CRYSTAL,DAMPEN,counter_sigils,interaction_clash,2,1.000,0.550,1.000,0.550,1.000,1.000,,false,false,Suppression and action contest according to interaction priority.
dimensional_anchor,light_crystal,SPELL,CRYSTAL,CANCEL,anchor_chains,interaction_clash,4,1.000,0.000,1.000,0.000,1.000,0.000,,false,true,Dimensional chains close the attempted route.
dimensional_anchor,lightning_strike,SPELL,INNATE,DAMPEN,counter_sigils,interaction_clash,2,1.000,0.550,1.000,0.550,1.000,1.000,,false,false,Suppression and action contest according to interaction priority.
dimensional_anchor,middleworld,SPELL,CRYSTAL,CANCEL,anchor_chains,interaction_clash,4,1.000,0.000,1.000,0.000,1.000,0.000,,false,true,Dimensional chains close the attempted route.
dimensional_anchor,plant_healing_acceleration,SPELL,INNATE,DAMPEN,counter_sigils,interaction_clash,2,1.000,0.550,1.000,0.550,1.000,1.000,,false,false,Suppression and action contest according to interaction priority.
dimensional_anchor,portal_rift,SPELL,CRYSTAL,CANCEL,anchor_chains,interaction_clash,4,1.000,0.000,1.000,0.000,1.000,0.000,,false,true,Dimensional chains close the attempted route.
dimensional_anchor,purification_circle,SPELL,SPELL,RESONATE,sealed_resonance,interaction_clash,2,0.850,0.850,0.850,0.850,1.000,1.000,,false,false,Suppression fields reinforce while slightly damping one another.
dimensional_anchor,ritual_amplification,SPELL,SPELL,DAMPEN,counter_sigils,interaction_clash,2,1.000,0.550,1.000,0.550,1.000,1.000,,false,false,Suppression and action contest according to interaction priority.
dimensional_anchor,root_binding,SPELL,SPELL,DAMPEN,counter_sigils,interaction_clash,2,1.000,0.550,1.000,0.550,1.000,1.000,,false,false,Suppression and action contest according to interaction priority.
dimensional_anchor,sanctuary_growth,SPELL,SPELL,DAMPEN,counter_sigils,interaction_clash,2,1.000,0.550,1.000,0.550,1.000,1.000,,false,false,Suppression and action contest according to interaction priority.
dimensional_anchor,shadow_step,SPELL,INNATE,CANCEL,anchor_chains,interaction_clash,4,1.000,0.000,1.000,0.000,1.000,0.000,,false,true,Dimensional chains close the attempted route.
dimensional_anchor,size_shift,SPELL,CRYSTAL,DAMPEN,counter_sigils,interaction_clash,2,1.000,0.550,1.000,0.550,1.000,1.000,,false,false,Suppression and action contest according to interaction priority.
dimensional_anchor,slow_world,SPELL,INNATE,DAMPEN,counter_sigils,interaction_clash,2,1.000,0.550,1.000,0.550,1.000,1.000,,false,false,Suppression and action contest according to interaction priority.
dimensional_anchor,soul_compass,SPELL,SPELL,DAMPEN,counter_sigils,interaction_clash,2,1.000,0.550,1.000,0.550,1.000,1.000,,false,false,Suppression and action contest according to interaction priority.
dimensional_anchor,soul_link,SPELL,CRYSTAL,DAMPEN,counter_sigils,interaction_clash,2,1.000,0.550,1.000,0.550,1.000,1.000,,false,false,Suppression and action contest according to interaction priority.
dimensional_anchor,space_time,SPELL,CRYSTAL,DAMPEN,counter_sigils,interaction_clash,2,1.000,0.550,1.000,0.550,1.000,1.000,,false,false,Suppression and action contest according to interaction priority.
dimensional_anchor,speed_burst,SPELL,INNATE,DAMPEN,counter_sigils,interaction_clash,2,1.000,0.550,1.000,0.550,1.000,1.000,,false,false,Suppression and action contest according to interaction priority.
dimensional_anchor,starfall,SPELL,INNATE,DAMPEN,counter_sigils,interaction_clash,2,1.000,0.550,1.000,0.550,1.000,1.000,,false,false,Suppression and action contest according to interaction priority.
dimensional_anchor,super_speed,SPELL,INNATE,DAMPEN,counter_sigils,interaction_clash,2,1.000,0.550,1.000,0.550,1.000,1.000,,false,false,Suppression and action contest according to interaction priority.
dimensional_anchor,telekinesis,SPELL,INNATE,DAMPEN,counter_sigils,interaction_clash,2,1.000,0.550,1.000,0.550,1.000,1.000,,false,false,Suppression and action contest according to interaction priority.
dimensional_anchor,time_freeze,SPELL,INNATE,DAMPEN,counter_sigils,interaction_clash,2,1.000,0.550,1.000,0.550,1.000,1.000,,false,false,Suppression and action contest according to interaction priority.
dimensional_anchor,time_shift,SPELL,INNATE,CANCEL,anchor_chains,interaction_clash,4,1.000,0.000,1.000,0.000,1.000,0.000,,false,true,Dimensional chains close the attempted route.
dimensional_anchor,tracking_mark,SPELL,SPELL,DAMPEN,counter_sigils,interaction_clash,2,1.000,0.550,1.000,0.550,1.000,1.000,,false,false,Suppression and action contest according to interaction priority.
dimensional_anchor,vessel_possession,SPELL,INNATE,CANCEL,anchor_chains,interaction_clash,4,1.000,0.000,1.000,0.000,1.000,0.000,,false,true,Dimensional chains close the attempted route.
dimensional_anchor,vitality_transfer,SPELL,SPELL,DAMPEN,counter_sigils,interaction_clash,2,1.000,0.550,1.000,0.550,1.000,1.000,,false,false,Suppression and action contest according to interaction priority.
dimensional_anchor,void_beam,SPELL,INNATE,DAMPEN,counter_sigils,interaction_clash,2,1.000,0.550,1.000,0.550,1.000,1.000,,false,false,Suppression and action contest according to interaction priority.
dimensional_anchor,ward_breaking_ritual,SPELL,SPELL,RESONATE,sealed_resonance,interaction_clash,2,0.850,0.850,0.850,0.850,1.000,1.000,,false,false,Suppression fields reinforce while slightly damping one another.
dimensional_anchor,weather_sigil,SPELL,SPELL,DAMPEN,counter_sigils,interaction_clash,2,1.000,0.550,1.000,0.550,1.000,1.000,,false,false,Suppression and action contest according to interaction priority.
dispel,dispel,SPELL,SPELL,RESONATE,sealed_resonance,interaction_clash,2,0.850,0.850,0.850,0.850,1.000,1.000,,false,false,Suppression fields reinforce while slightly damping one another.
dispel,double_health,SPELL,INNATE,DAMPEN,counter_sigils,interaction_clash,2,1.000,0.550,1.000,0.550,1.000,1.000,,false,false,Suppression and action contest according to interaction priority.
dispel,dreamwalking,SPELL,CRYSTAL,DAMPEN,counter_sigils,interaction_clash,2,1.000,0.550,1.000,0.550,1.000,1.000,,false,false,Suppression and action contest according to interaction priority.
dispel,elemental_blast,SPELL,INNATE,DAMPEN,counter_sigils,interaction_clash,2,1.000,0.550,1.000,0.550,1.000,1.000,,false,false,Suppression and action contest according to interaction priority.
dispel,energy_beam,SPELL,INNATE,DAMPEN,counter_sigils,interaction_clash,2,1.000,0.550,1.000,0.550,1.000,1.000,,false,false,Suppression and action contest according to interaction priority.
dispel,energy_drain,SPELL,INNATE,DAMPEN,counter_sigils,interaction_clash,2,1.000,0.550,1.000,0.550,1.000,1.000,,false,false,Suppression and action contest according to interaction priority.
dispel,fireball,SPELL,INNATE,DAMPEN,counter_sigils,interaction_clash,2,1.000,0.550,1.000,0.550,1.000,1.000,,false,false,Suppression and action contest according to interaction priority.
dispel,flight,SPELL,INNATE,DAMPEN,counter_sigils,interaction_clash,2,1.000,0.550,1.000,0.550,1.000,1.000,,false,false,Suppression and action contest according to interaction priority.
dispel,forcefield,SPELL,INNATE,DAMPEN,counter_sigils,interaction_clash,2,1.000,0.550,1.000,0.550,1.000,1.000,,false,false,Suppression and action contest according to interaction priority.
dispel,frost_nova,SPELL,INNATE,DAMPEN,counter_sigils,interaction_clash,2,1.000,0.550,1.000,0.550,1.000,1.000,,false,false,Suppression and action contest according to interaction priority.
dispel,gravity_displacement,SPELL,INNATE,DAMPEN,counter_sigils,interaction_clash,2,1.000,0.550,1.000,0.550,1.000,1.000,,false,false,Suppression and action contest according to interaction priority.
dispel,ground_slam,SPELL,INNATE,DAMPEN,counter_sigils,interaction_clash,2,1.000,0.550,1.000,0.550,1.000,1.000,,false,false,Suppression and action contest according to interaction priority.
dispel,hex,SPELL,SPELL,DAMPEN,counter_sigils,interaction_clash,2,1.000,0.550,1.000,0.550,1.000,1.000,,false,false,Suppression and action contest according to interaction priority.
dispel,ice_manipulation,SPELL,INNATE,DAMPEN,counter_sigils,interaction_clash,2,1.000,0.550,1.000,0.550,1.000,1.000,,false,false,Suppression and action contest according to interaction priority.
dispel,infernal_seal,SPELL,SPELL,RESONATE,sealed_resonance,interaction_clash,2,0.850,0.850,0.850,0.850,1.000,1.000,,false,false,Suppression fields reinforce while slightly damping one another.
dispel,inferno,SPELL,CRYSTAL,DAMPEN,counter_sigils,interaction_clash,2,1.000,0.550,1.000,0.550,1.000,1.000,,false,false,Suppression and action contest according to interaction priority.
dispel,invisibility,SPELL,INNATE,DAMPEN,counter_sigils,interaction_clash,2,1.000,0.550,1.000,0.550,1.000,1.000,,false,false,Suppression and action contest according to interaction priority.
dispel,kinetic_ward,SPELL,SPELL,DAMPEN,counter_sigils,interaction_clash,2,1.000,0.550,1.000,0.550,1.000,1.000,,false,false,Suppression and action contest according to interaction priority.
dispel,life_bloom,SPELL,CRYSTAL,DAMPEN,counter_sigils,interaction_clash,2,1.000,0.550,1.000,0.550,1.000,1.000,,false,false,Suppression and action contest according to interaction priority.
dispel,light_crystal,SPELL,CRYSTAL,DAMPEN,counter_sigils,interaction_clash,2,1.000,0.550,1.000,0.550,1.000,1.000,,false,false,Suppression and action contest according to interaction priority.
dispel,lightning_strike,SPELL,INNATE,DAMPEN,counter_sigils,interaction_clash,2,1.000,0.550,1.000,0.550,1.000,1.000,,false,false,Suppression and action contest according to interaction priority.
dispel,middleworld,SPELL,CRYSTAL,DAMPEN,counter_sigils,interaction_clash,2,1.000,0.550,1.000,0.550,1.000,1.000,,false,false,Suppression and action contest according to interaction priority.
dispel,plant_healing_acceleration,SPELL,INNATE,DAMPEN,counter_sigils,interaction_clash,2,1.000,0.550,1.000,0.550,1.000,1.000,,false,false,Suppression and action contest according to interaction priority.
dispel,portal_rift,SPELL,CRYSTAL,DAMPEN,counter_sigils,interaction_clash,2,1.000,0.550,1.000,0.550,1.000,1.000,,false,false,Suppression and action contest according to interaction priority.
dispel,purification_circle,SPELL,SPELL,RESONATE,sealed_resonance,interaction_clash,2,0.850,0.850,0.850,0.850,1.000,1.000,,false,false,Suppression fields reinforce while slightly damping one another.
dispel,ritual_amplification,SPELL,SPELL,DAMPEN,counter_sigils,interaction_clash,2,1.000,0.550,1.000,0.550,1.000,1.000,,false,false,Suppression and action contest according to interaction priority.
dispel,root_binding,SPELL,SPELL,DAMPEN,counter_sigils,interaction_clash,2,1.000,0.550,1.000,0.550,1.000,1.000,,false,false,Suppression and action contest according to interaction priority.
dispel,sanctuary_growth,SPELL,SPELL,DAMPEN,counter_sigils,interaction_clash,2,1.000,0.550,1.000,0.550,1.000,1.000,,false,false,Suppression and action contest according to interaction priority.
dispel,shadow_step,SPELL,INNATE,DAMPEN,counter_sigils,interaction_clash,2,1.000,0.550,1.000,0.550,1.000,1.000,,false,false,Suppression and action contest according to interaction priority.
dispel,size_shift,SPELL,CRYSTAL,DAMPEN,counter_sigils,interaction_clash,2,1.000,0.550,1.000,0.550,1.000,1.000,,false,false,Suppression and action contest according to interaction priority.
dispel,slow_world,SPELL,INNATE,DAMPEN,counter_sigils,interaction_clash,2,1.000,0.550,1.000,0.550,1.000,1.000,,false,false,Suppression and action contest according to interaction priority.
dispel,soul_compass,SPELL,SPELL,DAMPEN,counter_sigils,interaction_clash,2,1.000,0.550,1.000,0.550,1.000,1.000,,false,false,Suppression and action contest according to interaction priority.
dispel,soul_link,SPELL,CRYSTAL,DAMPEN,counter_sigils,interaction_clash,2,1.000,0.550,1.000,0.550,1.000,1.000,,false,false,Suppression and action contest according to interaction priority.
dispel,space_time,SPELL,CRYSTAL,DAMPEN,counter_sigils,interaction_clash,2,1.000,0.550,1.000,0.550,1.000,1.000,,false,false,Suppression and action contest according to interaction priority.
dispel,speed_burst,SPELL,INNATE,DAMPEN,counter_sigils,interaction_clash,2,1.000,0.550,1.000,0.550,1.000,1.000,,false,false,Suppression and action contest according to interaction priority.
dispel,starfall,SPELL,INNATE,DAMPEN,counter_sigils,interaction_clash,2,1.000,0.550,1.000,0.550,1.000,1.000,,false,false,Suppression and action contest according to interaction priority.
dispel,super_speed,SPELL,INNATE,DAMPEN,counter_sigils,interaction_clash,2,1.000,0.550,1.000,0.550,1.000,1.000,,false,false,Suppression and action contest according to interaction priority.
dispel,telekinesis,SPELL,INNATE,DAMPEN,counter_sigils,interaction_clash,2,1.000,0.550,1.000,0.550,1.000,1.000,,false,false,Suppression and action contest according to interaction priority.
dispel,time_freeze,SPELL,INNATE,DAMPEN,counter_sigils,interaction_clash,2,1.000,0.550,1.000,0.550,1.000,1.000,,false,false,Suppression and action contest according to interaction priority.
dispel,time_shift,SPELL,INNATE,DAMPEN,counter_sigils,interaction_clash,2,1.000,0.550,1.000,0.550,1.000,1.000,,false,false,Suppression and action contest according to interaction priority.
dispel,tracking_mark,SPELL,SPELL,DAMPEN,counter_sigils,interaction_clash,2,1.000,0.550,1.000,0.550,1.000,1.000,,false,false,Suppression and action contest according to interaction priority.
dispel,vessel_possession,SPELL,INNATE,DAMPEN,counter_sigils,interaction_clash,2,1.000,0.550,1.000,0.550,1.000,1.000,,false,false,Suppression and action contest according to interaction priority.
dispel,vitality_transfer,SPELL,SPELL,DAMPEN,counter_sigils,interaction_clash,2,1.000,0.550,1.000,0.550,1.000,1.000,,false,false,Suppression and action contest according to interaction priority.
dispel,void_beam,SPELL,INNATE,DAMPEN,counter_sigils,interaction_clash,2,1.000,0.550,1.000,0.550,1.000,1.000,,false,false,Suppression and action contest according to interaction priority.
dispel,ward_breaking_ritual,SPELL,SPELL,RESONATE,sealed_resonance,interaction_clash,2,0.850,0.850,0.850,0.850,1.000,1.000,,false,false,Suppression fields reinforce while slightly damping one another.
dispel,weather_sigil,SPELL,SPELL,DAMPEN,counter_sigils,interaction_clash,2,1.000,0.550,1.000,0.550,1.000,1.000,,false,false,Suppression and action contest according to interaction priority.
double_health,double_health,INNATE,INNATE,RESONATE,life_resonance,interaction_clash,3,1.120,1.120,1.100,1.100,1.050,1.050,LIFE,false,false,Shared aspects resonate with bounded potency and duration.
double_health,dreamwalking,INNATE,CRYSTAL,COEXIST,harmonic_weave,interaction_clash,1,1.000,1.000,1.000,1.000,1.000,1.000,,false,false,Independent forces coexist with a restrained harmonic weave.
double_health,elemental_blast,INNATE,INNATE,CONTEST,ward_clash,interaction_clash,3,0.800,0.800,0.800,0.800,1.000,1.000,,false,false,Defensive and harmful magic contest shield integrity and potency.
double_health,energy_beam,INNATE,INNATE,CONTEST,ward_clash,interaction_clash,3,0.800,0.800,0.800,0.800,1.000,1.000,,false,false,Defensive and harmful magic contest shield integrity and potency.
double_health,energy_drain,INNATE,INNATE,CONTEST,withered_bloom,interaction_clash,3,0.800,0.800,0.800,0.800,1.000,1.000,,false,false,Life and corruption contest without deleting unrelated effects.
double_health,fireball,INNATE,INNATE,CONTEST,ward_clash,interaction_clash,3,0.800,0.800,0.800,0.800,1.000,1.000,,false,false,Defensive and harmful magic contest shield integrity and potency.
double_health,flight,INNATE,INNATE,COEXIST,harmonic_weave,interaction_clash,1,1.000,1.000,1.000,1.000,1.000,1.000,,false,false,Independent forces coexist with a restrained harmonic weave.
double_health,forcefield,INNATE,INNATE,RESONATE,protection_resonance,interaction_clash,3,1.120,1.120,1.100,1.100,1.050,1.050,PROTECTION,false,false,Shared aspects resonate with bounded potency and duration.
double_health,frost_nova,INNATE,INNATE,COEXIST,harmonic_weave,interaction_clash,1,1.000,1.000,1.000,1.000,1.000,1.000,,false,false,Independent forces coexist with a restrained harmonic weave.
double_health,gravity_displacement,INNATE,INNATE,COEXIST,harmonic_weave,interaction_clash,1,1.000,1.000,1.000,1.000,1.000,1.000,,false,false,Independent forces coexist with a restrained harmonic weave.
double_health,ground_slam,INNATE,INNATE,CONTEST,ward_clash,interaction_clash,3,0.800,0.800,0.800,0.800,1.000,1.000,,false,false,Defensive and harmful magic contest shield integrity and potency.
double_health,hex,INNATE,SPELL,CONTEST,withered_bloom,interaction_clash,3,0.800,0.800,0.800,0.800,1.000,1.000,,false,false,Life and corruption contest without deleting unrelated effects.
double_health,ice_manipulation,INNATE,INNATE,COEXIST,harmonic_weave,interaction_clash,1,1.000,1.000,1.000,1.000,1.000,1.000,,false,false,Independent forces coexist with a restrained harmonic weave.
double_health,infernal_seal,INNATE,SPELL,DAMPEN,counter_sigils,interaction_clash,2,0.550,1.000,0.550,1.000,1.000,1.000,,false,false,Suppression and action contest according to interaction priority.
double_health,inferno,INNATE,CRYSTAL,CONTEST,ward_clash,interaction_clash,3,0.800,0.800,0.800,0.800,1.000,1.000,,false,false,Defensive and harmful magic contest shield integrity and potency.
double_health,invisibility,INNATE,INNATE,COEXIST,harmonic_weave,interaction_clash,1,1.000,1.000,1.000,1.000,1.000,1.000,,false,false,Independent forces coexist with a restrained harmonic weave.
double_health,kinetic_ward,INNATE,SPELL,RESONATE,protection_resonance,interaction_clash,3,1.120,1.120,1.100,1.100,1.050,1.050,PROTECTION,false,false,Shared aspects resonate with bounded potency and duration.
double_health,life_bloom,INNATE,CRYSTAL,RESONATE,life_resonance,interaction_clash,3,1.120,1.120,1.100,1.100,1.050,1.050,LIFE,false,false,Shared aspects resonate with bounded potency and duration.
double_health,light_crystal,INNATE,CRYSTAL,COEXIST,harmonic_weave,interaction_clash,1,1.000,1.000,1.000,1.000,1.000,1.000,,false,false,Independent forces coexist with a restrained harmonic weave.
double_health,lightning_strike,INNATE,INNATE,CONTEST,ward_clash,interaction_clash,3,0.800,0.800,0.800,0.800,1.000,1.000,,false,false,Defensive and harmful magic contest shield integrity and potency.
double_health,middleworld,INNATE,CRYSTAL,COEXIST,harmonic_weave,interaction_clash,1,1.000,1.000,1.000,1.000,1.000,1.000,,false,false,Independent forces coexist with a restrained harmonic weave.
double_health,plant_healing_acceleration,INNATE,INNATE,RESONATE,life_resonance,interaction_clash,3,1.120,1.120,1.100,1.100,1.050,1.050,LIFE,false,false,Shared aspects resonate with bounded potency and duration.
double_health,portal_rift,INNATE,CRYSTAL,CONTEST,ward_clash,interaction_clash,3,0.800,0.800,0.800,0.800,1.000,1.000,,false,false,Defensive and harmful magic contest shield integrity and potency.
double_health,purification_circle,INNATE,SPELL,DAMPEN,counter_sigils,interaction_clash,2,0.550,1.000,0.550,1.000,1.000,1.000,,false,false,Suppression and action contest according to interaction priority.
double_health,ritual_amplification,INNATE,SPELL,COEXIST,harmonic_weave,interaction_clash,1,1.000,1.000,1.000,1.000,1.000,1.000,,false,false,Independent forces coexist with a restrained harmonic weave.
double_health,root_binding,INNATE,SPELL,RESONATE,life_resonance,interaction_clash,3,1.120,1.120,1.100,1.100,1.050,1.050,LIFE,false,false,Shared aspects resonate with bounded potency and duration.
double_health,sanctuary_growth,INNATE,SPELL,RESONATE,life_resonance,interaction_clash,3,1.120,1.120,1.100,1.100,1.050,1.050,LIFE,false,false,Shared aspects resonate with bounded potency and duration.
double_health,shadow_step,INNATE,INNATE,CONTEST,withered_bloom,interaction_clash,3,0.800,0.800,0.800,0.800,1.000,1.000,,false,false,Life and corruption contest without deleting unrelated effects.
double_health,size_shift,INNATE,CRYSTAL,COEXIST,harmonic_weave,interaction_clash,1,1.000,1.000,1.000,1.000,1.000,1.000,,false,false,Independent forces coexist with a restrained harmonic weave.
double_health,slow_world,INNATE,INNATE,COEXIST,harmonic_weave,interaction_clash,1,1.000,1.000,1.000,1.000,1.000,1.000,,false,false,Independent forces coexist with a restrained harmonic weave.
double_health,soul_compass,INNATE,SPELL,COEXIST,harmonic_weave,interaction_clash,1,1.000,1.000,1.000,1.000,1.000,1.000,,false,false,Independent forces coexist with a restrained harmonic weave.
double_health,soul_link,INNATE,CRYSTAL,RESONATE,life_resonance,interaction_clash,3,1.120,1.120,1.100,1.100,1.050,1.050,LIFE,false,false,Shared aspects resonate with bounded potency and duration.
double_health,space_time,INNATE,CRYSTAL,COEXIST,harmonic_weave,interaction_clash,1,1.000,1.000,1.000,1.000,1.000,1.000,,false,false,Independent forces coexist with a restrained harmonic weave.
double_health,speed_burst,INNATE,INNATE,COEXIST,harmonic_weave,interaction_clash,1,1.000,1.000,1.000,1.000,1.000,1.000,,false,false,Independent forces coexist with a restrained harmonic weave.
double_health,starfall,INNATE,INNATE,CONTEST,ward_clash,interaction_clash,3,0.800,0.800,0.800,0.800,1.000,1.000,,false,false,Defensive and harmful magic contest shield integrity and potency.
double_health,super_speed,INNATE,INNATE,COEXIST,harmonic_weave,interaction_clash,1,1.000,1.000,1.000,1.000,1.000,1.000,,false,false,Independent forces coexist with a restrained harmonic weave.
double_health,telekinesis,INNATE,INNATE,COEXIST,harmonic_weave,interaction_clash,1,1.000,1.000,1.000,1.000,1.000,1.000,,false,false,Independent forces coexist with a restrained harmonic weave.
double_health,time_freeze,INNATE,INNATE,COEXIST,harmonic_weave,interaction_clash,1,1.000,1.000,1.000,1.000,1.000,1.000,,false,false,Independent forces coexist with a restrained harmonic weave.
double_health,time_shift,INNATE,INNATE,COEXIST,harmonic_weave,interaction_clash,1,1.000,1.000,1.000,1.000,1.000,1.000,,false,false,Independent forces coexist with a restrained harmonic weave.
double_health,tracking_mark,INNATE,SPELL,COEXIST,harmonic_weave,interaction_clash,1,1.000,1.000,1.000,1.000,1.000,1.000,,false,false,Independent forces coexist with a restrained harmonic weave.
double_health,vessel_possession,INNATE,INNATE,COEXIST,harmonic_weave,interaction_clash,1,1.000,1.000,1.000,1.000,1.000,1.000,,false,false,Independent forces coexist with a restrained harmonic weave.
double_health,vitality_transfer,INNATE,SPELL,RESONATE,life_resonance,interaction_clash,3,1.120,1.120,1.100,1.100,1.050,1.050,LIFE,false,false,Shared aspects resonate with bounded potency and duration.
double_health,void_beam,INNATE,INNATE,CONTEST,withered_bloom,interaction_clash,3,0.800,0.800,0.800,0.800,1.000,1.000,,false,false,Life and corruption contest without deleting unrelated effects.
double_health,ward_breaking_ritual,INNATE,SPELL,DAMPEN,counter_sigils,interaction_clash,2,0.550,1.000,0.550,1.000,1.000,1.000,,false,false,Suppression and action contest according to interaction priority.
double_health,weather_sigil,INNATE,SPELL,COEXIST,harmonic_weave,interaction_clash,1,1.000,1.000,1.000,1.000,1.000,1.000,,false,false,Independent forces coexist with a restrained harmonic weave.
dreamwalking,dreamwalking,CRYSTAL,CRYSTAL,RESONATE,mind_resonance,interaction_clash,3,1.120,1.120,1.100,1.100,1.050,1.050,MIND,false,false,Shared aspects resonate with bounded potency and duration.
dreamwalking,elemental_blast,CRYSTAL,INNATE,COEXIST,harmonic_weave,interaction_clash,1,1.000,1.000,1.000,1.000,1.000,1.000,,false,false,Independent forces coexist with a restrained harmonic weave.
dreamwalking,energy_beam,CRYSTAL,INNATE,COEXIST,harmonic_weave,interaction_clash,1,1.000,1.000,1.000,1.000,1.000,1.000,,false,false,Independent forces coexist with a restrained harmonic weave.
dreamwalking,energy_drain,CRYSTAL,INNATE,RESONATE,soul_resonance,interaction_clash,3,1.120,1.120,1.100,1.100,1.050,1.050,SOUL,false,false,Shared aspects resonate with bounded potency and duration.
dreamwalking,fireball,CRYSTAL,INNATE,COEXIST,harmonic_weave,interaction_clash,1,1.000,1.000,1.000,1.000,1.000,1.000,,false,false,Independent forces coexist with a restrained harmonic weave.
dreamwalking,flight,CRYSTAL,INNATE,COEXIST,harmonic_weave,interaction_clash,1,1.000,1.000,1.000,1.000,1.000,1.000,,false,false,Independent forces coexist with a restrained harmonic weave.
dreamwalking,forcefield,CRYSTAL,INNATE,COEXIST,harmonic_weave,interaction_clash,1,1.000,1.000,1.000,1.000,1.000,1.000,,false,false,Independent forces coexist with a restrained harmonic weave.
dreamwalking,frost_nova,CRYSTAL,INNATE,COEXIST,harmonic_weave,interaction_clash,1,1.000,1.000,1.000,1.000,1.000,1.000,,false,false,Independent forces coexist with a restrained harmonic weave.
dreamwalking,gravity_displacement,CRYSTAL,INNATE,COEXIST,harmonic_weave,interaction_clash,1,1.000,1.000,1.000,1.000,1.000,1.000,,false,false,Independent forces coexist with a restrained harmonic weave.
dreamwalking,ground_slam,CRYSTAL,INNATE,COEXIST,harmonic_weave,interaction_clash,1,1.000,1.000,1.000,1.000,1.000,1.000,,false,false,Independent forces coexist with a restrained harmonic weave.
dreamwalking,hex,CRYSTAL,SPELL,RESONATE,mind_resonance,interaction_clash,3,1.120,1.120,1.100,1.100,1.050,1.050,MIND,false,false,Shared aspects resonate with bounded potency and duration.
dreamwalking,ice_manipulation,CRYSTAL,INNATE,COEXIST,harmonic_weave,interaction_clash,1,1.000,1.000,1.000,1.000,1.000,1.000,,false,false,Independent forces coexist with a restrained harmonic weave.
dreamwalking,infernal_seal,CRYSTAL,SPELL,DAMPEN,counter_sigils,interaction_clash,2,0.550,1.000,0.550,1.000,1.000,1.000,,false,false,Suppression and action contest according to interaction priority.
dreamwalking,inferno,CRYSTAL,CRYSTAL,COEXIST,harmonic_weave,interaction_clash,1,1.000,1.000,1.000,1.000,1.000,1.000,,false,false,Independent forces coexist with a restrained harmonic weave.
dreamwalking,invisibility,CRYSTAL,INNATE,RESONATE,mind_resonance,interaction_clash,3,1.120,1.120,1.100,1.100,1.050,1.050,MIND,false,false,Shared aspects resonate with bounded potency and duration.
dreamwalking,kinetic_ward,CRYSTAL,SPELL,COEXIST,harmonic_weave,interaction_clash,1,1.000,1.000,1.000,1.000,1.000,1.000,,false,false,Independent forces coexist with a restrained harmonic weave.
dreamwalking,life_bloom,CRYSTAL,CRYSTAL,COEXIST,harmonic_weave,interaction_clash,1,1.000,1.000,1.000,1.000,1.000,1.000,,false,false,Independent forces coexist with a restrained harmonic weave.
dreamwalking,light_crystal,CRYSTAL,CRYSTAL,RESONATE,mind_resonance,interaction_clash,3,1.120,1.120,1.100,1.100,1.050,1.050,MIND,false,false,Shared aspects resonate with bounded potency and duration.
dreamwalking,lightning_strike,CRYSTAL,INNATE,COEXIST,harmonic_weave,interaction_clash,1,1.000,1.000,1.000,1.000,1.000,1.000,,false,false,Independent forces coexist with a restrained harmonic weave.
dreamwalking,middleworld,CRYSTAL,CRYSTAL,RESONATE,mind_resonance,interaction_clash,3,1.120,1.120,1.100,1.100,1.050,1.050,MIND,false,false,Shared aspects resonate with bounded potency and duration.
dreamwalking,plant_healing_acceleration,CRYSTAL,INNATE,COEXIST,harmonic_weave,interaction_clash,1,1.000,1.000,1.000,1.000,1.000,1.000,,false,false,Independent forces coexist with a restrained harmonic weave.
dreamwalking,portal_rift,CRYSTAL,CRYSTAL,COEXIST,harmonic_weave,interaction_clash,1,1.000,1.000,1.000,1.000,1.000,1.000,,false,false,Independent forces coexist with a restrained harmonic weave.
dreamwalking,purification_circle,CRYSTAL,SPELL,DAMPEN,counter_sigils,interaction_clash,2,0.550,1.000,0.550,1.000,1.000,1.000,,false,false,Suppression and action contest according to interaction priority.
dreamwalking,ritual_amplification,CRYSTAL,SPELL,RESONATE,soul_resonance,interaction_clash,3,1.120,1.120,1.100,1.100,1.050,1.050,SOUL,false,false,Shared aspects resonate with bounded potency and duration.
dreamwalking,root_binding,CRYSTAL,SPELL,COEXIST,harmonic_weave,interaction_clash,1,1.000,1.000,1.000,1.000,1.000,1.000,,false,false,Independent forces coexist with a restrained harmonic weave.
dreamwalking,sanctuary_growth,CRYSTAL,SPELL,COEXIST,harmonic_weave,interaction_clash,1,1.000,1.000,1.000,1.000,1.000,1.000,,false,false,Independent forces coexist with a restrained harmonic weave.
dreamwalking,shadow_step,CRYSTAL,INNATE,COEXIST,harmonic_weave,interaction_clash,1,1.000,1.000,1.000,1.000,1.000,1.000,,false,false,Independent forces coexist with a restrained harmonic weave.
dreamwalking,size_shift,CRYSTAL,CRYSTAL,COEXIST,harmonic_weave,interaction_clash,1,1.000,1.000,1.000,1.000,1.000,1.000,,false,false,Independent forces coexist with a restrained harmonic weave.
dreamwalking,slow_world,CRYSTAL,INNATE,COEXIST,harmonic_weave,interaction_clash,1,1.000,1.000,1.000,1.000,1.000,1.000,,false,false,Independent forces coexist with a restrained harmonic weave.
dreamwalking,soul_compass,CRYSTAL,SPELL,RESONATE,mind_resonance,interaction_clash,3,1.120,1.120,1.100,1.100,1.050,1.050,MIND,false,false,Shared aspects resonate with bounded potency and duration.
dreamwalking,soul_link,CRYSTAL,CRYSTAL,RESONATE,soul_resonance,interaction_clash,3,1.120,1.120,1.100,1.100,1.050,1.050,SOUL,false,false,Shared aspects resonate with bounded potency and duration.
dreamwalking,space_time,CRYSTAL,CRYSTAL,COEXIST,harmonic_weave,interaction_clash,1,1.000,1.000,1.000,1.000,1.000,1.000,,false,false,Independent forces coexist with a restrained harmonic weave.
dreamwalking,speed_burst,CRYSTAL,INNATE,COEXIST,harmonic_weave,interaction_clash,1,1.000,1.000,1.000,1.000,1.000,1.000,,false,false,Independent forces coexist with a restrained harmonic weave.
dreamwalking,starfall,CRYSTAL,INNATE,COEXIST,harmonic_weave,interaction_clash,1,1.000,1.000,1.000,1.000,1.000,1.000,,false,false,Independent forces coexist with a restrained harmonic weave.
dreamwalking,super_speed,CRYSTAL,INNATE,COEXIST,harmonic_weave,interaction_clash,1,1.000,1.000,1.000,1.000,1.000,1.000,,false,false,Independent forces coexist with a restrained harmonic weave.
dreamwalking,telekinesis,CRYSTAL,INNATE,RESONATE,mind_resonance,interaction_clash,3,1.120,1.120,1.100,1.100,1.050,1.050,MIND,false,false,Shared aspects resonate with bounded potency and duration.
dreamwalking,time_freeze,CRYSTAL,INNATE,COEXIST,harmonic_weave,interaction_clash,1,1.000,1.000,1.000,1.000,1.000,1.000,,false,false,Independent forces coexist with a restrained harmonic weave.
dreamwalking,time_shift,CRYSTAL,INNATE,COEXIST,harmonic_weave,interaction_clash,1,1.000,1.000,1.000,1.000,1.000,1.000,,false,false,Independent forces coexist with a restrained harmonic weave.
dreamwalking,tracking_mark,CRYSTAL,SPELL,RESONATE,soul_resonance,interaction_clash,3,1.120,1.120,1.100,1.100,1.050,1.050,SOUL,false,false,Shared aspects resonate with bounded potency and duration.
dreamwalking,vessel_possession,CRYSTAL,INNATE,RESONATE,mind_resonance,interaction_clash,3,1.120,1.120,1.100,1.100,1.050,1.050,MIND,false,false,Shared aspects resonate with bounded potency and duration.
dreamwalking,vitality_transfer,CRYSTAL,SPELL,RESONATE,soul_resonance,interaction_clash,3,1.120,1.120,1.100,1.100,1.050,1.050,SOUL,false,false,Shared aspects resonate with bounded potency and duration.
dreamwalking,void_beam,CRYSTAL,INNATE,COEXIST,harmonic_weave,interaction_clash,1,1.000,1.000,1.000,1.000,1.000,1.000,,false,false,Independent forces coexist with a restrained harmonic weave.
dreamwalking,ward_breaking_ritual,CRYSTAL,SPELL,DAMPEN,counter_sigils,interaction_clash,2,0.550,1.000,0.550,1.000,1.000,1.000,,false,false,Suppression and action contest according to interaction priority.
dreamwalking,weather_sigil,CRYSTAL,SPELL,COEXIST,harmonic_weave,interaction_clash,1,1.000,1.000,1.000,1.000,1.000,1.000,,false,false,Independent forces coexist with a restrained harmonic weave.
elemental_blast,elemental_blast,INNATE,INNATE,TRANSFORM,steam,interaction_clash,4,0.750,0.750,0.600,0.600,0.900,0.900,MOTION,false,false,Flame and frost become a pressure wave of obscuring steam.
elemental_blast,energy_beam,INNATE,INNATE,TRANSFORM,steam,interaction_clash,4,0.750,0.750,0.600,0.600,0.900,0.900,MOTION,false,false,Flame and frost become a pressure wave of obscuring steam.
elemental_blast,energy_drain,INNATE,INNATE,DESTABILIZE,violent_interference,interaction_clash,4,1.050,1.050,0.750,0.750,1.000,1.000,,false,false,Colliding hostile forces intensify impact while shortening persistence.
elemental_blast,fireball,INNATE,INNATE,TRANSFORM,steam,interaction_clash,4,0.750,0.750,0.600,0.600,0.900,0.900,MOTION,false,false,Flame and frost become a pressure wave of obscuring steam.
elemental_blast,flight,INNATE,INNATE,COEXIST,harmonic_weave,interaction_clash,1,1.000,1.000,1.000,1.000,1.000,1.000,,false,false,Independent forces coexist with a restrained harmonic weave.
elemental_blast,forcefield,INNATE,INNATE,CONTEST,ward_clash,interaction_clash,3,0.800,0.800,0.800,0.800,1.000,1.000,,false,false,Defensive and harmful magic contest shield integrity and potency.
elemental_blast,frost_nova,INNATE,INNATE,TRANSFORM,steam,interaction_clash,4,0.750,0.750,0.600,0.600,0.900,0.900,MOTION,false,false,Flame and frost become a pressure wave of obscuring steam.
elemental_blast,gravity_displacement,INNATE,INNATE,RESONATE,gravity_resonance,interaction_clash,3,1.120,1.120,1.100,1.100,1.050,1.050,GRAVITY,false,false,Shared aspects resonate with bounded potency and duration.
elemental_blast,ground_slam,INNATE,INNATE,RESONATE,gravity_resonance,interaction_clash,3,1.120,1.120,1.100,1.100,1.050,1.050,GRAVITY,false,false,Shared aspects resonate with bounded potency and duration.
elemental_blast,hex,INNATE,SPELL,DESTABILIZE,violent_interference,interaction_clash,4,1.050,1.050,0.750,0.750,1.000,1.000,,false,false,Colliding hostile forces intensify impact while shortening persistence.
elemental_blast,ice_manipulation,INNATE,INNATE,TRANSFORM,steam,interaction_clash,4,0.750,0.750,0.600,0.600,0.900,0.900,MOTION,false,false,Flame and frost become a pressure wave of obscuring steam.
elemental_blast,infernal_seal,INNATE,SPELL,DAMPEN,counter_sigils,interaction_clash,2,0.550,1.000,0.550,1.000,1.000,1.000,,false,false,Suppression and action contest according to interaction priority.
elemental_blast,inferno,INNATE,CRYSTAL,TRANSFORM,steam,interaction_clash,4,0.750,0.750,0.600,0.600,0.900,0.900,MOTION,false,false,Flame and frost become a pressure wave of obscuring steam.
elemental_blast,invisibility,INNATE,INNATE,CONTEST,ward_clash,interaction_clash,3,0.800,0.800,0.800,0.800,1.000,1.000,,false,false,Defensive and harmful magic contest shield integrity and potency.
elemental_blast,kinetic_ward,INNATE,SPELL,CONTEST,ward_clash,interaction_clash,3,0.800,0.800,0.800,0.800,1.000,1.000,,false,false,Defensive and harmful magic contest shield integrity and potency.
elemental_blast,life_bloom,INNATE,CRYSTAL,COEXIST,harmonic_weave,interaction_clash,1,1.000,1.000,1.000,1.000,1.000,1.000,,false,false,Independent forces coexist with a restrained harmonic weave.
elemental_blast,light_crystal,INNATE,CRYSTAL,COEXIST,harmonic_weave,interaction_clash,1,1.000,1.000,1.000,1.000,1.000,1.000,,false,false,Independent forces coexist with a restrained harmonic weave.
elemental_blast,lightning_strike,INNATE,INNATE,RESONATE,storm_resonance,interaction_clash,3,1.120,1.120,1.100,1.100,1.050,1.050,STORM,false,false,Shared aspects resonate with bounded potency and duration.
elemental_blast,middleworld,INNATE,CRYSTAL,COEXIST,harmonic_weave,interaction_clash,1,1.000,1.000,1.000,1.000,1.000,1.000,,false,false,Independent forces coexist with a restrained harmonic weave.
elemental_blast,plant_healing_acceleration,INNATE,INNATE,COEXIST,harmonic_weave,interaction_clash,1,1.000,1.000,1.000,1.000,1.000,1.000,,false,false,Independent forces coexist with a restrained harmonic weave.
elemental_blast,portal_rift,INNATE,CRYSTAL,DESTABILIZE,violent_interference,interaction_clash,4,1.050,1.050,0.750,0.750,1.000,1.000,,false,false,Colliding hostile forces intensify impact while shortening persistence.
elemental_blast,purification_circle,INNATE,SPELL,CANCEL,cleansing_rain,interaction_clash,4,0.000,1.000,0.000,1.000,0.000,1.000,,true,false,Purification unweaves the hostile residue.
elemental_blast,ritual_amplification,INNATE,SPELL,COEXIST,harmonic_weave,interaction_clash,1,1.000,1.000,1.000,1.000,1.000,1.000,,false,false,Independent forces coexist with a restrained harmonic weave.
elemental_blast,root_binding,INNATE,SPELL,COEXIST,harmonic_weave,interaction_clash,1,1.000,1.000,1.000,1.000,1.000,1.000,,false,false,Independent forces coexist with a restrained harmonic weave.
elemental_blast,sanctuary_growth,INNATE,SPELL,CONTEST,ward_clash,interaction_clash,3,0.800,0.800,0.800,0.800,1.000,1.000,,false,false,Defensive and harmful magic contest shield integrity and potency.
elemental_blast,shadow_step,INNATE,INNATE,COEXIST,harmonic_weave,interaction_clash,1,1.000,1.000,1.000,1.000,1.000,1.000,,false,false,Independent forces coexist with a restrained harmonic weave.
elemental_blast,size_shift,INNATE,CRYSTAL,RESONATE,gravity_resonance,interaction_clash,3,1.120,1.120,1.100,1.100,1.050,1.050,GRAVITY,false,false,Shared aspects resonate with bounded potency and duration.
elemental_blast,slow_world,INNATE,INNATE,COEXIST,harmonic_weave,interaction_clash,1,1.000,1.000,1.000,1.000,1.000,1.000,,false,false,Independent forces coexist with a restrained harmonic weave.
elemental_blast,soul_compass,INNATE,SPELL,COEXIST,harmonic_weave,interaction_clash,1,1.000,1.000,1.000,1.000,1.000,1.000,,false,false,Independent forces coexist with a restrained harmonic weave.
elemental_blast,soul_link,INNATE,CRYSTAL,COEXIST,harmonic_weave,interaction_clash,1,1.000,1.000,1.000,1.000,1.000,1.000,,false,false,Independent forces coexist with a restrained harmonic weave.
elemental_blast,space_time,INNATE,CRYSTAL,COEXIST,harmonic_weave,interaction_clash,1,1.000,1.000,1.000,1.000,1.000,1.000,,false,false,Independent forces coexist with a restrained harmonic weave.
elemental_blast,speed_burst,INNATE,INNATE,COEXIST,harmonic_weave,interaction_clash,1,1.000,1.000,1.000,1.000,1.000,1.000,,false,false,Independent forces coexist with a restrained harmonic weave.
elemental_blast,starfall,INNATE,INNATE,RESONATE,storm_resonance,interaction_clash,3,1.120,1.120,1.100,1.100,1.050,1.050,STORM,false,false,Shared aspects resonate with bounded potency and duration.
elemental_blast,super_speed,INNATE,INNATE,COEXIST,harmonic_weave,interaction_clash,1,1.000,1.000,1.000,1.000,1.000,1.000,,false,false,Independent forces coexist with a restrained harmonic weave.
elemental_blast,telekinesis,INNATE,INNATE,COEXIST,harmonic_weave,interaction_clash,1,1.000,1.000,1.000,1.000,1.000,1.000,,false,false,Independent forces coexist with a restrained harmonic weave.
elemental_blast,time_freeze,INNATE,INNATE,COEXIST,harmonic_weave,interaction_clash,1,1.000,1.000,1.000,1.000,1.000,1.000,,false,false,Independent forces coexist with a restrained harmonic weave.
elemental_blast,time_shift,INNATE,INNATE,COEXIST,harmonic_weave,interaction_clash,1,1.000,1.000,1.000,1.000,1.000,1.000,,false,false,Independent forces coexist with a restrained harmonic weave.
elemental_blast,tracking_mark,INNATE,SPELL,COEXIST,harmonic_weave,interaction_clash,1,1.000,1.000,1.000,1.000,1.000,1.000,,false,false,Independent forces coexist with a restrained harmonic weave.
elemental_blast,vessel_possession,INNATE,INNATE,COEXIST,harmonic_weave,interaction_clash,1,1.000,1.000,1.000,1.000,1.000,1.000,,false,false,Independent forces coexist with a restrained harmonic weave.
elemental_blast,vitality_transfer,INNATE,SPELL,COEXIST,harmonic_weave,interaction_clash,1,1.000,1.000,1.000,1.000,1.000,1.000,,false,false,Independent forces coexist with a restrained harmonic weave.
elemental_blast,void_beam,INNATE,INNATE,DESTABILIZE,violent_interference,interaction_clash,4,1.050,1.050,0.750,0.750,1.000,1.000,,false,false,Colliding hostile forces intensify impact while shortening persistence.
elemental_blast,ward_breaking_ritual,INNATE,SPELL,DAMPEN,counter_sigils,interaction_clash,2,0.550,1.000,0.550,1.000,1.000,1.000,,false,false,Suppression and action contest according to interaction priority.
elemental_blast,weather_sigil,INNATE,SPELL,RESONATE,storm_resonance,interaction_clash,3,1.120,1.120,1.100,1.100,1.050,1.050,STORM,false,false,Shared aspects resonate with bounded potency and duration.
energy_beam,energy_beam,INNATE,INNATE,RESONATE,flame_resonance,interaction_clash,3,1.120,1.120,1.100,1.100,1.050,1.050,FLAME,false,false,Shared aspects resonate with bounded potency and duration.
energy_beam,energy_drain,INNATE,INNATE,DESTABILIZE,violent_interference,interaction_clash,4,1.050,1.050,0.750,0.750,1.000,1.000,,false,false,Colliding hostile forces intensify impact while shortening persistence.
energy_beam,fireball,INNATE,INNATE,RESONATE,flame_resonance,interaction_clash,3,1.120,1.120,1.100,1.100,1.050,1.050,FLAME,false,false,Shared aspects resonate with bounded potency and duration.
energy_beam,flight,INNATE,INNATE,COEXIST,harmonic_weave,interaction_clash,1,1.000,1.000,1.000,1.000,1.000,1.000,,false,false,Independent forces coexist with a restrained harmonic weave.
energy_beam,forcefield,INNATE,INNATE,RESONATE,force_resonance,interaction_clash,3,1.120,1.120,1.100,1.100,1.050,1.050,FORCE,false,false,Shared aspects resonate with bounded potency and duration.
energy_beam,frost_nova,INNATE,INNATE,TRANSFORM,steam,interaction_clash,4,0.750,0.750,0.600,0.600,0.900,0.900,MOTION,false,false,Flame and frost become a pressure wave of obscuring steam.
energy_beam,gravity_displacement,INNATE,INNATE,RESONATE,force_resonance,interaction_clash,3,1.120,1.120,1.100,1.100,1.050,1.050,FORCE,false,false,Shared aspects resonate with bounded potency and duration.
energy_beam,ground_slam,INNATE,INNATE,RESONATE,force_resonance,interaction_clash,3,1.120,1.120,1.100,1.100,1.050,1.050,FORCE,false,false,Shared aspects resonate with bounded potency and duration.
energy_beam,hex,INNATE,SPELL,DESTABILIZE,violent_interference,interaction_clash,4,1.050,1.050,0.750,0.750,1.000,1.000,,false,false,Colliding hostile forces intensify impact while shortening persistence.
energy_beam,ice_manipulation,INNATE,INNATE,TRANSFORM,steam,interaction_clash,4,0.750,0.750,0.600,0.600,0.900,0.900,MOTION,false,false,Flame and frost become a pressure wave of obscuring steam.
energy_beam,infernal_seal,INNATE,SPELL,DAMPEN,counter_sigils,interaction_clash,2,0.550,1.000,0.550,1.000,1.000,1.000,,false,false,Suppression and action contest according to interaction priority.
energy_beam,inferno,INNATE,CRYSTAL,RESONATE,flame_resonance,interaction_clash,3,1.120,1.120,1.100,1.100,1.050,1.050,FLAME,false,false,Shared aspects resonate with bounded potency and duration.
energy_beam,invisibility,INNATE,INNATE,CONTEST,ward_clash,interaction_clash,3,0.800,0.800,0.800,0.800,1.000,1.000,,false,false,Defensive and harmful magic contest shield integrity and potency.
energy_beam,kinetic_ward,INNATE,SPELL,CONTEST,ward_clash,interaction_clash,3,0.800,0.800,0.800,0.800,1.000,1.000,,false,false,Defensive and harmful magic contest shield integrity and potency.
energy_beam,life_bloom,INNATE,CRYSTAL,COEXIST,harmonic_weave,interaction_clash,1,1.000,1.000,1.000,1.000,1.000,1.000,,false,false,Independent forces coexist with a restrained harmonic weave.
energy_beam,light_crystal,INNATE,CRYSTAL,COEXIST,harmonic_weave,interaction_clash,1,1.000,1.000,1.000,1.000,1.000,1.000,,false,false,Independent forces coexist with a restrained harmonic weave.
energy_beam,lightning_strike,INNATE,INNATE,DESTABILIZE,violent_interference,interaction_clash,4,1.050,1.050,0.750,0.750,1.000,1.000,,false,false,Colliding hostile forces intensify impact while shortening persistence.
energy_beam,middleworld,INNATE,CRYSTAL,COEXIST,harmonic_weave,interaction_clash,1,1.000,1.000,1.000,1.000,1.000,1.000,,false,false,Independent forces coexist with a restrained harmonic weave.
energy_beam,plant_healing_acceleration,INNATE,INNATE,COEXIST,harmonic_weave,interaction_clash,1,1.000,1.000,1.000,1.000,1.000,1.000,,false,false,Independent forces coexist with a restrained harmonic weave.
energy_beam,portal_rift,INNATE,CRYSTAL,RESONATE,force_resonance,interaction_clash,3,1.120,1.120,1.100,1.100,1.050,1.050,FORCE,false,false,Shared aspects resonate with bounded potency and duration.
energy_beam,purification_circle,INNATE,SPELL,CANCEL,cleansing_rain,interaction_clash,4,0.000,1.000,0.000,1.000,0.000,1.000,,true,false,Purification unweaves the hostile residue.
energy_beam,ritual_amplification,INNATE,SPELL,COEXIST,harmonic_weave,interaction_clash,1,1.000,1.000,1.000,1.000,1.000,1.000,,false,false,Independent forces coexist with a restrained harmonic weave.
energy_beam,root_binding,INNATE,SPELL,RESONATE,force_resonance,interaction_clash,3,1.120,1.120,1.100,1.100,1.050,1.050,FORCE,false,false,Shared aspects resonate with bounded potency and duration.
energy_beam,sanctuary_growth,INNATE,SPELL,CONTEST,ward_clash,interaction_clash,3,0.800,0.800,0.800,0.800,1.000,1.000,,false,false,Defensive and harmful magic contest shield integrity and potency.
energy_beam,shadow_step,INNATE,INNATE,COEXIST,harmonic_weave,interaction_clash,1,1.000,1.000,1.000,1.000,1.000,1.000,,false,false,Independent forces coexist with a restrained harmonic weave.
energy_beam,size_shift,INNATE,CRYSTAL,COEXIST,harmonic_weave,interaction_clash,1,1.000,1.000,1.000,1.000,1.000,1.000,,false,false,Independent forces coexist with a restrained harmonic weave.
energy_beam,slow_world,INNATE,INNATE,COEXIST,harmonic_weave,interaction_clash,1,1.000,1.000,1.000,1.000,1.000,1.000,,false,false,Independent forces coexist with a restrained harmonic weave.
energy_beam,soul_compass,INNATE,SPELL,COEXIST,harmonic_weave,interaction_clash,1,1.000,1.000,1.000,1.000,1.000,1.000,,false,false,Independent forces coexist with a restrained harmonic weave.
energy_beam,soul_link,INNATE,CRYSTAL,COEXIST,harmonic_weave,interaction_clash,1,1.000,1.000,1.000,1.000,1.000,1.000,,false,false,Independent forces coexist with a restrained harmonic weave.
energy_beam,space_time,INNATE,CRYSTAL,COEXIST,harmonic_weave,interaction_clash,1,1.000,1.000,1.000,1.000,1.000,1.000,,false,false,Independent forces coexist with a restrained harmonic weave.
energy_beam,speed_burst,INNATE,INNATE,RESONATE,force_resonance,interaction_clash,3,1.120,1.120,1.100,1.100,1.050,1.050,FORCE,false,false,Shared aspects resonate with bounded potency and duration.
energy_beam,starfall,INNATE,INNATE,RESONATE,force_resonance,interaction_clash,3,1.120,1.120,1.100,1.100,1.050,1.050,FORCE,false,false,Shared aspects resonate with bounded potency and duration.
energy_beam,super_speed,INNATE,INNATE,COEXIST,harmonic_weave,interaction_clash,1,1.000,1.000,1.000,1.000,1.000,1.000,,false,false,Independent forces coexist with a restrained harmonic weave.
energy_beam,telekinesis,INNATE,INNATE,RESONATE,force_resonance,interaction_clash,3,1.120,1.120,1.100,1.100,1.050,1.050,FORCE,false,false,Shared aspects resonate with bounded potency and duration.
energy_beam,time_freeze,INNATE,INNATE,COEXIST,harmonic_weave,interaction_clash,1,1.000,1.000,1.000,1.000,1.000,1.000,,false,false,Independent forces coexist with a restrained harmonic weave.
energy_beam,time_shift,INNATE,INNATE,COEXIST,harmonic_weave,interaction_clash,1,1.000,1.000,1.000,1.000,1.000,1.000,,false,false,Independent forces coexist with a restrained harmonic weave.
energy_beam,tracking_mark,INNATE,SPELL,COEXIST,harmonic_weave,interaction_clash,1,1.000,1.000,1.000,1.000,1.000,1.000,,false,false,Independent forces coexist with a restrained harmonic weave.
energy_beam,vessel_possession,INNATE,INNATE,COEXIST,harmonic_weave,interaction_clash,1,1.000,1.000,1.000,1.000,1.000,1.000,,false,false,Independent forces coexist with a restrained harmonic weave.
energy_beam,vitality_transfer,INNATE,SPELL,COEXIST,harmonic_weave,interaction_clash,1,1.000,1.000,1.000,1.000,1.000,1.000,,false,false,Independent forces coexist with a restrained harmonic weave.
energy_beam,void_beam,INNATE,INNATE,DESTABILIZE,violent_interference,interaction_clash,4,1.050,1.050,0.750,0.750,1.000,1.000,,false,false,Colliding hostile forces intensify impact while shortening persistence.
energy_beam,ward_breaking_ritual,INNATE,SPELL,DAMPEN,counter_sigils,interaction_clash,2,0.550,1.000,0.550,1.000,1.000,1.000,,false,false,Suppression and action contest according to interaction priority.
energy_beam,weather_sigil,INNATE,SPELL,COEXIST,harmonic_weave,interaction_clash,1,1.000,1.000,1.000,1.000,1.000,1.000,,false,false,Independent forces coexist with a restrained harmonic weave.
energy_drain,energy_drain,INNATE,INNATE,RESONATE,soul_resonance,interaction_clash,3,1.120,1.120,1.100,1.100,1.050,1.050,SOUL,false,false,Shared aspects resonate with bounded potency and duration.
energy_drain,fireball,INNATE,INNATE,DESTABILIZE,violent_interference,interaction_clash,4,1.050,1.050,0.750,0.750,1.000,1.000,,false,false,Colliding hostile forces intensify impact while shortening persistence.
energy_drain,flight,INNATE,INNATE,COEXIST,harmonic_weave,interaction_clash,1,1.000,1.000,1.000,1.000,1.000,1.000,,false,false,Independent forces coexist with a restrained harmonic weave.
energy_drain,forcefield,INNATE,INNATE,CONTEST,ward_clash,interaction_clash,3,0.800,0.800,0.800,0.800,1.000,1.000,,false,false,Defensive and harmful magic contest shield integrity and potency.
energy_drain,frost_nova,INNATE,INNATE,COEXIST,harmonic_weave,interaction_clash,1,1.000,1.000,1.000,1.000,1.000,1.000,,false,false,Independent forces coexist with a restrained harmonic weave.
energy_drain,gravity_displacement,INNATE,INNATE,COEXIST,harmonic_weave,interaction_clash,1,1.000,1.000,1.000,1.000,1.000,1.000,,false,false,Independent forces coexist with a restrained harmonic weave.
energy_drain,ground_slam,INNATE,INNATE,DESTABILIZE,violent_interference,interaction_clash,4,1.050,1.050,0.750,0.750,1.000,1.000,,false,false,Colliding hostile forces intensify impact while shortening persistence.
energy_drain,hex,INNATE,SPELL,RESONATE,darkness_resonance,interaction_clash,3,1.120,1.120,1.100,1.100,1.050,1.050,DARKNESS,false,false,Shared aspects resonate with bounded potency and duration.
energy_drain,ice_manipulation,INNATE,INNATE,COEXIST,harmonic_weave,interaction_clash,1,1.000,1.000,1.000,1.000,1.000,1.000,,false,false,Independent forces coexist with a restrained harmonic weave.
energy_drain,infernal_seal,INNATE,SPELL,DAMPEN,counter_sigils,interaction_clash,2,0.550,1.000,0.550,1.000,1.000,1.000,,false,false,Suppression and action contest according to interaction priority.
energy_drain,inferno,INNATE,CRYSTAL,DESTABILIZE,violent_interference,interaction_clash,4,1.050,1.050,0.750,0.750,1.000,1.000,,false,false,Colliding hostile forces intensify impact while shortening persistence.
energy_drain,invisibility,INNATE,INNATE,CONTEST,ward_clash,interaction_clash,3,0.800,0.800,0.800,0.800,1.000,1.000,,false,false,Defensive and harmful magic contest shield integrity and potency.
energy_drain,kinetic_ward,INNATE,SPELL,CONTEST,ward_clash,interaction_clash,3,0.800,0.800,0.800,0.800,1.000,1.000,,false,false,Defensive and harmful magic contest shield integrity and potency.
energy_drain,life_bloom,INNATE,CRYSTAL,CONSUME,eclipse_break,interaction_clash,5,0.350,1.150,0.500,1.000,1.000,1.000,,true,false,The higher-priority force breaks the opposed aspect.
energy_drain,light_crystal,INNATE,CRYSTAL,CONSUME,eclipse_break,interaction_clash,5,0.350,1.150,0.500,1.000,1.000,1.000,,true,false,The higher-priority force breaks the opposed aspect.
energy_drain,lightning_strike,INNATE,INNATE,DESTABILIZE,violent_interference,interaction_clash,4,1.050,1.050,0.750,0.750,1.000,1.000,,false,false,Colliding hostile forces intensify impact while shortening persistence.
energy_drain,middleworld,INNATE,CRYSTAL,COEXIST,harmonic_weave,interaction_clash,1,1.000,1.000,1.000,1.000,1.000,1.000,,false,false,Independent forces coexist with a restrained harmonic weave.
energy_drain,plant_healing_acceleration,INNATE,INNATE,CONTEST,withered_bloom,interaction_clash,3,0.800,0.800,0.800,0.800,1.000,1.000,,false,false,Life and corruption contest without deleting unrelated effects.
energy_drain,portal_rift,INNATE,CRYSTAL,DESTABILIZE,violent_interference,interaction_clash,4,1.050,1.050,0.750,0.750,1.000,1.000,,false,false,Colliding hostile forces intensify impact while shortening persistence.
energy_drain,purification_circle,INNATE,SPELL,CANCEL,cleansing_rain,interaction_clash,4,0.000,1.000,0.000,1.000,0.000,1.000,,true,false,Purification unweaves the hostile residue.
energy_drain,ritual_amplification,INNATE,SPELL,RESONATE,soul_resonance,interaction_clash,3,1.120,1.120,1.100,1.100,1.050,1.050,SOUL,false,false,Shared aspects resonate with bounded potency and duration.
energy_drain,root_binding,INNATE,SPELL,CONTEST,withered_bloom,interaction_clash,3,0.800,0.800,0.800,0.800,1.000,1.000,,false,false,Life and corruption contest without deleting unrelated effects.
energy_drain,sanctuary_growth,INNATE,SPELL,CONTEST,withered_bloom,interaction_clash,3,0.800,0.800,0.800,0.800,1.000,1.000,,false,false,Life and corruption contest without deleting unrelated effects.
energy_drain,shadow_step,INNATE,INNATE,RESONATE,darkness_resonance,interaction_clash,3,1.120,1.120,1.100,1.100,1.050,1.050,DARKNESS,false,false,Shared aspects resonate with bounded potency and duration.
energy_drain,size_shift,INNATE,CRYSTAL,COEXIST,harmonic_weave,interaction_clash,1,1.000,1.000,1.000,1.000,1.000,1.000,,false,false,Independent forces coexist with a restrained harmonic weave.
energy_drain,slow_world,INNATE,INNATE,COEXIST,harmonic_weave,interaction_clash,1,1.000,1.000,1.000,1.000,1.000,1.000,,false,false,Independent forces coexist with a restrained harmonic weave.
energy_drain,soul_compass,INNATE,SPELL,RESONATE,soul_resonance,interaction_clash,3,1.120,1.120,1.100,1.100,1.050,1.050,SOUL,false,false,Shared aspects resonate with bounded potency and duration.
energy_drain,soul_link,INNATE,CRYSTAL,CONTEST,withered_bloom,interaction_clash,3,0.800,0.800,0.800,0.800,1.000,1.000,,false,false,Life and corruption contest without deleting unrelated effects.
energy_drain,space_time,INNATE,CRYSTAL,COEXIST,harmonic_weave,interaction_clash,1,1.000,1.000,1.000,1.000,1.000,1.000,,false,false,Independent forces coexist with a restrained harmonic weave.
energy_drain,speed_burst,INNATE,INNATE,COEXIST,harmonic_weave,interaction_clash,1,1.000,1.000,1.000,1.000,1.000,1.000,,false,false,Independent forces coexist with a restrained harmonic weave.
energy_drain,starfall,INNATE,INNATE,CONTEST,eclipse,interaction_clash,5,0.700,0.700,0.700,0.700,1.000,1.000,,false,false,Balanced light and darkness become a revealing eclipse.
energy_drain,super_speed,INNATE,INNATE,COEXIST,harmonic_weave,interaction_clash,1,1.000,1.000,1.000,1.000,1.000,1.000,,false,false,Independent forces coexist with a restrained harmonic weave.
energy_drain,telekinesis,INNATE,INNATE,COEXIST,harmonic_weave,interaction_clash,1,1.000,1.000,1.000,1.000,1.000,1.000,,false,false,Independent forces coexist with a restrained harmonic weave.
energy_drain,time_freeze,INNATE,INNATE,COEXIST,harmonic_weave,interaction_clash,1,1.000,1.000,1.000,1.000,1.000,1.000,,false,false,Independent forces coexist with a restrained harmonic weave.
energy_drain,time_shift,INNATE,INNATE,COEXIST,harmonic_weave,interaction_clash,1,1.000,1.000,1.000,1.000,1.000,1.000,,false,false,Independent forces coexist with a restrained harmonic weave.
energy_drain,tracking_mark,INNATE,SPELL,CONSUME,eclipse_break,interaction_clash,5,0.350,1.150,0.500,1.000,1.000,1.000,,true,false,The higher-priority force breaks the opposed aspect.
energy_drain,vessel_possession,INNATE,INNATE,RESONATE,soul_resonance,interaction_clash,3,1.120,1.120,1.100,1.100,1.050,1.050,SOUL,false,false,Shared aspects resonate with bounded potency and duration.
energy_drain,vitality_transfer,INNATE,SPELL,CONTEST,withered_bloom,interaction_clash,3,0.800,0.800,0.800,0.800,1.000,1.000,,false,false,Life and corruption contest without deleting unrelated effects.
energy_drain,void_beam,INNATE,INNATE,RESONATE,darkness_resonance,interaction_clash,3,1.120,1.120,1.100,1.100,1.050,1.050,DARKNESS,false,false,Shared aspects resonate with bounded potency and duration.
energy_drain,ward_breaking_ritual,INNATE,SPELL,DAMPEN,counter_sigils,interaction_clash,2,0.550,1.000,0.550,1.000,1.000,1.000,,false,false,Suppression and action contest according to interaction priority.
energy_drain,weather_sigil,INNATE,SPELL,COEXIST,harmonic_weave,interaction_clash,1,1.000,1.000,1.000,1.000,1.000,1.000,,false,false,Independent forces coexist with a restrained harmonic weave.
fireball,fireball,INNATE,INNATE,RESONATE,flame_resonance,interaction_clash,3,1.120,1.120,1.100,1.100,1.050,1.050,FLAME,false,false,Shared aspects resonate with bounded potency and duration.
fireball,flight,INNATE,INNATE,COEXIST,harmonic_weave,interaction_clash,1,1.000,1.000,1.000,1.000,1.000,1.000,,false,false,Independent forces coexist with a restrained harmonic weave.
fireball,forcefield,INNATE,INNATE,RESONATE,force_resonance,interaction_clash,3,1.120,1.120,1.100,1.100,1.050,1.050,FORCE,false,false,Shared aspects resonate with bounded potency and duration.
fireball,frost_nova,INNATE,INNATE,TRANSFORM,steam,interaction_clash,4,0.750,0.750,0.600,0.600,0.900,0.900,MOTION,false,false,Flame and frost become a pressure wave of obscuring steam.
fireball,gravity_displacement,INNATE,INNATE,RESONATE,force_resonance,interaction_clash,3,1.120,1.120,1.100,1.100,1.050,1.050,FORCE,false,false,Shared aspects resonate with bounded potency and duration.
fireball,ground_slam,INNATE,INNATE,RESONATE,force_resonance,interaction_clash,3,1.120,1.120,1.100,1.100,1.050,1.050,FORCE,false,false,Shared aspects resonate with bounded potency and duration.
fireball,hex,INNATE,SPELL,DESTABILIZE,violent_interference,interaction_clash,4,1.050,1.050,0.750,0.750,1.000,1.000,,false,false,Colliding hostile forces intensify impact while shortening persistence.
fireball,ice_manipulation,INNATE,INNATE,TRANSFORM,steam,interaction_clash,4,0.750,0.750,0.600,0.600,0.900,0.900,MOTION,false,false,Flame and frost become a pressure wave of obscuring steam.
fireball,infernal_seal,INNATE,SPELL,DAMPEN,counter_sigils,interaction_clash,2,0.550,1.000,0.550,1.000,1.000,1.000,,false,false,Suppression and action contest according to interaction priority.
fireball,inferno,INNATE,CRYSTAL,RESONATE,flame_resonance,interaction_clash,3,1.120,1.120,1.100,1.100,1.050,1.050,FLAME,false,false,Shared aspects resonate with bounded potency and duration.
fireball,invisibility,INNATE,INNATE,CONTEST,ward_clash,interaction_clash,3,0.800,0.800,0.800,0.800,1.000,1.000,,false,false,Defensive and harmful magic contest shield integrity and potency.
fireball,kinetic_ward,INNATE,SPELL,CONTEST,ward_clash,interaction_clash,3,0.800,0.800,0.800,0.800,1.000,1.000,,false,false,Defensive and harmful magic contest shield integrity and potency.
fireball,life_bloom,INNATE,CRYSTAL,COEXIST,harmonic_weave,interaction_clash,1,1.000,1.000,1.000,1.000,1.000,1.000,,false,false,Independent forces coexist with a restrained harmonic weave.
fireball,light_crystal,INNATE,CRYSTAL,COEXIST,harmonic_weave,interaction_clash,1,1.000,1.000,1.000,1.000,1.000,1.000,,false,false,Independent forces coexist with a restrained harmonic weave.
fireball,lightning_strike,INNATE,INNATE,DESTABILIZE,violent_interference,interaction_clash,4,1.050,1.050,0.750,0.750,1.000,1.000,,false,false,Colliding hostile forces intensify impact while shortening persistence.
fireball,middleworld,INNATE,CRYSTAL,COEXIST,harmonic_weave,interaction_clash,1,1.000,1.000,1.000,1.000,1.000,1.000,,false,false,Independent forces coexist with a restrained harmonic weave.
fireball,plant_healing_acceleration,INNATE,INNATE,COEXIST,harmonic_weave,interaction_clash,1,1.000,1.000,1.000,1.000,1.000,1.000,,false,false,Independent forces coexist with a restrained harmonic weave.
fireball,portal_rift,INNATE,CRYSTAL,RESONATE,force_resonance,interaction_clash,3,1.120,1.120,1.100,1.100,1.050,1.050,FORCE,false,false,Shared aspects resonate with bounded potency and duration.
fireball,purification_circle,INNATE,SPELL,CANCEL,cleansing_rain,interaction_clash,4,0.000,1.000,0.000,1.000,0.000,1.000,,true,false,Purification unweaves the hostile residue.
fireball,ritual_amplification,INNATE,SPELL,COEXIST,harmonic_weave,interaction_clash,1,1.000,1.000,1.000,1.000,1.000,1.000,,false,false,Independent forces coexist with a restrained harmonic weave.
fireball,root_binding,INNATE,SPELL,RESONATE,force_resonance,interaction_clash,3,1.120,1.120,1.100,1.100,1.050,1.050,FORCE,false,false,Shared aspects resonate with bounded potency and duration.
fireball,sanctuary_growth,INNATE,SPELL,CONTEST,ward_clash,interaction_clash,3,0.800,0.800,0.800,0.800,1.000,1.000,,false,false,Defensive and harmful magic contest shield integrity and potency.
fireball,shadow_step,INNATE,INNATE,COEXIST,harmonic_weave,interaction_clash,1,1.000,1.000,1.000,1.000,1.000,1.000,,false,false,Independent forces coexist with a restrained harmonic weave.
fireball,size_shift,INNATE,CRYSTAL,COEXIST,harmonic_weave,interaction_clash,1,1.000,1.000,1.000,1.000,1.000,1.000,,false,false,Independent forces coexist with a restrained harmonic weave.
fireball,slow_world,INNATE,INNATE,COEXIST,harmonic_weave,interaction_clash,1,1.000,1.000,1.000,1.000,1.000,1.000,,false,false,Independent forces coexist with a restrained harmonic weave.
fireball,soul_compass,INNATE,SPELL,COEXIST,harmonic_weave,interaction_clash,1,1.000,1.000,1.000,1.000,1.000,1.000,,false,false,Independent forces coexist with a restrained harmonic weave.
fireball,soul_link,INNATE,CRYSTAL,COEXIST,harmonic_weave,interaction_clash,1,1.000,1.000,1.000,1.000,1.000,1.000,,false,false,Independent forces coexist with a restrained harmonic weave.
fireball,space_time,INNATE,CRYSTAL,COEXIST,harmonic_weave,interaction_clash,1,1.000,1.000,1.000,1.000,1.000,1.000,,false,false,Independent forces coexist with a restrained harmonic weave.
fireball,speed_burst,INNATE,INNATE,RESONATE,force_resonance,interaction_clash,3,1.120,1.120,1.100,1.100,1.050,1.050,FORCE,false,false,Shared aspects resonate with bounded potency and duration.
fireball,starfall,INNATE,INNATE,RESONATE,force_resonance,interaction_clash,3,1.120,1.120,1.100,1.100,1.050,1.050,FORCE,false,false,Shared aspects resonate with bounded potency and duration.
fireball,super_speed,INNATE,INNATE,COEXIST,harmonic_weave,interaction_clash,1,1.000,1.000,1.000,1.000,1.000,1.000,,false,false,Independent forces coexist with a restrained harmonic weave.
fireball,telekinesis,INNATE,INNATE,RESONATE,force_resonance,interaction_clash,3,1.120,1.120,1.100,1.100,1.050,1.050,FORCE,false,false,Shared aspects resonate with bounded potency and duration.
fireball,time_freeze,INNATE,INNATE,COEXIST,harmonic_weave,interaction_clash,1,1.000,1.000,1.000,1.000,1.000,1.000,,false,false,Independent forces coexist with a restrained harmonic weave.
fireball,time_shift,INNATE,INNATE,COEXIST,harmonic_weave,interaction_clash,1,1.000,1.000,1.000,1.000,1.000,1.000,,false,false,Independent forces coexist with a restrained harmonic weave.
fireball,tracking_mark,INNATE,SPELL,COEXIST,harmonic_weave,interaction_clash,1,1.000,1.000,1.000,1.000,1.000,1.000,,false,false,Independent forces coexist with a restrained harmonic weave.
fireball,vessel_possession,INNATE,INNATE,COEXIST,harmonic_weave,interaction_clash,1,1.000,1.000,1.000,1.000,1.000,1.000,,false,false,Independent forces coexist with a restrained harmonic weave.
fireball,vitality_transfer,INNATE,SPELL,COEXIST,harmonic_weave,interaction_clash,1,1.000,1.000,1.000,1.000,1.000,1.000,,false,false,Independent forces coexist with a restrained harmonic weave.
fireball,void_beam,INNATE,INNATE,DESTABILIZE,violent_interference,interaction_clash,4,1.050,1.050,0.750,0.750,1.000,1.000,,false,false,Colliding hostile forces intensify impact while shortening persistence.
fireball,ward_breaking_ritual,INNATE,SPELL,DAMPEN,counter_sigils,interaction_clash,2,0.550,1.000,0.550,1.000,1.000,1.000,,false,false,Suppression and action contest according to interaction priority.
fireball,weather_sigil,INNATE,SPELL,COEXIST,harmonic_weave,interaction_clash,1,1.000,1.000,1.000,1.000,1.000,1.000,,false,false,Independent forces coexist with a restrained harmonic weave.
flight,flight,INNATE,INNATE,RESONATE,motion_resonance,interaction_clash,3,1.120,1.120,1.100,1.100,1.050,1.050,MOTION,false,false,Shared aspects resonate with bounded potency and duration.
flight,forcefield,INNATE,INNATE,COEXIST,harmonic_weave,interaction_clash,1,1.000,1.000,1.000,1.000,1.000,1.000,,false,false,Independent forces coexist with a restrained harmonic weave.
flight,frost_nova,INNATE,INNATE,COEXIST,harmonic_weave,interaction_clash,1,1.000,1.000,1.000,1.000,1.000,1.000,,false,false,Independent forces coexist with a restrained harmonic weave.
flight,gravity_displacement,INNATE,INNATE,COEXIST,harmonic_weave,interaction_clash,1,1.000,1.000,1.000,1.000,1.000,1.000,,false,false,Independent forces coexist with a restrained harmonic weave.
flight,ground_slam,INNATE,INNATE,COEXIST,harmonic_weave,interaction_clash,1,1.000,1.000,1.000,1.000,1.000,1.000,,false,false,Independent forces coexist with a restrained harmonic weave.
flight,hex,INNATE,SPELL,COEXIST,harmonic_weave,interaction_clash,1,1.000,1.000,1.000,1.000,1.000,1.000,,false,false,Independent forces coexist with a restrained harmonic weave.
flight,ice_manipulation,INNATE,INNATE,COEXIST,harmonic_weave,interaction_clash,1,1.000,1.000,1.000,1.000,1.000,1.000,,false,false,Independent forces coexist with a restrained harmonic weave.
flight,infernal_seal,INNATE,SPELL,DAMPEN,counter_sigils,interaction_clash,2,0.550,1.000,0.550,1.000,1.000,1.000,,false,false,Suppression and action contest according to interaction priority.
flight,inferno,INNATE,CRYSTAL,COEXIST,harmonic_weave,interaction_clash,1,1.000,1.000,1.000,1.000,1.000,1.000,,false,false,Independent forces coexist with a restrained harmonic weave.
flight,invisibility,INNATE,INNATE,COEXIST,harmonic_weave,interaction_clash,1,1.000,1.000,1.000,1.000,1.000,1.000,,false,false,Independent forces coexist with a restrained harmonic weave.
flight,kinetic_ward,INNATE,SPELL,RESONATE,motion_resonance,interaction_clash,3,1.120,1.120,1.100,1.100,1.050,1.050,MOTION,false,false,Shared aspects resonate with bounded potency and duration.
flight,life_bloom,INNATE,CRYSTAL,COEXIST,harmonic_weave,interaction_clash,1,1.000,1.000,1.000,1.000,1.000,1.000,,false,false,Independent forces coexist with a restrained harmonic weave.
flight,light_crystal,INNATE,CRYSTAL,COEXIST,harmonic_weave,interaction_clash,1,1.000,1.000,1.000,1.000,1.000,1.000,,false,false,Independent forces coexist with a restrained harmonic weave.
flight,lightning_strike,INNATE,INNATE,COEXIST,harmonic_weave,interaction_clash,1,1.000,1.000,1.000,1.000,1.000,1.000,,false,false,Independent forces coexist with a restrained harmonic weave.
flight,middleworld,INNATE,CRYSTAL,COEXIST,harmonic_weave,interaction_clash,1,1.000,1.000,1.000,1.000,1.000,1.000,,false,false,Independent forces coexist with a restrained harmonic weave.
flight,plant_healing_acceleration,INNATE,INNATE,COEXIST,harmonic_weave,interaction_clash,1,1.000,1.000,1.000,1.000,1.000,1.000,,false,false,Independent forces coexist with a restrained harmonic weave.
flight,portal_rift,INNATE,CRYSTAL,COEXIST,harmonic_weave,interaction_clash,1,1.000,1.000,1.000,1.000,1.000,1.000,,false,false,Independent forces coexist with a restrained harmonic weave.
flight,purification_circle,INNATE,SPELL,DAMPEN,counter_sigils,interaction_clash,2,0.550,1.000,0.550,1.000,1.000,1.000,,false,false,Suppression and action contest according to interaction priority.
flight,ritual_amplification,INNATE,SPELL,COEXIST,harmonic_weave,interaction_clash,1,1.000,1.000,1.000,1.000,1.000,1.000,,false,false,Independent forces coexist with a restrained harmonic weave.
flight,root_binding,INNATE,SPELL,COEXIST,harmonic_weave,interaction_clash,1,1.000,1.000,1.000,1.000,1.000,1.000,,false,false,Independent forces coexist with a restrained harmonic weave.
flight,sanctuary_growth,INNATE,SPELL,COEXIST,harmonic_weave,interaction_clash,1,1.000,1.000,1.000,1.000,1.000,1.000,,false,false,Independent forces coexist with a restrained harmonic weave.
flight,shadow_step,INNATE,INNATE,RESONATE,motion_resonance,interaction_clash,3,1.120,1.120,1.100,1.100,1.050,1.050,MOTION,false,false,Shared aspects resonate with bounded potency and duration.
flight,size_shift,INNATE,CRYSTAL,COEXIST,harmonic_weave,interaction_clash,1,1.000,1.000,1.000,1.000,1.000,1.000,,false,false,Independent forces coexist with a restrained harmonic weave.
flight,slow_world,INNATE,INNATE,RESONATE,motion_resonance,interaction_clash,3,1.120,1.120,1.100,1.100,1.050,1.050,MOTION,false,false,Shared aspects resonate with bounded potency and duration.
flight,soul_compass,INNATE,SPELL,COEXIST,harmonic_weave,interaction_clash,1,1.000,1.000,1.000,1.000,1.000,1.000,,false,false,Independent forces coexist with a restrained harmonic weave.
flight,soul_link,INNATE,CRYSTAL,COEXIST,harmonic_weave,interaction_clash,1,1.000,1.000,1.000,1.000,1.000,1.000,,false,false,Independent forces coexist with a restrained harmonic weave.
flight,space_time,INNATE,CRYSTAL,COEXIST,harmonic_weave,interaction_clash,1,1.000,1.000,1.000,1.000,1.000,1.000,,false,false,Independent forces coexist with a restrained harmonic weave.
flight,speed_burst,INNATE,INNATE,RESONATE,motion_resonance,interaction_clash,3,1.120,1.120,1.100,1.100,1.050,1.050,MOTION,false,false,Shared aspects resonate with bounded potency and duration.
flight,starfall,INNATE,INNATE,COEXIST,harmonic_weave,interaction_clash,1,1.000,1.000,1.000,1.000,1.000,1.000,,false,false,Independent forces coexist with a restrained harmonic weave.
flight,super_speed,INNATE,INNATE,RESONATE,motion_resonance,interaction_clash,3,1.120,1.120,1.100,1.100,1.050,1.050,MOTION,false,false,Shared aspects resonate with bounded potency and duration.
flight,telekinesis,INNATE,INNATE,COEXIST,harmonic_weave,interaction_clash,1,1.000,1.000,1.000,1.000,1.000,1.000,,false,false,Independent forces coexist with a restrained harmonic weave.
flight,time_freeze,INNATE,INNATE,COEXIST,harmonic_weave,interaction_clash,1,1.000,1.000,1.000,1.000,1.000,1.000,,false,false,Independent forces coexist with a restrained harmonic weave.
flight,time_shift,INNATE,INNATE,COEXIST,harmonic_weave,interaction_clash,1,1.000,1.000,1.000,1.000,1.000,1.000,,false,false,Independent forces coexist with a restrained harmonic weave.
flight,tracking_mark,INNATE,SPELL,COEXIST,harmonic_weave,interaction_clash,1,1.000,1.000,1.000,1.000,1.000,1.000,,false,false,Independent forces coexist with a restrained harmonic weave.
flight,vessel_possession,INNATE,INNATE,COEXIST,harmonic_weave,interaction_clash,1,1.000,1.000,1.000,1.000,1.000,1.000,,false,false,Independent forces coexist with a restrained harmonic weave.
flight,vitality_transfer,INNATE,SPELL,COEXIST,harmonic_weave,interaction_clash,1,1.000,1.000,1.000,1.000,1.000,1.000,,false,false,Independent forces coexist with a restrained harmonic weave.
flight,void_beam,INNATE,INNATE,COEXIST,harmonic_weave,interaction_clash,1,1.000,1.000,1.000,1.000,1.000,1.000,,false,false,Independent forces coexist with a restrained harmonic weave.
flight,ward_breaking_ritual,INNATE,SPELL,DAMPEN,counter_sigils,interaction_clash,2,0.550,1.000,0.550,1.000,1.000,1.000,,false,false,Suppression and action contest according to interaction priority.
flight,weather_sigil,INNATE,SPELL,COEXIST,harmonic_weave,interaction_clash,1,1.000,1.000,1.000,1.000,1.000,1.000,,false,false,Independent forces coexist with a restrained harmonic weave.
forcefield,forcefield,INNATE,INNATE,RESONATE,force_resonance,interaction_clash,3,1.120,1.120,1.100,1.100,1.050,1.050,FORCE,false,false,Shared aspects resonate with bounded potency and duration.
forcefield,frost_nova,INNATE,INNATE,RESONATE,force_resonance,interaction_clash,3,1.120,1.120,1.100,1.100,1.050,1.050,FORCE,false,false,Shared aspects resonate with bounded potency and duration.
forcefield,gravity_displacement,INNATE,INNATE,RESONATE,force_resonance,interaction_clash,3,1.120,1.120,1.100,1.100,1.050,1.050,FORCE,false,false,Shared aspects resonate with bounded potency and duration.
forcefield,ground_slam,INNATE,INNATE,RESONATE,force_resonance,interaction_clash,3,1.120,1.120,1.100,1.100,1.050,1.050,FORCE,false,false,Shared aspects resonate with bounded potency and duration.
forcefield,hex,INNATE,SPELL,CONTEST,ward_clash,interaction_clash,3,0.800,0.800,0.800,0.800,1.000,1.000,,false,false,Defensive and harmful magic contest shield integrity and potency.
forcefield,ice_manipulation,INNATE,INNATE,COEXIST,harmonic_weave,interaction_clash,1,1.000,1.000,1.000,1.000,1.000,1.000,,false,false,Independent forces coexist with a restrained harmonic weave.
forcefield,infernal_seal,INNATE,SPELL,DAMPEN,counter_sigils,interaction_clash,2,0.550,1.000,0.550,1.000,1.000,1.000,,false,false,Suppression and action contest according to interaction priority.
forcefield,inferno,INNATE,CRYSTAL,CONTEST,ward_clash,interaction_clash,3,0.800,0.800,0.800,0.800,1.000,1.000,,false,false,Defensive and harmful magic contest shield integrity and potency.
forcefield,invisibility,INNATE,INNATE,COEXIST,harmonic_weave,interaction_clash,1,1.000,1.000,1.000,1.000,1.000,1.000,,false,false,Independent forces coexist with a restrained harmonic weave.
forcefield,kinetic_ward,INNATE,SPELL,RESONATE,protection_resonance,interaction_clash,3,1.120,1.120,1.100,1.100,1.050,1.050,PROTECTION,false,false,Shared aspects resonate with bounded potency and duration.
forcefield,life_bloom,INNATE,CRYSTAL,COEXIST,harmonic_weave,interaction_clash,1,1.000,1.000,1.000,1.000,1.000,1.000,,false,false,Independent forces coexist with a restrained harmonic weave.
forcefield,light_crystal,INNATE,CRYSTAL,COEXIST,harmonic_weave,interaction_clash,1,1.000,1.000,1.000,1.000,1.000,1.000,,false,false,Independent forces coexist with a restrained harmonic weave.
forcefield,lightning_strike,INNATE,INNATE,CONTEST,ward_clash,interaction_clash,3,0.800,0.800,0.800,0.800,1.000,1.000,,false,false,Defensive and harmful magic contest shield integrity and potency.
forcefield,middleworld,INNATE,CRYSTAL,COEXIST,harmonic_weave,interaction_clash,1,1.000,1.000,1.000,1.000,1.000,1.000,,false,false,Independent forces coexist with a restrained harmonic weave.
forcefield,plant_healing_acceleration,INNATE,INNATE,COEXIST,harmonic_weave,interaction_clash,1,1.000,1.000,1.000,1.000,1.000,1.000,,false,false,Independent forces coexist with a restrained harmonic weave.
forcefield,portal_rift,INNATE,CRYSTAL,RESONATE,force_resonance,interaction_clash,3,1.120,1.120,1.100,1.100,1.050,1.050,FORCE,false,false,Shared aspects resonate with bounded potency and duration.
forcefield,purification_circle,INNATE,SPELL,DAMPEN,counter_sigils,interaction_clash,2,0.550,1.000,0.550,1.000,1.000,1.000,,false,false,Suppression and action contest according to interaction priority.
forcefield,ritual_amplification,INNATE,SPELL,COEXIST,harmonic_weave,interaction_clash,1,1.000,1.000,1.000,1.000,1.000,1.000,,false,false,Independent forces coexist with a restrained harmonic weave.
forcefield,root_binding,INNATE,SPELL,RESONATE,force_resonance,interaction_clash,3,1.120,1.120,1.100,1.100,1.050,1.050,FORCE,false,false,Shared aspects resonate with bounded potency and duration.
forcefield,sanctuary_growth,INNATE,SPELL,RESONATE,protection_resonance,interaction_clash,3,1.120,1.120,1.100,1.100,1.050,1.050,PROTECTION,false,false,Shared aspects resonate with bounded potency and duration.
forcefield,shadow_step,INNATE,INNATE,COEXIST,harmonic_weave,interaction_clash,1,1.000,1.000,1.000,1.000,1.000,1.000,,false,false,Independent forces coexist with a restrained harmonic weave.
forcefield,size_shift,INNATE,CRYSTAL,COEXIST,harmonic_weave,interaction_clash,1,1.000,1.000,1.000,1.000,1.000,1.000,,false,false,Independent forces coexist with a restrained harmonic weave.
forcefield,slow_world,INNATE,INNATE,COEXIST,harmonic_weave,interaction_clash,1,1.000,1.000,1.000,1.000,1.000,1.000,,false,false,Independent forces coexist with a restrained harmonic weave.
forcefield,soul_compass,INNATE,SPELL,COEXIST,harmonic_weave,interaction_clash,1,1.000,1.000,1.000,1.000,1.000,1.000,,false,false,Independent forces coexist with a restrained harmonic weave.
forcefield,soul_link,INNATE,CRYSTAL,COEXIST,harmonic_weave,interaction_clash,1,1.000,1.000,1.000,1.000,1.000,1.000,,false,false,Independent forces coexist with a restrained harmonic weave.
forcefield,space_time,INNATE,CRYSTAL,COEXIST,harmonic_weave,interaction_clash,1,1.000,1.000,1.000,1.000,1.000,1.000,,false,false,Independent forces coexist with a restrained harmonic weave.
forcefield,speed_burst,INNATE,INNATE,RESONATE,force_resonance,interaction_clash,3,1.120,1.120,1.100,1.100,1.050,1.050,FORCE,false,false,Shared aspects resonate with bounded potency and duration.
forcefield,starfall,INNATE,INNATE,RESONATE,force_resonance,interaction_clash,3,1.120,1.120,1.100,1.100,1.050,1.050,FORCE,false,false,Shared aspects resonate with bounded potency and duration.
forcefield,super_speed,INNATE,INNATE,COEXIST,harmonic_weave,interaction_clash,1,1.000,1.000,1.000,1.000,1.000,1.000,,false,false,Independent forces coexist with a restrained harmonic weave.
forcefield,telekinesis,INNATE,INNATE,RESONATE,force_resonance,interaction_clash,3,1.120,1.120,1.100,1.100,1.050,1.050,FORCE,false,false,Shared aspects resonate with bounded potency and duration.
forcefield,time_freeze,INNATE,INNATE,COEXIST,harmonic_weave,interaction_clash,1,1.000,1.000,1.000,1.000,1.000,1.000,,false,false,Independent forces coexist with a restrained harmonic weave.
forcefield,time_shift,INNATE,INNATE,COEXIST,harmonic_weave,interaction_clash,1,1.000,1.000,1.000,1.000,1.000,1.000,,false,false,Independent forces coexist with a restrained harmonic weave.
forcefield,tracking_mark,INNATE,SPELL,COEXIST,harmonic_weave,interaction_clash,1,1.000,1.000,1.000,1.000,1.000,1.000,,false,false,Independent forces coexist with a restrained harmonic weave.
forcefield,vessel_possession,INNATE,INNATE,COEXIST,harmonic_weave,interaction_clash,1,1.000,1.000,1.000,1.000,1.000,1.000,,false,false,Independent forces coexist with a restrained harmonic weave.
forcefield,vitality_transfer,INNATE,SPELL,COEXIST,harmonic_weave,interaction_clash,1,1.000,1.000,1.000,1.000,1.000,1.000,,false,false,Independent forces coexist with a restrained harmonic weave.
forcefield,void_beam,INNATE,INNATE,CONTEST,ward_clash,interaction_clash,3,0.800,0.800,0.800,0.800,1.000,1.000,,false,false,Defensive and harmful magic contest shield integrity and potency.
forcefield,ward_breaking_ritual,INNATE,SPELL,DAMPEN,counter_sigils,interaction_clash,2,0.550,1.000,0.550,1.000,1.000,1.000,,false,false,Suppression and action contest according to interaction priority.
forcefield,weather_sigil,INNATE,SPELL,COEXIST,harmonic_weave,interaction_clash,1,1.000,1.000,1.000,1.000,1.000,1.000,,false,false,Independent forces coexist with a restrained harmonic weave.
frost_nova,frost_nova,INNATE,INNATE,RESONATE,frost_resonance,interaction_clash,3,1.120,1.120,1.100,1.100,1.050,1.050,FROST,false,false,Shared aspects resonate with bounded potency and duration.
frost_nova,gravity_displacement,INNATE,INNATE,RESONATE,force_resonance,interaction_clash,3,1.120,1.120,1.100,1.100,1.050,1.050,FORCE,false,false,Shared aspects resonate with bounded potency and duration.
frost_nova,ground_slam,INNATE,INNATE,RESONATE,force_resonance,interaction_clash,3,1.120,1.120,1.100,1.100,1.050,1.050,FORCE,false,false,Shared aspects resonate with bounded potency and duration.
frost_nova,hex,INNATE,SPELL,COEXIST,harmonic_weave,interaction_clash,1,1.000,1.000,1.000,1.000,1.000,1.000,,false,false,Independent forces coexist with a restrained harmonic weave.
frost_nova,ice_manipulation,INNATE,INNATE,RESONATE,frost_resonance,interaction_clash,3,1.120,1.120,1.100,1.100,1.050,1.050,FROST,false,false,Shared aspects resonate with bounded potency and duration.
frost_nova,infernal_seal,INNATE,SPELL,DAMPEN,counter_sigils,interaction_clash,2,0.550,1.000,0.550,1.000,1.000,1.000,,false,false,Suppression and action contest according to interaction priority.
frost_nova,inferno,INNATE,CRYSTAL,TRANSFORM,steam,interaction_clash,4,0.750,0.750,0.600,0.600,0.900,0.900,MOTION,false,false,Flame and frost become a pressure wave of obscuring steam.
frost_nova,invisibility,INNATE,INNATE,COEXIST,harmonic_weave,interaction_clash,1,1.000,1.000,1.000,1.000,1.000,1.000,,false,false,Independent forces coexist with a restrained harmonic weave.
frost_nova,kinetic_ward,INNATE,SPELL,COEXIST,harmonic_weave,interaction_clash,1,1.000,1.000,1.000,1.000,1.000,1.000,,false,false,Independent forces coexist with a restrained harmonic weave.
frost_nova,life_bloom,INNATE,CRYSTAL,COEXIST,harmonic_weave,interaction_clash,1,1.000,1.000,1.000,1.000,1.000,1.000,,false,false,Independent forces coexist with a restrained harmonic weave.
frost_nova,light_crystal,INNATE,CRYSTAL,COEXIST,harmonic_weave,interaction_clash,1,1.000,1.000,1.000,1.000,1.000,1.000,,false,false,Independent forces coexist with a restrained harmonic weave.
frost_nova,lightning_strike,INNATE,INNATE,COEXIST,harmonic_weave,interaction_clash,1,1.000,1.000,1.000,1.000,1.000,1.000,,false,false,Independent forces coexist with a restrained harmonic weave.
frost_nova,middleworld,INNATE,CRYSTAL,COEXIST,harmonic_weave,interaction_clash,1,1.000,1.000,1.000,1.000,1.000,1.000,,false,false,Independent forces coexist with a restrained harmonic weave.
frost_nova,plant_healing_acceleration,INNATE,INNATE,COEXIST,harmonic_weave,interaction_clash,1,1.000,1.000,1.000,1.000,1.000,1.000,,false,false,Independent forces coexist with a restrained harmonic weave.
frost_nova,portal_rift,INNATE,CRYSTAL,RESONATE,force_resonance,interaction_clash,3,1.120,1.120,1.100,1.100,1.050,1.050,FORCE,false,false,Shared aspects resonate with bounded potency and duration.
frost_nova,purification_circle,INNATE,SPELL,DAMPEN,counter_sigils,interaction_clash,2,0.550,1.000,0.550,1.000,1.000,1.000,,false,false,Suppression and action contest according to interaction priority.
frost_nova,ritual_amplification,INNATE,SPELL,COEXIST,harmonic_weave,interaction_clash,1,1.000,1.000,1.000,1.000,1.000,1.000,,false,false,Independent forces coexist with a restrained harmonic weave.
frost_nova,root_binding,INNATE,SPELL,RESONATE,force_resonance,interaction_clash,3,1.120,1.120,1.100,1.100,1.050,1.050,FORCE,false,false,Shared aspects resonate with bounded potency and duration.
frost_nova,sanctuary_growth,INNATE,SPELL,COEXIST,harmonic_weave,interaction_clash,1,1.000,1.000,1.000,1.000,1.000,1.000,,false,false,Independent forces coexist with a restrained harmonic weave.
frost_nova,shadow_step,INNATE,INNATE,COEXIST,harmonic_weave,interaction_clash,1,1.000,1.000,1.000,1.000,1.000,1.000,,false,false,Independent forces coexist with a restrained harmonic weave.
frost_nova,size_shift,INNATE,CRYSTAL,COEXIST,harmonic_weave,interaction_clash,1,1.000,1.000,1.000,1.000,1.000,1.000,,false,false,Independent forces coexist with a restrained harmonic weave.
frost_nova,slow_world,INNATE,INNATE,COEXIST,harmonic_weave,interaction_clash,1,1.000,1.000,1.000,1.000,1.000,1.000,,false,false,Independent forces coexist with a restrained harmonic weave.
frost_nova,soul_compass,INNATE,SPELL,COEXIST,harmonic_weave,interaction_clash,1,1.000,1.000,1.000,1.000,1.000,1.000,,false,false,Independent forces coexist with a restrained harmonic weave.
frost_nova,soul_link,INNATE,CRYSTAL,COEXIST,harmonic_weave,interaction_clash,1,1.000,1.000,1.000,1.000,1.000,1.000,,false,false,Independent forces coexist with a restrained harmonic weave.
frost_nova,space_time,INNATE,CRYSTAL,COEXIST,harmonic_weave,interaction_clash,1,1.000,1.000,1.000,1.000,1.000,1.000,,false,false,Independent forces coexist with a restrained harmonic weave.
frost_nova,speed_burst,INNATE,INNATE,RESONATE,force_resonance,interaction_clash,3,1.120,1.120,1.100,1.100,1.050,1.050,FORCE,false,false,Shared aspects resonate with bounded potency and duration.
frost_nova,starfall,INNATE,INNATE,RESONATE,force_resonance,interaction_clash,3,1.120,1.120,1.100,1.100,1.050,1.050,FORCE,false,false,Shared aspects resonate with bounded potency and duration.
frost_nova,super_speed,INNATE,INNATE,COEXIST,harmonic_weave,interaction_clash,1,1.000,1.000,1.000,1.000,1.000,1.000,,false,false,Independent forces coexist with a restrained harmonic weave.
frost_nova,telekinesis,INNATE,INNATE,RESONATE,force_resonance,interaction_clash,3,1.120,1.120,1.100,1.100,1.050,1.050,FORCE,false,false,Shared aspects resonate with bounded potency and duration.
frost_nova,time_freeze,INNATE,INNATE,COEXIST,harmonic_weave,interaction_clash,1,1.000,1.000,1.000,1.000,1.000,1.000,,false,false,Independent forces coexist with a restrained harmonic weave.
frost_nova,time_shift,INNATE,INNATE,COEXIST,harmonic_weave,interaction_clash,1,1.000,1.000,1.000,1.000,1.000,1.000,,false,false,Independent forces coexist with a restrained harmonic weave.
frost_nova,tracking_mark,INNATE,SPELL,COEXIST,harmonic_weave,interaction_clash,1,1.000,1.000,1.000,1.000,1.000,1.000,,false,false,Independent forces coexist with a restrained harmonic weave.
frost_nova,vessel_possession,INNATE,INNATE,COEXIST,harmonic_weave,interaction_clash,1,1.000,1.000,1.000,1.000,1.000,1.000,,false,false,Independent forces coexist with a restrained harmonic weave.
frost_nova,vitality_transfer,INNATE,SPELL,COEXIST,harmonic_weave,interaction_clash,1,1.000,1.000,1.000,1.000,1.000,1.000,,false,false,Independent forces coexist with a restrained harmonic weave.
frost_nova,void_beam,INNATE,INNATE,COEXIST,harmonic_weave,interaction_clash,1,1.000,1.000,1.000,1.000,1.000,1.000,,false,false,Independent forces coexist with a restrained harmonic weave.
frost_nova,ward_breaking_ritual,INNATE,SPELL,DAMPEN,counter_sigils,interaction_clash,2,0.550,1.000,0.550,1.000,1.000,1.000,,false,false,Suppression and action contest according to interaction priority.
frost_nova,weather_sigil,INNATE,SPELL,COEXIST,harmonic_weave,interaction_clash,1,1.000,1.000,1.000,1.000,1.000,1.000,,false,false,Independent forces coexist with a restrained harmonic weave.
gravity_displacement,gravity_displacement,INNATE,INNATE,RESONATE,force_resonance,interaction_clash,3,1.120,1.120,1.100,1.100,1.050,1.050,FORCE,false,false,Shared aspects resonate with bounded potency and duration.
gravity_displacement,ground_slam,INNATE,INNATE,RESONATE,force_resonance,interaction_clash,3,1.120,1.120,1.100,1.100,1.050,1.050,FORCE,false,false,Shared aspects resonate with bounded potency and duration.
gravity_displacement,hex,INNATE,SPELL,COEXIST,harmonic_weave,interaction_clash,1,1.000,1.000,1.000,1.000,1.000,1.000,,false,false,Independent forces coexist with a restrained harmonic weave.
gravity_displacement,ice_manipulation,INNATE,INNATE,COEXIST,harmonic_weave,interaction_clash,1,1.000,1.000,1.000,1.000,1.000,1.000,,false,false,Independent forces coexist with a restrained harmonic weave.
gravity_displacement,infernal_seal,INNATE,SPELL,DAMPEN,counter_sigils,interaction_clash,2,0.550,1.000,0.550,1.000,1.000,1.000,,false,false,Suppression and action contest according to interaction priority.
gravity_displacement,inferno,INNATE,CRYSTAL,COEXIST,harmonic_weave,interaction_clash,1,1.000,1.000,1.000,1.000,1.000,1.000,,false,false,Independent forces coexist with a restrained harmonic weave.
gravity_displacement,invisibility,INNATE,INNATE,COEXIST,harmonic_weave,interaction_clash,1,1.000,1.000,1.000,1.000,1.000,1.000,,false,false,Independent forces coexist with a restrained harmonic weave.
gravity_displacement,kinetic_ward,INNATE,SPELL,COEXIST,harmonic_weave,interaction_clash,1,1.000,1.000,1.000,1.000,1.000,1.000,,false,false,Independent forces coexist with a restrained harmonic weave.
gravity_displacement,life_bloom,INNATE,CRYSTAL,COEXIST,harmonic_weave,interaction_clash,1,1.000,1.000,1.000,1.000,1.000,1.000,,false,false,Independent forces coexist with a restrained harmonic weave.
gravity_displacement,light_crystal,INNATE,CRYSTAL,COEXIST,harmonic_weave,interaction_clash,1,1.000,1.000,1.000,1.000,1.000,1.000,,false,false,Independent forces coexist with a restrained harmonic weave.
gravity_displacement,lightning_strike,INNATE,INNATE,COEXIST,harmonic_weave,interaction_clash,1,1.000,1.000,1.000,1.000,1.000,1.000,,false,false,Independent forces coexist with a restrained harmonic weave.
gravity_displacement,middleworld,INNATE,CRYSTAL,COEXIST,harmonic_weave,interaction_clash,1,1.000,1.000,1.000,1.000,1.000,1.000,,false,false,Independent forces coexist with a restrained harmonic weave.
gravity_displacement,plant_healing_acceleration,INNATE,INNATE,COEXIST,harmonic_weave,interaction_clash,1,1.000,1.000,1.000,1.000,1.000,1.000,,false,false,Independent forces coexist with a restrained harmonic weave.
gravity_displacement,portal_rift,INNATE,CRYSTAL,RESONATE,force_resonance,interaction_clash,3,1.120,1.120,1.100,1.100,1.050,1.050,FORCE,false,false,Shared aspects resonate with bounded potency and duration.
gravity_displacement,purification_circle,INNATE,SPELL,DAMPEN,counter_sigils,interaction_clash,2,0.550,1.000,0.550,1.000,1.000,1.000,,false,false,Suppression and action contest according to interaction priority.
gravity_displacement,ritual_amplification,INNATE,SPELL,COEXIST,harmonic_weave,interaction_clash,1,1.000,1.000,1.000,1.000,1.000,1.000,,false,false,Independent forces coexist with a restrained harmonic weave.
gravity_displacement,root_binding,INNATE,SPELL,RESONATE,force_resonance,interaction_clash,3,1.120,1.120,1.100,1.100,1.050,1.050,FORCE,false,false,Shared aspects resonate with bounded potency and duration.
gravity_displacement,sanctuary_growth,INNATE,SPELL,COEXIST,harmonic_weave,interaction_clash,1,1.000,1.000,1.000,1.000,1.000,1.000,,false,false,Independent forces coexist with a restrained harmonic weave.
gravity_displacement,shadow_step,INNATE,INNATE,COEXIST,harmonic_weave,interaction_clash,1,1.000,1.000,1.000,1.000,1.000,1.000,,false,false,Independent forces coexist with a restrained harmonic weave.
gravity_displacement,size_shift,INNATE,CRYSTAL,RESONATE,gravity_resonance,interaction_clash,3,1.120,1.120,1.100,1.100,1.050,1.050,GRAVITY,false,false,Shared aspects resonate with bounded potency and duration.
gravity_displacement,slow_world,INNATE,INNATE,COEXIST,harmonic_weave,interaction_clash,1,1.000,1.000,1.000,1.000,1.000,1.000,,false,false,Independent forces coexist with a restrained harmonic weave.
gravity_displacement,soul_compass,INNATE,SPELL,COEXIST,harmonic_weave,interaction_clash,1,1.000,1.000,1.000,1.000,1.000,1.000,,false,false,Independent forces coexist with a restrained harmonic weave.
gravity_displacement,soul_link,INNATE,CRYSTAL,COEXIST,harmonic_weave,interaction_clash,1,1.000,1.000,1.000,1.000,1.000,1.000,,false,false,Independent forces coexist with a restrained harmonic weave.
gravity_displacement,space_time,INNATE,CRYSTAL,COEXIST,harmonic_weave,interaction_clash,1,1.000,1.000,1.000,1.000,1.000,1.000,,false,false,Independent forces coexist with a restrained harmonic weave.
gravity_displacement,speed_burst,INNATE,INNATE,RESONATE,force_resonance,interaction_clash,3,1.120,1.120,1.100,1.100,1.050,1.050,FORCE,false,false,Shared aspects resonate with bounded potency and duration.
gravity_displacement,starfall,INNATE,INNATE,RESONATE,force_resonance,interaction_clash,3,1.120,1.120,1.100,1.100,1.050,1.050,FORCE,false,false,Shared aspects resonate with bounded potency and duration.
gravity_displacement,super_speed,INNATE,INNATE,COEXIST,harmonic_weave,interaction_clash,1,1.000,1.000,1.000,1.000,1.000,1.000,,false,false,Independent forces coexist with a restrained harmonic weave.
gravity_displacement,telekinesis,INNATE,INNATE,RESONATE,force_resonance,interaction_clash,3,1.120,1.120,1.100,1.100,1.050,1.050,FORCE,false,false,Shared aspects resonate with bounded potency and duration.
gravity_displacement,time_freeze,INNATE,INNATE,COEXIST,harmonic_weave,interaction_clash,1,1.000,1.000,1.000,1.000,1.000,1.000,,false,false,Independent forces coexist with a restrained harmonic weave.
gravity_displacement,time_shift,INNATE,INNATE,COEXIST,harmonic_weave,interaction_clash,1,1.000,1.000,1.000,1.000,1.000,1.000,,false,false,Independent forces coexist with a restrained harmonic weave.
gravity_displacement,tracking_mark,INNATE,SPELL,COEXIST,harmonic_weave,interaction_clash,1,1.000,1.000,1.000,1.000,1.000,1.000,,false,false,Independent forces coexist with a restrained harmonic weave.
gravity_displacement,vessel_possession,INNATE,INNATE,COEXIST,harmonic_weave,interaction_clash,1,1.000,1.000,1.000,1.000,1.000,1.000,,false,false,Independent forces coexist with a restrained harmonic weave.
gravity_displacement,vitality_transfer,INNATE,SPELL,COEXIST,harmonic_weave,interaction_clash,1,1.000,1.000,1.000,1.000,1.000,1.000,,false,false,Independent forces coexist with a restrained harmonic weave.
gravity_displacement,void_beam,INNATE,INNATE,COEXIST,harmonic_weave,interaction_clash,1,1.000,1.000,1.000,1.000,1.000,1.000,,false,false,Independent forces coexist with a restrained harmonic weave.
gravity_displacement,ward_breaking_ritual,INNATE,SPELL,DAMPEN,counter_sigils,interaction_clash,2,0.550,1.000,0.550,1.000,1.000,1.000,,false,false,Suppression and action contest according to interaction priority.
gravity_displacement,weather_sigil,INNATE,SPELL,COEXIST,harmonic_weave,interaction_clash,1,1.000,1.000,1.000,1.000,1.000,1.000,,false,false,Independent forces coexist with a restrained harmonic weave.
ground_slam,ground_slam,INNATE,INNATE,RESONATE,force_resonance,interaction_clash,3,1.120,1.120,1.100,1.100,1.050,1.050,FORCE,false,false,Shared aspects resonate with bounded potency and duration.
ground_slam,hex,INNATE,SPELL,DESTABILIZE,violent_interference,interaction_clash,4,1.050,1.050,0.750,0.750,1.000,1.000,,false,false,Colliding hostile forces intensify impact while shortening persistence.
ground_slam,ice_manipulation,INNATE,INNATE,COEXIST,harmonic_weave,interaction_clash,1,1.000,1.000,1.000,1.000,1.000,1.000,,false,false,Independent forces coexist with a restrained harmonic weave.
ground_slam,infernal_seal,INNATE,SPELL,DAMPEN,counter_sigils,interaction_clash,2,0.550,1.000,0.550,1.000,1.000,1.000,,false,false,Suppression and action contest according to interaction priority.
ground_slam,inferno,INNATE,CRYSTAL,DESTABILIZE,violent_interference,interaction_clash,4,1.050,1.050,0.750,0.750,1.000,1.000,,false,false,Colliding hostile forces intensify impact while shortening persistence.
ground_slam,invisibility,INNATE,INNATE,CONTEST,ward_clash,interaction_clash,3,0.800,0.800,0.800,0.800,1.000,1.000,,false,false,Defensive and harmful magic contest shield integrity and potency.
ground_slam,kinetic_ward,INNATE,SPELL,CONTEST,ward_clash,interaction_clash,3,0.800,0.800,0.800,0.800,1.000,1.000,,false,false,Defensive and harmful magic contest shield integrity and potency.
ground_slam,life_bloom,INNATE,CRYSTAL,COEXIST,harmonic_weave,interaction_clash,1,1.000,1.000,1.000,1.000,1.000,1.000,,false,false,Independent forces coexist with a restrained harmonic weave.
ground_slam,light_crystal,INNATE,CRYSTAL,COEXIST,harmonic_weave,interaction_clash,1,1.000,1.000,1.000,1.000,1.000,1.000,,false,false,Independent forces coexist with a restrained harmonic weave.
ground_slam,lightning_strike,INNATE,INNATE,DESTABILIZE,violent_interference,interaction_clash,4,1.050,1.050,0.750,0.750,1.000,1.000,,false,false,Colliding hostile forces intensify impact while shortening persistence.
ground_slam,middleworld,INNATE,CRYSTAL,COEXIST,harmonic_weave,interaction_clash,1,1.000,1.000,1.000,1.000,1.000,1.000,,false,false,Independent forces coexist with a restrained harmonic weave.
ground_slam,plant_healing_acceleration,INNATE,INNATE,COEXIST,harmonic_weave,interaction_clash,1,1.000,1.000,1.000,1.000,1.000,1.000,,false,false,Independent forces coexist with a restrained harmonic weave.
ground_slam,portal_rift,INNATE,CRYSTAL,RESONATE,force_resonance,interaction_clash,3,1.120,1.120,1.100,1.100,1.050,1.050,FORCE,false,false,Shared aspects resonate with bounded potency and duration.
ground_slam,purification_circle,INNATE,SPELL,CANCEL,cleansing_rain,interaction_clash,4,0.000,1.000,0.000,1.000,0.000,1.000,,true,false,Purification unweaves the hostile residue.
ground_slam,ritual_amplification,INNATE,SPELL,COEXIST,harmonic_weave,interaction_clash,1,1.000,1.000,1.000,1.000,1.000,1.000,,false,false,Independent forces coexist with a restrained harmonic weave.
ground_slam,root_binding,INNATE,SPELL,RESONATE,force_resonance,interaction_clash,3,1.120,1.120,1.100,1.100,1.050,1.050,FORCE,false,false,Shared aspects resonate with bounded potency and duration.
ground_slam,sanctuary_growth,INNATE,SPELL,CONTEST,ward_clash,interaction_clash,3,0.800,0.800,0.800,0.800,1.000,1.000,,false,false,Defensive and harmful magic contest shield integrity and potency.
ground_slam,shadow_step,INNATE,INNATE,COEXIST,harmonic_weave,interaction_clash,1,1.000,1.000,1.000,1.000,1.000,1.000,,false,false,Independent forces coexist with a restrained harmonic weave.
ground_slam,size_shift,INNATE,CRYSTAL,RESONATE,gravity_resonance,interaction_clash,3,1.120,1.120,1.100,1.100,1.050,1.050,GRAVITY,false,false,Shared aspects resonate with bounded potency and duration.
ground_slam,slow_world,INNATE,INNATE,COEXIST,harmonic_weave,interaction_clash,1,1.000,1.000,1.000,1.000,1.000,1.000,,false,false,Independent forces coexist with a restrained harmonic weave.
ground_slam,soul_compass,INNATE,SPELL,COEXIST,harmonic_weave,interaction_clash,1,1.000,1.000,1.000,1.000,1.000,1.000,,false,false,Independent forces coexist with a restrained harmonic weave.
ground_slam,soul_link,INNATE,CRYSTAL,COEXIST,harmonic_weave,interaction_clash,1,1.000,1.000,1.000,1.000,1.000,1.000,,false,false,Independent forces coexist with a restrained harmonic weave.
ground_slam,space_time,INNATE,CRYSTAL,COEXIST,harmonic_weave,interaction_clash,1,1.000,1.000,1.000,1.000,1.000,1.000,,false,false,Independent forces coexist with a restrained harmonic weave.
ground_slam,speed_burst,INNATE,INNATE,RESONATE,force_resonance,interaction_clash,3,1.120,1.120,1.100,1.100,1.050,1.050,FORCE,false,false,Shared aspects resonate with bounded potency and duration.
ground_slam,starfall,INNATE,INNATE,RESONATE,force_resonance,interaction_clash,3,1.120,1.120,1.100,1.100,1.050,1.050,FORCE,false,false,Shared aspects resonate with bounded potency and duration.
ground_slam,super_speed,INNATE,INNATE,COEXIST,harmonic_weave,interaction_clash,1,1.000,1.000,1.000,1.000,1.000,1.000,,false,false,Independent forces coexist with a restrained harmonic weave.
ground_slam,telekinesis,INNATE,INNATE,RESONATE,force_resonance,interaction_clash,3,1.120,1.120,1.100,1.100,1.050,1.050,FORCE,false,false,Shared aspects resonate with bounded potency and duration.
ground_slam,time_freeze,INNATE,INNATE,COEXIST,harmonic_weave,interaction_clash,1,1.000,1.000,1.000,1.000,1.000,1.000,,false,false,Independent forces coexist with a restrained harmonic weave.
ground_slam,time_shift,INNATE,INNATE,COEXIST,harmonic_weave,interaction_clash,1,1.000,1.000,1.000,1.000,1.000,1.000,,false,false,Independent forces coexist with a restrained harmonic weave.
ground_slam,tracking_mark,INNATE,SPELL,COEXIST,harmonic_weave,interaction_clash,1,1.000,1.000,1.000,1.000,1.000,1.000,,false,false,Independent forces coexist with a restrained harmonic weave.
ground_slam,vessel_possession,INNATE,INNATE,COEXIST,harmonic_weave,interaction_clash,1,1.000,1.000,1.000,1.000,1.000,1.000,,false,false,Independent forces coexist with a restrained harmonic weave.
ground_slam,vitality_transfer,INNATE,SPELL,COEXIST,harmonic_weave,interaction_clash,1,1.000,1.000,1.000,1.000,1.000,1.000,,false,false,Independent forces coexist with a restrained harmonic weave.
ground_slam,void_beam,INNATE,INNATE,DESTABILIZE,violent_interference,interaction_clash,4,1.050,1.050,0.750,0.750,1.000,1.000,,false,false,Colliding hostile forces intensify impact while shortening persistence.
ground_slam,ward_breaking_ritual,INNATE,SPELL,DAMPEN,counter_sigils,interaction_clash,2,0.550,1.000,0.550,1.000,1.000,1.000,,false,false,Suppression and action contest according to interaction priority.
ground_slam,weather_sigil,INNATE,SPELL,COEXIST,harmonic_weave,interaction_clash,1,1.000,1.000,1.000,1.000,1.000,1.000,,false,false,Independent forces coexist with a restrained harmonic weave.
hex,hex,SPELL,SPELL,RESONATE,mind_resonance,interaction_clash,3,1.120,1.120,1.100,1.100,1.050,1.050,MIND,false,false,Shared aspects resonate with bounded potency and duration.
hex,ice_manipulation,SPELL,INNATE,COEXIST,harmonic_weave,interaction_clash,1,1.000,1.000,1.000,1.000,1.000,1.000,,false,false,Independent forces coexist with a restrained harmonic weave.
hex,infernal_seal,SPELL,SPELL,DAMPEN,counter_sigils,interaction_clash,2,0.550,1.000,0.550,1.000,1.000,1.000,,false,false,Suppression and action contest according to interaction priority.
hex,inferno,SPELL,CRYSTAL,DESTABILIZE,violent_interference,interaction_clash,4,1.050,1.050,0.750,0.750,1.000,1.000,,false,false,Colliding hostile forces intensify impact while shortening persistence.
hex,invisibility,SPELL,INNATE,RESONATE,mind_resonance,interaction_clash,3,1.120,1.120,1.100,1.100,1.050,1.050,MIND,false,false,Shared aspects resonate with bounded potency and duration.
hex,kinetic_ward,SPELL,SPELL,CONTEST,ward_clash,interaction_clash,3,0.800,0.800,0.800,0.800,1.000,1.000,,false,false,Defensive and harmful magic contest shield integrity and potency.
hex,life_bloom,SPELL,CRYSTAL,CONSUME,eclipse_break,interaction_clash,5,0.350,1.150,0.500,1.000,1.000,1.000,,true,false,The higher-priority force breaks the opposed aspect.
hex,light_crystal,SPELL,CRYSTAL,CONSUME,eclipse_break,interaction_clash,5,0.350,1.150,0.500,1.000,1.000,1.000,,true,false,The higher-priority force breaks the opposed aspect.
hex,lightning_strike,SPELL,INNATE,DESTABILIZE,violent_interference,interaction_clash,4,1.050,1.050,0.750,0.750,1.000,1.000,,false,false,Colliding hostile forces intensify impact while shortening persistence.
hex,middleworld,SPELL,CRYSTAL,RESONATE,mind_resonance,interaction_clash,3,1.120,1.120,1.100,1.100,1.050,1.050,MIND,false,false,Shared aspects resonate with bounded potency and duration.
hex,plant_healing_acceleration,SPELL,INNATE,CONTEST,withered_bloom,interaction_clash,3,0.800,0.800,0.800,0.800,1.000,1.000,,false,false,Life and corruption contest without deleting unrelated effects.
hex,portal_rift,SPELL,CRYSTAL,DESTABILIZE,violent_interference,interaction_clash,4,1.050,1.050,0.750,0.750,1.000,1.000,,false,false,Colliding hostile forces intensify impact while shortening persistence.
hex,purification_circle,SPELL,SPELL,CANCEL,cleansing_rain,interaction_clash,4,0.000,1.000,0.000,1.000,0.000,1.000,,true,false,Purification unweaves the hostile residue.
hex,ritual_amplification,SPELL,SPELL,COEXIST,harmonic_weave,interaction_clash,1,1.000,1.000,1.000,1.000,1.000,1.000,,false,false,Independent forces coexist with a restrained harmonic weave.
hex,root_binding,SPELL,SPELL,CONTEST,withered_bloom,interaction_clash,3,0.800,0.800,0.800,0.800,1.000,1.000,,false,false,Life and corruption contest without deleting unrelated effects.
hex,sanctuary_growth,SPELL,SPELL,CONTEST,withered_bloom,interaction_clash,3,0.800,0.800,0.800,0.800,1.000,1.000,,false,false,Life and corruption contest without deleting unrelated effects.
hex,shadow_step,SPELL,INNATE,RESONATE,darkness_resonance,interaction_clash,3,1.120,1.120,1.100,1.100,1.050,1.050,DARKNESS,false,false,Shared aspects resonate with bounded potency and duration.
hex,size_shift,SPELL,CRYSTAL,COEXIST,harmonic_weave,interaction_clash,1,1.000,1.000,1.000,1.000,1.000,1.000,,false,false,Independent forces coexist with a restrained harmonic weave.
hex,slow_world,SPELL,INNATE,COEXIST,harmonic_weave,interaction_clash,1,1.000,1.000,1.000,1.000,1.000,1.000,,false,false,Independent forces coexist with a restrained harmonic weave.
hex,soul_compass,SPELL,SPELL,RESONATE,mind_resonance,interaction_clash,3,1.120,1.120,1.100,1.100,1.050,1.050,MIND,false,false,Shared aspects resonate with bounded potency and duration.
hex,soul_link,SPELL,CRYSTAL,CONTEST,withered_bloom,interaction_clash,3,0.800,0.800,0.800,0.800,1.000,1.000,,false,false,Life and corruption contest without deleting unrelated effects.
hex,space_time,SPELL,CRYSTAL,COEXIST,harmonic_weave,interaction_clash,1,1.000,1.000,1.000,1.000,1.000,1.000,,false,false,Independent forces coexist with a restrained harmonic weave.
hex,speed_burst,SPELL,INNATE,COEXIST,harmonic_weave,interaction_clash,1,1.000,1.000,1.000,1.000,1.000,1.000,,false,false,Independent forces coexist with a restrained harmonic weave.
hex,starfall,SPELL,INNATE,CONSUME,eclipse_break,interaction_clash,5,1.150,0.350,1.000,0.500,1.000,1.000,,false,true,The higher-priority force breaks the opposed aspect.
hex,super_speed,SPELL,INNATE,COEXIST,harmonic_weave,interaction_clash,1,1.000,1.000,1.000,1.000,1.000,1.000,,false,false,Independent forces coexist with a restrained harmonic weave.
hex,telekinesis,SPELL,INNATE,RESONATE,mind_resonance,interaction_clash,3,1.120,1.120,1.100,1.100,1.050,1.050,MIND,false,false,Shared aspects resonate with bounded potency and duration.
hex,time_freeze,SPELL,INNATE,COEXIST,harmonic_weave,interaction_clash,1,1.000,1.000,1.000,1.000,1.000,1.000,,false,false,Independent forces coexist with a restrained harmonic weave.
hex,time_shift,SPELL,INNATE,COEXIST,harmonic_weave,interaction_clash,1,1.000,1.000,1.000,1.000,1.000,1.000,,false,false,Independent forces coexist with a restrained harmonic weave.
hex,tracking_mark,SPELL,SPELL,CONTEST,eclipse,interaction_clash,5,0.700,0.700,0.700,0.700,1.000,1.000,,false,false,Balanced light and darkness become a revealing eclipse.
hex,vessel_possession,SPELL,INNATE,RESONATE,mind_resonance,interaction_clash,3,1.120,1.120,1.100,1.100,1.050,1.050,MIND,false,false,Shared aspects resonate with bounded potency and duration.
hex,vitality_transfer,SPELL,SPELL,CONTEST,withered_bloom,interaction_clash,3,0.800,0.800,0.800,0.800,1.000,1.000,,false,false,Life and corruption contest without deleting unrelated effects.
hex,void_beam,SPELL,INNATE,RESONATE,darkness_resonance,interaction_clash,3,1.120,1.120,1.100,1.100,1.050,1.050,DARKNESS,false,false,Shared aspects resonate with bounded potency and duration.
hex,ward_breaking_ritual,SPELL,SPELL,DAMPEN,counter_sigils,interaction_clash,2,0.550,1.000,0.550,1.000,1.000,1.000,,false,false,Suppression and action contest according to interaction priority.
hex,weather_sigil,SPELL,SPELL,COEXIST,harmonic_weave,interaction_clash,1,1.000,1.000,1.000,1.000,1.000,1.000,,false,false,Independent forces coexist with a restrained harmonic weave.
ice_manipulation,ice_manipulation,INNATE,INNATE,RESONATE,frost_resonance,interaction_clash,3,1.120,1.120,1.100,1.100,1.050,1.050,FROST,false,false,Shared aspects resonate with bounded potency and duration.
ice_manipulation,infernal_seal,INNATE,SPELL,DAMPEN,counter_sigils,interaction_clash,2,0.550,1.000,0.550,1.000,1.000,1.000,,false,false,Suppression and action contest according to interaction priority.
ice_manipulation,inferno,INNATE,CRYSTAL,TRANSFORM,steam,interaction_clash,4,0.750,0.750,0.600,0.600,0.900,0.900,MOTION,false,false,Flame and frost become a pressure wave of obscuring steam.
ice_manipulation,invisibility,INNATE,INNATE,COEXIST,harmonic_weave,interaction_clash,1,1.000,1.000,1.000,1.000,1.000,1.000,,false,false,Independent forces coexist with a restrained harmonic weave.
ice_manipulation,kinetic_ward,INNATE,SPELL,COEXIST,harmonic_weave,interaction_clash,1,1.000,1.000,1.000,1.000,1.000,1.000,,false,false,Independent forces coexist with a restrained harmonic weave.
ice_manipulation,life_bloom,INNATE,CRYSTAL,COEXIST,harmonic_weave,interaction_clash,1,1.000,1.000,1.000,1.000,1.000,1.000,,false,false,Independent forces coexist with a restrained harmonic weave.
ice_manipulation,light_crystal,INNATE,CRYSTAL,COEXIST,harmonic_weave,interaction_clash,1,1.000,1.000,1.000,1.000,1.000,1.000,,false,false,Independent forces coexist with a restrained harmonic weave.
ice_manipulation,lightning_strike,INNATE,INNATE,COEXIST,harmonic_weave,interaction_clash,1,1.000,1.000,1.000,1.000,1.000,1.000,,false,false,Independent forces coexist with a restrained harmonic weave.
ice_manipulation,middleworld,INNATE,CRYSTAL,COEXIST,harmonic_weave,interaction_clash,1,1.000,1.000,1.000,1.000,1.000,1.000,,false,false,Independent forces coexist with a restrained harmonic weave.
ice_manipulation,plant_healing_acceleration,INNATE,INNATE,COEXIST,harmonic_weave,interaction_clash,1,1.000,1.000,1.000,1.000,1.000,1.000,,false,false,Independent forces coexist with a restrained harmonic weave.
ice_manipulation,portal_rift,INNATE,CRYSTAL,COEXIST,harmonic_weave,interaction_clash,1,1.000,1.000,1.000,1.000,1.000,1.000,,false,false,Independent forces coexist with a restrained harmonic weave.
ice_manipulation,purification_circle,INNATE,SPELL,DAMPEN,counter_sigils,interaction_clash,2,0.550,1.000,0.550,1.000,1.000,1.000,,false,false,Suppression and action contest according to interaction priority.
ice_manipulation,ritual_amplification,INNATE,SPELL,RESONATE,creation_resonance,interaction_clash,3,1.120,1.120,1.100,1.100,1.050,1.050,CREATION,false,false,Shared aspects resonate with bounded potency and duration.
ice_manipulation,root_binding,INNATE,SPELL,COEXIST,harmonic_weave,interaction_clash,1,1.000,1.000,1.000,1.000,1.000,1.000,,false,false,Independent forces coexist with a restrained harmonic weave.
ice_manipulation,sanctuary_growth,INNATE,SPELL,COEXIST,harmonic_weave,interaction_clash,1,1.000,1.000,1.000,1.000,1.000,1.000,,false,false,Independent forces coexist with a restrained harmonic weave.
ice_manipulation,shadow_step,INNATE,INNATE,COEXIST,harmonic_weave,interaction_clash,1,1.000,1.000,1.000,1.000,1.000,1.000,,false,false,Independent forces coexist with a restrained harmonic weave.
ice_manipulation,size_shift,INNATE,CRYSTAL,RESONATE,creation_resonance,interaction_clash,3,1.120,1.120,1.100,1.100,1.050,1.050,CREATION,false,false,Shared aspects resonate with bounded potency and duration.
ice_manipulation,slow_world,INNATE,INNATE,COEXIST,harmonic_weave,interaction_clash,1,1.000,1.000,1.000,1.000,1.000,1.000,,false,false,Independent forces coexist with a restrained harmonic weave.
ice_manipulation,soul_compass,INNATE,SPELL,COEXIST,harmonic_weave,interaction_clash,1,1.000,1.000,1.000,1.000,1.000,1.000,,false,false,Independent forces coexist with a restrained harmonic weave.
ice_manipulation,soul_link,INNATE,CRYSTAL,COEXIST,harmonic_weave,interaction_clash,1,1.000,1.000,1.000,1.000,1.000,1.000,,false,false,Independent forces coexist with a restrained harmonic weave.
ice_manipulation,space_time,INNATE,CRYSTAL,COEXIST,harmonic_weave,interaction_clash,1,1.000,1.000,1.000,1.000,1.000,1.000,,false,false,Independent forces coexist with a restrained harmonic weave.
ice_manipulation,speed_burst,INNATE,INNATE,COEXIST,harmonic_weave,interaction_clash,1,1.000,1.000,1.000,1.000,1.000,1.000,,false,false,Independent forces coexist with a restrained harmonic weave.
ice_manipulation,starfall,INNATE,INNATE,COEXIST,harmonic_weave,interaction_clash,1,1.000,1.000,1.000,1.000,1.000,1.000,,false,false,Independent forces coexist with a restrained harmonic weave.
ice_manipulation,super_speed,INNATE,INNATE,COEXIST,harmonic_weave,interaction_clash,1,1.000,1.000,1.000,1.000,1.000,1.000,,false,false,Independent forces coexist with a restrained harmonic weave.
ice_manipulation,telekinesis,INNATE,INNATE,COEXIST,harmonic_weave,interaction_clash,1,1.000,1.000,1.000,1.000,1.000,1.000,,false,false,Independent forces coexist with a restrained harmonic weave.
ice_manipulation,time_freeze,INNATE,INNATE,COEXIST,harmonic_weave,interaction_clash,1,1.000,1.000,1.000,1.000,1.000,1.000,,false,false,Independent forces coexist with a restrained harmonic weave.
ice_manipulation,time_shift,INNATE,INNATE,COEXIST,harmonic_weave,interaction_clash,1,1.000,1.000,1.000,1.000,1.000,1.000,,false,false,Independent forces coexist with a restrained harmonic weave.
ice_manipulation,tracking_mark,INNATE,SPELL,COEXIST,harmonic_weave,interaction_clash,1,1.000,1.000,1.000,1.000,1.000,1.000,,false,false,Independent forces coexist with a restrained harmonic weave.
ice_manipulation,vessel_possession,INNATE,INNATE,COEXIST,harmonic_weave,interaction_clash,1,1.000,1.000,1.000,1.000,1.000,1.000,,false,false,Independent forces coexist with a restrained harmonic weave.
ice_manipulation,vitality_transfer,INNATE,SPELL,COEXIST,harmonic_weave,interaction_clash,1,1.000,1.000,1.000,1.000,1.000,1.000,,false,false,Independent forces coexist with a restrained harmonic weave.
ice_manipulation,void_beam,INNATE,INNATE,COEXIST,harmonic_weave,interaction_clash,1,1.000,1.000,1.000,1.000,1.000,1.000,,false,false,Independent forces coexist with a restrained harmonic weave.
ice_manipulation,ward_breaking_ritual,INNATE,SPELL,DAMPEN,counter_sigils,interaction_clash,2,0.550,1.000,0.550,1.000,1.000,1.000,,false,false,Suppression and action contest according to interaction priority.
ice_manipulation,weather_sigil,INNATE,SPELL,RESONATE,creation_resonance,interaction_clash,3,1.120,1.120,1.100,1.100,1.050,1.050,CREATION,false,false,Shared aspects resonate with bounded potency and duration.
infernal_seal,infernal_seal,SPELL,SPELL,RESONATE,sealed_resonance,interaction_clash,2,0.850,0.850,0.850,0.850,1.000,1.000,,false,false,Suppression fields reinforce while slightly damping one another.
infernal_seal,inferno,SPELL,CRYSTAL,DAMPEN,counter_sigils,interaction_clash,2,1.000,0.550,1.000,0.550,1.000,1.000,,false,false,Suppression and action contest according to interaction priority.
infernal_seal,invisibility,SPELL,INNATE,DAMPEN,counter_sigils,interaction_clash,2,1.000,0.550,1.000,0.550,1.000,1.000,,false,false,Suppression and action contest according to interaction priority.
infernal_seal,kinetic_ward,SPELL,SPELL,DAMPEN,counter_sigils,interaction_clash,2,1.000,0.550,1.000,0.550,1.000,1.000,,false,false,Suppression and action contest according to interaction priority.
infernal_seal,life_bloom,SPELL,CRYSTAL,DAMPEN,counter_sigils,interaction_clash,2,1.000,0.550,1.000,0.550,1.000,1.000,,false,false,Suppression and action contest according to interaction priority.
infernal_seal,light_crystal,SPELL,CRYSTAL,DAMPEN,counter_sigils,interaction_clash,2,1.000,0.550,1.000,0.550,1.000,1.000,,false,false,Suppression and action contest according to interaction priority.
infernal_seal,lightning_strike,SPELL,INNATE,DAMPEN,counter_sigils,interaction_clash,2,1.000,0.550,1.000,0.550,1.000,1.000,,false,false,Suppression and action contest according to interaction priority.
infernal_seal,middleworld,SPELL,CRYSTAL,DAMPEN,counter_sigils,interaction_clash,2,1.000,0.550,1.000,0.550,1.000,1.000,,false,false,Suppression and action contest according to interaction priority.
infernal_seal,plant_healing_acceleration,SPELL,INNATE,DAMPEN,counter_sigils,interaction_clash,2,1.000,0.550,1.000,0.550,1.000,1.000,,false,false,Suppression and action contest according to interaction priority.
infernal_seal,portal_rift,SPELL,CRYSTAL,DAMPEN,counter_sigils,interaction_clash,2,1.000,0.550,1.000,0.550,1.000,1.000,,false,false,Suppression and action contest according to interaction priority.
infernal_seal,purification_circle,SPELL,SPELL,RESONATE,sealed_resonance,interaction_clash,2,0.850,0.850,0.850,0.850,1.000,1.000,,false,false,Suppression fields reinforce while slightly damping one another.
infernal_seal,ritual_amplification,SPELL,SPELL,DAMPEN,counter_sigils,interaction_clash,2,1.000,0.550,1.000,0.550,1.000,1.000,,false,false,Suppression and action contest according to interaction priority.
infernal_seal,root_binding,SPELL,SPELL,DAMPEN,counter_sigils,interaction_clash,2,1.000,0.550,1.000,0.550,1.000,1.000,,false,false,Suppression and action contest according to interaction priority.
infernal_seal,sanctuary_growth,SPELL,SPELL,DAMPEN,counter_sigils,interaction_clash,2,1.000,0.550,1.000,0.550,1.000,1.000,,false,false,Suppression and action contest according to interaction priority.
infernal_seal,shadow_step,SPELL,INNATE,DAMPEN,counter_sigils,interaction_clash,2,1.000,0.550,1.000,0.550,1.000,1.000,,false,false,Suppression and action contest according to interaction priority.
infernal_seal,size_shift,SPELL,CRYSTAL,DAMPEN,counter_sigils,interaction_clash,2,1.000,0.550,1.000,0.550,1.000,1.000,,false,false,Suppression and action contest according to interaction priority.
infernal_seal,slow_world,SPELL,INNATE,DAMPEN,counter_sigils,interaction_clash,2,1.000,0.550,1.000,0.550,1.000,1.000,,false,false,Suppression and action contest according to interaction priority.
infernal_seal,soul_compass,SPELL,SPELL,DAMPEN,counter_sigils,interaction_clash,2,1.000,0.550,1.000,0.550,1.000,1.000,,false,false,Suppression and action contest according to interaction priority.
infernal_seal,soul_link,SPELL,CRYSTAL,DAMPEN,counter_sigils,interaction_clash,2,1.000,0.550,1.000,0.550,1.000,1.000,,false,false,Suppression and action contest according to interaction priority.
infernal_seal,space_time,SPELL,CRYSTAL,DAMPEN,counter_sigils,interaction_clash,2,1.000,0.550,1.000,0.550,1.000,1.000,,false,false,Suppression and action contest according to interaction priority.
infernal_seal,speed_burst,SPELL,INNATE,DAMPEN,counter_sigils,interaction_clash,2,1.000,0.550,1.000,0.550,1.000,1.000,,false,false,Suppression and action contest according to interaction priority.
infernal_seal,starfall,SPELL,INNATE,DAMPEN,counter_sigils,interaction_clash,2,1.000,0.550,1.000,0.550,1.000,1.000,,false,false,Suppression and action contest according to interaction priority.
infernal_seal,super_speed,SPELL,INNATE,DAMPEN,counter_sigils,interaction_clash,2,1.000,0.550,1.000,0.550,1.000,1.000,,false,false,Suppression and action contest according to interaction priority.
infernal_seal,telekinesis,SPELL,INNATE,DAMPEN,counter_sigils,interaction_clash,2,1.000,0.550,1.000,0.550,1.000,1.000,,false,false,Suppression and action contest according to interaction priority.
infernal_seal,time_freeze,SPELL,INNATE,DAMPEN,counter_sigils,interaction_clash,2,1.000,0.550,1.000,0.550,1.000,1.000,,false,false,Suppression and action contest according to interaction priority.
infernal_seal,time_shift,SPELL,INNATE,DAMPEN,counter_sigils,interaction_clash,2,1.000,0.550,1.000,0.550,1.000,1.000,,false,false,Suppression and action contest according to interaction priority.
infernal_seal,tracking_mark,SPELL,SPELL,DAMPEN,counter_sigils,interaction_clash,2,1.000,0.550,1.000,0.550,1.000,1.000,,false,false,Suppression and action contest according to interaction priority.
infernal_seal,vessel_possession,SPELL,INNATE,DAMPEN,counter_sigils,interaction_clash,2,1.000,0.550,1.000,0.550,1.000,1.000,,false,false,Suppression and action contest according to interaction priority.
infernal_seal,vitality_transfer,SPELL,SPELL,DAMPEN,counter_sigils,interaction_clash,2,1.000,0.550,1.000,0.550,1.000,1.000,,false,false,Suppression and action contest according to interaction priority.
infernal_seal,void_beam,SPELL,INNATE,DAMPEN,counter_sigils,interaction_clash,2,1.000,0.550,1.000,0.550,1.000,1.000,,false,false,Suppression and action contest according to interaction priority.
infernal_seal,ward_breaking_ritual,SPELL,SPELL,RESONATE,sealed_resonance,interaction_clash,2,0.850,0.850,0.850,0.850,1.000,1.000,,false,false,Suppression fields reinforce while slightly damping one another.
infernal_seal,weather_sigil,SPELL,SPELL,DAMPEN,counter_sigils,interaction_clash,2,1.000,0.550,1.000,0.550,1.000,1.000,,false,false,Suppression and action contest according to interaction priority.
inferno,inferno,CRYSTAL,CRYSTAL,RESONATE,flame_resonance,interaction_clash,3,1.120,1.120,1.100,1.100,1.050,1.050,FLAME,false,false,Shared aspects resonate with bounded potency and duration.
inferno,invisibility,CRYSTAL,INNATE,CONTEST,ward_clash,interaction_clash,3,0.800,0.800,0.800,0.800,1.000,1.000,,false,false,Defensive and harmful magic contest shield integrity and potency.
inferno,kinetic_ward,CRYSTAL,SPELL,CONTEST,ward_clash,interaction_clash,3,0.800,0.800,0.800,0.800,1.000,1.000,,false,false,Defensive and harmful magic contest shield integrity and potency.
inferno,life_bloom,CRYSTAL,CRYSTAL,COEXIST,harmonic_weave,interaction_clash,1,1.000,1.000,1.000,1.000,1.000,1.000,,false,false,Independent forces coexist with a restrained harmonic weave.
inferno,light_crystal,CRYSTAL,CRYSTAL,COEXIST,harmonic_weave,interaction_clash,1,1.000,1.000,1.000,1.000,1.000,1.000,,false,false,Independent forces coexist with a restrained harmonic weave.
inferno,lightning_strike,CRYSTAL,INNATE,RESONATE,storm_resonance,interaction_clash,3,1.120,1.120,1.100,1.100,1.050,1.050,STORM,false,false,Shared aspects resonate with bounded potency and duration.
inferno,middleworld,CRYSTAL,CRYSTAL,COEXIST,harmonic_weave,interaction_clash,1,1.000,1.000,1.000,1.000,1.000,1.000,,false,false,Independent forces coexist with a restrained harmonic weave.
inferno,plant_healing_acceleration,CRYSTAL,INNATE,COEXIST,harmonic_weave,interaction_clash,1,1.000,1.000,1.000,1.000,1.000,1.000,,false,false,Independent forces coexist with a restrained harmonic weave.
inferno,portal_rift,CRYSTAL,CRYSTAL,DESTABILIZE,violent_interference,interaction_clash,4,1.050,1.050,0.750,0.750,1.000,1.000,,false,false,Colliding hostile forces intensify impact while shortening persistence.
inferno,purification_circle,CRYSTAL,SPELL,CANCEL,cleansing_rain,interaction_clash,4,0.000,1.000,0.000,1.000,0.000,1.000,,true,false,Purification unweaves the hostile residue.
inferno,ritual_amplification,CRYSTAL,SPELL,COEXIST,harmonic_weave,interaction_clash,1,1.000,1.000,1.000,1.000,1.000,1.000,,false,false,Independent forces coexist with a restrained harmonic weave.
inferno,root_binding,CRYSTAL,SPELL,COEXIST,harmonic_weave,interaction_clash,1,1.000,1.000,1.000,1.000,1.000,1.000,,false,false,Independent forces coexist with a restrained harmonic weave.
inferno,sanctuary_growth,CRYSTAL,SPELL,CONTEST,ward_clash,interaction_clash,3,0.800,0.800,0.800,0.800,1.000,1.000,,false,false,Defensive and harmful magic contest shield integrity and potency.
inferno,shadow_step,CRYSTAL,INNATE,COEXIST,harmonic_weave,interaction_clash,1,1.000,1.000,1.000,1.000,1.000,1.000,,false,false,Independent forces coexist with a restrained harmonic weave.
inferno,size_shift,CRYSTAL,CRYSTAL,COEXIST,harmonic_weave,interaction_clash,1,1.000,1.000,1.000,1.000,1.000,1.000,,false,false,Independent forces coexist with a restrained harmonic weave.
inferno,slow_world,CRYSTAL,INNATE,COEXIST,harmonic_weave,interaction_clash,1,1.000,1.000,1.000,1.000,1.000,1.000,,false,false,Independent forces coexist with a restrained harmonic weave.
inferno,soul_compass,CRYSTAL,SPELL,COEXIST,harmonic_weave,interaction_clash,1,1.000,1.000,1.000,1.000,1.000,1.000,,false,false,Independent forces coexist with a restrained harmonic weave.
inferno,soul_link,CRYSTAL,CRYSTAL,COEXIST,harmonic_weave,interaction_clash,1,1.000,1.000,1.000,1.000,1.000,1.000,,false,false,Independent forces coexist with a restrained harmonic weave.
inferno,space_time,CRYSTAL,CRYSTAL,COEXIST,harmonic_weave,interaction_clash,1,1.000,1.000,1.000,1.000,1.000,1.000,,false,false,Independent forces coexist with a restrained harmonic weave.
inferno,speed_burst,CRYSTAL,INNATE,COEXIST,harmonic_weave,interaction_clash,1,1.000,1.000,1.000,1.000,1.000,1.000,,false,false,Independent forces coexist with a restrained harmonic weave.
inferno,starfall,CRYSTAL,INNATE,RESONATE,storm_resonance,interaction_clash,3,1.120,1.120,1.100,1.100,1.050,1.050,STORM,false,false,Shared aspects resonate with bounded potency and duration.
inferno,super_speed,CRYSTAL,INNATE,COEXIST,harmonic_weave,interaction_clash,1,1.000,1.000,1.000,1.000,1.000,1.000,,false,false,Independent forces coexist with a restrained harmonic weave.
inferno,telekinesis,CRYSTAL,INNATE,COEXIST,harmonic_weave,interaction_clash,1,1.000,1.000,1.000,1.000,1.000,1.000,,false,false,Independent forces coexist with a restrained harmonic weave.
inferno,time_freeze,CRYSTAL,INNATE,COEXIST,harmonic_weave,interaction_clash,1,1.000,1.000,1.000,1.000,1.000,1.000,,false,false,Independent forces coexist with a restrained harmonic weave.
inferno,time_shift,CRYSTAL,INNATE,COEXIST,harmonic_weave,interaction_clash,1,1.000,1.000,1.000,1.000,1.000,1.000,,false,false,Independent forces coexist with a restrained harmonic weave.
inferno,tracking_mark,CRYSTAL,SPELL,COEXIST,harmonic_weave,interaction_clash,1,1.000,1.000,1.000,1.000,1.000,1.000,,false,false,Independent forces coexist with a restrained harmonic weave.
inferno,vessel_possession,CRYSTAL,INNATE,COEXIST,harmonic_weave,interaction_clash,1,1.000,1.000,1.000,1.000,1.000,1.000,,false,false,Independent forces coexist with a restrained harmonic weave.
inferno,vitality_transfer,CRYSTAL,SPELL,COEXIST,harmonic_weave,interaction_clash,1,1.000,1.000,1.000,1.000,1.000,1.000,,false,false,Independent forces coexist with a restrained harmonic weave.
inferno,void_beam,CRYSTAL,INNATE,DESTABILIZE,violent_interference,interaction_clash,4,1.050,1.050,0.750,0.750,1.000,1.000,,false,false,Colliding hostile forces intensify impact while shortening persistence.
inferno,ward_breaking_ritual,CRYSTAL,SPELL,DAMPEN,counter_sigils,interaction_clash,2,0.550,1.000,0.550,1.000,1.000,1.000,,false,false,Suppression and action contest according to interaction priority.
inferno,weather_sigil,CRYSTAL,SPELL,RESONATE,storm_resonance,interaction_clash,3,1.120,1.120,1.100,1.100,1.050,1.050,STORM,false,false,Shared aspects resonate with bounded potency and duration.
invisibility,invisibility,INNATE,INNATE,RESONATE,mind_resonance,interaction_clash,3,1.120,1.120,1.100,1.100,1.050,1.050,MIND,false,false,Shared aspects resonate with bounded potency and duration.
invisibility,kinetic_ward,INNATE,SPELL,COEXIST,harmonic_weave,interaction_clash,1,1.000,1.000,1.000,1.000,1.000,1.000,,false,false,Independent forces coexist with a restrained harmonic weave.
invisibility,life_bloom,INNATE,CRYSTAL,CONTEST,revealed_veil,interaction_clash,3,0.850,0.850,0.850,0.850,1.000,1.000,,false,false,Concealment and detection contest without leaking hidden information.
invisibility,light_crystal,INNATE,CRYSTAL,RESONATE,mind_resonance,interaction_clash,3,1.120,1.120,1.100,1.100,1.050,1.050,MIND,false,false,Shared aspects resonate with bounded potency and duration.
invisibility,lightning_strike,INNATE,INNATE,CONTEST,ward_clash,interaction_clash,3,0.800,0.800,0.800,0.800,1.000,1.000,,false,false,Defensive and harmful magic contest shield integrity and potency.
invisibility,middleworld,INNATE,CRYSTAL,RESONATE,mind_resonance,interaction_clash,3,1.120,1.120,1.100,1.100,1.050,1.050,MIND,false,false,Shared aspects resonate with bounded potency and duration.
invisibility,plant_healing_acceleration,INNATE,INNATE,COEXIST,harmonic_weave,interaction_clash,1,1.000,1.000,1.000,1.000,1.000,1.000,,false,false,Independent forces coexist with a restrained harmonic weave.
invisibility,portal_rift,INNATE,CRYSTAL,CONTEST,ward_clash,interaction_clash,3,0.800,0.800,0.800,0.800,1.000,1.000,,false,false,Defensive and harmful magic contest shield integrity and potency.
invisibility,purification_circle,INNATE,SPELL,DAMPEN,counter_sigils,interaction_clash,2,0.550,1.000,0.550,1.000,1.000,1.000,,false,false,Suppression and action contest according to interaction priority.
invisibility,ritual_amplification,INNATE,SPELL,COEXIST,harmonic_weave,interaction_clash,1,1.000,1.000,1.000,1.000,1.000,1.000,,false,false,Independent forces coexist with a restrained harmonic weave.
invisibility,root_binding,INNATE,SPELL,COEXIST,harmonic_weave,interaction_clash,1,1.000,1.000,1.000,1.000,1.000,1.000,,false,false,Independent forces coexist with a restrained harmonic weave.
invisibility,sanctuary_growth,INNATE,SPELL,COEXIST,harmonic_weave,interaction_clash,1,1.000,1.000,1.000,1.000,1.000,1.000,,false,false,Independent forces coexist with a restrained harmonic weave.
invisibility,shadow_step,INNATE,INNATE,COEXIST,harmonic_weave,interaction_clash,1,1.000,1.000,1.000,1.000,1.000,1.000,,false,false,Independent forces coexist with a restrained harmonic weave.
invisibility,size_shift,INNATE,CRYSTAL,COEXIST,harmonic_weave,interaction_clash,1,1.000,1.000,1.000,1.000,1.000,1.000,,false,false,Independent forces coexist with a restrained harmonic weave.
invisibility,slow_world,INNATE,INNATE,COEXIST,harmonic_weave,interaction_clash,1,1.000,1.000,1.000,1.000,1.000,1.000,,false,false,Independent forces coexist with a restrained harmonic weave.
invisibility,soul_compass,INNATE,SPELL,RESONATE,mind_resonance,interaction_clash,3,1.120,1.120,1.100,1.100,1.050,1.050,MIND,false,false,Shared aspects resonate with bounded potency and duration.
invisibility,soul_link,INNATE,CRYSTAL,COEXIST,harmonic_weave,interaction_clash,1,1.000,1.000,1.000,1.000,1.000,1.000,,false,false,Independent forces coexist with a restrained harmonic weave.
invisibility,space_time,INNATE,CRYSTAL,COEXIST,harmonic_weave,interaction_clash,1,1.000,1.000,1.000,1.000,1.000,1.000,,false,false,Independent forces coexist with a restrained harmonic weave.
invisibility,speed_burst,INNATE,INNATE,COEXIST,harmonic_weave,interaction_clash,1,1.000,1.000,1.000,1.000,1.000,1.000,,false,false,Independent forces coexist with a restrained harmonic weave.
invisibility,starfall,INNATE,INNATE,CONTEST,ward_clash,interaction_clash,3,0.800,0.800,0.800,0.800,1.000,1.000,,false,false,Defensive and harmful magic contest shield integrity and potency.
invisibility,super_speed,INNATE,INNATE,COEXIST,harmonic_weave,interaction_clash,1,1.000,1.000,1.000,1.000,1.000,1.000,,false,false,Independent forces coexist with a restrained harmonic weave.
invisibility,telekinesis,INNATE,INNATE,RESONATE,mind_resonance,interaction_clash,3,1.120,1.120,1.100,1.100,1.050,1.050,MIND,false,false,Shared aspects resonate with bounded potency and duration.
invisibility,time_freeze,INNATE,INNATE,COEXIST,harmonic_weave,interaction_clash,1,1.000,1.000,1.000,1.000,1.000,1.000,,false,false,Independent forces coexist with a restrained harmonic weave.
invisibility,time_shift,INNATE,INNATE,COEXIST,harmonic_weave,interaction_clash,1,1.000,1.000,1.000,1.000,1.000,1.000,,false,false,Independent forces coexist with a restrained harmonic weave.
invisibility,tracking_mark,INNATE,SPELL,CONTEST,revealed_veil,interaction_clash,3,0.850,0.850,0.850,0.850,1.000,1.000,,false,false,Concealment and detection contest without leaking hidden information.
invisibility,vessel_possession,INNATE,INNATE,RESONATE,mind_resonance,interaction_clash,3,1.120,1.120,1.100,1.100,1.050,1.050,MIND,false,false,Shared aspects resonate with bounded potency and duration.
invisibility,vitality_transfer,INNATE,SPELL,COEXIST,harmonic_weave,interaction_clash,1,1.000,1.000,1.000,1.000,1.000,1.000,,false,false,Independent forces coexist with a restrained harmonic weave.
invisibility,void_beam,INNATE,INNATE,CONTEST,ward_clash,interaction_clash,3,0.800,0.800,0.800,0.800,1.000,1.000,,false,false,Defensive and harmful magic contest shield integrity and potency.
invisibility,ward_breaking_ritual,INNATE,SPELL,DAMPEN,counter_sigils,interaction_clash,2,0.550,1.000,0.550,1.000,1.000,1.000,,false,false,Suppression and action contest according to interaction priority.
invisibility,weather_sigil,INNATE,SPELL,COEXIST,harmonic_weave,interaction_clash,1,1.000,1.000,1.000,1.000,1.000,1.000,,false,false,Independent forces coexist with a restrained harmonic weave.
kinetic_ward,kinetic_ward,SPELL,SPELL,RESONATE,motion_resonance,interaction_clash,3,1.120,1.120,1.100,1.100,1.050,1.050,MOTION,false,false,Shared aspects resonate with bounded potency and duration.
kinetic_ward,life_bloom,SPELL,CRYSTAL,COEXIST,harmonic_weave,interaction_clash,1,1.000,1.000,1.000,1.000,1.000,1.000,,false,false,Independent forces coexist with a restrained harmonic weave.
kinetic_ward,light_crystal,SPELL,CRYSTAL,COEXIST,harmonic_weave,interaction_clash,1,1.000,1.000,1.000,1.000,1.000,1.000,,false,false,Independent forces coexist with a restrained harmonic weave.
kinetic_ward,lightning_strike,SPELL,INNATE,CONTEST,ward_clash,interaction_clash,3,0.800,0.800,0.800,0.800,1.000,1.000,,false,false,Defensive and harmful magic contest shield integrity and potency.
kinetic_ward,middleworld,SPELL,CRYSTAL,COEXIST,harmonic_weave,interaction_clash,1,1.000,1.000,1.000,1.000,1.000,1.000,,false,false,Independent forces coexist with a restrained harmonic weave.
kinetic_ward,plant_healing_acceleration,SPELL,INNATE,COEXIST,harmonic_weave,interaction_clash,1,1.000,1.000,1.000,1.000,1.000,1.000,,false,false,Independent forces coexist with a restrained harmonic weave.
kinetic_ward,portal_rift,SPELL,CRYSTAL,CONTEST,ward_clash,interaction_clash,3,0.800,0.800,0.800,0.800,1.000,1.000,,false,false,Defensive and harmful magic contest shield integrity and potency.
kinetic_ward,purification_circle,SPELL,SPELL,DAMPEN,counter_sigils,interaction_clash,2,0.550,1.000,0.550,1.000,1.000,1.000,,false,false,Suppression and action contest according to interaction priority.
kinetic_ward,ritual_amplification,SPELL,SPELL,COEXIST,harmonic_weave,interaction_clash,1,1.000,1.000,1.000,1.000,1.000,1.000,,false,false,Independent forces coexist with a restrained harmonic weave.
kinetic_ward,root_binding,SPELL,SPELL,COEXIST,harmonic_weave,interaction_clash,1,1.000,1.000,1.000,1.000,1.000,1.000,,false,false,Independent forces coexist with a restrained harmonic weave.
kinetic_ward,sanctuary_growth,SPELL,SPELL,RESONATE,protection_resonance,interaction_clash,3,1.120,1.120,1.100,1.100,1.050,1.050,PROTECTION,false,false,Shared aspects resonate with bounded potency and duration.
kinetic_ward,shadow_step,SPELL,INNATE,RESONATE,motion_resonance,interaction_clash,3,1.120,1.120,1.100,1.100,1.050,1.050,MOTION,false,false,Shared aspects resonate with bounded potency and duration.
kinetic_ward,size_shift,SPELL,CRYSTAL,COEXIST,harmonic_weave,interaction_clash,1,1.000,1.000,1.000,1.000,1.000,1.000,,false,false,Independent forces coexist with a restrained harmonic weave.
kinetic_ward,slow_world,SPELL,INNATE,RESONATE,motion_resonance,interaction_clash,3,1.120,1.120,1.100,1.100,1.050,1.050,MOTION,false,false,Shared aspects resonate with bounded potency and duration.
kinetic_ward,soul_compass,SPELL,SPELL,COEXIST,harmonic_weave,interaction_clash,1,1.000,1.000,1.000,1.000,1.000,1.000,,false,false,Independent forces coexist with a restrained harmonic weave.
kinetic_ward,soul_link,SPELL,CRYSTAL,COEXIST,harmonic_weave,interaction_clash,1,1.000,1.000,1.000,1.000,1.000,1.000,,false,false,Independent forces coexist with a restrained harmonic weave.
kinetic_ward,space_time,SPELL,CRYSTAL,COEXIST,harmonic_weave,interaction_clash,1,1.000,1.000,1.000,1.000,1.000,1.000,,false,false,Independent forces coexist with a restrained harmonic weave.
kinetic_ward,speed_burst,SPELL,INNATE,RESONATE,motion_resonance,interaction_clash,3,1.120,1.120,1.100,1.100,1.050,1.050,MOTION,false,false,Shared aspects resonate with bounded potency and duration.
kinetic_ward,starfall,SPELL,INNATE,CONTEST,ward_clash,interaction_clash,3,0.800,0.800,0.800,0.800,1.000,1.000,,false,false,Defensive and harmful magic contest shield integrity and potency.
kinetic_ward,super_speed,SPELL,INNATE,RESONATE,motion_resonance,interaction_clash,3,1.120,1.120,1.100,1.100,1.050,1.050,MOTION,false,false,Shared aspects resonate with bounded potency and duration.
kinetic_ward,telekinesis,SPELL,INNATE,COEXIST,harmonic_weave,interaction_clash,1,1.000,1.000,1.000,1.000,1.000,1.000,,false,false,Independent forces coexist with a restrained harmonic weave.
kinetic_ward,time_freeze,SPELL,INNATE,COEXIST,harmonic_weave,interaction_clash,1,1.000,1.000,1.000,1.000,1.000,1.000,,false,false,Independent forces coexist with a restrained harmonic weave.
kinetic_ward,time_shift,SPELL,INNATE,COEXIST,harmonic_weave,interaction_clash,1,1.000,1.000,1.000,1.000,1.000,1.000,,false,false,Independent forces coexist with a restrained harmonic weave.
kinetic_ward,tracking_mark,SPELL,SPELL,COEXIST,harmonic_weave,interaction_clash,1,1.000,1.000,1.000,1.000,1.000,1.000,,false,false,Independent forces coexist with a restrained harmonic weave.
kinetic_ward,vessel_possession,SPELL,INNATE,COEXIST,harmonic_weave,interaction_clash,1,1.000,1.000,1.000,1.000,1.000,1.000,,false,false,Independent forces coexist with a restrained harmonic weave.
kinetic_ward,vitality_transfer,SPELL,SPELL,COEXIST,harmonic_weave,interaction_clash,1,1.000,1.000,1.000,1.000,1.000,1.000,,false,false,Independent forces coexist with a restrained harmonic weave.
kinetic_ward,void_beam,SPELL,INNATE,CONTEST,ward_clash,interaction_clash,3,0.800,0.800,0.800,0.800,1.000,1.000,,false,false,Defensive and harmful magic contest shield integrity and potency.
kinetic_ward,ward_breaking_ritual,SPELL,SPELL,DAMPEN,counter_sigils,interaction_clash,2,0.550,1.000,0.550,1.000,1.000,1.000,,false,false,Suppression and action contest according to interaction priority.
kinetic_ward,weather_sigil,SPELL,SPELL,COEXIST,harmonic_weave,interaction_clash,1,1.000,1.000,1.000,1.000,1.000,1.000,,false,false,Independent forces coexist with a restrained harmonic weave.
life_bloom,life_bloom,CRYSTAL,CRYSTAL,RESONATE,life_resonance,interaction_clash,3,1.120,1.120,1.100,1.100,1.050,1.050,LIFE,false,false,Shared aspects resonate with bounded potency and duration.
life_bloom,light_crystal,CRYSTAL,CRYSTAL,RESONATE,light_resonance,interaction_clash,3,1.120,1.120,1.100,1.100,1.050,1.050,LIGHT,false,false,Shared aspects resonate with bounded potency and duration.
life_bloom,lightning_strike,CRYSTAL,INNATE,COEXIST,harmonic_weave,interaction_clash,1,1.000,1.000,1.000,1.000,1.000,1.000,,false,false,Independent forces coexist with a restrained harmonic weave.
life_bloom,middleworld,CRYSTAL,CRYSTAL,COEXIST,harmonic_weave,interaction_clash,1,1.000,1.000,1.000,1.000,1.000,1.000,,false,false,Independent forces coexist with a restrained harmonic weave.
life_bloom,plant_healing_acceleration,CRYSTAL,INNATE,RESONATE,life_resonance,interaction_clash,3,1.120,1.120,1.100,1.100,1.050,1.050,LIFE,false,false,Shared aspects resonate with bounded potency and duration.
life_bloom,portal_rift,CRYSTAL,CRYSTAL,COEXIST,harmonic_weave,interaction_clash,1,1.000,1.000,1.000,1.000,1.000,1.000,,false,false,Independent forces coexist with a restrained harmonic weave.
life_bloom,purification_circle,CRYSTAL,SPELL,DAMPEN,counter_sigils,interaction_clash,2,0.550,1.000,0.550,1.000,1.000,1.000,,false,false,Suppression and action contest according to interaction priority.
life_bloom,ritual_amplification,CRYSTAL,SPELL,AMPLIFY,concordant_bloom,interaction_clash,2,1.080,1.080,1.120,1.120,1.000,1.000,,false,false,Compatible support magic gains a capped cooperative resonance.
life_bloom,root_binding,CRYSTAL,SPELL,RESONATE,life_resonance,interaction_clash,3,1.120,1.120,1.100,1.100,1.050,1.050,LIFE,false,false,Shared aspects resonate with bounded potency and duration.
life_bloom,sanctuary_growth,CRYSTAL,SPELL,RESONATE,life_resonance,interaction_clash,3,1.120,1.120,1.100,1.100,1.050,1.050,LIFE,false,false,Shared aspects resonate with bounded potency and duration.
life_bloom,shadow_step,CRYSTAL,INNATE,CONSUME,eclipse_break,interaction_clash,5,1.150,0.350,1.000,0.500,1.000,1.000,,false,true,The higher-priority force breaks the opposed aspect.
life_bloom,size_shift,CRYSTAL,CRYSTAL,COEXIST,harmonic_weave,interaction_clash,1,1.000,1.000,1.000,1.000,1.000,1.000,,false,false,Independent forces coexist with a restrained harmonic weave.
life_bloom,slow_world,CRYSTAL,INNATE,COEXIST,harmonic_weave,interaction_clash,1,1.000,1.000,1.000,1.000,1.000,1.000,,false,false,Independent forces coexist with a restrained harmonic weave.
life_bloom,soul_compass,CRYSTAL,SPELL,COEXIST,harmonic_weave,interaction_clash,1,1.000,1.000,1.000,1.000,1.000,1.000,,false,false,Independent forces coexist with a restrained harmonic weave.
life_bloom,soul_link,CRYSTAL,CRYSTAL,RESONATE,life_resonance,interaction_clash,3,1.120,1.120,1.100,1.100,1.050,1.050,LIFE,false,false,Shared aspects resonate with bounded potency and duration.
life_bloom,space_time,CRYSTAL,CRYSTAL,COEXIST,harmonic_weave,interaction_clash,1,1.000,1.000,1.000,1.000,1.000,1.000,,false,false,Independent forces coexist with a restrained harmonic weave.
life_bloom,speed_burst,CRYSTAL,INNATE,COEXIST,harmonic_weave,interaction_clash,1,1.000,1.000,1.000,1.000,1.000,1.000,,false,false,Independent forces coexist with a restrained harmonic weave.
life_bloom,starfall,CRYSTAL,INNATE,RESONATE,light_resonance,interaction_clash,3,1.120,1.120,1.100,1.100,1.050,1.050,LIGHT,false,false,Shared aspects resonate with bounded potency and duration.
life_bloom,super_speed,CRYSTAL,INNATE,COEXIST,harmonic_weave,interaction_clash,1,1.000,1.000,1.000,1.000,1.000,1.000,,false,false,Independent forces coexist with a restrained harmonic weave.
life_bloom,telekinesis,CRYSTAL,INNATE,COEXIST,harmonic_weave,interaction_clash,1,1.000,1.000,1.000,1.000,1.000,1.000,,false,false,Independent forces coexist with a restrained harmonic weave.
life_bloom,time_freeze,CRYSTAL,INNATE,COEXIST,harmonic_weave,interaction_clash,1,1.000,1.000,1.000,1.000,1.000,1.000,,false,false,Independent forces coexist with a restrained harmonic weave.
life_bloom,time_shift,CRYSTAL,INNATE,COEXIST,harmonic_weave,interaction_clash,1,1.000,1.000,1.000,1.000,1.000,1.000,,false,false,Independent forces coexist with a restrained harmonic weave.
life_bloom,tracking_mark,CRYSTAL,SPELL,RESONATE,light_resonance,interaction_clash,3,1.120,1.120,1.100,1.100,1.050,1.050,LIGHT,false,false,Shared aspects resonate with bounded potency and duration.
life_bloom,vessel_possession,CRYSTAL,INNATE,COEXIST,harmonic_weave,interaction_clash,1,1.000,1.000,1.000,1.000,1.000,1.000,,false,false,Independent forces coexist with a restrained harmonic weave.
life_bloom,vitality_transfer,CRYSTAL,SPELL,RESONATE,life_resonance,interaction_clash,3,1.120,1.120,1.100,1.100,1.050,1.050,LIFE,false,false,Shared aspects resonate with bounded potency and duration.
life_bloom,void_beam,CRYSTAL,INNATE,CONSUME,eclipse_break,interaction_clash,5,1.150,0.350,1.000,0.500,1.000,1.000,,false,true,The higher-priority force breaks the opposed aspect.
life_bloom,ward_breaking_ritual,CRYSTAL,SPELL,DAMPEN,counter_sigils,interaction_clash,2,0.550,1.000,0.550,1.000,1.000,1.000,,false,false,Suppression and action contest according to interaction priority.
life_bloom,weather_sigil,CRYSTAL,SPELL,COEXIST,harmonic_weave,interaction_clash,1,1.000,1.000,1.000,1.000,1.000,1.000,,false,false,Independent forces coexist with a restrained harmonic weave.
light_crystal,light_crystal,CRYSTAL,CRYSTAL,RESONATE,mind_resonance,interaction_clash,3,1.120,1.120,1.100,1.100,1.050,1.050,MIND,false,false,Shared aspects resonate with bounded potency and duration.
light_crystal,lightning_strike,CRYSTAL,INNATE,COEXIST,harmonic_weave,interaction_clash,1,1.000,1.000,1.000,1.000,1.000,1.000,,false,false,Independent forces coexist with a restrained harmonic weave.
light_crystal,middleworld,CRYSTAL,CRYSTAL,RESONATE,mind_resonance,interaction_clash,3,1.120,1.120,1.100,1.100,1.050,1.050,MIND,false,false,Shared aspects resonate with bounded potency and duration.
light_crystal,plant_healing_acceleration,CRYSTAL,INNATE,COEXIST,harmonic_weave,interaction_clash,1,1.000,1.000,1.000,1.000,1.000,1.000,,false,false,Independent forces coexist with a restrained harmonic weave.
light_crystal,portal_rift,CRYSTAL,CRYSTAL,COEXIST,harmonic_weave,interaction_clash,1,1.000,1.000,1.000,1.000,1.000,1.000,,false,false,Independent forces coexist with a restrained harmonic weave.
light_crystal,purification_circle,CRYSTAL,SPELL,DAMPEN,counter_sigils,interaction_clash,2,0.550,1.000,0.550,1.000,1.000,1.000,,false,false,Suppression and action contest according to interaction priority.
light_crystal,ritual_amplification,CRYSTAL,SPELL,COEXIST,harmonic_weave,interaction_clash,1,1.000,1.000,1.000,1.000,1.000,1.000,,false,false,Independent forces coexist with a restrained harmonic weave.
light_crystal,root_binding,CRYSTAL,SPELL,COEXIST,harmonic_weave,interaction_clash,1,1.000,1.000,1.000,1.000,1.000,1.000,,false,false,Independent forces coexist with a restrained harmonic weave.
light_crystal,sanctuary_growth,CRYSTAL,SPELL,COEXIST,harmonic_weave,interaction_clash,1,1.000,1.000,1.000,1.000,1.000,1.000,,false,false,Independent forces coexist with a restrained harmonic weave.
light_crystal,shadow_step,CRYSTAL,INNATE,CONSUME,eclipse_break,interaction_clash,5,1.150,0.350,1.000,0.500,1.000,1.000,,false,true,The higher-priority force breaks the opposed aspect.
light_crystal,size_shift,CRYSTAL,CRYSTAL,COEXIST,harmonic_weave,interaction_clash,1,1.000,1.000,1.000,1.000,1.000,1.000,,false,false,Independent forces coexist with a restrained harmonic weave.
light_crystal,slow_world,CRYSTAL,INNATE,COEXIST,harmonic_weave,interaction_clash,1,1.000,1.000,1.000,1.000,1.000,1.000,,false,false,Independent forces coexist with a restrained harmonic weave.
light_crystal,soul_compass,CRYSTAL,SPELL,RESONATE,mind_resonance,interaction_clash,3,1.120,1.120,1.100,1.100,1.050,1.050,MIND,false,false,Shared aspects resonate with bounded potency and duration.
light_crystal,soul_link,CRYSTAL,CRYSTAL,COEXIST,harmonic_weave,interaction_clash,1,1.000,1.000,1.000,1.000,1.000,1.000,,false,false,Independent forces coexist with a restrained harmonic weave.
light_crystal,space_time,CRYSTAL,CRYSTAL,COEXIST,harmonic_weave,interaction_clash,1,1.000,1.000,1.000,1.000,1.000,1.000,,false,false,Independent forces coexist with a restrained harmonic weave.
light_crystal,speed_burst,CRYSTAL,INNATE,COEXIST,harmonic_weave,interaction_clash,1,1.000,1.000,1.000,1.000,1.000,1.000,,false,false,Independent forces coexist with a restrained harmonic weave.
light_crystal,starfall,CRYSTAL,INNATE,RESONATE,light_resonance,interaction_clash,3,1.120,1.120,1.100,1.100,1.050,1.050,LIGHT,false,false,Shared aspects resonate with bounded potency and duration.
light_crystal,super_speed,CRYSTAL,INNATE,COEXIST,harmonic_weave,interaction_clash,1,1.000,1.000,1.000,1.000,1.000,1.000,,false,false,Independent forces coexist with a restrained harmonic weave.
light_crystal,telekinesis,CRYSTAL,INNATE,RESONATE,mind_resonance,interaction_clash,3,1.120,1.120,1.100,1.100,1.050,1.050,MIND,false,false,Shared aspects resonate with bounded potency and duration.
light_crystal,time_freeze,CRYSTAL,INNATE,COEXIST,harmonic_weave,interaction_clash,1,1.000,1.000,1.000,1.000,1.000,1.000,,false,false,Independent forces coexist with a restrained harmonic weave.
light_crystal,time_shift,CRYSTAL,INNATE,COEXIST,harmonic_weave,interaction_clash,1,1.000,1.000,1.000,1.000,1.000,1.000,,false,false,Independent forces coexist with a restrained harmonic weave.
light_crystal,tracking_mark,CRYSTAL,SPELL,RESONATE,light_resonance,interaction_clash,3,1.120,1.120,1.100,1.100,1.050,1.050,LIGHT,false,false,Shared aspects resonate with bounded potency and duration.
light_crystal,vessel_possession,CRYSTAL,INNATE,RESONATE,mind_resonance,interaction_clash,3,1.120,1.120,1.100,1.100,1.050,1.050,MIND,false,false,Shared aspects resonate with bounded potency and duration.
light_crystal,vitality_transfer,CRYSTAL,SPELL,COEXIST,harmonic_weave,interaction_clash,1,1.000,1.000,1.000,1.000,1.000,1.000,,false,false,Independent forces coexist with a restrained harmonic weave.
light_crystal,void_beam,CRYSTAL,INNATE,CONSUME,eclipse_break,interaction_clash,5,1.150,0.350,1.000,0.500,1.000,1.000,,false,true,The higher-priority force breaks the opposed aspect.
light_crystal,ward_breaking_ritual,CRYSTAL,SPELL,DAMPEN,counter_sigils,interaction_clash,2,0.550,1.000,0.550,1.000,1.000,1.000,,false,false,Suppression and action contest according to interaction priority.
light_crystal,weather_sigil,CRYSTAL,SPELL,COEXIST,harmonic_weave,interaction_clash,1,1.000,1.000,1.000,1.000,1.000,1.000,,false,false,Independent forces coexist with a restrained harmonic weave.
lightning_strike,lightning_strike,INNATE,INNATE,RESONATE,storm_resonance,interaction_clash,3,1.120,1.120,1.100,1.100,1.050,1.050,STORM,false,false,Shared aspects resonate with bounded potency and duration.
lightning_strike,middleworld,INNATE,CRYSTAL,COEXIST,harmonic_weave,interaction_clash,1,1.000,1.000,1.000,1.000,1.000,1.000,,false,false,Independent forces coexist with a restrained harmonic weave.
lightning_strike,plant_healing_acceleration,INNATE,INNATE,COEXIST,harmonic_weave,interaction_clash,1,1.000,1.000,1.000,1.000,1.000,1.000,,false,false,Independent forces coexist with a restrained harmonic weave.
lightning_strike,portal_rift,INNATE,CRYSTAL,DESTABILIZE,violent_interference,interaction_clash,4,1.050,1.050,0.750,0.750,1.000,1.000,,false,false,Colliding hostile forces intensify impact while shortening persistence.
lightning_strike,purification_circle,INNATE,SPELL,CANCEL,cleansing_rain,interaction_clash,4,0.000,1.000,0.000,1.000,0.000,1.000,,true,false,Purification unweaves the hostile residue.
lightning_strike,ritual_amplification,INNATE,SPELL,COEXIST,harmonic_weave,interaction_clash,1,1.000,1.000,1.000,1.000,1.000,1.000,,false,false,Independent forces coexist with a restrained harmonic weave.
lightning_strike,root_binding,INNATE,SPELL,COEXIST,harmonic_weave,interaction_clash,1,1.000,1.000,1.000,1.000,1.000,1.000,,false,false,Independent forces coexist with a restrained harmonic weave.
lightning_strike,sanctuary_growth,INNATE,SPELL,CONTEST,ward_clash,interaction_clash,3,0.800,0.800,0.800,0.800,1.000,1.000,,false,false,Defensive and harmful magic contest shield integrity and potency.
lightning_strike,shadow_step,INNATE,INNATE,COEXIST,harmonic_weave,interaction_clash,1,1.000,1.000,1.000,1.000,1.000,1.000,,false,false,Independent forces coexist with a restrained harmonic weave.
lightning_strike,size_shift,INNATE,CRYSTAL,COEXIST,harmonic_weave,interaction_clash,1,1.000,1.000,1.000,1.000,1.000,1.000,,false,false,Independent forces coexist with a restrained harmonic weave.
lightning_strike,slow_world,INNATE,INNATE,COEXIST,harmonic_weave,interaction_clash,1,1.000,1.000,1.000,1.000,1.000,1.000,,false,false,Independent forces coexist with a restrained harmonic weave.
lightning_strike,soul_compass,INNATE,SPELL,COEXIST,harmonic_weave,interaction_clash,1,1.000,1.000,1.000,1.000,1.000,1.000,,false,false,Independent forces coexist with a restrained harmonic weave.
lightning_strike,soul_link,INNATE,CRYSTAL,COEXIST,harmonic_weave,interaction_clash,1,1.000,1.000,1.000,1.000,1.000,1.000,,false,false,Independent forces coexist with a restrained harmonic weave.
lightning_strike,space_time,INNATE,CRYSTAL,COEXIST,harmonic_weave,interaction_clash,1,1.000,1.000,1.000,1.000,1.000,1.000,,false,false,Independent forces coexist with a restrained harmonic weave.
lightning_strike,speed_burst,INNATE,INNATE,COEXIST,harmonic_weave,interaction_clash,1,1.000,1.000,1.000,1.000,1.000,1.000,,false,false,Independent forces coexist with a restrained harmonic weave.
lightning_strike,starfall,INNATE,INNATE,RESONATE,storm_resonance,interaction_clash,3,1.120,1.120,1.100,1.100,1.050,1.050,STORM,false,false,Shared aspects resonate with bounded potency and duration.
lightning_strike,super_speed,INNATE,INNATE,COEXIST,harmonic_weave,interaction_clash,1,1.000,1.000,1.000,1.000,1.000,1.000,,false,false,Independent forces coexist with a restrained harmonic weave.
lightning_strike,telekinesis,INNATE,INNATE,COEXIST,harmonic_weave,interaction_clash,1,1.000,1.000,1.000,1.000,1.000,1.000,,false,false,Independent forces coexist with a restrained harmonic weave.
lightning_strike,time_freeze,INNATE,INNATE,COEXIST,harmonic_weave,interaction_clash,1,1.000,1.000,1.000,1.000,1.000,1.000,,false,false,Independent forces coexist with a restrained harmonic weave.
lightning_strike,time_shift,INNATE,INNATE,COEXIST,harmonic_weave,interaction_clash,1,1.000,1.000,1.000,1.000,1.000,1.000,,false,false,Independent forces coexist with a restrained harmonic weave.
lightning_strike,tracking_mark,INNATE,SPELL,COEXIST,harmonic_weave,interaction_clash,1,1.000,1.000,1.000,1.000,1.000,1.000,,false,false,Independent forces coexist with a restrained harmonic weave.
lightning_strike,vessel_possession,INNATE,INNATE,COEXIST,harmonic_weave,interaction_clash,1,1.000,1.000,1.000,1.000,1.000,1.000,,false,false,Independent forces coexist with a restrained harmonic weave.
lightning_strike,vitality_transfer,INNATE,SPELL,COEXIST,harmonic_weave,interaction_clash,1,1.000,1.000,1.000,1.000,1.000,1.000,,false,false,Independent forces coexist with a restrained harmonic weave.
lightning_strike,void_beam,INNATE,INNATE,DESTABILIZE,violent_interference,interaction_clash,4,1.050,1.050,0.750,0.750,1.000,1.000,,false,false,Colliding hostile forces intensify impact while shortening persistence.
lightning_strike,ward_breaking_ritual,INNATE,SPELL,DAMPEN,counter_sigils,interaction_clash,2,0.550,1.000,0.550,1.000,1.000,1.000,,false,false,Suppression and action contest according to interaction priority.
lightning_strike,weather_sigil,INNATE,SPELL,RESONATE,storm_resonance,interaction_clash,3,1.120,1.120,1.100,1.100,1.050,1.050,STORM,false,false,Shared aspects resonate with bounded potency and duration.
middleworld,middleworld,CRYSTAL,CRYSTAL,RESONATE,space_resonance,interaction_clash,3,1.120,1.120,1.100,1.100,1.050,1.050,SPACE,false,false,Shared aspects resonate with bounded potency and duration.
middleworld,plant_healing_acceleration,CRYSTAL,INNATE,COEXIST,harmonic_weave,interaction_clash,1,1.000,1.000,1.000,1.000,1.000,1.000,,false,false,Independent forces coexist with a restrained harmonic weave.
middleworld,portal_rift,CRYSTAL,CRYSTAL,RESONATE,space_resonance,interaction_clash,3,1.120,1.120,1.100,1.100,1.050,1.050,SPACE,false,false,Shared aspects resonate with bounded potency and duration.
middleworld,purification_circle,CRYSTAL,SPELL,DAMPEN,counter_sigils,interaction_clash,2,0.550,1.000,0.550,1.000,1.000,1.000,,false,false,Suppression and action contest according to interaction priority.
middleworld,ritual_amplification,CRYSTAL,SPELL,COEXIST,harmonic_weave,interaction_clash,1,1.000,1.000,1.000,1.000,1.000,1.000,,false,false,Independent forces coexist with a restrained harmonic weave.
middleworld,root_binding,CRYSTAL,SPELL,COEXIST,harmonic_weave,interaction_clash,1,1.000,1.000,1.000,1.000,1.000,1.000,,false,false,Independent forces coexist with a restrained harmonic weave.
middleworld,sanctuary_growth,CRYSTAL,SPELL,COEXIST,harmonic_weave,interaction_clash,1,1.000,1.000,1.000,1.000,1.000,1.000,,false,false,Independent forces coexist with a restrained harmonic weave.
middleworld,shadow_step,CRYSTAL,INNATE,COEXIST,harmonic_weave,interaction_clash,1,1.000,1.000,1.000,1.000,1.000,1.000,,false,false,Independent forces coexist with a restrained harmonic weave.
middleworld,size_shift,CRYSTAL,CRYSTAL,COEXIST,harmonic_weave,interaction_clash,1,1.000,1.000,1.000,1.000,1.000,1.000,,false,false,Independent forces coexist with a restrained harmonic weave.
middleworld,slow_world,CRYSTAL,INNATE,COEXIST,harmonic_weave,interaction_clash,1,1.000,1.000,1.000,1.000,1.000,1.000,,false,false,Independent forces coexist with a restrained harmonic weave.
middleworld,soul_compass,CRYSTAL,SPELL,RESONATE,mind_resonance,interaction_clash,3,1.120,1.120,1.100,1.100,1.050,1.050,MIND,false,false,Shared aspects resonate with bounded potency and duration.
middleworld,soul_link,CRYSTAL,CRYSTAL,COEXIST,harmonic_weave,interaction_clash,1,1.000,1.000,1.000,1.000,1.000,1.000,,false,false,Independent forces coexist with a restrained harmonic weave.
middleworld,space_time,CRYSTAL,CRYSTAL,RESONATE,space_resonance,interaction_clash,3,1.120,1.120,1.100,1.100,1.050,1.050,SPACE,false,false,Shared aspects resonate with bounded potency and duration.
middleworld,speed_burst,CRYSTAL,INNATE,COEXIST,harmonic_weave,interaction_clash,1,1.000,1.000,1.000,1.000,1.000,1.000,,false,false,Independent forces coexist with a restrained harmonic weave.
middleworld,starfall,CRYSTAL,INNATE,COEXIST,harmonic_weave,interaction_clash,1,1.000,1.000,1.000,1.000,1.000,1.000,,false,false,Independent forces coexist with a restrained harmonic weave.
middleworld,super_speed,CRYSTAL,INNATE,COEXIST,harmonic_weave,interaction_clash,1,1.000,1.000,1.000,1.000,1.000,1.000,,false,false,Independent forces coexist with a restrained harmonic weave.
middleworld,telekinesis,CRYSTAL,INNATE,RESONATE,mind_resonance,interaction_clash,3,1.120,1.120,1.100,1.100,1.050,1.050,MIND,false,false,Shared aspects resonate with bounded potency and duration.
middleworld,time_freeze,CRYSTAL,INNATE,COEXIST,harmonic_weave,interaction_clash,1,1.000,1.000,1.000,1.000,1.000,1.000,,false,false,Independent forces coexist with a restrained harmonic weave.
middleworld,time_shift,CRYSTAL,INNATE,RESONATE,space_resonance,interaction_clash,3,1.120,1.120,1.100,1.100,1.050,1.050,SPACE,false,false,Shared aspects resonate with bounded potency and duration.
middleworld,tracking_mark,CRYSTAL,SPELL,COEXIST,harmonic_weave,interaction_clash,1,1.000,1.000,1.000,1.000,1.000,1.000,,false,false,Independent forces coexist with a restrained harmonic weave.
middleworld,vessel_possession,CRYSTAL,INNATE,RESONATE,mind_resonance,interaction_clash,3,1.120,1.120,1.100,1.100,1.050,1.050,MIND,false,false,Shared aspects resonate with bounded potency and duration.
middleworld,vitality_transfer,CRYSTAL,SPELL,COEXIST,harmonic_weave,interaction_clash,1,1.000,1.000,1.000,1.000,1.000,1.000,,false,false,Independent forces coexist with a restrained harmonic weave.
middleworld,void_beam,CRYSTAL,INNATE,COEXIST,harmonic_weave,interaction_clash,1,1.000,1.000,1.000,1.000,1.000,1.000,,false,false,Independent forces coexist with a restrained harmonic weave.
middleworld,ward_breaking_ritual,CRYSTAL,SPELL,DAMPEN,counter_sigils,interaction_clash,2,0.550,1.000,0.550,1.000,1.000,1.000,,false,false,Suppression and action contest according to interaction priority.
middleworld,weather_sigil,CRYSTAL,SPELL,COEXIST,harmonic_weave,interaction_clash,1,1.000,1.000,1.000,1.000,1.000,1.000,,false,false,Independent forces coexist with a restrained harmonic weave.
plant_healing_acceleration,plant_healing_acceleration,INNATE,INNATE,RESONATE,life_resonance,interaction_clash,3,1.120,1.120,1.100,1.100,1.050,1.050,LIFE,false,false,Shared aspects resonate with bounded potency and duration.
plant_healing_acceleration,portal_rift,INNATE,CRYSTAL,COEXIST,harmonic_weave,interaction_clash,1,1.000,1.000,1.000,1.000,1.000,1.000,,false,false,Independent forces coexist with a restrained harmonic weave.
plant_healing_acceleration,purification_circle,INNATE,SPELL,DAMPEN,counter_sigils,interaction_clash,2,0.550,1.000,0.550,1.000,1.000,1.000,,false,false,Suppression and action contest according to interaction priority.
plant_healing_acceleration,ritual_amplification,INNATE,SPELL,AMPLIFY,concordant_bloom,interaction_clash,2,1.080,1.080,1.120,1.120,1.000,1.000,,false,false,Compatible support magic gains a capped cooperative resonance.
plant_healing_acceleration,root_binding,INNATE,SPELL,RESONATE,life_resonance,interaction_clash,3,1.120,1.120,1.100,1.100,1.050,1.050,LIFE,false,false,Shared aspects resonate with bounded potency and duration.
plant_healing_acceleration,sanctuary_growth,INNATE,SPELL,RESONATE,life_resonance,interaction_clash,3,1.120,1.120,1.100,1.100,1.050,1.050,LIFE,false,false,Shared aspects resonate with bounded potency and duration.
plant_healing_acceleration,shadow_step,INNATE,INNATE,CONTEST,withered_bloom,interaction_clash,3,0.800,0.800,0.800,0.800,1.000,1.000,,false,false,Life and corruption contest without deleting unrelated effects.
plant_healing_acceleration,size_shift,INNATE,CRYSTAL,COEXIST,harmonic_weave,interaction_clash,1,1.000,1.000,1.000,1.000,1.000,1.000,,false,false,Independent forces coexist with a restrained harmonic weave.
plant_healing_acceleration,slow_world,INNATE,INNATE,COEXIST,harmonic_weave,interaction_clash,1,1.000,1.000,1.000,1.000,1.000,1.000,,false,false,Independent forces coexist with a restrained harmonic weave.
plant_healing_acceleration,soul_compass,INNATE,SPELL,COEXIST,harmonic_weave,interaction_clash,1,1.000,1.000,1.000,1.000,1.000,1.000,,false,false,Independent forces coexist with a restrained harmonic weave.
plant_healing_acceleration,soul_link,INNATE,CRYSTAL,RESONATE,life_resonance,interaction_clash,3,1.120,1.120,1.100,1.100,1.050,1.050,LIFE,false,false,Shared aspects resonate with bounded potency and duration.
plant_healing_acceleration,space_time,INNATE,CRYSTAL,COEXIST,harmonic_weave,interaction_clash,1,1.000,1.000,1.000,1.000,1.000,1.000,,false,false,Independent forces coexist with a restrained harmonic weave.
plant_healing_acceleration,speed_burst,INNATE,INNATE,COEXIST,harmonic_weave,interaction_clash,1,1.000,1.000,1.000,1.000,1.000,1.000,,false,false,Independent forces coexist with a restrained harmonic weave.
plant_healing_acceleration,starfall,INNATE,INNATE,COEXIST,harmonic_weave,interaction_clash,1,1.000,1.000,1.000,1.000,1.000,1.000,,false,false,Independent forces coexist with a restrained harmonic weave.
plant_healing_acceleration,super_speed,INNATE,INNATE,COEXIST,harmonic_weave,interaction_clash,1,1.000,1.000,1.000,1.000,1.000,1.000,,false,false,Independent forces coexist with a restrained harmonic weave.
plant_healing_acceleration,telekinesis,INNATE,INNATE,COEXIST,harmonic_weave,interaction_clash,1,1.000,1.000,1.000,1.000,1.000,1.000,,false,false,Independent forces coexist with a restrained harmonic weave.
plant_healing_acceleration,time_freeze,INNATE,INNATE,COEXIST,harmonic_weave,interaction_clash,1,1.000,1.000,1.000,1.000,1.000,1.000,,false,false,Independent forces coexist with a restrained harmonic weave.
plant_healing_acceleration,time_shift,INNATE,INNATE,COEXIST,harmonic_weave,interaction_clash,1,1.000,1.000,1.000,1.000,1.000,1.000,,false,false,Independent forces coexist with a restrained harmonic weave.
plant_healing_acceleration,tracking_mark,INNATE,SPELL,COEXIST,harmonic_weave,interaction_clash,1,1.000,1.000,1.000,1.000,1.000,1.000,,false,false,Independent forces coexist with a restrained harmonic weave.
plant_healing_acceleration,vessel_possession,INNATE,INNATE,COEXIST,harmonic_weave,interaction_clash,1,1.000,1.000,1.000,1.000,1.000,1.000,,false,false,Independent forces coexist with a restrained harmonic weave.
plant_healing_acceleration,vitality_transfer,INNATE,SPELL,RESONATE,life_resonance,interaction_clash,3,1.120,1.120,1.100,1.100,1.050,1.050,LIFE,false,false,Shared aspects resonate with bounded potency and duration.
plant_healing_acceleration,void_beam,INNATE,INNATE,CONTEST,withered_bloom,interaction_clash,3,0.800,0.800,0.800,0.800,1.000,1.000,,false,false,Life and corruption contest without deleting unrelated effects.
plant_healing_acceleration,ward_breaking_ritual,INNATE,SPELL,DAMPEN,counter_sigils,interaction_clash,2,0.550,1.000,0.550,1.000,1.000,1.000,,false,false,Suppression and action contest according to interaction priority.
plant_healing_acceleration,weather_sigil,INNATE,SPELL,COEXIST,harmonic_weave,interaction_clash,1,1.000,1.000,1.000,1.000,1.000,1.000,,false,false,Independent forces coexist with a restrained harmonic weave.
portal_rift,portal_rift,CRYSTAL,CRYSTAL,RESONATE,force_resonance,interaction_clash,3,1.120,1.120,1.100,1.100,1.050,1.050,FORCE,false,false,Shared aspects resonate with bounded potency and duration.
portal_rift,purification_circle,CRYSTAL,SPELL,CANCEL,cleansing_rain,interaction_clash,4,0.000,1.000,0.000,1.000,0.000,1.000,,true,false,Purification unweaves the hostile residue.
portal_rift,ritual_amplification,CRYSTAL,SPELL,COEXIST,harmonic_weave,interaction_clash,1,1.000,1.000,1.000,1.000,1.000,1.000,,false,false,Independent forces coexist with a restrained harmonic weave.
portal_rift,root_binding,CRYSTAL,SPELL,RESONATE,force_resonance,interaction_clash,3,1.120,1.120,1.100,1.100,1.050,1.050,FORCE,false,false,Shared aspects resonate with bounded potency and duration.
portal_rift,sanctuary_growth,CRYSTAL,SPELL,CONTEST,ward_clash,interaction_clash,3,0.800,0.800,0.800,0.800,1.000,1.000,,false,false,Defensive and harmful magic contest shield integrity and potency.
portal_rift,shadow_step,CRYSTAL,INNATE,COEXIST,harmonic_weave,interaction_clash,1,1.000,1.000,1.000,1.000,1.000,1.000,,false,false,Independent forces coexist with a restrained harmonic weave.
portal_rift,size_shift,CRYSTAL,CRYSTAL,COEXIST,harmonic_weave,interaction_clash,1,1.000,1.000,1.000,1.000,1.000,1.000,,false,false,Independent forces coexist with a restrained harmonic weave.
portal_rift,slow_world,CRYSTAL,INNATE,COEXIST,harmonic_weave,interaction_clash,1,1.000,1.000,1.000,1.000,1.000,1.000,,false,false,Independent forces coexist with a restrained harmonic weave.
portal_rift,soul_compass,CRYSTAL,SPELL,COEXIST,harmonic_weave,interaction_clash,1,1.000,1.000,1.000,1.000,1.000,1.000,,false,false,Independent forces coexist with a restrained harmonic weave.
portal_rift,soul_link,CRYSTAL,CRYSTAL,COEXIST,harmonic_weave,interaction_clash,1,1.000,1.000,1.000,1.000,1.000,1.000,,false,false,Independent forces coexist with a restrained harmonic weave.
portal_rift,space_time,CRYSTAL,CRYSTAL,RESONATE,space_resonance,interaction_clash,3,1.120,1.120,1.100,1.100,1.050,1.050,SPACE,false,false,Shared aspects resonate with bounded potency and duration.
portal_rift,speed_burst,CRYSTAL,INNATE,RESONATE,force_resonance,interaction_clash,3,1.120,1.120,1.100,1.100,1.050,1.050,FORCE,false,false,Shared aspects resonate with bounded potency and duration.
portal_rift,starfall,CRYSTAL,INNATE,RESONATE,force_resonance,interaction_clash,3,1.120,1.120,1.100,1.100,1.050,1.050,FORCE,false,false,Shared aspects resonate with bounded potency and duration.
portal_rift,super_speed,CRYSTAL,INNATE,COEXIST,harmonic_weave,interaction_clash,1,1.000,1.000,1.000,1.000,1.000,1.000,,false,false,Independent forces coexist with a restrained harmonic weave.
portal_rift,telekinesis,CRYSTAL,INNATE,RESONATE,force_resonance,interaction_clash,3,1.120,1.120,1.100,1.100,1.050,1.050,FORCE,false,false,Shared aspects resonate with bounded potency and duration.
portal_rift,time_freeze,CRYSTAL,INNATE,COEXIST,harmonic_weave,interaction_clash,1,1.000,1.000,1.000,1.000,1.000,1.000,,false,false,Independent forces coexist with a restrained harmonic weave.
portal_rift,time_shift,CRYSTAL,INNATE,RESONATE,space_resonance,interaction_clash,3,1.120,1.120,1.100,1.100,1.050,1.050,SPACE,false,false,Shared aspects resonate with bounded potency and duration.
portal_rift,tracking_mark,CRYSTAL,SPELL,COEXIST,harmonic_weave,interaction_clash,1,1.000,1.000,1.000,1.000,1.000,1.000,,false,false,Independent forces coexist with a restrained harmonic weave.
portal_rift,vessel_possession,CRYSTAL,INNATE,COEXIST,harmonic_weave,interaction_clash,1,1.000,1.000,1.000,1.000,1.000,1.000,,false,false,Independent forces coexist with a restrained harmonic weave.
portal_rift,vitality_transfer,CRYSTAL,SPELL,COEXIST,harmonic_weave,interaction_clash,1,1.000,1.000,1.000,1.000,1.000,1.000,,false,false,Independent forces coexist with a restrained harmonic weave.
portal_rift,void_beam,CRYSTAL,INNATE,DESTABILIZE,violent_interference,interaction_clash,4,1.050,1.050,0.750,0.750,1.000,1.000,,false,false,Colliding hostile forces intensify impact while shortening persistence.
portal_rift,ward_breaking_ritual,CRYSTAL,SPELL,DAMPEN,counter_sigils,interaction_clash,2,0.550,1.000,0.550,1.000,1.000,1.000,,false,false,Suppression and action contest according to interaction priority.
portal_rift,weather_sigil,CRYSTAL,SPELL,COEXIST,harmonic_weave,interaction_clash,1,1.000,1.000,1.000,1.000,1.000,1.000,,false,false,Independent forces coexist with a restrained harmonic weave.
purification_circle,purification_circle,SPELL,SPELL,RESONATE,sealed_resonance,interaction_clash,2,0.850,0.850,0.850,0.850,1.000,1.000,,false,false,Suppression fields reinforce while slightly damping one another.
purification_circle,ritual_amplification,SPELL,SPELL,DAMPEN,counter_sigils,interaction_clash,2,1.000,0.550,1.000,0.550,1.000,1.000,,false,false,Suppression and action contest according to interaction priority.
purification_circle,root_binding,SPELL,SPELL,DAMPEN,counter_sigils,interaction_clash,2,1.000,0.550,1.000,0.550,1.000,1.000,,false,false,Suppression and action contest according to interaction priority.
purification_circle,sanctuary_growth,SPELL,SPELL,DAMPEN,counter_sigils,interaction_clash,2,1.000,0.550,1.000,0.550,1.000,1.000,,false,false,Suppression and action contest according to interaction priority.
purification_circle,shadow_step,SPELL,INNATE,CANCEL,cleansing_rain,interaction_clash,4,1.000,0.000,1.000,0.000,1.000,0.000,,false,true,Purification unweaves the hostile residue.
purification_circle,size_shift,SPELL,CRYSTAL,DAMPEN,counter_sigils,interaction_clash,2,1.000,0.550,1.000,0.550,1.000,1.000,,false,false,Suppression and action contest according to interaction priority.
purification_circle,slow_world,SPELL,INNATE,DAMPEN,counter_sigils,interaction_clash,2,1.000,0.550,1.000,0.550,1.000,1.000,,false,false,Suppression and action contest according to interaction priority.
purification_circle,soul_compass,SPELL,SPELL,DAMPEN,counter_sigils,interaction_clash,2,1.000,0.550,1.000,0.550,1.000,1.000,,false,false,Suppression and action contest according to interaction priority.
purification_circle,soul_link,SPELL,CRYSTAL,CANCEL,purifying_severance,interaction_clash,4,0.000,0.000,0.000,0.000,0.000,0.000,,true,true,Purification severs the active soul tether.
purification_circle,space_time,SPELL,CRYSTAL,DAMPEN,counter_sigils,interaction_clash,2,1.000,0.550,1.000,0.550,1.000,1.000,,false,false,Suppression and action contest according to interaction priority.
purification_circle,speed_burst,SPELL,INNATE,DAMPEN,counter_sigils,interaction_clash,2,1.000,0.550,1.000,0.550,1.000,1.000,,false,false,Suppression and action contest according to interaction priority.
purification_circle,starfall,SPELL,INNATE,CANCEL,cleansing_rain,interaction_clash,4,1.000,0.000,1.000,0.000,1.000,0.000,,false,true,Purification unweaves the hostile residue.
purification_circle,super_speed,SPELL,INNATE,DAMPEN,counter_sigils,interaction_clash,2,1.000,0.550,1.000,0.550,1.000,1.000,,false,false,Suppression and action contest according to interaction priority.
purification_circle,telekinesis,SPELL,INNATE,DAMPEN,counter_sigils,interaction_clash,2,1.000,0.550,1.000,0.550,1.000,1.000,,false,false,Suppression and action contest according to interaction priority.
purification_circle,time_freeze,SPELL,INNATE,DAMPEN,counter_sigils,interaction_clash,2,1.000,0.550,1.000,0.550,1.000,1.000,,false,false,Suppression and action contest according to interaction priority.
purification_circle,time_shift,SPELL,INNATE,DAMPEN,counter_sigils,interaction_clash,2,1.000,0.550,1.000,0.550,1.000,1.000,,false,false,Suppression and action contest according to interaction priority.
purification_circle,tracking_mark,SPELL,SPELL,DAMPEN,counter_sigils,interaction_clash,2,1.000,0.550,1.000,0.550,1.000,1.000,,false,false,Suppression and action contest according to interaction priority.
purification_circle,vessel_possession,SPELL,INNATE,DAMPEN,counter_sigils,interaction_clash,2,1.000,0.550,1.000,0.550,1.000,1.000,,false,false,Suppression and action contest according to interaction priority.
purification_circle,vitality_transfer,SPELL,SPELL,DAMPEN,counter_sigils,interaction_clash,2,1.000,0.550,1.000,0.550,1.000,1.000,,false,false,Suppression and action contest according to interaction priority.
purification_circle,void_beam,SPELL,INNATE,CANCEL,cleansing_rain,interaction_clash,4,1.000,0.000,1.000,0.000,1.000,0.000,,false,true,Purification unweaves the hostile residue.
purification_circle,ward_breaking_ritual,SPELL,SPELL,RESONATE,sealed_resonance,interaction_clash,2,0.850,0.850,0.850,0.850,1.000,1.000,,false,false,Suppression fields reinforce while slightly damping one another.
purification_circle,weather_sigil,SPELL,SPELL,DAMPEN,counter_sigils,interaction_clash,2,1.000,0.550,1.000,0.550,1.000,1.000,,false,false,Suppression and action contest according to interaction priority.
ritual_amplification,ritual_amplification,SPELL,SPELL,RESONATE,soul_resonance,interaction_clash,3,1.120,1.120,1.100,1.100,1.050,1.050,SOUL,false,false,Shared aspects resonate with bounded potency and duration.
ritual_amplification,root_binding,SPELL,SPELL,COEXIST,harmonic_weave,interaction_clash,1,1.000,1.000,1.000,1.000,1.000,1.000,,false,false,Independent forces coexist with a restrained harmonic weave.
ritual_amplification,sanctuary_growth,SPELL,SPELL,COEXIST,harmonic_weave,interaction_clash,1,1.000,1.000,1.000,1.000,1.000,1.000,,false,false,Independent forces coexist with a restrained harmonic weave.
ritual_amplification,shadow_step,SPELL,INNATE,COEXIST,harmonic_weave,interaction_clash,1,1.000,1.000,1.000,1.000,1.000,1.000,,false,false,Independent forces coexist with a restrained harmonic weave.
ritual_amplification,size_shift,SPELL,CRYSTAL,RESONATE,creation_resonance,interaction_clash,3,1.120,1.120,1.100,1.100,1.050,1.050,CREATION,false,false,Shared aspects resonate with bounded potency and duration.
ritual_amplification,slow_world,SPELL,INNATE,COEXIST,harmonic_weave,interaction_clash,1,1.000,1.000,1.000,1.000,1.000,1.000,,false,false,Independent forces coexist with a restrained harmonic weave.
ritual_amplification,soul_compass,SPELL,SPELL,RESONATE,soul_resonance,interaction_clash,3,1.120,1.120,1.100,1.100,1.050,1.050,SOUL,false,false,Shared aspects resonate with bounded potency and duration.
ritual_amplification,soul_link,SPELL,CRYSTAL,RESONATE,soul_resonance,interaction_clash,3,1.120,1.120,1.100,1.100,1.050,1.050,SOUL,false,false,Shared aspects resonate with bounded potency and duration.
ritual_amplification,space_time,SPELL,CRYSTAL,COEXIST,harmonic_weave,interaction_clash,1,1.000,1.000,1.000,1.000,1.000,1.000,,false,false,Independent forces coexist with a restrained harmonic weave.
ritual_amplification,speed_burst,SPELL,INNATE,COEXIST,harmonic_weave,interaction_clash,1,1.000,1.000,1.000,1.000,1.000,1.000,,false,false,Independent forces coexist with a restrained harmonic weave.
ritual_amplification,starfall,SPELL,INNATE,COEXIST,harmonic_weave,interaction_clash,1,1.000,1.000,1.000,1.000,1.000,1.000,,false,false,Independent forces coexist with a restrained harmonic weave.
ritual_amplification,super_speed,SPELL,INNATE,COEXIST,harmonic_weave,interaction_clash,1,1.000,1.000,1.000,1.000,1.000,1.000,,false,false,Independent forces coexist with a restrained harmonic weave.
ritual_amplification,telekinesis,SPELL,INNATE,COEXIST,harmonic_weave,interaction_clash,1,1.000,1.000,1.000,1.000,1.000,1.000,,false,false,Independent forces coexist with a restrained harmonic weave.
ritual_amplification,time_freeze,SPELL,INNATE,COEXIST,harmonic_weave,interaction_clash,1,1.000,1.000,1.000,1.000,1.000,1.000,,false,false,Independent forces coexist with a restrained harmonic weave.
ritual_amplification,time_shift,SPELL,INNATE,COEXIST,harmonic_weave,interaction_clash,1,1.000,1.000,1.000,1.000,1.000,1.000,,false,false,Independent forces coexist with a restrained harmonic weave.
ritual_amplification,tracking_mark,SPELL,SPELL,RESONATE,soul_resonance,interaction_clash,3,1.120,1.120,1.100,1.100,1.050,1.050,SOUL,false,false,Shared aspects resonate with bounded potency and duration.
ritual_amplification,vessel_possession,SPELL,INNATE,RESONATE,soul_resonance,interaction_clash,3,1.120,1.120,1.100,1.100,1.050,1.050,SOUL,false,false,Shared aspects resonate with bounded potency and duration.
ritual_amplification,vitality_transfer,SPELL,SPELL,RESONATE,soul_resonance,interaction_clash,3,1.120,1.120,1.100,1.100,1.050,1.050,SOUL,false,false,Shared aspects resonate with bounded potency and duration.
ritual_amplification,void_beam,SPELL,INNATE,COEXIST,harmonic_weave,interaction_clash,1,1.000,1.000,1.000,1.000,1.000,1.000,,false,false,Independent forces coexist with a restrained harmonic weave.
ritual_amplification,ward_breaking_ritual,SPELL,SPELL,DAMPEN,counter_sigils,interaction_clash,2,0.550,1.000,0.550,1.000,1.000,1.000,,false,false,Suppression and action contest according to interaction priority.
ritual_amplification,weather_sigil,SPELL,SPELL,RESONATE,creation_resonance,interaction_clash,3,1.120,1.120,1.100,1.100,1.050,1.050,CREATION,false,false,Shared aspects resonate with bounded potency and duration.
root_binding,root_binding,SPELL,SPELL,RESONATE,force_resonance,interaction_clash,3,1.120,1.120,1.100,1.100,1.050,1.050,FORCE,false,false,Shared aspects resonate with bounded potency and duration.
root_binding,sanctuary_growth,SPELL,SPELL,RESONATE,life_resonance,interaction_clash,3,1.120,1.120,1.100,1.100,1.050,1.050,LIFE,false,false,Shared aspects resonate with bounded potency and duration.
root_binding,shadow_step,SPELL,INNATE,CONTEST,withered_bloom,interaction_clash,3,0.800,0.800,0.800,0.800,1.000,1.000,,false,false,Life and corruption contest without deleting unrelated effects.
root_binding,size_shift,SPELL,CRYSTAL,COEXIST,harmonic_weave,interaction_clash,1,1.000,1.000,1.000,1.000,1.000,1.000,,false,false,Independent forces coexist with a restrained harmonic weave.
root_binding,slow_world,SPELL,INNATE,COEXIST,harmonic_weave,interaction_clash,1,1.000,1.000,1.000,1.000,1.000,1.000,,false,false,Independent forces coexist with a restrained harmonic weave.
root_binding,soul_compass,SPELL,SPELL,COEXIST,harmonic_weave,interaction_clash,1,1.000,1.000,1.000,1.000,1.000,1.000,,false,false,Independent forces coexist with a restrained harmonic weave.
root_binding,soul_link,SPELL,CRYSTAL,RESONATE,life_resonance,interaction_clash,3,1.120,1.120,1.100,1.100,1.050,1.050,LIFE,false,false,Shared aspects resonate with bounded potency and duration.
root_binding,space_time,SPELL,CRYSTAL,COEXIST,harmonic_weave,interaction_clash,1,1.000,1.000,1.000,1.000,1.000,1.000,,false,false,Independent forces coexist with a restrained harmonic weave.
root_binding,speed_burst,SPELL,INNATE,RESONATE,force_resonance,interaction_clash,3,1.120,1.120,1.100,1.100,1.050,1.050,FORCE,false,false,Shared aspects resonate with bounded potency and duration.
root_binding,starfall,SPELL,INNATE,RESONATE,force_resonance,interaction_clash,3,1.120,1.120,1.100,1.100,1.050,1.050,FORCE,false,false,Shared aspects resonate with bounded potency and duration.
root_binding,super_speed,SPELL,INNATE,COEXIST,harmonic_weave,interaction_clash,1,1.000,1.000,1.000,1.000,1.000,1.000,,false,false,Independent forces coexist with a restrained harmonic weave.
root_binding,telekinesis,SPELL,INNATE,RESONATE,force_resonance,interaction_clash,3,1.120,1.120,1.100,1.100,1.050,1.050,FORCE,false,false,Shared aspects resonate with bounded potency and duration.
root_binding,time_freeze,SPELL,INNATE,COEXIST,harmonic_weave,interaction_clash,1,1.000,1.000,1.000,1.000,1.000,1.000,,false,false,Independent forces coexist with a restrained harmonic weave.
root_binding,time_shift,SPELL,INNATE,COEXIST,harmonic_weave,interaction_clash,1,1.000,1.000,1.000,1.000,1.000,1.000,,false,false,Independent forces coexist with a restrained harmonic weave.
root_binding,tracking_mark,SPELL,SPELL,COEXIST,harmonic_weave,interaction_clash,1,1.000,1.000,1.000,1.000,1.000,1.000,,false,false,Independent forces coexist with a restrained harmonic weave.
root_binding,vessel_possession,SPELL,INNATE,COEXIST,harmonic_weave,interaction_clash,1,1.000,1.000,1.000,1.000,1.000,1.000,,false,false,Independent forces coexist with a restrained harmonic weave.
root_binding,vitality_transfer,SPELL,SPELL,RESONATE,life_resonance,interaction_clash,3,1.120,1.120,1.100,1.100,1.050,1.050,LIFE,false,false,Shared aspects resonate with bounded potency and duration.
root_binding,void_beam,SPELL,INNATE,CONTEST,withered_bloom,interaction_clash,3,0.800,0.800,0.800,0.800,1.000,1.000,,false,false,Life and corruption contest without deleting unrelated effects.
root_binding,ward_breaking_ritual,SPELL,SPELL,DAMPEN,counter_sigils,interaction_clash,2,0.550,1.000,0.550,1.000,1.000,1.000,,false,false,Suppression and action contest according to interaction priority.
root_binding,weather_sigil,SPELL,SPELL,COEXIST,harmonic_weave,interaction_clash,1,1.000,1.000,1.000,1.000,1.000,1.000,,false,false,Independent forces coexist with a restrained harmonic weave.
sanctuary_growth,sanctuary_growth,SPELL,SPELL,RESONATE,life_resonance,interaction_clash,3,1.120,1.120,1.100,1.100,1.050,1.050,LIFE,false,false,Shared aspects resonate with bounded potency and duration.
sanctuary_growth,shadow_step,SPELL,INNATE,CONTEST,withered_bloom,interaction_clash,3,0.800,0.800,0.800,0.800,1.000,1.000,,false,false,Life and corruption contest without deleting unrelated effects.
sanctuary_growth,size_shift,SPELL,CRYSTAL,COEXIST,harmonic_weave,interaction_clash,1,1.000,1.000,1.000,1.000,1.000,1.000,,false,false,Independent forces coexist with a restrained harmonic weave.
sanctuary_growth,slow_world,SPELL,INNATE,COEXIST,harmonic_weave,interaction_clash,1,1.000,1.000,1.000,1.000,1.000,1.000,,false,false,Independent forces coexist with a restrained harmonic weave.
sanctuary_growth,soul_compass,SPELL,SPELL,COEXIST,harmonic_weave,interaction_clash,1,1.000,1.000,1.000,1.000,1.000,1.000,,false,false,Independent forces coexist with a restrained harmonic weave.
sanctuary_growth,soul_link,SPELL,CRYSTAL,RESONATE,life_resonance,interaction_clash,3,1.120,1.120,1.100,1.100,1.050,1.050,LIFE,false,false,Shared aspects resonate with bounded potency and duration.
sanctuary_growth,space_time,SPELL,CRYSTAL,COEXIST,harmonic_weave,interaction_clash,1,1.000,1.000,1.000,1.000,1.000,1.000,,false,false,Independent forces coexist with a restrained harmonic weave.
sanctuary_growth,speed_burst,SPELL,INNATE,COEXIST,harmonic_weave,interaction_clash,1,1.000,1.000,1.000,1.000,1.000,1.000,,false,false,Independent forces coexist with a restrained harmonic weave.
sanctuary_growth,starfall,SPELL,INNATE,CONTEST,ward_clash,interaction_clash,3,0.800,0.800,0.800,0.800,1.000,1.000,,false,false,Defensive and harmful magic contest shield integrity and potency.
sanctuary_growth,super_speed,SPELL,INNATE,COEXIST,harmonic_weave,interaction_clash,1,1.000,1.000,1.000,1.000,1.000,1.000,,false,false,Independent forces coexist with a restrained harmonic weave.
sanctuary_growth,telekinesis,SPELL,INNATE,COEXIST,harmonic_weave,interaction_clash,1,1.000,1.000,1.000,1.000,1.000,1.000,,false,false,Independent forces coexist with a restrained harmonic weave.
sanctuary_growth,time_freeze,SPELL,INNATE,COEXIST,harmonic_weave,interaction_clash,1,1.000,1.000,1.000,1.000,1.000,1.000,,false,false,Independent forces coexist with a restrained harmonic weave.
sanctuary_growth,time_shift,SPELL,INNATE,COEXIST,harmonic_weave,interaction_clash,1,1.000,1.000,1.000,1.000,1.000,1.000,,false,false,Independent forces coexist with a restrained harmonic weave.
sanctuary_growth,tracking_mark,SPELL,SPELL,COEXIST,harmonic_weave,interaction_clash,1,1.000,1.000,1.000,1.000,1.000,1.000,,false,false,Independent forces coexist with a restrained harmonic weave.
sanctuary_growth,vessel_possession,SPELL,INNATE,COEXIST,harmonic_weave,interaction_clash,1,1.000,1.000,1.000,1.000,1.000,1.000,,false,false,Independent forces coexist with a restrained harmonic weave.
sanctuary_growth,vitality_transfer,SPELL,SPELL,RESONATE,life_resonance,interaction_clash,3,1.120,1.120,1.100,1.100,1.050,1.050,LIFE,false,false,Shared aspects resonate with bounded potency and duration.
sanctuary_growth,void_beam,SPELL,INNATE,CONTEST,withered_bloom,interaction_clash,3,0.800,0.800,0.800,0.800,1.000,1.000,,false,false,Life and corruption contest without deleting unrelated effects.
sanctuary_growth,ward_breaking_ritual,SPELL,SPELL,DAMPEN,counter_sigils,interaction_clash,2,0.550,1.000,0.550,1.000,1.000,1.000,,false,false,Suppression and action contest according to interaction priority.
sanctuary_growth,weather_sigil,SPELL,SPELL,COEXIST,harmonic_weave,interaction_clash,1,1.000,1.000,1.000,1.000,1.000,1.000,,false,false,Independent forces coexist with a restrained harmonic weave.
shadow_step,shadow_step,INNATE,INNATE,RESONATE,motion_resonance,interaction_clash,3,1.120,1.120,1.100,1.100,1.050,1.050,MOTION,false,false,Shared aspects resonate with bounded potency and duration.
shadow_step,size_shift,INNATE,CRYSTAL,COEXIST,harmonic_weave,interaction_clash,1,1.000,1.000,1.000,1.000,1.000,1.000,,false,false,Independent forces coexist with a restrained harmonic weave.
shadow_step,slow_world,INNATE,INNATE,RESONATE,motion_resonance,interaction_clash,3,1.120,1.120,1.100,1.100,1.050,1.050,MOTION,false,false,Shared aspects resonate with bounded potency and duration.
shadow_step,soul_compass,INNATE,SPELL,COEXIST,harmonic_weave,interaction_clash,1,1.000,1.000,1.000,1.000,1.000,1.000,,false,false,Independent forces coexist with a restrained harmonic weave.
shadow_step,soul_link,INNATE,CRYSTAL,CONTEST,withered_bloom,interaction_clash,3,0.800,0.800,0.800,0.800,1.000,1.000,,false,false,Life and corruption contest without deleting unrelated effects.
shadow_step,space_time,INNATE,CRYSTAL,COEXIST,harmonic_weave,interaction_clash,1,1.000,1.000,1.000,1.000,1.000,1.000,,false,false,Independent forces coexist with a restrained harmonic weave.
shadow_step,speed_burst,INNATE,INNATE,RESONATE,motion_resonance,interaction_clash,3,1.120,1.120,1.100,1.100,1.050,1.050,MOTION,false,false,Shared aspects resonate with bounded potency and duration.
shadow_step,starfall,INNATE,INNATE,CONTEST,eclipse,interaction_clash,5,0.700,0.700,0.700,0.700,1.000,1.000,,false,false,Balanced light and darkness become a revealing eclipse.
shadow_step,super_speed,INNATE,INNATE,RESONATE,motion_resonance,interaction_clash,3,1.120,1.120,1.100,1.100,1.050,1.050,MOTION,false,false,Shared aspects resonate with bounded potency and duration.
shadow_step,telekinesis,INNATE,INNATE,COEXIST,harmonic_weave,interaction_clash,1,1.000,1.000,1.000,1.000,1.000,1.000,,false,false,Independent forces coexist with a restrained harmonic weave.
shadow_step,time_freeze,INNATE,INNATE,COEXIST,harmonic_weave,interaction_clash,1,1.000,1.000,1.000,1.000,1.000,1.000,,false,false,Independent forces coexist with a restrained harmonic weave.
shadow_step,time_shift,INNATE,INNATE,COEXIST,harmonic_weave,interaction_clash,1,1.000,1.000,1.000,1.000,1.000,1.000,,false,false,Independent forces coexist with a restrained harmonic weave.
shadow_step,tracking_mark,INNATE,SPELL,CONSUME,eclipse_break,interaction_clash,5,0.350,1.150,0.500,1.000,1.000,1.000,,true,false,The higher-priority force breaks the opposed aspect.
shadow_step,vessel_possession,INNATE,INNATE,COEXIST,harmonic_weave,interaction_clash,1,1.000,1.000,1.000,1.000,1.000,1.000,,false,false,Independent forces coexist with a restrained harmonic weave.
shadow_step,vitality_transfer,INNATE,SPELL,CONTEST,withered_bloom,interaction_clash,3,0.800,0.800,0.800,0.800,1.000,1.000,,false,false,Life and corruption contest without deleting unrelated effects.
shadow_step,void_beam,INNATE,INNATE,RESONATE,darkness_resonance,interaction_clash,3,1.120,1.120,1.100,1.100,1.050,1.050,DARKNESS,false,false,Shared aspects resonate with bounded potency and duration.
shadow_step,ward_breaking_ritual,INNATE,SPELL,DAMPEN,counter_sigils,interaction_clash,2,0.550,1.000,0.550,1.000,1.000,1.000,,false,false,Suppression and action contest according to interaction priority.
shadow_step,weather_sigil,INNATE,SPELL,COEXIST,harmonic_weave,interaction_clash,1,1.000,1.000,1.000,1.000,1.000,1.000,,false,false,Independent forces coexist with a restrained harmonic weave.
size_shift,size_shift,CRYSTAL,CRYSTAL,RESONATE,gravity_resonance,interaction_clash,3,1.120,1.120,1.100,1.100,1.050,1.050,GRAVITY,false,false,Shared aspects resonate with bounded potency and duration.
size_shift,slow_world,CRYSTAL,INNATE,COEXIST,harmonic_weave,interaction_clash,1,1.000,1.000,1.000,1.000,1.000,1.000,,false,false,Independent forces coexist with a restrained harmonic weave.
size_shift,soul_compass,CRYSTAL,SPELL,COEXIST,harmonic_weave,interaction_clash,1,1.000,1.000,1.000,1.000,1.000,1.000,,false,false,Independent forces coexist with a restrained harmonic weave.
size_shift,soul_link,CRYSTAL,CRYSTAL,COEXIST,harmonic_weave,interaction_clash,1,1.000,1.000,1.000,1.000,1.000,1.000,,false,false,Independent forces coexist with a restrained harmonic weave.
size_shift,space_time,CRYSTAL,CRYSTAL,COEXIST,harmonic_weave,interaction_clash,1,1.000,1.000,1.000,1.000,1.000,1.000,,false,false,Independent forces coexist with a restrained harmonic weave.
size_shift,speed_burst,CRYSTAL,INNATE,COEXIST,harmonic_weave,interaction_clash,1,1.000,1.000,1.000,1.000,1.000,1.000,,false,false,Independent forces coexist with a restrained harmonic weave.
size_shift,starfall,CRYSTAL,INNATE,COEXIST,harmonic_weave,interaction_clash,1,1.000,1.000,1.000,1.000,1.000,1.000,,false,false,Independent forces coexist with a restrained harmonic weave.
size_shift,super_speed,CRYSTAL,INNATE,COEXIST,harmonic_weave,interaction_clash,1,1.000,1.000,1.000,1.000,1.000,1.000,,false,false,Independent forces coexist with a restrained harmonic weave.
size_shift,telekinesis,CRYSTAL,INNATE,COEXIST,harmonic_weave,interaction_clash,1,1.000,1.000,1.000,1.000,1.000,1.000,,false,false,Independent forces coexist with a restrained harmonic weave.
size_shift,time_freeze,CRYSTAL,INNATE,COEXIST,harmonic_weave,interaction_clash,1,1.000,1.000,1.000,1.000,1.000,1.000,,false,false,Independent forces coexist with a restrained harmonic weave.
size_shift,time_shift,CRYSTAL,INNATE,COEXIST,harmonic_weave,interaction_clash,1,1.000,1.000,1.000,1.000,1.000,1.000,,false,false,Independent forces coexist with a restrained harmonic weave.
size_shift,tracking_mark,CRYSTAL,SPELL,COEXIST,harmonic_weave,interaction_clash,1,1.000,1.000,1.000,1.000,1.000,1.000,,false,false,Independent forces coexist with a restrained harmonic weave.
size_shift,vessel_possession,CRYSTAL,INNATE,COEXIST,harmonic_weave,interaction_clash,1,1.000,1.000,1.000,1.000,1.000,1.000,,false,false,Independent forces coexist with a restrained harmonic weave.
size_shift,vitality_transfer,CRYSTAL,SPELL,COEXIST,harmonic_weave,interaction_clash,1,1.000,1.000,1.000,1.000,1.000,1.000,,false,false,Independent forces coexist with a restrained harmonic weave.
size_shift,void_beam,CRYSTAL,INNATE,COEXIST,harmonic_weave,interaction_clash,1,1.000,1.000,1.000,1.000,1.000,1.000,,false,false,Independent forces coexist with a restrained harmonic weave.
size_shift,ward_breaking_ritual,CRYSTAL,SPELL,DAMPEN,counter_sigils,interaction_clash,2,0.550,1.000,0.550,1.000,1.000,1.000,,false,false,Suppression and action contest according to interaction priority.
size_shift,weather_sigil,CRYSTAL,SPELL,RESONATE,creation_resonance,interaction_clash,3,1.120,1.120,1.100,1.100,1.050,1.050,CREATION,false,false,Shared aspects resonate with bounded potency and duration.
slow_world,slow_world,INNATE,INNATE,RESONATE,motion_resonance,interaction_clash,3,1.120,1.120,1.100,1.100,1.050,1.050,MOTION,false,false,Shared aspects resonate with bounded potency and duration.
slow_world,soul_compass,INNATE,SPELL,COEXIST,harmonic_weave,interaction_clash,1,1.000,1.000,1.000,1.000,1.000,1.000,,false,false,Independent forces coexist with a restrained harmonic weave.
slow_world,soul_link,INNATE,CRYSTAL,COEXIST,harmonic_weave,interaction_clash,1,1.000,1.000,1.000,1.000,1.000,1.000,,false,false,Independent forces coexist with a restrained harmonic weave.
slow_world,space_time,INNATE,CRYSTAL,RESONATE,time_resonance,interaction_clash,3,1.120,1.120,1.100,1.100,1.050,1.050,TIME,false,false,Shared aspects resonate with bounded potency and duration.
slow_world,speed_burst,INNATE,INNATE,RESONATE,motion_resonance,interaction_clash,3,1.120,1.120,1.100,1.100,1.050,1.050,MOTION,false,false,Shared aspects resonate with bounded potency and duration.
slow_world,starfall,INNATE,INNATE,COEXIST,harmonic_weave,interaction_clash,1,1.000,1.000,1.000,1.000,1.000,1.000,,false,false,Independent forces coexist with a restrained harmonic weave.
slow_world,super_speed,INNATE,INNATE,RESONATE,motion_resonance,interaction_clash,3,1.120,1.120,1.100,1.100,1.050,1.050,MOTION,false,false,Shared aspects resonate with bounded potency and duration.
slow_world,telekinesis,INNATE,INNATE,COEXIST,harmonic_weave,interaction_clash,1,1.000,1.000,1.000,1.000,1.000,1.000,,false,false,Independent forces coexist with a restrained harmonic weave.
slow_world,time_freeze,INNATE,INNATE,RESONATE,time_resonance,interaction_clash,3,1.120,1.120,1.100,1.100,1.050,1.050,TIME,false,false,Shared aspects resonate with bounded potency and duration.
slow_world,time_shift,INNATE,INNATE,RESONATE,time_resonance,interaction_clash,3,1.120,1.120,1.100,1.100,1.050,1.050,TIME,false,false,Shared aspects resonate with bounded potency and duration.
slow_world,tracking_mark,INNATE,SPELL,COEXIST,harmonic_weave,interaction_clash,1,1.000,1.000,1.000,1.000,1.000,1.000,,false,false,Independent forces coexist with a restrained harmonic weave.
slow_world,vessel_possession,INNATE,INNATE,COEXIST,harmonic_weave,interaction_clash,1,1.000,1.000,1.000,1.000,1.000,1.000,,false,false,Independent forces coexist with a restrained harmonic weave.
slow_world,vitality_transfer,INNATE,SPELL,COEXIST,harmonic_weave,interaction_clash,1,1.000,1.000,1.000,1.000,1.000,1.000,,false,false,Independent forces coexist with a restrained harmonic weave.
slow_world,void_beam,INNATE,INNATE,COEXIST,harmonic_weave,interaction_clash,1,1.000,1.000,1.000,1.000,1.000,1.000,,false,false,Independent forces coexist with a restrained harmonic weave.
slow_world,ward_breaking_ritual,INNATE,SPELL,DAMPEN,counter_sigils,interaction_clash,2,0.550,1.000,0.550,1.000,1.000,1.000,,false,false,Suppression and action contest according to interaction priority.
slow_world,weather_sigil,INNATE,SPELL,COEXIST,harmonic_weave,interaction_clash,1,1.000,1.000,1.000,1.000,1.000,1.000,,false,false,Independent forces coexist with a restrained harmonic weave.
soul_compass,soul_compass,SPELL,SPELL,RESONATE,mind_resonance,interaction_clash,3,1.120,1.120,1.100,1.100,1.050,1.050,MIND,false,false,Shared aspects resonate with bounded potency and duration.
soul_compass,soul_link,SPELL,CRYSTAL,RESONATE,soul_resonance,interaction_clash,3,1.120,1.120,1.100,1.100,1.050,1.050,SOUL,false,false,Shared aspects resonate with bounded potency and duration.
soul_compass,space_time,SPELL,CRYSTAL,COEXIST,harmonic_weave,interaction_clash,1,1.000,1.000,1.000,1.000,1.000,1.000,,false,false,Independent forces coexist with a restrained harmonic weave.
soul_compass,speed_burst,SPELL,INNATE,COEXIST,harmonic_weave,interaction_clash,1,1.000,1.000,1.000,1.000,1.000,1.000,,false,false,Independent forces coexist with a restrained harmonic weave.
soul_compass,starfall,SPELL,INNATE,COEXIST,harmonic_weave,interaction_clash,1,1.000,1.000,1.000,1.000,1.000,1.000,,false,false,Independent forces coexist with a restrained harmonic weave.
soul_compass,super_speed,SPELL,INNATE,COEXIST,harmonic_weave,interaction_clash,1,1.000,1.000,1.000,1.000,1.000,1.000,,false,false,Independent forces coexist with a restrained harmonic weave.
soul_compass,telekinesis,SPELL,INNATE,RESONATE,mind_resonance,interaction_clash,3,1.120,1.120,1.100,1.100,1.050,1.050,MIND,false,false,Shared aspects resonate with bounded potency and duration.
soul_compass,time_freeze,SPELL,INNATE,COEXIST,harmonic_weave,interaction_clash,1,1.000,1.000,1.000,1.000,1.000,1.000,,false,false,Independent forces coexist with a restrained harmonic weave.
soul_compass,time_shift,SPELL,INNATE,COEXIST,harmonic_weave,interaction_clash,1,1.000,1.000,1.000,1.000,1.000,1.000,,false,false,Independent forces coexist with a restrained harmonic weave.
soul_compass,tracking_mark,SPELL,SPELL,RESONATE,soul_resonance,interaction_clash,3,1.120,1.120,1.100,1.100,1.050,1.050,SOUL,false,false,Shared aspects resonate with bounded potency and duration.
soul_compass,vessel_possession,SPELL,INNATE,RESONATE,mind_resonance,interaction_clash,3,1.120,1.120,1.100,1.100,1.050,1.050,MIND,false,false,Shared aspects resonate with bounded potency and duration.
soul_compass,vitality_transfer,SPELL,SPELL,RESONATE,soul_resonance,interaction_clash,3,1.120,1.120,1.100,1.100,1.050,1.050,SOUL,false,false,Shared aspects resonate with bounded potency and duration.
soul_compass,void_beam,SPELL,INNATE,COEXIST,harmonic_weave,interaction_clash,1,1.000,1.000,1.000,1.000,1.000,1.000,,false,false,Independent forces coexist with a restrained harmonic weave.
soul_compass,ward_breaking_ritual,SPELL,SPELL,DAMPEN,counter_sigils,interaction_clash,2,0.550,1.000,0.550,1.000,1.000,1.000,,false,false,Suppression and action contest according to interaction priority.
soul_compass,weather_sigil,SPELL,SPELL,COEXIST,harmonic_weave,interaction_clash,1,1.000,1.000,1.000,1.000,1.000,1.000,,false,false,Independent forces coexist with a restrained harmonic weave.
soul_link,soul_link,CRYSTAL,CRYSTAL,RESONATE,soul_resonance,interaction_clash,3,1.120,1.120,1.100,1.100,1.050,1.050,SOUL,false,false,Shared aspects resonate with bounded potency and duration.
soul_link,space_time,CRYSTAL,CRYSTAL,COEXIST,harmonic_weave,interaction_clash,1,1.000,1.000,1.000,1.000,1.000,1.000,,false,false,Independent forces coexist with a restrained harmonic weave.
soul_link,speed_burst,CRYSTAL,INNATE,COEXIST,harmonic_weave,interaction_clash,1,1.000,1.000,1.000,1.000,1.000,1.000,,false,false,Independent forces coexist with a restrained harmonic weave.
soul_link,starfall,CRYSTAL,INNATE,COEXIST,harmonic_weave,interaction_clash,1,1.000,1.000,1.000,1.000,1.000,1.000,,false,false,Independent forces coexist with a restrained harmonic weave.
soul_link,super_speed,CRYSTAL,INNATE,COEXIST,harmonic_weave,interaction_clash,1,1.000,1.000,1.000,1.000,1.000,1.000,,false,false,Independent forces coexist with a restrained harmonic weave.
soul_link,telekinesis,CRYSTAL,INNATE,COEXIST,harmonic_weave,interaction_clash,1,1.000,1.000,1.000,1.000,1.000,1.000,,false,false,Independent forces coexist with a restrained harmonic weave.
soul_link,time_freeze,CRYSTAL,INNATE,COEXIST,harmonic_weave,interaction_clash,1,1.000,1.000,1.000,1.000,1.000,1.000,,false,false,Independent forces coexist with a restrained harmonic weave.
soul_link,time_shift,CRYSTAL,INNATE,COEXIST,harmonic_weave,interaction_clash,1,1.000,1.000,1.000,1.000,1.000,1.000,,false,false,Independent forces coexist with a restrained harmonic weave.
soul_link,tracking_mark,CRYSTAL,SPELL,RESONATE,soul_resonance,interaction_clash,3,1.120,1.120,1.100,1.100,1.050,1.050,SOUL,false,false,Shared aspects resonate with bounded potency and duration.
soul_link,vessel_possession,CRYSTAL,INNATE,RESONATE,soul_resonance,interaction_clash,3,1.120,1.120,1.100,1.100,1.050,1.050,SOUL,false,false,Shared aspects resonate with bounded potency and duration.
soul_link,vitality_transfer,CRYSTAL,SPELL,RESONATE,soul_resonance,interaction_clash,3,1.120,1.120,1.100,1.100,1.050,1.050,SOUL,false,false,Shared aspects resonate with bounded potency and duration.
soul_link,void_beam,CRYSTAL,INNATE,CONTEST,withered_bloom,interaction_clash,3,0.800,0.800,0.800,0.800,1.000,1.000,,false,false,Life and corruption contest without deleting unrelated effects.
soul_link,ward_breaking_ritual,CRYSTAL,SPELL,DAMPEN,counter_sigils,interaction_clash,2,0.550,1.000,0.550,1.000,1.000,1.000,,false,false,Suppression and action contest according to interaction priority.
soul_link,weather_sigil,CRYSTAL,SPELL,COEXIST,harmonic_weave,interaction_clash,1,1.000,1.000,1.000,1.000,1.000,1.000,,false,false,Independent forces coexist with a restrained harmonic weave.
space_time,space_time,CRYSTAL,CRYSTAL,RESONATE,time_resonance,interaction_clash,3,1.120,1.120,1.100,1.100,1.050,1.050,TIME,false,false,Shared aspects resonate with bounded potency and duration.
space_time,speed_burst,CRYSTAL,INNATE,COEXIST,harmonic_weave,interaction_clash,1,1.000,1.000,1.000,1.000,1.000,1.000,,false,false,Independent forces coexist with a restrained harmonic weave.
space_time,starfall,CRYSTAL,INNATE,COEXIST,harmonic_weave,interaction_clash,1,1.000,1.000,1.000,1.000,1.000,1.000,,false,false,Independent forces coexist with a restrained harmonic weave.
space_time,super_speed,CRYSTAL,INNATE,RESONATE,time_resonance,interaction_clash,3,1.120,1.120,1.100,1.100,1.050,1.050,TIME,false,false,Shared aspects resonate with bounded potency and duration.
space_time,telekinesis,CRYSTAL,INNATE,COEXIST,harmonic_weave,interaction_clash,1,1.000,1.000,1.000,1.000,1.000,1.000,,false,false,Independent forces coexist with a restrained harmonic weave.
space_time,time_freeze,CRYSTAL,INNATE,RESONATE,time_resonance,interaction_clash,3,1.120,1.120,1.100,1.100,1.050,1.050,TIME,false,false,Shared aspects resonate with bounded potency and duration.
space_time,time_shift,CRYSTAL,INNATE,RESONATE,time_resonance,interaction_clash,3,1.120,1.120,1.100,1.100,1.050,1.050,TIME,false,false,Shared aspects resonate with bounded potency and duration.
space_time,tracking_mark,CRYSTAL,SPELL,COEXIST,harmonic_weave,interaction_clash,1,1.000,1.000,1.000,1.000,1.000,1.000,,false,false,Independent forces coexist with a restrained harmonic weave.
space_time,vessel_possession,CRYSTAL,INNATE,COEXIST,harmonic_weave,interaction_clash,1,1.000,1.000,1.000,1.000,1.000,1.000,,false,false,Independent forces coexist with a restrained harmonic weave.
space_time,vitality_transfer,CRYSTAL,SPELL,COEXIST,harmonic_weave,interaction_clash,1,1.000,1.000,1.000,1.000,1.000,1.000,,false,false,Independent forces coexist with a restrained harmonic weave.
space_time,void_beam,CRYSTAL,INNATE,COEXIST,harmonic_weave,interaction_clash,1,1.000,1.000,1.000,1.000,1.000,1.000,,false,false,Independent forces coexist with a restrained harmonic weave.
space_time,ward_breaking_ritual,CRYSTAL,SPELL,DAMPEN,counter_sigils,interaction_clash,2,0.550,1.000,0.550,1.000,1.000,1.000,,false,false,Suppression and action contest according to interaction priority.
space_time,weather_sigil,CRYSTAL,SPELL,COEXIST,harmonic_weave,interaction_clash,1,1.000,1.000,1.000,1.000,1.000,1.000,,false,false,Independent forces coexist with a restrained harmonic weave.
speed_burst,speed_burst,INNATE,INNATE,RESONATE,force_resonance,interaction_clash,3,1.120,1.120,1.100,1.100,1.050,1.050,FORCE,false,false,Shared aspects resonate with bounded potency and duration.
speed_burst,starfall,INNATE,INNATE,RESONATE,force_resonance,interaction_clash,3,1.120,1.120,1.100,1.100,1.050,1.050,FORCE,false,false,Shared aspects resonate with bounded potency and duration.
speed_burst,super_speed,INNATE,INNATE,RESONATE,motion_resonance,interaction_clash,3,1.120,1.120,1.100,1.100,1.050,1.050,MOTION,false,false,Shared aspects resonate with bounded potency and duration.
speed_burst,telekinesis,INNATE,INNATE,RESONATE,force_resonance,interaction_clash,3,1.120,1.120,1.100,1.100,1.050,1.050,FORCE,false,false,Shared aspects resonate with bounded potency and duration.
speed_burst,time_freeze,INNATE,INNATE,COEXIST,harmonic_weave,interaction_clash,1,1.000,1.000,1.000,1.000,1.000,1.000,,false,false,Independent forces coexist with a restrained harmonic weave.
speed_burst,time_shift,INNATE,INNATE,COEXIST,harmonic_weave,interaction_clash,1,1.000,1.000,1.000,1.000,1.000,1.000,,false,false,Independent forces coexist with a restrained harmonic weave.
speed_burst,tracking_mark,INNATE,SPELL,COEXIST,harmonic_weave,interaction_clash,1,1.000,1.000,1.000,1.000,1.000,1.000,,false,false,Independent forces coexist with a restrained harmonic weave.
speed_burst,vessel_possession,INNATE,INNATE,COEXIST,harmonic_weave,interaction_clash,1,1.000,1.000,1.000,1.000,1.000,1.000,,false,false,Independent forces coexist with a restrained harmonic weave.
speed_burst,vitality_transfer,INNATE,SPELL,COEXIST,harmonic_weave,interaction_clash,1,1.000,1.000,1.000,1.000,1.000,1.000,,false,false,Independent forces coexist with a restrained harmonic weave.
speed_burst,void_beam,INNATE,INNATE,COEXIST,harmonic_weave,interaction_clash,1,1.000,1.000,1.000,1.000,1.000,1.000,,false,false,Independent forces coexist with a restrained harmonic weave.
speed_burst,ward_breaking_ritual,INNATE,SPELL,DAMPEN,counter_sigils,interaction_clash,2,0.550,1.000,0.550,1.000,1.000,1.000,,false,false,Suppression and action contest according to interaction priority.
speed_burst,weather_sigil,INNATE,SPELL,COEXIST,harmonic_weave,interaction_clash,1,1.000,1.000,1.000,1.000,1.000,1.000,,false,false,Independent forces coexist with a restrained harmonic weave.
starfall,starfall,INNATE,INNATE,RESONATE,storm_resonance,interaction_clash,3,1.120,1.120,1.100,1.100,1.050,1.050,STORM,false,false,Shared aspects resonate with bounded potency and duration.
starfall,super_speed,INNATE,INNATE,COEXIST,harmonic_weave,interaction_clash,1,1.000,1.000,1.000,1.000,1.000,1.000,,false,false,Independent forces coexist with a restrained harmonic weave.
starfall,telekinesis,INNATE,INNATE,RESONATE,force_resonance,interaction_clash,3,1.120,1.120,1.100,1.100,1.050,1.050,FORCE,false,false,Shared aspects resonate with bounded potency and duration.
starfall,time_freeze,INNATE,INNATE,COEXIST,harmonic_weave,interaction_clash,1,1.000,1.000,1.000,1.000,1.000,1.000,,false,false,Independent forces coexist with a restrained harmonic weave.
starfall,time_shift,INNATE,INNATE,COEXIST,harmonic_weave,interaction_clash,1,1.000,1.000,1.000,1.000,1.000,1.000,,false,false,Independent forces coexist with a restrained harmonic weave.
starfall,tracking_mark,INNATE,SPELL,RESONATE,light_resonance,interaction_clash,3,1.120,1.120,1.100,1.100,1.050,1.050,LIGHT,false,false,Shared aspects resonate with bounded potency and duration.
starfall,vessel_possession,INNATE,INNATE,COEXIST,harmonic_weave,interaction_clash,1,1.000,1.000,1.000,1.000,1.000,1.000,,false,false,Independent forces coexist with a restrained harmonic weave.
starfall,vitality_transfer,INNATE,SPELL,COEXIST,harmonic_weave,interaction_clash,1,1.000,1.000,1.000,1.000,1.000,1.000,,false,false,Independent forces coexist with a restrained harmonic weave.
starfall,void_beam,INNATE,INNATE,CONTEST,eclipse,interaction_clash,5,0.700,0.700,0.700,0.700,1.000,1.000,,false,false,Balanced light and darkness become a revealing eclipse.
starfall,ward_breaking_ritual,INNATE,SPELL,DAMPEN,counter_sigils,interaction_clash,2,0.550,1.000,0.550,1.000,1.000,1.000,,false,false,Suppression and action contest according to interaction priority.
starfall,weather_sigil,INNATE,SPELL,RESONATE,storm_resonance,interaction_clash,3,1.120,1.120,1.100,1.100,1.050,1.050,STORM,false,false,Shared aspects resonate with bounded potency and duration.
super_speed,super_speed,INNATE,INNATE,RESONATE,motion_resonance,interaction_clash,3,1.120,1.120,1.100,1.100,1.050,1.050,MOTION,false,false,Shared aspects resonate with bounded potency and duration.
super_speed,telekinesis,INNATE,INNATE,COEXIST,harmonic_weave,interaction_clash,1,1.000,1.000,1.000,1.000,1.000,1.000,,false,false,Independent forces coexist with a restrained harmonic weave.
super_speed,time_freeze,INNATE,INNATE,RESONATE,time_resonance,interaction_clash,3,1.120,1.120,1.100,1.100,1.050,1.050,TIME,false,false,Shared aspects resonate with bounded potency and duration.
super_speed,time_shift,INNATE,INNATE,RESONATE,time_resonance,interaction_clash,3,1.120,1.120,1.100,1.100,1.050,1.050,TIME,false,false,Shared aspects resonate with bounded potency and duration.
super_speed,tracking_mark,INNATE,SPELL,COEXIST,harmonic_weave,interaction_clash,1,1.000,1.000,1.000,1.000,1.000,1.000,,false,false,Independent forces coexist with a restrained harmonic weave.
super_speed,vessel_possession,INNATE,INNATE,COEXIST,harmonic_weave,interaction_clash,1,1.000,1.000,1.000,1.000,1.000,1.000,,false,false,Independent forces coexist with a restrained harmonic weave.
super_speed,vitality_transfer,INNATE,SPELL,COEXIST,harmonic_weave,interaction_clash,1,1.000,1.000,1.000,1.000,1.000,1.000,,false,false,Independent forces coexist with a restrained harmonic weave.
super_speed,void_beam,INNATE,INNATE,COEXIST,harmonic_weave,interaction_clash,1,1.000,1.000,1.000,1.000,1.000,1.000,,false,false,Independent forces coexist with a restrained harmonic weave.
super_speed,ward_breaking_ritual,INNATE,SPELL,DAMPEN,counter_sigils,interaction_clash,2,0.550,1.000,0.550,1.000,1.000,1.000,,false,false,Suppression and action contest according to interaction priority.
super_speed,weather_sigil,INNATE,SPELL,COEXIST,harmonic_weave,interaction_clash,1,1.000,1.000,1.000,1.000,1.000,1.000,,false,false,Independent forces coexist with a restrained harmonic weave.
telekinesis,telekinesis,INNATE,INNATE,RESONATE,force_resonance,interaction_clash,3,1.120,1.120,1.100,1.100,1.050,1.050,FORCE,false,false,Shared aspects resonate with bounded potency and duration.
telekinesis,time_freeze,INNATE,INNATE,COEXIST,harmonic_weave,interaction_clash,1,1.000,1.000,1.000,1.000,1.000,1.000,,false,false,Independent forces coexist with a restrained harmonic weave.
telekinesis,time_shift,INNATE,INNATE,COEXIST,harmonic_weave,interaction_clash,1,1.000,1.000,1.000,1.000,1.000,1.000,,false,false,Independent forces coexist with a restrained harmonic weave.
telekinesis,tracking_mark,INNATE,SPELL,COEXIST,harmonic_weave,interaction_clash,1,1.000,1.000,1.000,1.000,1.000,1.000,,false,false,Independent forces coexist with a restrained harmonic weave.
telekinesis,vessel_possession,INNATE,INNATE,RESONATE,mind_resonance,interaction_clash,3,1.120,1.120,1.100,1.100,1.050,1.050,MIND,false,false,Shared aspects resonate with bounded potency and duration.
telekinesis,vitality_transfer,INNATE,SPELL,COEXIST,harmonic_weave,interaction_clash,1,1.000,1.000,1.000,1.000,1.000,1.000,,false,false,Independent forces coexist with a restrained harmonic weave.
telekinesis,void_beam,INNATE,INNATE,COEXIST,harmonic_weave,interaction_clash,1,1.000,1.000,1.000,1.000,1.000,1.000,,false,false,Independent forces coexist with a restrained harmonic weave.
telekinesis,ward_breaking_ritual,INNATE,SPELL,DAMPEN,counter_sigils,interaction_clash,2,0.550,1.000,0.550,1.000,1.000,1.000,,false,false,Suppression and action contest according to interaction priority.
telekinesis,weather_sigil,INNATE,SPELL,COEXIST,harmonic_weave,interaction_clash,1,1.000,1.000,1.000,1.000,1.000,1.000,,false,false,Independent forces coexist with a restrained harmonic weave.
time_freeze,time_freeze,INNATE,INNATE,RESONATE,time_resonance,interaction_clash,3,1.120,1.120,1.100,1.100,1.050,1.050,TIME,false,false,Shared aspects resonate with bounded potency and duration.
time_freeze,time_shift,INNATE,INNATE,RESONATE,time_resonance,interaction_clash,3,1.120,1.120,1.100,1.100,1.050,1.050,TIME,false,false,Shared aspects resonate with bounded potency and duration.
time_freeze,tracking_mark,INNATE,SPELL,COEXIST,harmonic_weave,interaction_clash,1,1.000,1.000,1.000,1.000,1.000,1.000,,false,false,Independent forces coexist with a restrained harmonic weave.
time_freeze,vessel_possession,INNATE,INNATE,COEXIST,harmonic_weave,interaction_clash,1,1.000,1.000,1.000,1.000,1.000,1.000,,false,false,Independent forces coexist with a restrained harmonic weave.
time_freeze,vitality_transfer,INNATE,SPELL,COEXIST,harmonic_weave,interaction_clash,1,1.000,1.000,1.000,1.000,1.000,1.000,,false,false,Independent forces coexist with a restrained harmonic weave.
time_freeze,void_beam,INNATE,INNATE,COEXIST,harmonic_weave,interaction_clash,1,1.000,1.000,1.000,1.000,1.000,1.000,,false,false,Independent forces coexist with a restrained harmonic weave.
time_freeze,ward_breaking_ritual,INNATE,SPELL,DAMPEN,counter_sigils,interaction_clash,2,0.550,1.000,0.550,1.000,1.000,1.000,,false,false,Suppression and action contest according to interaction priority.
time_freeze,weather_sigil,INNATE,SPELL,COEXIST,harmonic_weave,interaction_clash,1,1.000,1.000,1.000,1.000,1.000,1.000,,false,false,Independent forces coexist with a restrained harmonic weave.
time_shift,time_shift,INNATE,INNATE,RESONATE,time_resonance,interaction_clash,3,1.120,1.120,1.100,1.100,1.050,1.050,TIME,false,false,Shared aspects resonate with bounded potency and duration.
time_shift,tracking_mark,INNATE,SPELL,COEXIST,harmonic_weave,interaction_clash,1,1.000,1.000,1.000,1.000,1.000,1.000,,false,false,Independent forces coexist with a restrained harmonic weave.
time_shift,vessel_possession,INNATE,INNATE,COEXIST,harmonic_weave,interaction_clash,1,1.000,1.000,1.000,1.000,1.000,1.000,,false,false,Independent forces coexist with a restrained harmonic weave.
time_shift,vitality_transfer,INNATE,SPELL,COEXIST,harmonic_weave,interaction_clash,1,1.000,1.000,1.000,1.000,1.000,1.000,,false,false,Independent forces coexist with a restrained harmonic weave.
time_shift,void_beam,INNATE,INNATE,COEXIST,harmonic_weave,interaction_clash,1,1.000,1.000,1.000,1.000,1.000,1.000,,false,false,Independent forces coexist with a restrained harmonic weave.
time_shift,ward_breaking_ritual,INNATE,SPELL,DAMPEN,counter_sigils,interaction_clash,2,0.550,1.000,0.550,1.000,1.000,1.000,,false,false,Suppression and action contest according to interaction priority.
time_shift,weather_sigil,INNATE,SPELL,COEXIST,harmonic_weave,interaction_clash,1,1.000,1.000,1.000,1.000,1.000,1.000,,false,false,Independent forces coexist with a restrained harmonic weave.
tracking_mark,tracking_mark,SPELL,SPELL,RESONATE,soul_resonance,interaction_clash,3,1.120,1.120,1.100,1.100,1.050,1.050,SOUL,false,false,Shared aspects resonate with bounded potency and duration.
tracking_mark,vessel_possession,SPELL,INNATE,RESONATE,soul_resonance,interaction_clash,3,1.120,1.120,1.100,1.100,1.050,1.050,SOUL,false,false,Shared aspects resonate with bounded potency and duration.
tracking_mark,vitality_transfer,SPELL,SPELL,RESONATE,soul_resonance,interaction_clash,3,1.120,1.120,1.100,1.100,1.050,1.050,SOUL,false,false,Shared aspects resonate with bounded potency and duration.
tracking_mark,void_beam,SPELL,INNATE,CONSUME,eclipse_break,interaction_clash,5,1.150,0.350,1.000,0.500,1.000,1.000,,false,true,The higher-priority force breaks the opposed aspect.
tracking_mark,ward_breaking_ritual,SPELL,SPELL,DAMPEN,counter_sigils,interaction_clash,2,0.550,1.000,0.550,1.000,1.000,1.000,,false,false,Suppression and action contest according to interaction priority.
tracking_mark,weather_sigil,SPELL,SPELL,COEXIST,harmonic_weave,interaction_clash,1,1.000,1.000,1.000,1.000,1.000,1.000,,false,false,Independent forces coexist with a restrained harmonic weave.
vessel_possession,vessel_possession,INNATE,INNATE,RESONATE,mind_resonance,interaction_clash,3,1.120,1.120,1.100,1.100,1.050,1.050,MIND,false,false,Shared aspects resonate with bounded potency and duration.
vessel_possession,vitality_transfer,INNATE,SPELL,RESONATE,soul_resonance,interaction_clash,3,1.120,1.120,1.100,1.100,1.050,1.050,SOUL,false,false,Shared aspects resonate with bounded potency and duration.
vessel_possession,void_beam,INNATE,INNATE,COEXIST,harmonic_weave,interaction_clash,1,1.000,1.000,1.000,1.000,1.000,1.000,,false,false,Independent forces coexist with a restrained harmonic weave.
vessel_possession,ward_breaking_ritual,INNATE,SPELL,DAMPEN,counter_sigils,interaction_clash,2,0.550,1.000,0.550,1.000,1.000,1.000,,false,false,Suppression and action contest according to interaction priority.
vessel_possession,weather_sigil,INNATE,SPELL,COEXIST,harmonic_weave,interaction_clash,1,1.000,1.000,1.000,1.000,1.000,1.000,,false,false,Independent forces coexist with a restrained harmonic weave.
vitality_transfer,vitality_transfer,SPELL,SPELL,RESONATE,soul_resonance,interaction_clash,3,1.120,1.120,1.100,1.100,1.050,1.050,SOUL,false,false,Shared aspects resonate with bounded potency and duration.
vitality_transfer,void_beam,SPELL,INNATE,CONTEST,withered_bloom,interaction_clash,3,0.800,0.800,0.800,0.800,1.000,1.000,,false,false,Life and corruption contest without deleting unrelated effects.
vitality_transfer,ward_breaking_ritual,SPELL,SPELL,DAMPEN,counter_sigils,interaction_clash,2,0.550,1.000,0.550,1.000,1.000,1.000,,false,false,Suppression and action contest according to interaction priority.
vitality_transfer,weather_sigil,SPELL,SPELL,COEXIST,harmonic_weave,interaction_clash,1,1.000,1.000,1.000,1.000,1.000,1.000,,false,false,Independent forces coexist with a restrained harmonic weave.
void_beam,void_beam,INNATE,INNATE,RESONATE,darkness_resonance,interaction_clash,3,1.120,1.120,1.100,1.100,1.050,1.050,DARKNESS,false,false,Shared aspects resonate with bounded potency and duration.
void_beam,ward_breaking_ritual,INNATE,SPELL,DAMPEN,counter_sigils,interaction_clash,2,0.550,1.000,0.550,1.000,1.000,1.000,,false,false,Suppression and action contest according to interaction priority.
void_beam,weather_sigil,INNATE,SPELL,COEXIST,harmonic_weave,interaction_clash,1,1.000,1.000,1.000,1.000,1.000,1.000,,false,false,Independent forces coexist with a restrained harmonic weave.
ward_breaking_ritual,ward_breaking_ritual,SPELL,SPELL,RESONATE,sealed_resonance,interaction_clash,2,0.850,0.850,0.850,0.850,1.000,1.000,,false,false,Suppression fields reinforce while slightly damping one another.
ward_breaking_ritual,weather_sigil,SPELL,SPELL,DAMPEN,counter_sigils,interaction_clash,2,1.000,0.550,1.000,0.550,1.000,1.000,,false,false,Suppression and action contest according to interaction priority.
weather_sigil,weather_sigil,SPELL,SPELL,RESONATE,storm_resonance,interaction_clash,3,1.120,1.120,1.100,1.100,1.050,1.050,STORM,false,false,Shared aspects resonate with bounded potency and duration.
