Picked up JAVA_TOOL_OPTIONS: -Dpowers.qa.role=profile05 -Dpowers.qa.server=127.0.0.1:25565 -Dpowers.qa.script=/tmp/powers-perf-real-9d69a92/real-client-profile-staggered.tsv
[09:22:13] [main/INFO] (FabricLoader/GameProvider) Loading Minecraft 26.2 with Fabric Loader 0.19.3
[09:22:13] [main/INFO] (FabricLoader/Mappings) Mappings not present!
[09:22:14] [main/INFO] (FabricLoader) Loading 51 mods:
	- fabric-api 0.156.0+26.2
	- fabric-api-base 2.0.4+ece063239e
	- fabric-api-lookup-api-v1 2.0.17+11e1c9a39e
	- fabric-biome-api-v1 18.0.6+c7bd5b8e9e
	- fabric-block-api-v1 3.0.3+ec56b6019e
	- fabric-block-getter-api-v2 2.0.7+ec56b6019e
	- fabric-client-gametest-api-v1 6.0.0+515ac5339e
	- fabric-command-api-v2 3.1.0+00cb03469e
	- fabric-content-registries-v0 11.3.0+d0a699d09e
	- fabric-convention-tags-v2 4.7.0+1f023a9e9e
	- fabric-crash-report-info-v1 1.0.5+086d547a9e
	- fabric-creative-tab-api-v1 5.0.14+d871b99e9e
	- fabric-data-attachment-api-v1 2.2.18+515ac5339e
	- fabric-data-generation-api-v1 25.5.0+aed122aa9e
	- fabric-debug-api-v1 1.0.2+c792624d9e
	- fabric-dimensions-v1 5.1.11+515ac5339e
	- fabric-entity-events-v1 5.0.5+06488ac19e
	- fabric-events-interaction-v0 5.2.7+515ac5339e
	- fabric-game-rule-api-v1 4.0.8+46a6d00c9e
	- fabric-gametest-api-v1 4.0.21+4a7fa0819e
	- fabric-item-api-v1 14.4.0+49a69a7b9e
	- fabric-key-mapping-api-v1 2.0.5+e2bdee789e
	- fabric-lifecycle-events-v1 4.1.3+4575b05f9e
	- fabric-loot-api-v3 3.0.17+06488ac19e
	- fabric-menu-api-v1 2.0.16+086d547a9e
	- fabric-message-api-v1 7.0.7+086d547a9e
	- fabric-model-loading-api-v1 8.0.16+c80601bb9e
	- fabric-networking-api-v1 6.3.3+72073ef09e
	- fabric-object-builder-api-v1 24.1.0+6fcd5f039e
	- fabric-particles-v1 5.0.18+d1756aa99e
	- fabric-permission-api-v1 1.0.4+536fad2f9e
	- fabric-recipe-api-v1 9.0.20+11e1c9a39e
	- fabric-registry-sync-v0 7.1.0+c7bd5b8e9e
	- fabric-renderer-api-v1 14.1.3+2b0d8a229e
	- fabric-renderer-indigo 9.1.3+2b0d8a229e
	- fabric-rendering-fluids-v1 6.0.4+06488ac19e
	- fabric-rendering-v1 25.3.2+515ac5339e
	- fabric-resource-conditions-api-v1 6.1.0+10e9a28b9e
	- fabric-resource-loader-v0 3.3.20+4fc5413f9e
	- fabric-resource-loader-v1 2.0.13+9edec1269e
	- fabric-screen-api-v1 5.1.0+48e3c0b09e
	- fabric-serialization-api-v1 2.0.4+11a26f319e
	- fabric-sound-api-v1 2.0.5+11a26f319e
	- fabric-tag-api-v1 2.1.4+515ac5339e
	- fabric-transfer-api-v1 8.0.12+11dbb7d79e
	- fabric-transitive-access-wideners-v1 8.1.4+67c847259e
	- fabricloader 0.19.3
	- java 25
	- minecraft 26.2
	- mixinextras 0.5.4
	- powers 1.0.2
[09:22:14] [main/INFO] (FabricLoader/Mixin) SpongePowered MIXIN Subsystem Version=0.8.7 Source=file:/Users/james/.gradle/caches/modules-2/files-2.1/net.fabricmc/sponge-mixin/0.17.3+mixin.0.8.7/41c4a3984a80f4679e759fb9f495587acc5cdac7/sponge-mixin-0.17.3+mixin.0.8.7.jar Service=Knot/Fabric Env=CLIENT
[09:22:14] [main/INFO] (FabricLoader/Mixin) Compatibility level set to JAVA_25
[09:22:14] [main/INFO] (FabricLoader/MixinExtras|Service) Initializing MixinExtras via com.llamalad7.mixinextras.service.MixinExtrasServiceImpl(version=0.5.4).
[09:22:15] [Datafixer Bootstrap #0/INFO] (Minecraft) 295 Datafixer optimizations took 316 milliseconds
[09:22:18] [Render thread/INFO] (Minecraft) Environment: Environment[sessionHost=https://sessionserver.mojang.com, servicesHost=https://api.minecraftservices.com, profilesHost=https://api.mojang.com, name=PROD]
[09:22:18] [Render thread/INFO] (Minecraft) Setting user: Profile05
[09:22:18] [Render thread/INFO] (powers) Loaded rank mazes: 28 light nodes, 28 darkness nodes
[09:22:18] [Render thread/INFO] (powers) Magic collision kernel loaded: 64 actions, 2080 exhaustive interactions
[09:22:18] [Render thread/INFO] (powers) POWERS framework initialized with 23 power(s)
[09:22:18] [Render thread/INFO] (Indigo) [Indigo] Registering Indigo renderer!
[09:22:18] [Render thread/INFO] (Minecraft) Backend library: LWJGL version 3.4.1-snapshot
[09:22:18] [Render thread/INFO] (Minecraft) Using graphics backend OpenGL, using drivers: 4.1 Metal - 90.5
[09:22:18] [Render thread/INFO] (Minecraft) Using graphics device: Apple M3 Pro (Apple)
[09:22:18] [Render thread/INFO] (Minecraft) Using graphics device extensions: GL_ARB_draw_indirect, GL_EXT_texture_filter_anisotropic
[09:22:19] [Download-2/INFO] (Minecraft) Could not authorize you against Realms server: java.lang.RuntimeException: Failed to parse into SignedJWT: FabricMC
[09:22:19] [Render thread/INFO] (Minecraft) Reloading ResourceManager: vanilla, fabric-api, fabric-api-base, fabric-api-lookup-api-v1, fabric-biome-api-v1, fabric-block-api-v1, fabric-block-getter-api-v2, fabric-client-gametest-api-v1, fabric-command-api-v2, fabric-content-registries-v0, fabric-convention-tags-v2, fabric-crash-report-info-v1, fabric-creative-tab-api-v1, fabric-data-attachment-api-v1, fabric-data-generation-api-v1, fabric-debug-api-v1, fabric-dimensions-v1, fabric-entity-events-v1, fabric-events-interaction-v0, fabric-game-rule-api-v1, fabric-gametest-api-v1, fabric-item-api-v1, fabric-key-mapping-api-v1, fabric-lifecycle-events-v1, fabric-loot-api-v3, fabric-menu-api-v1, fabric-message-api-v1, fabric-model-loading-api-v1, fabric-networking-api-v1, fabric-object-builder-api-v1, fabric-particles-v1, fabric-permission-api-v1, fabric-recipe-api-v1, fabric-registry-sync-v0, fabric-renderer-api-v1, fabric-renderer-indigo, fabric-rendering-fluids-v1, fabric-rendering-v1, fabric-resource-conditions-api-v1, fabric-resource-loader-v0, fabric-resource-loader-v1, fabric-screen-api-v1, fabric-serialization-api-v1, fabric-sound-api-v1, fabric-tag-api-v1, fabric-transfer-api-v1, fabric-transitive-access-wideners-v1, fabricloader, powers
UNSUPPORTED (log once): gldCopyBufferSubData: NEEDS IMPLEMENTATION
[09:22:20] [Worker-Main-2/INFO] (Minecraft) Found unifont_pua-17.0.01.hex, loading
[09:22:20] [Worker-Main-10/INFO] (Minecraft) Found unifont_all_no_pua-17.0.01.hex, loading
[09:22:20] [Worker-Main-7/INFO] (Minecraft) Found unifont_jp_patch-17.0.01.hex, loading
[09:22:20] [Render thread/INFO] (Minecraft) Info log when linking program containing VS minecraft:core/rendertype_beacon_beam and FS minecraft:core/rendertype_beacon_beam. Log output: WARNING: Could not find vertex shader attribute 'UV2' to match BindAttributeLocation request.

[09:22:20] [Render thread/INFO] (Minecraft) Info log when linking program containing VS minecraft:core/animate_sprite and FS minecraft:core/animate_sprite_blit. Log output: WARNING: Output of vertex shader 'fAnimationProgress' not read by fragment shader

[09:22:20] [Render thread/INFO] (Minecraft) Info log when linking program containing VS minecraft:core/rendertype_entity_shadow and FS minecraft:core/rendertype_entity_shadow. Log output: WARNING: Could not find vertex shader attribute 'UV1' to match BindAttributeLocation request.
WARNING: Could not find vertex shader attribute 'Normal' to match BindAttributeLocation request.
WARNING: Could not find vertex shader attribute 'UV2' to match BindAttributeLocation request.

[09:22:20] [Render thread/INFO] (Minecraft) Info log when linking program containing VS minecraft:core/entity and FS minecraft:core/entity. Log output: WARNING: Could not find vertex shader attribute 'UV1' to match BindAttributeLocation request.

[09:22:20] [Render thread/INFO] (Minecraft) Info log when linking program containing VS minecraft:core/rendertype_beacon_beam and FS minecraft:core/rendertype_beacon_beam. Log output: WARNING: Could not find vertex shader attribute 'UV2' to match BindAttributeLocation request.

[09:22:20] [Render thread/INFO] (Minecraft) Info log when linking program containing VS minecraft:core/entity and FS minecraft:core/entity. Log output: WARNING: Could not find vertex shader attribute 'UV1' to match BindAttributeLocation request.
WARNING: Could not find vertex shader attribute 'Normal' to match BindAttributeLocation request.

[09:22:20] [Render thread/INFO] (Minecraft) Info log when linking program containing VS minecraft:core/entity and FS minecraft:core/entity. Log output: WARNING: Could not find vertex shader attribute 'UV1' to match BindAttributeLocation request.

[09:22:20] [Render thread/INFO] (Minecraft) Info log when linking program containing VS minecraft:core/entity and FS minecraft:core/entity. Log output: WARNING: Could not find vertex shader attribute 'UV2' to match BindAttributeLocation request.

[09:22:20] [Render thread/INFO] (Minecraft) Info log when linking program containing VS minecraft:core/entity and FS minecraft:core/entity. Log output: WARNING: Could not find vertex shader attribute 'UV1' to match BindAttributeLocation request.

[09:22:20] [Render thread/INFO] (Minecraft) Info log when linking program containing VS minecraft:core/entity and FS minecraft:core/entity. Log output: WARNING: Could not find vertex shader attribute 'UV1' to match BindAttributeLocation request.

[09:22:20] [Render thread/INFO] (Minecraft) Info log when linking program containing VS minecraft:core/entity and FS minecraft:core/entity. Log output: WARNING: Could not find vertex shader attribute 'UV1' to match BindAttributeLocation request.

[09:22:20] [Render thread/INFO] (Minecraft) Info log when linking program containing VS minecraft:core/entity and FS minecraft:core/entity. Log output: WARNING: Could not find vertex shader attribute 'UV1' to match BindAttributeLocation request.
WARNING: Could not find vertex shader attribute 'Normal' to match BindAttributeLocation request.
WARNING: Could not find vertex shader attribute 'UV2' to match BindAttributeLocation request.

[09:22:20] [Render thread/INFO] (Minecraft) Info log when linking program containing VS minecraft:core/entity and FS minecraft:core/entity. Log output: WARNING: Could not find vertex shader attribute 'UV1' to match BindAttributeLocation request.
WARNING: Could not find vertex shader attribute 'Normal' to match BindAttributeLocation request.
WARNING: Could not find vertex shader attribute 'UV2' to match BindAttributeLocation request.

[09:22:20] [Render thread/INFO] (Minecraft) Info log when linking program containing VS minecraft:core/rendertype_crumbling and FS minecraft:core/rendertype_crumbling. Log output: WARNING: Could not find vertex shader attribute 'UV2' to match BindAttributeLocation request.

[09:22:20] [Render thread/INFO] (Minecraft) OpenAL initialized on device MacBook Pro Speakers
[09:22:20] [Render thread/INFO] (Minecraft) Sound engine started
[09:22:20] [Render thread/INFO] (Minecraft) Created: 512x256x0 minecraft:textures/atlas/particles.png-atlas
[09:22:20] [Render thread/INFO] (Minecraft) Created: 128x128x0 minecraft:textures/atlas/decorated_pot.png-atlas
[09:22:21] [Render thread/INFO] (Minecraft) Created: 2048x1024x0 minecraft:textures/atlas/armor_trims.png-atlas
[09:22:21] [Render thread/INFO] (Minecraft) Created: 512x256x0 minecraft:textures/atlas/paintings.png-atlas
[09:22:21] [Render thread/INFO] (Minecraft) Created: 1024x512x0 minecraft:textures/atlas/shield_patterns.png-atlas
[09:22:21] [Render thread/INFO] (Minecraft) Created: 2048x2048x4 minecraft:textures/atlas/blocks.png-atlas
[09:22:21] [Render thread/INFO] (Minecraft) Created: 512x512x0 minecraft:textures/atlas/chest.png-atlas
[09:22:21] [Render thread/INFO] (Minecraft) Created: 256x128x0 minecraft:textures/atlas/celestials.png-atlas
[09:22:21] [Render thread/INFO] (Minecraft) Created: 1024x512x0 minecraft:textures/atlas/banner_patterns.png-atlas
[09:22:21] [Render thread/INFO] (Minecraft) Created: 2048x2048x0 minecraft:textures/atlas/items.png-atlas
[09:22:21] [Render thread/INFO] (Minecraft) Created: 1024x1024x0 minecraft:textures/atlas/gui.png-atlas
[09:22:21] [Render thread/INFO] (Minecraft) Created: 128x64x0 minecraft:textures/atlas/map_decorations.png-atlas
[09:22:21] [Render thread/INFO] (Minecraft) Created: 512x512x0 minecraft:textures/atlas/shulker_boxes.png-atlas
[09:22:21] [Render thread/INFO] (Minecraft) Connecting to 127.0.0.1, 25565
[09:22:21] [Download-1/ERROR] (Minecraft) Failed to retrieve profile key pair

MinecraftClientHttpException[type=HTTP_ERROR, status=401, response=ErrorResponse[path=/player/certificates, error=null, errorMessage=null, details=null]]
	at knot//com.mojang.authlib.minecraft.client.MinecraftClient.buildHttpException(MinecraftClient.java:170)
	at knot//com.mojang.authlib.minecraft.client.MinecraftClient.readServiceResponse(MinecraftClient.java:147)
	at knot//com.mojang.authlib.minecraft.client.MinecraftClient.post(MinecraftClient.java:89)
	at knot//com.mojang.authlib.yggdrasil.YggdrasilUserApiService.getKeyPair(YggdrasilUserApiService.java:62)
	at knot//net.minecraft.client.multiplayer.AccountProfileKeyPairManager.fetchProfileKeyPair(AccountProfileKeyPairManager.java:128)
	at knot//net.minecraft.client.multiplayer.AccountProfileKeyPairManager.lambda$readOrFetchProfileKeyPair$0(AccountProfileKeyPairManager.java:77)
	at java.base/java.util.concurrent.CompletableFuture$AsyncSupply.run(CompletableFuture.java:1789)
	at java.base/java.util.concurrent.ThreadPoolExecutor.runWorker(ThreadPoolExecutor.java:1090)
	at java.base/java.util.concurrent.ThreadPoolExecutor$Worker.run(ThreadPoolExecutor.java:614)
	at java.base/java.lang.Thread.run(Thread.java:1474)
[09:22:23] [Render thread/INFO] (Minecraft) Loaded 50 advancements
[09:22:23] [Render thread/INFO] (Minecraft) Resizing Dynamic Transforms UBO, capacity limit of 2 reached during a single frame. New capacity will be 4.
[09:22:23] [Render thread/INFO] (powers) QA client role=profile05 loaded 1004 scripted steps
[09:22:23] [Render thread/INFO] (Minecraft) Resizing Dynamic Transforms UBO, capacity limit of 4 reached during a single frame. New capacity will be 8.
[09:22:23] [Render thread/INFO] (Minecraft) Resizing Dynamic Transforms UBO, capacity limit of 8 reached during a single frame. New capacity will be 16.
[09:22:23] [Render thread/INFO] (Minecraft) Resizing Chunk Sections UBO, capacity limit of 2 reached during a single frame. New capacity will be 4.
[09:22:23] [Render thread/INFO] (Minecraft) Resizing Chunk Sections UBO, capacity limit of 4 reached during a single frame. New capacity will be 16.
[09:22:23] [Render thread/INFO] (Minecraft) Resizing Chunk Sections UBO, capacity limit of 16 reached during a single frame. New capacity will be 32.
[09:22:24] [Render thread/INFO] (powers) QA client role=profile05 connected as Profile05 to 127.0.0.1:25565
[09:22:24] [Render thread/INFO] (Minecraft) Resizing Chunk Sections UBO, capacity limit of 32 reached during a single frame. New capacity will be 64.
[09:22:24] [Render thread/INFO] (Minecraft) Resizing Chunk Sections UBO, capacity limit of 64 reached during a single frame. New capacity will be 128.
[09:22:27] [Render thread/INFO] (powers) QA client role=profile05 executed CLOSE [screen] at connected tick 80
[09:22:29] [Render thread/INFO] (powers) QA client role=profile05 captured its connected-world evidence
[09:22:29] [Render thread/INFO] (Minecraft) [System] [CHAT] Saved screenshot as 2026-08-14_09.22.29.png
[09:22:33] [Render thread/INFO] (Minecraft) [System] [CHAT] [Dormant] Profile06 joined the game
[09:22:33] [Render thread/INFO] (powers) QA client role=profile05 executed LOOK [0 0] at connected tick 200
[09:22:43] [Render thread/INFO] (Minecraft) [System] [CHAT] [Dormant] Profile07 joined the game
[09:22:53] [Render thread/INFO] (Minecraft) [System] [CHAT] [Dormant] Profile08 joined the game
[09:23:04] [Render thread/INFO] (Minecraft) [System] [CHAT] [Dormant] Profile09 joined the game
[09:23:14] [Render thread/INFO] (Minecraft) [System] [CHAT] [Dormant] Profile10 joined the game
[09:25:43] [Render thread/INFO] (powers) QA client role=profile05 executed ACTIVATE [0] at connected tick 4000
[09:25:44] [Render thread/INFO] (powers) QA client role=profile05 executed ACTIVATE [0] at connected tick 4040
[09:25:46] [Render thread/INFO] (powers) QA client role=profile05 executed ACTIVATE [0] at connected tick 4080
[09:25:48] [Render thread/INFO] (powers) QA client role=profile05 executed ACTIVATE [0] at connected tick 4120
[09:25:51] [Render thread/INFO] (powers) QA client role=profile05 executed ACTIVATE [0] at connected tick 4160
[09:25:53] [Render thread/INFO] (powers) QA client role=profile05 executed ACTIVATE [0] at connected tick 4200
[09:25:55] [Render thread/INFO] (powers) QA client role=profile05 executed ACTIVATE [0] at connected tick 4240
[09:25:57] [Render thread/INFO] (powers) QA client role=profile05 executed ACTIVATE [0] at connected tick 4280
[09:25:59] [Render thread/INFO] (powers) QA client role=profile05 executed ACTIVATE [0] at connected tick 4320
[09:26:01] [Render thread/INFO] (powers) QA client role=profile05 executed ACTIVATE [0] at connected tick 4360
[09:26:03] [Render thread/INFO] (powers) QA client role=profile05 executed ACTIVATE [0] at connected tick 4400
[09:26:05] [Render thread/INFO] (powers) QA client role=profile05 executed ACTIVATE [0] at connected tick 4440
[09:26:07] [Render thread/INFO] (powers) QA client role=profile05 executed ACTIVATE [0] at connected tick 4480
[09:26:09] [Render thread/INFO] (powers) QA client role=profile05 executed ACTIVATE [0] at connected tick 4520
[09:26:11] [Render thread/INFO] (powers) QA client role=profile05 executed ACTIVATE [0] at connected tick 4560
[09:26:13] [Render thread/INFO] (powers) QA client role=profile05 executed ACTIVATE [0] at connected tick 4600
[09:26:15] [Render thread/INFO] (powers) QA client role=profile05 executed ACTIVATE [0] at connected tick 4640
[09:26:17] [Render thread/INFO] (powers) QA client role=profile05 executed ACTIVATE [0] at connected tick 4680
[09:26:19] [Render thread/INFO] (powers) QA client role=profile05 executed ACTIVATE [0] at connected tick 4720
[09:26:21] [Render thread/INFO] (powers) QA client role=profile05 executed ACTIVATE [0] at connected tick 4760
[09:26:23] [Render thread/INFO] (powers) QA client role=profile05 executed ACTIVATE [0] at connected tick 4800
[09:26:25] [Render thread/INFO] (powers) QA client role=profile05 executed ACTIVATE [0] at connected tick 4840
[09:26:27] [Render thread/INFO] (powers) QA client role=profile05 executed ACTIVATE [0] at connected tick 4880
[09:26:29] [Render thread/INFO] (powers) QA client role=profile05 executed ACTIVATE [0] at connected tick 4920
[09:26:31] [Render thread/INFO] (powers) QA client role=profile05 executed ACTIVATE [0] at connected tick 4960
[09:26:33] [Render thread/INFO] (powers) QA client role=profile05 executed ACTIVATE [0] at connected tick 5000
[09:26:35] [Render thread/INFO] (powers) QA client role=profile05 executed ACTIVATE [0] at connected tick 5040
[09:26:37] [Render thread/INFO] (powers) QA client role=profile05 executed ACTIVATE [0] at connected tick 5080
[09:26:39] [Render thread/INFO] (powers) QA client role=profile05 executed ACTIVATE [0] at connected tick 5120
[09:26:41] [Render thread/INFO] (powers) QA client role=profile05 executed ACTIVATE [0] at connected tick 5160
[09:26:42] [Render thread/INFO] (powers) QA client role=profile05 executed ACTIVATE [0] at connected tick 5200
[09:26:44] [Render thread/INFO] (powers) QA client role=profile05 executed ACTIVATE [0] at connected tick 5240
[09:26:46] [Render thread/INFO] (powers) QA client role=profile05 executed ACTIVATE [0] at connected tick 5280
[09:26:48] [Render thread/INFO] (powers) QA client role=profile05 executed ACTIVATE [0] at connected tick 5320
[09:26:50] [Render thread/INFO] (powers) QA client role=profile05 executed ACTIVATE [0] at connected tick 5360
[09:26:53] [Render thread/INFO] (powers) QA client role=profile05 executed ACTIVATE [0] at connected tick 5400
[09:26:55] [Render thread/INFO] (powers) QA client role=profile05 executed ACTIVATE [0] at connected tick 5440
[09:26:57] [Render thread/INFO] (powers) QA client role=profile05 executed ACTIVATE [0] at connected tick 5480
[09:26:59] [Render thread/INFO] (powers) QA client role=profile05 executed ACTIVATE [0] at connected tick 5520
[09:27:01] [Render thread/INFO] (powers) QA client role=profile05 executed ACTIVATE [0] at connected tick 5560
[09:27:03] [Render thread/INFO] (powers) QA client role=profile05 executed ACTIVATE [0] at connected tick 5600
[09:27:05] [Render thread/INFO] (powers) QA client role=profile05 executed ACTIVATE [0] at connected tick 5640
[09:27:07] [Render thread/INFO] (powers) QA client role=profile05 executed ACTIVATE [0] at connected tick 5680
[09:27:09] [Render thread/INFO] (powers) QA client role=profile05 executed ACTIVATE [0] at connected tick 5720
[09:27:11] [Render thread/INFO] (powers) QA client role=profile05 executed ACTIVATE [0] at connected tick 5760
[09:27:13] [Render thread/INFO] (powers) QA client role=profile05 executed ACTIVATE [0] at connected tick 5800
[09:27:15] [Render thread/INFO] (powers) QA client role=profile05 executed ACTIVATE [0] at connected tick 5840
[09:27:17] [Render thread/INFO] (powers) QA client role=profile05 executed ACTIVATE [0] at connected tick 5880
[09:27:19] [Render thread/INFO] (powers) QA client role=profile05 executed ACTIVATE [0] at connected tick 5920
[09:27:21] [Render thread/INFO] (powers) QA client role=profile05 executed ACTIVATE [0] at connected tick 5960
[09:27:23] [Render thread/INFO] (powers) QA client role=profile05 executed ACTIVATE [0] at connected tick 6000
[09:27:25] [Render thread/INFO] (powers) QA client role=profile05 executed ACTIVATE [0] at connected tick 6040
[09:27:27] [Render thread/INFO] (powers) QA client role=profile05 executed ACTIVATE [0] at connected tick 6080
[09:27:29] [Render thread/INFO] (powers) QA client role=profile05 executed ACTIVATE [0] at connected tick 6120
[09:27:31] [Render thread/INFO] (powers) QA client role=profile05 executed ACTIVATE [0] at connected tick 6160
[09:27:33] [Render thread/INFO] (powers) QA client role=profile05 executed ACTIVATE [0] at connected tick 6200
[09:27:35] [Render thread/INFO] (powers) QA client role=profile05 executed ACTIVATE [0] at connected tick 6240
[09:27:36] [Render thread/INFO] (powers) QA client role=profile05 executed ACTIVATE [0] at connected tick 6280
[09:27:38] [Render thread/INFO] (powers) QA client role=profile05 executed ACTIVATE [0] at connected tick 6320
[09:27:41] [Render thread/INFO] (powers) QA client role=profile05 executed ACTIVATE [0] at connected tick 6360
[09:27:43] [Render thread/INFO] (powers) QA client role=profile05 executed ACTIVATE [0] at connected tick 6400
[09:27:45] [Render thread/INFO] (powers) QA client role=profile05 executed ACTIVATE [0] at connected tick 6440
[09:27:47] [Render thread/INFO] (powers) QA client role=profile05 executed ACTIVATE [0] at connected tick 6480
[09:27:49] [Render thread/INFO] (powers) QA client role=profile05 executed ACTIVATE [0] at connected tick 6520
[09:27:51] [Render thread/INFO] (powers) QA client role=profile05 executed ACTIVATE [0] at connected tick 6560
[09:27:53] [Render thread/INFO] (powers) QA client role=profile05 executed ACTIVATE [0] at connected tick 6600
[09:27:55] [Render thread/INFO] (powers) QA client role=profile05 executed ACTIVATE [0] at connected tick 6640
[09:27:57] [Render thread/INFO] (powers) QA client role=profile05 executed ACTIVATE [0] at connected tick 6680
[09:27:59] [Render thread/INFO] (powers) QA client role=profile05 executed ACTIVATE [0] at connected tick 6720
[09:28:01] [Render thread/INFO] (powers) QA client role=profile05 executed ACTIVATE [0] at connected tick 6760
[09:28:03] [Render thread/INFO] (powers) QA client role=profile05 executed ACTIVATE [0] at connected tick 6800
[09:28:05] [Render thread/INFO] (powers) QA client role=profile05 executed ACTIVATE [0] at connected tick 6840
[09:28:07] [Render thread/INFO] (powers) QA client role=profile05 executed ACTIVATE [0] at connected tick 6880
[09:28:09] [Render thread/INFO] (powers) QA client role=profile05 executed ACTIVATE [0] at connected tick 6920
[09:28:11] [Render thread/INFO] (powers) QA client role=profile05 executed ACTIVATE [0] at connected tick 6960
[09:28:13] [Render thread/INFO] (powers) QA client role=profile05 executed ACTIVATE [0] at connected tick 7000
[09:28:15] [Render thread/INFO] (powers) QA client role=profile05 executed ACTIVATE [0] at connected tick 7040
[09:28:16] [Render thread/INFO] (powers) QA client role=profile05 executed ACTIVATE [0] at connected tick 7080
[09:28:18] [Render thread/INFO] (powers) QA client role=profile05 executed ACTIVATE [0] at connected tick 7120
[09:28:20] [Render thread/INFO] (powers) QA client role=profile05 executed ACTIVATE [0] at connected tick 7160
[09:28:23] [Render thread/INFO] (powers) QA client role=profile05 executed ACTIVATE [0] at connected tick 7200
[09:28:25] [Render thread/INFO] (powers) QA client role=profile05 executed ACTIVATE [0] at connected tick 7240
[09:28:27] [Render thread/INFO] (powers) QA client role=profile05 executed ACTIVATE [0] at connected tick 7280
[09:28:29] [Render thread/INFO] (powers) QA client role=profile05 executed ACTIVATE [0] at connected tick 7320
[09:28:31] [Render thread/INFO] (powers) QA client role=profile05 executed ACTIVATE [0] at connected tick 7360
[09:28:33] [Render thread/INFO] (powers) QA client role=profile05 executed ACTIVATE [0] at connected tick 7400
[09:28:35] [Render thread/INFO] (powers) QA client role=profile05 executed ACTIVATE [0] at connected tick 7440
[09:28:37] [Render thread/INFO] (powers) QA client role=profile05 executed ACTIVATE [0] at connected tick 7480
[09:28:39] [Render thread/INFO] (powers) QA client role=profile05 executed ACTIVATE [0] at connected tick 7520
[09:28:41] [Render thread/INFO] (powers) QA client role=profile05 executed ACTIVATE [0] at connected tick 7560
[09:28:43] [Render thread/INFO] (powers) QA client role=profile05 executed ACTIVATE [0] at connected tick 7600
[09:28:45] [Render thread/INFO] (powers) QA client role=profile05 executed ACTIVATE [0] at connected tick 7640
[09:28:47] [Render thread/INFO] (powers) QA client role=profile05 executed ACTIVATE [0] at connected tick 7680
[09:28:49] [Render thread/INFO] (powers) QA client role=profile05 executed ACTIVATE [0] at connected tick 7720
[09:28:51] [Render thread/INFO] (powers) QA client role=profile05 executed ACTIVATE [0] at connected tick 7760
[09:28:53] [Render thread/INFO] (powers) QA client role=profile05 executed ACTIVATE [0] at connected tick 7800
[09:28:55] [Render thread/INFO] (powers) QA client role=profile05 executed ACTIVATE [0] at connected tick 7840
[09:28:57] [Render thread/INFO] (powers) QA client role=profile05 executed ACTIVATE [0] at connected tick 7880
[09:28:59] [Render thread/INFO] (powers) QA client role=profile05 executed ACTIVATE [0] at connected tick 7920
[09:29:01] [Render thread/INFO] (powers) QA client role=profile05 executed ACTIVATE [0] at connected tick 7960
[09:29:03] [Render thread/INFO] (powers) QA client role=profile05 executed ACTIVATE [0] at connected tick 8000
[09:29:04] [Render thread/INFO] (powers) QA client role=profile05 executed ACTIVATE [0] at connected tick 8040
[09:29:06] [Render thread/INFO] (powers) QA client role=profile05 executed ACTIVATE [0] at connected tick 8080
[09:29:08] [Render thread/INFO] (powers) QA client role=profile05 executed ACTIVATE [0] at connected tick 8120
[09:29:10] [Render thread/INFO] (powers) QA client role=profile05 executed ACTIVATE [0] at connected tick 8160
[09:29:12] [Render thread/INFO] (powers) QA client role=profile05 executed ACTIVATE [0] at connected tick 8200
[09:29:15] [Render thread/INFO] (powers) QA client role=profile05 executed ACTIVATE [0] at connected tick 8240
[09:29:17] [Render thread/INFO] (powers) QA client role=profile05 executed ACTIVATE [0] at connected tick 8280
[09:29:19] [Render thread/INFO] (powers) QA client role=profile05 executed ACTIVATE [0] at connected tick 8320
[09:29:21] [Render thread/INFO] (powers) QA client role=profile05 executed ACTIVATE [0] at connected tick 8360
[09:29:23] [Render thread/INFO] (powers) QA client role=profile05 executed ACTIVATE [0] at connected tick 8400
[09:29:25] [Render thread/INFO] (powers) QA client role=profile05 executed ACTIVATE [0] at connected tick 8440
[09:29:27] [Render thread/INFO] (powers) QA client role=profile05 executed ACTIVATE [0] at connected tick 8480
[09:29:29] [Render thread/INFO] (powers) QA client role=profile05 executed ACTIVATE [0] at connected tick 8520
[09:29:31] [Render thread/INFO] (powers) QA client role=profile05 executed ACTIVATE [0] at connected tick 8560
[09:29:33] [Render thread/INFO] (powers) QA client role=profile05 executed ACTIVATE [0] at connected tick 8600
[09:29:35] [Render thread/INFO] (powers) QA client role=profile05 executed ACTIVATE [0] at connected tick 8640
[09:29:37] [Render thread/INFO] (powers) QA client role=profile05 executed ACTIVATE [0] at connected tick 8680
[09:29:39] [Render thread/INFO] (powers) QA client role=profile05 executed ACTIVATE [0] at connected tick 8720
[09:29:41] [Render thread/INFO] (powers) QA client role=profile05 executed ACTIVATE [0] at connected tick 8760
[09:29:43] [Render thread/INFO] (powers) QA client role=profile05 executed ACTIVATE [0] at connected tick 8800
[09:29:45] [Render thread/INFO] (powers) QA client role=profile05 executed ACTIVATE [0] at connected tick 8840
[09:29:47] [Render thread/INFO] (powers) QA client role=profile05 executed ACTIVATE [0] at connected tick 8880
[09:29:49] [Render thread/INFO] (powers) QA client role=profile05 executed ACTIVATE [0] at connected tick 8920
[09:29:51] [Render thread/INFO] (powers) QA client role=profile05 executed ACTIVATE [0] at connected tick 8960
[09:29:53] [Render thread/INFO] (powers) QA client role=profile05 executed ACTIVATE [0] at connected tick 9000
[09:29:55] [Render thread/INFO] (powers) QA client role=profile05 executed ACTIVATE [0] at connected tick 9040
[09:29:57] [Render thread/INFO] (powers) QA client role=profile05 executed ACTIVATE [0] at connected tick 9080
[09:29:59] [Render thread/INFO] (powers) QA client role=profile05 executed ACTIVATE [0] at connected tick 9120
[09:30:01] [Render thread/INFO] (powers) QA client role=profile05 executed ACTIVATE [0] at connected tick 9160
[09:30:03] [Render thread/INFO] (powers) QA client role=profile05 executed ACTIVATE [0] at connected tick 9200
[09:30:05] [Render thread/INFO] (powers) QA client role=profile05 executed ACTIVATE [0] at connected tick 9240
[09:30:07] [Render thread/INFO] (powers) QA client role=profile05 executed ACTIVATE [0] at connected tick 9280
[09:30:09] [Render thread/INFO] (powers) QA client role=profile05 executed ACTIVATE [0] at connected tick 9320
[09:30:11] [Render thread/INFO] (powers) QA client role=profile05 executed ACTIVATE [0] at connected tick 9360
[09:30:13] [Render thread/INFO] (powers) QA client role=profile05 executed ACTIVATE [0] at connected tick 9400
[09:30:15] [Render thread/INFO] (powers) QA client role=profile05 executed ACTIVATE [0] at connected tick 9440
[09:30:17] [Render thread/INFO] (powers) QA client role=profile05 executed ACTIVATE [0] at connected tick 9480
[09:30:18] [Render thread/INFO] (powers) QA client role=profile05 executed ACTIVATE [0] at connected tick 9520
[09:30:20] [Render thread/INFO] (powers) QA client role=profile05 executed ACTIVATE [0] at connected tick 9560
[09:30:22] [Render thread/INFO] (powers) QA client role=profile05 executed ACTIVATE [0] at connected tick 9600
[09:30:24] [Render thread/INFO] (powers) QA client role=profile05 executed ACTIVATE [0] at connected tick 9640
[09:30:26] [Render thread/INFO] (powers) QA client role=profile05 executed ACTIVATE [0] at connected tick 9680
[09:30:28] [Render thread/INFO] (powers) QA client role=profile05 executed ACTIVATE [0] at connected tick 9720
[09:30:30] [Render thread/INFO] (powers) QA client role=profile05 executed ACTIVATE [0] at connected tick 9760
[09:30:32] [Render thread/INFO] (powers) QA client role=profile05 executed ACTIVATE [0] at connected tick 9800
[09:30:35] [Render thread/INFO] (powers) QA client role=profile05 executed ACTIVATE [0] at connected tick 9840
[09:30:36] [Render thread/INFO] (powers) QA client role=profile05 executed ACTIVATE [0] at connected tick 9880
[09:30:39] [Render thread/INFO] (powers) QA client role=profile05 executed ACTIVATE [0] at connected tick 9920
[09:30:41] [Render thread/INFO] (powers) QA client role=profile05 executed ACTIVATE [0] at connected tick 9960
[09:30:43] [Render thread/INFO] (powers) QA client role=profile05 executed ACTIVATE [0] at connected tick 10000
[09:30:45] [Render thread/INFO] (powers) QA client role=profile05 executed ACTIVATE [0] at connected tick 10040
[09:30:47] [Render thread/INFO] (powers) QA client role=profile05 executed ACTIVATE [0] at connected tick 10080
[09:30:49] [Render thread/INFO] (powers) QA client role=profile05 executed ACTIVATE [0] at connected tick 10120
[09:30:51] [Render thread/INFO] (powers) QA client role=profile05 executed ACTIVATE [0] at connected tick 10160
[09:30:53] [Render thread/INFO] (powers) QA client role=profile05 executed ACTIVATE [0] at connected tick 10200
[09:30:55] [Render thread/INFO] (powers) QA client role=profile05 executed ACTIVATE [0] at connected tick 10240
[09:30:57] [Render thread/INFO] (powers) QA client role=profile05 executed ACTIVATE [0] at connected tick 10280
[09:30:59] [Render thread/INFO] (powers) QA client role=profile05 executed ACTIVATE [0] at connected tick 10320
[09:31:01] [Render thread/INFO] (powers) QA client role=profile05 executed ACTIVATE [0] at connected tick 10360
[09:31:03] [Render thread/INFO] (powers) QA client role=profile05 executed ACTIVATE [0] at connected tick 10400
[09:31:05] [Render thread/INFO] (powers) QA client role=profile05 executed ACTIVATE [0] at connected tick 10440
[09:31:06] [Render thread/INFO] (powers) QA client role=profile05 executed ACTIVATE [0] at connected tick 10480
[09:31:08] [Render thread/INFO] (powers) QA client role=profile05 executed ACTIVATE [0] at connected tick 10520
[09:31:10] [Render thread/INFO] (powers) QA client role=profile05 executed ACTIVATE [0] at connected tick 10560
[09:31:12] [Render thread/INFO] (powers) QA client role=profile05 executed ACTIVATE [0] at connected tick 10600
[09:31:14] [Render thread/INFO] (powers) QA client role=profile05 executed ACTIVATE [0] at connected tick 10640
[09:31:16] [Render thread/INFO] (powers) QA client role=profile05 executed ACTIVATE [0] at connected tick 10680
[09:31:19] [Render thread/INFO] (powers) QA client role=profile05 executed ACTIVATE [0] at connected tick 10720
[09:31:21] [Render thread/INFO] (powers) QA client role=profile05 executed ACTIVATE [0] at connected tick 10760
[09:31:23] [Render thread/INFO] (powers) QA client role=profile05 executed ACTIVATE [0] at connected tick 10800
[09:31:25] [Render thread/INFO] (powers) QA client role=profile05 executed ACTIVATE [0] at connected tick 10840
[09:31:27] [Render thread/INFO] (powers) QA client role=profile05 executed ACTIVATE [0] at connected tick 10880
[09:31:29] [Render thread/INFO] (powers) QA client role=profile05 executed ACTIVATE [0] at connected tick 10920
[09:31:31] [Render thread/INFO] (powers) QA client role=profile05 executed ACTIVATE [0] at connected tick 10960
[09:31:33] [Render thread/INFO] (powers) QA client role=profile05 executed ACTIVATE [0] at connected tick 11000
[09:31:34] [Render thread/INFO] (powers) QA client role=profile05 executed ACTIVATE [0] at connected tick 11040
[09:31:36] [Render thread/INFO] (powers) QA client role=profile05 executed ACTIVATE [0] at connected tick 11080
[09:31:39] [Render thread/INFO] (powers) QA client role=profile05 executed ACTIVATE [0] at connected tick 11120
[09:31:41] [Render thread/INFO] (powers) QA client role=profile05 executed ACTIVATE [0] at connected tick 11160
[09:31:43] [Render thread/INFO] (powers) QA client role=profile05 executed ACTIVATE [0] at connected tick 11200
[09:31:45] [Render thread/INFO] (powers) QA client role=profile05 executed ACTIVATE [0] at connected tick 11240
[09:31:47] [Render thread/INFO] (powers) QA client role=profile05 executed ACTIVATE [0] at connected tick 11280
[09:31:49] [Render thread/INFO] (powers) QA client role=profile05 executed ACTIVATE [0] at connected tick 11320
[09:31:51] [Render thread/INFO] (powers) QA client role=profile05 executed ACTIVATE [0] at connected tick 11360
[09:31:53] [Render thread/INFO] (powers) QA client role=profile05 executed ACTIVATE [0] at connected tick 11400
[09:31:55] [Render thread/INFO] (powers) QA client role=profile05 executed ACTIVATE [0] at connected tick 11440
[09:31:57] [Render thread/INFO] (powers) QA client role=profile05 executed ACTIVATE [0] at connected tick 11480
[09:31:59] [Render thread/INFO] (powers) QA client role=profile05 executed ACTIVATE [0] at connected tick 11520
[09:32:01] [Render thread/INFO] (powers) QA client role=profile05 executed ACTIVATE [0] at connected tick 11560
[09:32:02] [Render thread/INFO] (powers) QA client role=profile05 executed ACTIVATE [0] at connected tick 11600
[09:32:04] [Render thread/INFO] (powers) QA client role=profile05 executed ACTIVATE [0] at connected tick 11640
[09:32:06] [Render thread/INFO] (powers) QA client role=profile05 executed ACTIVATE [0] at connected tick 11680
[09:32:08] [Render thread/INFO] (powers) QA client role=profile05 executed ACTIVATE [0] at connected tick 11720
[09:32:10] [Render thread/INFO] (powers) QA client role=profile05 executed ACTIVATE [0] at connected tick 11760
[09:32:12] [Render thread/INFO] (powers) QA client role=profile05 executed ACTIVATE [0] at connected tick 11800
[09:32:14] [Render thread/INFO] (powers) QA client role=profile05 executed ACTIVATE [0] at connected tick 11840
[09:32:16] [Render thread/INFO] (powers) QA client role=profile05 executed ACTIVATE [0] at connected tick 11880
[09:32:18] [Render thread/INFO] (powers) QA client role=profile05 executed ACTIVATE [0] at connected tick 11920
[09:32:20] [Render thread/INFO] (powers) QA client role=profile05 executed ACTIVATE [0] at connected tick 11960
[09:32:22] [Render thread/INFO] (powers) QA client role=profile05 executed ACTIVATE [0] at connected tick 12000
[09:32:25] [Render thread/INFO] (powers) QA client role=profile05 executed ACTIVATE [0] at connected tick 12040
[09:32:27] [Render thread/INFO] (powers) QA client role=profile05 executed ACTIVATE [0] at connected tick 12080
[09:32:29] [Render thread/INFO] (powers) QA client role=profile05 executed ACTIVATE [0] at connected tick 12120
[09:32:31] [Render thread/INFO] (powers) QA client role=profile05 executed ACTIVATE [0] at connected tick 12160
[09:32:33] [Render thread/INFO] (powers) QA client role=profile05 executed ACTIVATE [0] at connected tick 12200
[09:32:35] [Render thread/INFO] (powers) QA client role=profile05 executed ACTIVATE [0] at connected tick 12240
[09:32:37] [Render thread/INFO] (powers) QA client role=profile05 executed ACTIVATE [0] at connected tick 12280
[09:32:38] [Render thread/INFO] (powers) QA client role=profile05 executed ACTIVATE [0] at connected tick 12320
[09:32:40] [Render thread/INFO] (powers) QA client role=profile05 executed ACTIVATE [0] at connected tick 12360
[09:32:42] [Render thread/INFO] (powers) QA client role=profile05 executed ACTIVATE [0] at connected tick 12400
[09:32:44] [Render thread/INFO] (powers) QA client role=profile05 executed ACTIVATE [0] at connected tick 12440
[09:32:46] [Render thread/INFO] (powers) QA client role=profile05 executed ACTIVATE [0] at connected tick 12480
[09:32:48] [Render thread/INFO] (powers) QA client role=profile05 executed ACTIVATE [0] at connected tick 12520
[09:32:50] [Render thread/INFO] (powers) QA client role=profile05 executed ACTIVATE [0] at connected tick 12560
[09:32:52] [Render thread/INFO] (powers) QA client role=profile05 executed ACTIVATE [0] at connected tick 12600
[09:32:54] [Render thread/INFO] (powers) QA client role=profile05 executed ACTIVATE [0] at connected tick 12640
[09:32:56] [Render thread/INFO] (powers) QA client role=profile05 executed ACTIVATE [0] at connected tick 12680
[09:32:58] [Render thread/INFO] (powers) QA client role=profile05 executed ACTIVATE [0] at connected tick 12720
[09:33:01] [Render thread/INFO] (powers) QA client role=profile05 executed ACTIVATE [0] at connected tick 12760
[09:33:03] [Render thread/INFO] (powers) QA client role=profile05 executed ACTIVATE [0] at connected tick 12800
[09:33:05] [Render thread/INFO] (powers) QA client role=profile05 executed ACTIVATE [0] at connected tick 12840
[09:33:07] [Render thread/INFO] (powers) QA client role=profile05 executed ACTIVATE [0] at connected tick 12880
[09:33:09] [Render thread/INFO] (powers) QA client role=profile05 executed ACTIVATE [0] at connected tick 12920
[09:33:11] [Render thread/INFO] (powers) QA client role=profile05 executed ACTIVATE [0] at connected tick 12960
[09:33:13] [Render thread/INFO] (powers) QA client role=profile05 executed ACTIVATE [0] at connected tick 13000
[09:33:15] [Render thread/INFO] (powers) QA client role=profile05 executed ACTIVATE [0] at connected tick 13040
[09:33:17] [Render thread/INFO] (powers) QA client role=profile05 executed ACTIVATE [0] at connected tick 13080
[09:33:19] [Render thread/INFO] (powers) QA client role=profile05 executed ACTIVATE [0] at connected tick 13120
[09:33:21] [Render thread/INFO] (powers) QA client role=profile05 executed ACTIVATE [0] at connected tick 13160
[09:33:23] [Render thread/INFO] (powers) QA client role=profile05 executed ACTIVATE [0] at connected tick 13200
[09:33:25] [Render thread/INFO] (powers) QA client role=profile05 executed ACTIVATE [0] at connected tick 13240
[09:33:27] [Render thread/INFO] (powers) QA client role=profile05 executed ACTIVATE [0] at connected tick 13280
[09:33:29] [Render thread/INFO] (powers) QA client role=profile05 executed ACTIVATE [0] at connected tick 13320
[09:33:31] [Render thread/INFO] (powers) QA client role=profile05 executed ACTIVATE [0] at connected tick 13360
[09:33:33] [Render thread/INFO] (powers) QA client role=profile05 executed ACTIVATE [0] at connected tick 13400
[09:33:35] [Render thread/INFO] (powers) QA client role=profile05 executed ACTIVATE [0] at connected tick 13440
[09:33:37] [Render thread/INFO] (powers) QA client role=profile05 executed ACTIVATE [0] at connected tick 13480
[09:33:39] [Render thread/INFO] (powers) QA client role=profile05 executed ACTIVATE [0] at connected tick 13520
[09:33:40] [Render thread/INFO] (powers) QA client role=profile05 executed ACTIVATE [0] at connected tick 13560
[09:33:42] [Render thread/INFO] (powers) QA client role=profile05 executed ACTIVATE [0] at connected tick 13600
[09:33:44] [Render thread/INFO] (powers) QA client role=profile05 executed ACTIVATE [0] at connected tick 13640
[09:33:46] [Render thread/INFO] (powers) QA client role=profile05 executed ACTIVATE [0] at connected tick 13680
[09:33:48] [Render thread/INFO] (powers) QA client role=profile05 executed ACTIVATE [0] at connected tick 13720
[09:33:50] [Render thread/INFO] (powers) QA client role=profile05 executed ACTIVATE [0] at connected tick 13760
[09:33:52] [Render thread/INFO] (powers) QA client role=profile05 executed ACTIVATE [0] at connected tick 13800
[09:33:54] [Render thread/INFO] (powers) QA client role=profile05 executed ACTIVATE [0] at connected tick 13840
[09:33:56] [Render thread/INFO] (powers) QA client role=profile05 executed ACTIVATE [0] at connected tick 13880
[09:33:58] [Render thread/INFO] (powers) QA client role=profile05 executed ACTIVATE [0] at connected tick 13920
[09:34:01] [Render thread/INFO] (powers) QA client role=profile05 executed ACTIVATE [0] at connected tick 13960
[09:34:03] [Render thread/INFO] (powers) QA client role=profile05 executed ACTIVATE [0] at connected tick 14000
[09:34:05] [Render thread/INFO] (powers) QA client role=profile05 executed ACTIVATE [0] at connected tick 14040
[09:34:07] [Render thread/INFO] (powers) QA client role=profile05 executed ACTIVATE [0] at connected tick 14080
[09:34:09] [Render thread/INFO] (powers) QA client role=profile05 executed ACTIVATE [0] at connected tick 14120
[09:34:11] [Render thread/INFO] (powers) QA client role=profile05 executed ACTIVATE [0] at connected tick 14160
[09:34:13] [Render thread/INFO] (powers) QA client role=profile05 executed ACTIVATE [0] at connected tick 14200
[09:34:15] [Render thread/INFO] (powers) QA client role=profile05 executed ACTIVATE [0] at connected tick 14240
[09:34:17] [Render thread/INFO] (powers) QA client role=profile05 executed ACTIVATE [0] at connected tick 14280
[09:34:19] [Render thread/INFO] (powers) QA client role=profile05 executed ACTIVATE [0] at connected tick 14320
[09:34:21] [Render thread/INFO] (powers) QA client role=profile05 executed ACTIVATE [0] at connected tick 14360
[09:34:23] [Render thread/INFO] (powers) QA client role=profile05 executed ACTIVATE [0] at connected tick 14400
[09:34:25] [Render thread/INFO] (powers) QA client role=profile05 executed ACTIVATE [0] at connected tick 14440
[09:34:27] [Render thread/INFO] (powers) QA client role=profile05 executed ACTIVATE [0] at connected tick 14480
[09:34:29] [Render thread/INFO] (powers) QA client role=profile05 executed ACTIVATE [0] at connected tick 14520
[09:34:31] [Render thread/INFO] (powers) QA client role=profile05 executed ACTIVATE [0] at connected tick 14560
[09:34:33] [Render thread/INFO] (powers) QA client role=profile05 executed ACTIVATE [0] at connected tick 14600
[09:34:34] [Render thread/INFO] (powers) QA client role=profile05 executed ACTIVATE [0] at connected tick 14640
[09:34:36] [Render thread/INFO] (powers) QA client role=profile05 executed ACTIVATE [0] at connected tick 14680
[09:34:38] [Render thread/INFO] (powers) QA client role=profile05 executed ACTIVATE [0] at connected tick 14720
[09:34:40] [Render thread/INFO] (powers) QA client role=profile05 executed ACTIVATE [0] at connected tick 14760
[09:34:42] [Render thread/INFO] (powers) QA client role=profile05 executed ACTIVATE [0] at connected tick 14800
[09:34:44] [Render thread/INFO] (powers) QA client role=profile05 executed ACTIVATE [0] at connected tick 14840
[09:34:46] [Render thread/INFO] (powers) QA client role=profile05 executed ACTIVATE [0] at connected tick 14880
[09:34:49] [Render thread/INFO] (powers) QA client role=profile05 executed ACTIVATE [0] at connected tick 14920
[09:34:51] [Render thread/INFO] (powers) QA client role=profile05 executed ACTIVATE [0] at connected tick 14960
[09:34:53] [Render thread/INFO] (powers) QA client role=profile05 executed ACTIVATE [0] at connected tick 15000
[09:34:55] [Render thread/INFO] (powers) QA client role=profile05 executed ACTIVATE [0] at connected tick 15040
[09:34:57] [Render thread/INFO] (powers) QA client role=profile05 executed ACTIVATE [0] at connected tick 15080
[09:34:59] [Render thread/INFO] (powers) QA client role=profile05 executed ACTIVATE [0] at connected tick 15120
[09:35:01] [Render thread/INFO] (powers) QA client role=profile05 executed ACTIVATE [0] at connected tick 15160
[09:35:03] [Render thread/INFO] (powers) QA client role=profile05 executed ACTIVATE [0] at connected tick 15200
[09:35:05] [Render thread/INFO] (powers) QA client role=profile05 executed ACTIVATE [0] at connected tick 15240
[09:35:07] [Render thread/INFO] (powers) QA client role=profile05 executed ACTIVATE [0] at connected tick 15280
[09:35:09] [Render thread/INFO] (powers) QA client role=profile05 executed ACTIVATE [0] at connected tick 15320
[09:35:11] [Render thread/INFO] (powers) QA client role=profile05 executed ACTIVATE [0] at connected tick 15360
[09:35:13] [Render thread/INFO] (powers) QA client role=profile05 executed ACTIVATE [0] at connected tick 15400
[09:35:15] [Render thread/INFO] (powers) QA client role=profile05 executed ACTIVATE [0] at connected tick 15440
[09:35:16] [Render thread/INFO] (powers) QA client role=profile05 executed ACTIVATE [0] at connected tick 15480
[09:35:18] [Render thread/INFO] (powers) QA client role=profile05 executed ACTIVATE [0] at connected tick 15520
[09:35:20] [Render thread/INFO] (powers) QA client role=profile05 executed ACTIVATE [0] at connected tick 15560
[09:35:22] [Render thread/INFO] (powers) QA client role=profile05 executed ACTIVATE [0] at connected tick 15600
[09:35:24] [Render thread/INFO] (powers) QA client role=profile05 executed ACTIVATE [0] at connected tick 15640
[09:35:26] [Render thread/INFO] (powers) QA client role=profile05 executed ACTIVATE [0] at connected tick 15680
[09:35:29] [Render thread/INFO] (powers) QA client role=profile05 executed ACTIVATE [0] at connected tick 15720
[09:35:31] [Render thread/INFO] (powers) QA client role=profile05 executed ACTIVATE [0] at connected tick 15760
[09:35:33] [Render thread/INFO] (powers) QA client role=profile05 executed ACTIVATE [0] at connected tick 15800
[09:35:35] [Render thread/INFO] (powers) QA client role=profile05 executed ACTIVATE [0] at connected tick 15840
[09:35:37] [Render thread/INFO] (powers) QA client role=profile05 executed ACTIVATE [0] at connected tick 15880
[09:35:39] [Render thread/INFO] (powers) QA client role=profile05 executed ACTIVATE [0] at connected tick 15920
[09:35:41] [Render thread/INFO] (powers) QA client role=profile05 executed ACTIVATE [0] at connected tick 15960
[09:35:43] [Render thread/INFO] (powers) QA client role=profile05 executed ACTIVATE [0] at connected tick 16000
[09:35:44] [Render thread/INFO] (powers) QA client role=profile05 executed ACTIVATE [0] at connected tick 16040
[09:35:46] [Render thread/INFO] (powers) QA client role=profile05 executed ACTIVATE [0] at connected tick 16080
[09:35:48] [Render thread/INFO] (powers) QA client role=profile05 executed ACTIVATE [0] at connected tick 16120
[09:35:50] [Render thread/INFO] (powers) QA client role=profile05 executed ACTIVATE [0] at connected tick 16160
[09:35:52] [Render thread/INFO] (powers) QA client role=profile05 executed ACTIVATE [0] at connected tick 16200
[09:35:54] [Render thread/INFO] (powers) QA client role=profile05 executed ACTIVATE [0] at connected tick 16240
[09:35:56] [Render thread/INFO] (powers) QA client role=profile05 executed ACTIVATE [0] at connected tick 16280
[09:35:58] [Render thread/INFO] (powers) QA client role=profile05 executed ACTIVATE [0] at connected tick 16320
[09:36:00] [Render thread/INFO] (powers) QA client role=profile05 executed ACTIVATE [0] at connected tick 16360
[09:36:02] [Render thread/INFO] (powers) QA client role=profile05 executed ACTIVATE [0] at connected tick 16400
[09:36:04] [Render thread/INFO] (powers) QA client role=profile05 executed ACTIVATE [0] at connected tick 16440
[09:36:06] [Render thread/INFO] (powers) QA client role=profile05 executed ACTIVATE [0] at connected tick 16480
[09:36:08] [Render thread/INFO] (powers) QA client role=profile05 executed ACTIVATE [0] at connected tick 16520
[09:36:10] [Render thread/INFO] (powers) QA client role=profile05 executed ACTIVATE [0] at connected tick 16560
[09:36:12] [Render thread/INFO] (powers) QA client role=profile05 executed ACTIVATE [0] at connected tick 16600
[09:36:14] [Render thread/INFO] (powers) QA client role=profile05 executed ACTIVATE [0] at connected tick 16640
[09:36:16] [Render thread/INFO] (powers) QA client role=profile05 executed ACTIVATE [0] at connected tick 16680
[09:36:18] [Render thread/INFO] (powers) QA client role=profile05 executed ACTIVATE [0] at connected tick 16720
[09:36:20] [Render thread/INFO] (powers) QA client role=profile05 executed ACTIVATE [0] at connected tick 16760
[09:36:22] [Render thread/INFO] (powers) QA client role=profile05 executed ACTIVATE [0] at connected tick 16800
[09:36:24] [Render thread/INFO] (powers) QA client role=profile05 executed ACTIVATE [0] at connected tick 16840
[09:36:26] [Render thread/INFO] (Minecraft) [System] [CHAT] [Dormant] Profile03 has made the advancement [Monster Hunter]
[09:36:27] [Render thread/INFO] (powers) QA client role=profile05 executed ACTIVATE [0] at connected tick 16880
[09:36:29] [Render thread/INFO] (powers) QA client role=profile05 executed ACTIVATE [0] at connected tick 16920
[09:36:31] [Render thread/INFO] (powers) QA client role=profile05 executed ACTIVATE [0] at connected tick 16960
[09:36:33] [Render thread/INFO] (powers) QA client role=profile05 executed ACTIVATE [0] at connected tick 17000
[09:36:35] [Render thread/INFO] (powers) QA client role=profile05 executed ACTIVATE [0] at connected tick 17040
[09:36:37] [Render thread/INFO] (powers) QA client role=profile05 executed ACTIVATE [0] at connected tick 17080
[09:36:39] [Render thread/INFO] (powers) QA client role=profile05 executed ACTIVATE [0] at connected tick 17120
[09:36:41] [Render thread/INFO] (powers) QA client role=profile05 executed ACTIVATE [0] at connected tick 17160
[09:36:42] [Render thread/INFO] (powers) QA client role=profile05 executed ACTIVATE [0] at connected tick 17200
[09:36:44] [Render thread/INFO] (powers) QA client role=profile05 executed ACTIVATE [0] at connected tick 17240
[09:36:46] [Render thread/INFO] (powers) QA client role=profile05 executed ACTIVATE [0] at connected tick 17280
[09:36:48] [Render thread/INFO] (powers) QA client role=profile05 executed ACTIVATE [0] at connected tick 17320
[09:36:50] [Render thread/INFO] (powers) QA client role=profile05 executed ACTIVATE [0] at connected tick 17360
[09:36:52] [Render thread/INFO] (powers) QA client role=profile05 executed ACTIVATE [0] at connected tick 17400
[09:36:54] [Render thread/INFO] (powers) QA client role=profile05 executed ACTIVATE [0] at connected tick 17440
[09:36:56] [Render thread/INFO] (powers) QA client role=profile05 executed ACTIVATE [0] at connected tick 17480
[09:36:58] [Render thread/INFO] (powers) QA client role=profile05 executed ACTIVATE [0] at connected tick 17520
[09:37:00] [Render thread/INFO] (powers) QA client role=profile05 executed ACTIVATE [0] at connected tick 17560
[09:37:02] [Render thread/INFO] (powers) QA client role=profile05 executed ACTIVATE [0] at connected tick 17600
[09:37:04] [Render thread/INFO] (powers) QA client role=profile05 executed ACTIVATE [0] at connected tick 17640
[09:37:06] [Render thread/INFO] (powers) QA client role=profile05 executed ACTIVATE [0] at connected tick 17680
[09:37:08] [Render thread/INFO] (powers) QA client role=profile05 executed ACTIVATE [0] at connected tick 17720
[09:37:10] [Render thread/INFO] (powers) QA client role=profile05 executed ACTIVATE [0] at connected tick 17760
[09:37:12] [Render thread/INFO] (powers) QA client role=profile05 executed ACTIVATE [0] at connected tick 17800
[09:37:14] [Render thread/INFO] (powers) QA client role=profile05 executed ACTIVATE [0] at connected tick 17840
[09:37:16] [Render thread/INFO] (powers) QA client role=profile05 executed ACTIVATE [0] at connected tick 17880
[09:37:18] [Render thread/INFO] (powers) QA client role=profile05 executed ACTIVATE [0] at connected tick 17920
[09:37:20] [Render thread/INFO] (powers) QA client role=profile05 executed ACTIVATE [0] at connected tick 17960
[09:37:22] [Render thread/INFO] (powers) QA client role=profile05 executed ACTIVATE [0] at connected tick 18000
[09:37:24] [Render thread/INFO] (powers) QA client role=profile05 executed ACTIVATE [0] at connected tick 18040
[09:37:26] [Render thread/INFO] (powers) QA client role=profile05 executed ACTIVATE [0] at connected tick 18080
[09:37:28] [Render thread/INFO] (powers) QA client role=profile05 executed ACTIVATE [0] at connected tick 18120
[09:37:30] [Render thread/INFO] (powers) QA client role=profile05 executed ACTIVATE [0] at connected tick 18160
[09:37:33] [Render thread/INFO] (powers) QA client role=profile05 executed ACTIVATE [0] at connected tick 18200
[09:37:35] [Render thread/INFO] (powers) QA client role=profile05 executed ACTIVATE [0] at connected tick 18240
[09:37:37] [Render thread/INFO] (powers) QA client role=profile05 executed ACTIVATE [0] at connected tick 18280
[09:37:39] [Render thread/INFO] (powers) QA client role=profile05 executed ACTIVATE [0] at connected tick 18320
[09:37:41] [Render thread/INFO] (powers) QA client role=profile05 executed ACTIVATE [0] at connected tick 18360
[09:37:43] [Render thread/INFO] (powers) QA client role=profile05 executed ACTIVATE [0] at connected tick 18400
[09:37:45] [Render thread/INFO] (powers) QA client role=profile05 executed ACTIVATE [0] at connected tick 18440
[09:37:47] [Render thread/INFO] (powers) QA client role=profile05 executed ACTIVATE [0] at connected tick 18480
[09:37:49] [Render thread/INFO] (powers) QA client role=profile05 executed ACTIVATE [0] at connected tick 18520
[09:37:51] [Render thread/INFO] (powers) QA client role=profile05 executed ACTIVATE [0] at connected tick 18560
[09:37:53] [Render thread/INFO] (powers) QA client role=profile05 executed ACTIVATE [0] at connected tick 18600
[09:37:55] [Render thread/INFO] (powers) QA client role=profile05 executed ACTIVATE [0] at connected tick 18640
[09:37:57] [Render thread/INFO] (powers) QA client role=profile05 executed ACTIVATE [0] at connected tick 18680
[09:37:59] [Render thread/INFO] (powers) QA client role=profile05 executed ACTIVATE [0] at connected tick 18720
[09:38:01] [Render thread/INFO] (powers) QA client role=profile05 executed ACTIVATE [0] at connected tick 18760
[09:38:03] [Render thread/INFO] (powers) QA client role=profile05 executed ACTIVATE [0] at connected tick 18800
[09:38:05] [Render thread/INFO] (powers) QA client role=profile05 executed ACTIVATE [0] at connected tick 18840
[09:38:07] [Render thread/INFO] (powers) QA client role=profile05 executed ACTIVATE [0] at connected tick 18880
[09:38:09] [Render thread/INFO] (powers) QA client role=profile05 executed ACTIVATE [0] at connected tick 18920
[09:38:11] [Render thread/INFO] (powers) QA client role=profile05 executed ACTIVATE [0] at connected tick 18960
[09:38:13] [Render thread/INFO] (powers) QA client role=profile05 executed ACTIVATE [0] at connected tick 19000
[09:38:15] [Render thread/INFO] (powers) QA client role=profile05 executed ACTIVATE [0] at connected tick 19040
[09:38:16] [Render thread/INFO] (powers) QA client role=profile05 executed ACTIVATE [0] at connected tick 19080
[09:38:18] [Render thread/INFO] (powers) QA client role=profile05 executed ACTIVATE [0] at connected tick 19120
[09:38:20] [Render thread/INFO] (powers) QA client role=profile05 executed ACTIVATE [0] at connected tick 19160
[09:38:22] [Render thread/INFO] (powers) QA client role=profile05 executed ACTIVATE [0] at connected tick 19200
[09:38:24] [Render thread/INFO] (powers) QA client role=profile05 executed ACTIVATE [0] at connected tick 19240
[09:38:26] [Render thread/INFO] (powers) QA client role=profile05 executed ACTIVATE [0] at connected tick 19280
[09:38:28] [Render thread/INFO] (powers) QA client role=profile05 executed ACTIVATE [0] at connected tick 19320
[09:38:30] [Render thread/INFO] (powers) QA client role=profile05 executed ACTIVATE [0] at connected tick 19360
[09:38:32] [Render thread/INFO] (powers) QA client role=profile05 executed ACTIVATE [0] at connected tick 19400
[09:38:34] [Render thread/INFO] (powers) QA client role=profile05 executed ACTIVATE [0] at connected tick 19440
[09:38:36] [Render thread/INFO] (powers) QA client role=profile05 executed ACTIVATE [0] at connected tick 19480
[09:38:39] [Render thread/INFO] (powers) QA client role=profile05 executed ACTIVATE [0] at connected tick 19520
[09:38:41] [Render thread/INFO] (powers) QA client role=profile05 executed ACTIVATE [0] at connected tick 19560
[09:38:43] [Render thread/INFO] (powers) QA client role=profile05 executed ACTIVATE [0] at connected tick 19600
[09:38:45] [Render thread/INFO] (powers) QA client role=profile05 executed ACTIVATE [0] at connected tick 19640
[09:38:47] [Render thread/INFO] (powers) QA client role=profile05 executed ACTIVATE [0] at connected tick 19680
[09:38:49] [Render thread/INFO] (powers) QA client role=profile05 executed ACTIVATE [0] at connected tick 19720
[09:38:51] [Render thread/INFO] (powers) QA client role=profile05 executed ACTIVATE [0] at connected tick 19760
[09:38:53] [Render thread/INFO] (powers) QA client role=profile05 executed ACTIVATE [0] at connected tick 19800
[09:38:55] [Render thread/INFO] (powers) QA client role=profile05 executed ACTIVATE [0] at connected tick 19840
[09:38:57] [Render thread/INFO] (powers) QA client role=profile05 executed ACTIVATE [0] at connected tick 19880
[09:38:59] [Render thread/INFO] (powers) QA client role=profile05 executed ACTIVATE [0] at connected tick 19920
[09:39:01] [Render thread/INFO] (powers) QA client role=profile05 executed ACTIVATE [0] at connected tick 19960
[09:39:03] [Render thread/INFO] (powers) QA client role=profile05 executed ACTIVATE [0] at connected tick 20000
[09:39:04] [Render thread/INFO] (powers) QA client role=profile05 executed ACTIVATE [0] at connected tick 20040
[09:39:06] [Render thread/INFO] (powers) QA client role=profile05 executed ACTIVATE [0] at connected tick 20080
[09:39:08] [Render thread/INFO] (powers) QA client role=profile05 executed ACTIVATE [0] at connected tick 20120
[09:39:10] [Render thread/INFO] (powers) QA client role=profile05 executed ACTIVATE [0] at connected tick 20160
[09:39:12] [Render thread/INFO] (powers) QA client role=profile05 executed ACTIVATE [0] at connected tick 20200
[09:39:14] [Render thread/INFO] (powers) QA client role=profile05 executed ACTIVATE [0] at connected tick 20240
[09:39:16] [Render thread/INFO] (powers) QA client role=profile05 executed ACTIVATE [0] at connected tick 20280
[09:39:18] [Render thread/INFO] (powers) QA client role=profile05 executed ACTIVATE [0] at connected tick 20320
[09:39:21] [Render thread/INFO] (powers) QA client role=profile05 executed ACTIVATE [0] at connected tick 20360
[09:39:23] [Render thread/INFO] (powers) QA client role=profile05 executed ACTIVATE [0] at connected tick 20400
[09:39:25] [Render thread/INFO] (powers) QA client role=profile05 executed ACTIVATE [0] at connected tick 20440
[09:39:27] [Render thread/INFO] (powers) QA client role=profile05 executed ACTIVATE [0] at connected tick 20480
[09:39:29] [Render thread/INFO] (powers) QA client role=profile05 executed ACTIVATE [0] at connected tick 20520
[09:39:31] [Render thread/INFO] (powers) QA client role=profile05 executed ACTIVATE [0] at connected tick 20560
[09:39:33] [Render thread/INFO] (powers) QA client role=profile05 executed ACTIVATE [0] at connected tick 20600
[09:39:35] [Render thread/INFO] (powers) QA client role=profile05 executed ACTIVATE [0] at connected tick 20640
[09:39:37] [Render thread/INFO] (powers) QA client role=profile05 executed ACTIVATE [0] at connected tick 20680
[09:39:39] [Render thread/INFO] (powers) QA client role=profile05 executed ACTIVATE [0] at connected tick 20720
[09:39:41] [Render thread/INFO] (powers) QA client role=profile05 executed ACTIVATE [0] at connected tick 20760
[09:39:43] [Render thread/INFO] (powers) QA client role=profile05 executed ACTIVATE [0] at connected tick 20800
[09:39:45] [Render thread/INFO] (powers) QA client role=profile05 executed ACTIVATE [0] at connected tick 20840
[09:39:46] [Render thread/INFO] (powers) QA client role=profile05 executed ACTIVATE [0] at connected tick 20880
[09:39:48] [Render thread/INFO] (powers) QA client role=profile05 executed ACTIVATE [0] at connected tick 20920
[09:39:50] [Render thread/INFO] (powers) QA client role=profile05 executed ACTIVATE [0] at connected tick 20960
[09:39:52] [Render thread/INFO] (powers) QA client role=profile05 executed ACTIVATE [0] at connected tick 21000
[09:39:54] [Render thread/INFO] (powers) QA client role=profile05 executed ACTIVATE [0] at connected tick 21040
[09:39:56] [Render thread/INFO] (powers) QA client role=profile05 executed ACTIVATE [0] at connected tick 21080
[09:39:58] [Render thread/INFO] (powers) QA client role=profile05 executed ACTIVATE [0] at connected tick 21120
[09:40:00] [Render thread/INFO] (powers) QA client role=profile05 executed ACTIVATE [0] at connected tick 21160
[09:40:02] [Render thread/INFO] (powers) QA client role=profile05 executed ACTIVATE [0] at connected tick 21200
[09:40:04] [Render thread/INFO] (powers) QA client role=profile05 executed ACTIVATE [0] at connected tick 21240
[09:40:06] [Render thread/INFO] (powers) QA client role=profile05 executed ACTIVATE [0] at connected tick 21280
[09:40:07] [Render thread/INFO] (Minecraft) [System] [CHAT] [Dormant] Profile06 has made the advancement [Monster Hunter]
[09:40:08] [Render thread/INFO] (powers) QA client role=profile05 executed ACTIVATE [0] at connected tick 21320
[09:40:11] [Render thread/INFO] (powers) QA client role=profile05 executed ACTIVATE [0] at connected tick 21360
[09:40:13] [Render thread/INFO] (powers) QA client role=profile05 executed ACTIVATE [0] at connected tick 21400
[09:40:15] [Render thread/INFO] (powers) QA client role=profile05 executed ACTIVATE [0] at connected tick 21440
[09:40:17] [Render thread/INFO] (powers) QA client role=profile05 executed ACTIVATE [0] at connected tick 21480
[09:40:19] [Render thread/INFO] (powers) QA client role=profile05 executed ACTIVATE [0] at connected tick 21520
[09:40:21] [Render thread/INFO] (powers) QA client role=profile05 executed ACTIVATE [0] at connected tick 21560
[09:40:23] [Render thread/INFO] (powers) QA client role=profile05 executed ACTIVATE [0] at connected tick 21600
[09:40:25] [Render thread/INFO] (powers) QA client role=profile05 executed ACTIVATE [0] at connected tick 21640
[09:40:27] [Render thread/INFO] (powers) QA client role=profile05 executed ACTIVATE [0] at connected tick 21680
[09:40:29] [Render thread/INFO] (powers) QA client role=profile05 executed ACTIVATE [0] at connected tick 21720
[09:40:31] [Render thread/INFO] (powers) QA client role=profile05 executed ACTIVATE [0] at connected tick 21760
[09:40:33] [Render thread/INFO] (powers) QA client role=profile05 executed ACTIVATE [0] at connected tick 21800
[09:40:35] [Render thread/INFO] (powers) QA client role=profile05 executed ACTIVATE [0] at connected tick 21840
[09:40:36] [Render thread/INFO] (powers) QA client role=profile05 executed ACTIVATE [0] at connected tick 21880
[09:40:38] [Render thread/INFO] (powers) QA client role=profile05 executed ACTIVATE [0] at connected tick 21920
[09:40:40] [Render thread/INFO] (powers) QA client role=profile05 executed ACTIVATE [0] at connected tick 21960
[09:40:42] [Render thread/INFO] (powers) QA client role=profile05 executed ACTIVATE [0] at connected tick 22000
[09:40:44] [Render thread/INFO] (powers) QA client role=profile05 executed ACTIVATE [0] at connected tick 22040
[09:40:46] [Render thread/INFO] (powers) QA client role=profile05 executed ACTIVATE [0] at connected tick 22080
[09:40:48] [Render thread/INFO] (powers) QA client role=profile05 executed ACTIVATE [0] at connected tick 22120
[09:40:50] [Render thread/INFO] (powers) QA client role=profile05 executed ACTIVATE [0] at connected tick 22160
[09:40:52] [Render thread/INFO] (powers) QA client role=profile05 executed ACTIVATE [0] at connected tick 22200
[09:40:54] [Render thread/INFO] (powers) QA client role=profile05 executed ACTIVATE [0] at connected tick 22240
[09:40:56] [Render thread/INFO] (powers) QA client role=profile05 executed ACTIVATE [0] at connected tick 22280
[09:40:59] [Render thread/INFO] (powers) QA client role=profile05 executed ACTIVATE [0] at connected tick 22320
[09:41:01] [Render thread/INFO] (powers) QA client role=profile05 executed ACTIVATE [0] at connected tick 22360
[09:41:03] [Render thread/INFO] (powers) QA client role=profile05 executed ACTIVATE [0] at connected tick 22400
[09:41:05] [Render thread/INFO] (powers) QA client role=profile05 executed ACTIVATE [0] at connected tick 22440
[09:41:07] [Render thread/INFO] (powers) QA client role=profile05 executed ACTIVATE [0] at connected tick 22480
[09:41:09] [Render thread/INFO] (powers) QA client role=profile05 executed ACTIVATE [0] at connected tick 22520
[09:41:11] [Render thread/INFO] (powers) QA client role=profile05 executed ACTIVATE [0] at connected tick 22560
[09:41:13] [Render thread/INFO] (powers) QA client role=profile05 executed ACTIVATE [0] at connected tick 22600
[09:41:15] [Render thread/INFO] (powers) QA client role=profile05 executed ACTIVATE [0] at connected tick 22640
[09:41:17] [Render thread/INFO] (powers) QA client role=profile05 executed ACTIVATE [0] at connected tick 22680
[09:41:19] [Render thread/INFO] (powers) QA client role=profile05 executed ACTIVATE [0] at connected tick 22720
[09:41:21] [Render thread/INFO] (powers) QA client role=profile05 executed ACTIVATE [0] at connected tick 22760
[09:41:23] [Render thread/INFO] (powers) QA client role=profile05 executed ACTIVATE [0] at connected tick 22800
[09:41:25] [Render thread/INFO] (powers) QA client role=profile05 executed ACTIVATE [0] at connected tick 22840
[09:41:27] [Render thread/INFO] (powers) QA client role=profile05 executed ACTIVATE [0] at connected tick 22880
[09:41:29] [Render thread/INFO] (powers) QA client role=profile05 executed ACTIVATE [0] at connected tick 22920
[09:41:31] [Render thread/INFO] (powers) QA client role=profile05 executed ACTIVATE [0] at connected tick 22960
[09:41:33] [Render thread/INFO] (powers) QA client role=profile05 executed ACTIVATE [0] at connected tick 23000
[09:41:34] [Render thread/INFO] (powers) QA client role=profile05 executed ACTIVATE [0] at connected tick 23040
[09:41:36] [Render thread/INFO] (powers) QA client role=profile05 executed ACTIVATE [0] at connected tick 23080
[09:41:38] [Render thread/INFO] (powers) QA client role=profile05 executed ACTIVATE [0] at connected tick 23120
[09:41:40] [Render thread/INFO] (powers) QA client role=profile05 executed ACTIVATE [0] at connected tick 23160
[09:41:42] [Render thread/INFO] (powers) QA client role=profile05 executed ACTIVATE [0] at connected tick 23200
[09:41:44] [Render thread/INFO] (powers) QA client role=profile05 executed ACTIVATE [0] at connected tick 23240
[09:41:46] [Render thread/INFO] (powers) QA client role=profile05 executed ACTIVATE [0] at connected tick 23280
[09:41:48] [Render thread/INFO] (powers) QA client role=profile05 executed ACTIVATE [0] at connected tick 23320
[09:41:50] [Render thread/INFO] (powers) QA client role=profile05 executed ACTIVATE [0] at connected tick 23360
[09:41:52] [Render thread/INFO] (powers) QA client role=profile05 executed ACTIVATE [0] at connected tick 23400
[09:41:55] [Render thread/INFO] (powers) QA client role=profile05 executed ACTIVATE [0] at connected tick 23440
[09:41:57] [Render thread/INFO] (powers) QA client role=profile05 executed ACTIVATE [0] at connected tick 23480
[09:41:59] [Render thread/INFO] (powers) QA client role=profile05 executed ACTIVATE [0] at connected tick 23520
[09:42:01] [Render thread/INFO] (powers) QA client role=profile05 executed ACTIVATE [0] at connected tick 23560
[09:42:03] [Render thread/INFO] (powers) QA client role=profile05 executed ACTIVATE [0] at connected tick 23600
[09:42:05] [Render thread/INFO] (powers) QA client role=profile05 executed ACTIVATE [0] at connected tick 23640
[09:42:07] [Render thread/INFO] (powers) QA client role=profile05 executed ACTIVATE [0] at connected tick 23680
[09:42:09] [Render thread/INFO] (powers) QA client role=profile05 executed ACTIVATE [0] at connected tick 23720
[09:42:11] [Render thread/INFO] (powers) QA client role=profile05 executed ACTIVATE [0] at connected tick 23760
[09:42:13] [Render thread/INFO] (powers) QA client role=profile05 executed ACTIVATE [0] at connected tick 23800
[09:42:15] [Render thread/INFO] (powers) QA client role=profile05 executed ACTIVATE [0] at connected tick 23840
[09:42:17] [Render thread/INFO] (powers) QA client role=profile05 executed ACTIVATE [0] at connected tick 23880
[09:42:19] [Render thread/INFO] (powers) QA client role=profile05 executed ACTIVATE [0] at connected tick 23920
[09:42:21] [Render thread/INFO] (powers) QA client role=profile05 executed ACTIVATE [0] at connected tick 23960
[09:42:23] [Render thread/INFO] (powers) QA client role=profile05 executed ACTIVATE [0] at connected tick 24000
[09:42:25] [Render thread/INFO] (powers) QA client role=profile05 executed ACTIVATE [0] at connected tick 24040
[09:42:27] [Render thread/INFO] (powers) QA client role=profile05 executed ACTIVATE [0] at connected tick 24080
[09:42:29] [Render thread/INFO] (powers) QA client role=profile05 executed ACTIVATE [0] at connected tick 24120
[09:42:30] [Render thread/INFO] (powers) QA client role=profile05 executed ACTIVATE [0] at connected tick 24160
[09:42:32] [Render thread/INFO] (powers) QA client role=profile05 executed ACTIVATE [0] at connected tick 24200
[09:42:34] [Render thread/INFO] (powers) QA client role=profile05 executed ACTIVATE [0] at connected tick 24240
[09:42:36] [Render thread/INFO] (powers) QA client role=profile05 executed ACTIVATE [0] at connected tick 24280
[09:42:38] [Render thread/INFO] (powers) QA client role=profile05 executed ACTIVATE [0] at connected tick 24320
[09:42:40] [Render thread/INFO] (powers) QA client role=profile05 executed ACTIVATE [0] at connected tick 24360
[09:42:42] [Render thread/INFO] (powers) QA client role=profile05 executed ACTIVATE [0] at connected tick 24400
[09:42:44] [Render thread/INFO] (powers) QA client role=profile05 executed ACTIVATE [0] at connected tick 24440
[09:42:47] [Render thread/INFO] (powers) QA client role=profile05 executed ACTIVATE [0] at connected tick 24480
[09:42:48] [Render thread/INFO] (powers) QA client role=profile05 executed ACTIVATE [0] at connected tick 24520
[09:42:51] [Render thread/INFO] (powers) QA client role=profile05 executed ACTIVATE [0] at connected tick 24560
[09:42:53] [Render thread/INFO] (powers) QA client role=profile05 executed ACTIVATE [0] at connected tick 24600
[09:42:55] [Render thread/INFO] (powers) QA client role=profile05 executed ACTIVATE [0] at connected tick 24640
[09:42:57] [Render thread/INFO] (powers) QA client role=profile05 executed ACTIVATE [0] at connected tick 24680
[09:42:59] [Render thread/INFO] (powers) QA client role=profile05 executed ACTIVATE [0] at connected tick 24720
[09:43:01] [Render thread/INFO] (powers) QA client role=profile05 executed ACTIVATE [0] at connected tick 24760
[09:43:03] [Render thread/INFO] (powers) QA client role=profile05 executed ACTIVATE [0] at connected tick 24800
[09:43:05] [Render thread/INFO] (powers) QA client role=profile05 executed ACTIVATE [0] at connected tick 24840
[09:43:07] [Render thread/INFO] (powers) QA client role=profile05 executed ACTIVATE [0] at connected tick 24880
[09:43:09] [Render thread/INFO] (powers) QA client role=profile05 executed ACTIVATE [0] at connected tick 24920
[09:43:11] [Render thread/INFO] (powers) QA client role=profile05 executed ACTIVATE [0] at connected tick 24960
[09:43:13] [Render thread/INFO] (powers) QA client role=profile05 executed ACTIVATE [0] at connected tick 25000
[09:43:15] [Render thread/INFO] (powers) QA client role=profile05 executed ACTIVATE [0] at connected tick 25040
[09:43:17] [Render thread/INFO] (powers) QA client role=profile05 executed ACTIVATE [0] at connected tick 25080
[09:43:19] [Render thread/INFO] (powers) QA client role=profile05 executed ACTIVATE [0] at connected tick 25120
[09:43:21] [Render thread/INFO] (powers) QA client role=profile05 executed ACTIVATE [0] at connected tick 25160
[09:43:23] [Render thread/INFO] (powers) QA client role=profile05 executed ACTIVATE [0] at connected tick 25200
[09:43:25] [Render thread/INFO] (powers) QA client role=profile05 executed ACTIVATE [0] at connected tick 25240
[09:43:27] [Render thread/INFO] (powers) QA client role=profile05 executed ACTIVATE [0] at connected tick 25280
[09:43:29] [Render thread/INFO] (powers) QA client role=profile05 executed ACTIVATE [0] at connected tick 25320
[09:43:31] [Render thread/INFO] (powers) QA client role=profile05 executed ACTIVATE [0] at connected tick 25360
[09:43:33] [Render thread/INFO] (powers) QA client role=profile05 executed ACTIVATE [0] at connected tick 25400
[09:43:34] [Render thread/INFO] (powers) QA client role=profile05 executed ACTIVATE [0] at connected tick 25440
[09:43:36] [Render thread/INFO] (powers) QA client role=profile05 executed ACTIVATE [0] at connected tick 25480
[09:43:38] [Render thread/INFO] (powers) QA client role=profile05 executed ACTIVATE [0] at connected tick 25520
[09:43:40] [Render thread/INFO] (powers) QA client role=profile05 executed ACTIVATE [0] at connected tick 25560
[09:43:42] [Render thread/INFO] (powers) QA client role=profile05 executed ACTIVATE [0] at connected tick 25600
[09:43:44] [Render thread/INFO] (powers) QA client role=profile05 executed ACTIVATE [0] at connected tick 25640
[09:43:46] [Render thread/INFO] (powers) QA client role=profile05 executed ACTIVATE [0] at connected tick 25680
[09:43:49] [Render thread/INFO] (powers) QA client role=profile05 executed ACTIVATE [0] at connected tick 25720
[09:43:51] [Render thread/INFO] (powers) QA client role=profile05 executed ACTIVATE [0] at connected tick 25760
[09:43:53] [Render thread/INFO] (powers) QA client role=profile05 executed ACTIVATE [0] at connected tick 25800
[09:43:55] [Render thread/INFO] (powers) QA client role=profile05 executed ACTIVATE [0] at connected tick 25840
[09:43:57] [Render thread/INFO] (powers) QA client role=profile05 executed ACTIVATE [0] at connected tick 25880
[09:43:59] [Render thread/INFO] (powers) QA client role=profile05 executed ACTIVATE [0] at connected tick 25920
[09:44:01] [Render thread/INFO] (powers) QA client role=profile05 executed ACTIVATE [0] at connected tick 25960
[09:44:03] [Render thread/INFO] (powers) QA client role=profile05 executed ACTIVATE [0] at connected tick 26000
[09:44:05] [Render thread/INFO] (powers) QA client role=profile05 executed ACTIVATE [0] at connected tick 26040
[09:44:07] [Render thread/INFO] (powers) QA client role=profile05 executed ACTIVATE [0] at connected tick 26080
[09:44:09] [Render thread/INFO] (powers) QA client role=profile05 executed ACTIVATE [0] at connected tick 26120
[09:44:11] [Render thread/INFO] (powers) QA client role=profile05 executed ACTIVATE [0] at connected tick 26160
[09:44:13] [Render thread/INFO] (powers) QA client role=profile05 executed ACTIVATE [0] at connected tick 26200
[09:44:15] [Render thread/INFO] (powers) QA client role=profile05 executed ACTIVATE [0] at connected tick 26240
[09:44:17] [Render thread/INFO] (powers) QA client role=profile05 executed ACTIVATE [0] at connected tick 26280
[09:44:19] [Render thread/INFO] (powers) QA client role=profile05 executed ACTIVATE [0] at connected tick 26320
[09:44:20] [Render thread/INFO] (powers) QA client role=profile05 executed ACTIVATE [0] at connected tick 26360
[09:44:22] [Render thread/INFO] (powers) QA client role=profile05 executed ACTIVATE [0] at connected tick 26400
[09:44:24] [Render thread/INFO] (powers) QA client role=profile05 executed ACTIVATE [0] at connected tick 26440
[09:44:26] [Render thread/INFO] (powers) QA client role=profile05 executed ACTIVATE [0] at connected tick 26480
[09:44:28] [Render thread/INFO] (powers) QA client role=profile05 executed ACTIVATE [0] at connected tick 26520
[09:44:30] [Render thread/INFO] (powers) QA client role=profile05 executed ACTIVATE [0] at connected tick 26560
[09:44:32] [Render thread/INFO] (powers) QA client role=profile05 executed ACTIVATE [0] at connected tick 26600
[09:44:34] [Render thread/INFO] (powers) QA client role=profile05 executed ACTIVATE [0] at connected tick 26640
[09:44:37] [Render thread/INFO] (powers) QA client role=profile05 executed ACTIVATE [0] at connected tick 26680
[09:44:39] [Render thread/INFO] (powers) QA client role=profile05 executed ACTIVATE [0] at connected tick 26720
[09:44:41] [Render thread/INFO] (powers) QA client role=profile05 executed ACTIVATE [0] at connected tick 26760
[09:44:43] [Render thread/INFO] (powers) QA client role=profile05 executed ACTIVATE [0] at connected tick 26800
[09:44:45] [Render thread/INFO] (powers) QA client role=profile05 executed ACTIVATE [0] at connected tick 26840
[09:44:47] [Render thread/INFO] (powers) QA client role=profile05 executed ACTIVATE [0] at connected tick 26880
[09:44:49] [Render thread/INFO] (powers) QA client role=profile05 executed ACTIVATE [0] at connected tick 26920
[09:44:51] [Render thread/INFO] (powers) QA client role=profile05 executed ACTIVATE [0] at connected tick 26960
[09:44:53] [Render thread/INFO] (powers) QA client role=profile05 executed ACTIVATE [0] at connected tick 27000
[09:44:55] [Render thread/INFO] (powers) QA client role=profile05 executed ACTIVATE [0] at connected tick 27040
[09:44:57] [Render thread/INFO] (powers) QA client role=profile05 executed ACTIVATE [0] at connected tick 27080
[09:44:59] [Render thread/INFO] (powers) QA client role=profile05 executed ACTIVATE [0] at connected tick 27120
[09:45:01] [Render thread/INFO] (powers) QA client role=profile05 executed ACTIVATE [0] at connected tick 27160
[09:45:03] [Render thread/INFO] (powers) QA client role=profile05 executed ACTIVATE [0] at connected tick 27200
[09:45:05] [Render thread/INFO] (powers) QA client role=profile05 executed ACTIVATE [0] at connected tick 27240
[09:45:07] [Render thread/INFO] (powers) QA client role=profile05 executed ACTIVATE [0] at connected tick 27280
[09:45:09] [Render thread/INFO] (powers) QA client role=profile05 executed ACTIVATE [0] at connected tick 27320
[09:45:11] [Render thread/INFO] (powers) QA client role=profile05 executed ACTIVATE [0] at connected tick 27360
[09:45:12] [Render thread/INFO] (powers) QA client role=profile05 executed ACTIVATE [0] at connected tick 27400
[09:45:14] [Render thread/INFO] (powers) QA client role=profile05 executed ACTIVATE [0] at connected tick 27440
[09:45:16] [Render thread/INFO] (powers) QA client role=profile05 executed ACTIVATE [0] at connected tick 27480
[09:45:18] [Render thread/INFO] (powers) QA client role=profile05 executed ACTIVATE [0] at connected tick 27520
[09:45:20] [Render thread/INFO] (powers) QA client role=profile05 executed ACTIVATE [0] at connected tick 27560
[09:45:22] [Render thread/INFO] (powers) QA client role=profile05 executed ACTIVATE [0] at connected tick 27600
[09:45:24] [Render thread/INFO] (powers) QA client role=profile05 executed ACTIVATE [0] at connected tick 27640
[09:45:26] [Render thread/INFO] (powers) QA client role=profile05 executed ACTIVATE [0] at connected tick 27680
[09:45:29] [Render thread/INFO] (powers) QA client role=profile05 executed ACTIVATE [0] at connected tick 27720
[09:45:31] [Render thread/INFO] (powers) QA client role=profile05 executed ACTIVATE [0] at connected tick 27760
[09:45:33] [Render thread/INFO] (powers) QA client role=profile05 executed ACTIVATE [0] at connected tick 27800
[09:45:35] [Render thread/INFO] (powers) QA client role=profile05 executed ACTIVATE [0] at connected tick 27840
[09:45:37] [Render thread/INFO] (powers) QA client role=profile05 executed ACTIVATE [0] at connected tick 27880
[09:45:39] [Render thread/INFO] (powers) QA client role=profile05 executed ACTIVATE [0] at connected tick 27920
[09:45:41] [Render thread/INFO] (powers) QA client role=profile05 executed ACTIVATE [0] at connected tick 27960
[09:45:43] [Render thread/INFO] (powers) QA client role=profile05 executed ACTIVATE [0] at connected tick 28000
[09:45:45] [Render thread/INFO] (powers) QA client role=profile05 executed ACTIVATE [0] at connected tick 28040
[09:45:47] [Render thread/INFO] (powers) QA client role=profile05 executed ACTIVATE [0] at connected tick 28080
[09:45:49] [Render thread/INFO] (powers) QA client role=profile05 executed ACTIVATE [0] at connected tick 28120
[09:45:51] [Render thread/INFO] (powers) QA client role=profile05 executed ACTIVATE [0] at connected tick 28160
[09:45:53] [Render thread/INFO] (powers) QA client role=profile05 executed ACTIVATE [0] at connected tick 28200
[09:45:55] [Render thread/INFO] (powers) QA client role=profile05 executed ACTIVATE [0] at connected tick 28240
[09:45:56] [Render thread/INFO] (powers) QA client role=profile05 executed ACTIVATE [0] at connected tick 28280
[09:45:58] [Render thread/INFO] (powers) QA client role=profile05 executed ACTIVATE [0] at connected tick 28320
[09:46:00] [Render thread/INFO] (powers) QA client role=profile05 executed ACTIVATE [0] at connected tick 28360
[09:46:02] [Render thread/INFO] (powers) QA client role=profile05 executed ACTIVATE [0] at connected tick 28400
[09:46:04] [Render thread/INFO] (powers) QA client role=profile05 executed ACTIVATE [0] at connected tick 28440
[09:46:06] [Render thread/INFO] (powers) QA client role=profile05 executed ACTIVATE [0] at connected tick 28480
[09:46:08] [Render thread/INFO] (powers) QA client role=profile05 executed ACTIVATE [0] at connected tick 28520
[09:46:10] [Render thread/INFO] (powers) QA client role=profile05 executed ACTIVATE [0] at connected tick 28560
[09:46:12] [Render thread/INFO] (powers) QA client role=profile05 executed ACTIVATE [0] at connected tick 28600
[09:46:15] [Render thread/INFO] (powers) QA client role=profile05 executed ACTIVATE [0] at connected tick 28640
[09:46:17] [Render thread/INFO] (powers) QA client role=profile05 executed ACTIVATE [0] at connected tick 28680
[09:46:19] [Render thread/INFO] (powers) QA client role=profile05 executed ACTIVATE [0] at connected tick 28720
[09:46:21] [Render thread/INFO] (powers) QA client role=profile05 executed ACTIVATE [0] at connected tick 28760
[09:46:23] [Render thread/INFO] (powers) QA client role=profile05 executed ACTIVATE [0] at connected tick 28800
[09:46:25] [Render thread/INFO] (powers) QA client role=profile05 executed ACTIVATE [0] at connected tick 28840
[09:46:27] [Render thread/INFO] (powers) QA client role=profile05 executed ACTIVATE [0] at connected tick 28880
[09:46:29] [Render thread/INFO] (powers) QA client role=profile05 executed ACTIVATE [0] at connected tick 28920
[09:46:31] [Render thread/INFO] (powers) QA client role=profile05 executed ACTIVATE [0] at connected tick 28960
[09:46:33] [Render thread/INFO] (powers) QA client role=profile05 executed ACTIVATE [0] at connected tick 29000
[09:46:35] [Render thread/INFO] (powers) QA client role=profile05 executed ACTIVATE [0] at connected tick 29040
[09:46:36] [Render thread/INFO] (powers) QA client role=profile05 executed ACTIVATE [0] at connected tick 29080
[09:46:38] [Render thread/INFO] (powers) QA client role=profile05 executed ACTIVATE [0] at connected tick 29120
[09:46:40] [Render thread/INFO] (powers) QA client role=profile05 executed ACTIVATE [0] at connected tick 29160
[09:46:42] [Render thread/INFO] (powers) QA client role=profile05 executed ACTIVATE [0] at connected tick 29200
[09:46:44] [Render thread/INFO] (powers) QA client role=profile05 executed ACTIVATE [0] at connected tick 29240
[09:46:46] [Render thread/INFO] (powers) QA client role=profile05 executed ACTIVATE [0] at connected tick 29280
[09:46:48] [Render thread/INFO] (powers) QA client role=profile05 executed ACTIVATE [0] at connected tick 29320
[09:46:50] [Render thread/INFO] (powers) QA client role=profile05 executed ACTIVATE [0] at connected tick 29360
[09:46:52] [Render thread/INFO] (powers) QA client role=profile05 executed ACTIVATE [0] at connected tick 29400
[09:46:54] [Render thread/INFO] (powers) QA client role=profile05 executed ACTIVATE [0] at connected tick 29440
[09:46:56] [Render thread/INFO] (powers) QA client role=profile05 executed ACTIVATE [0] at connected tick 29480
[09:46:59] [Render thread/INFO] (powers) QA client role=profile05 executed ACTIVATE [0] at connected tick 29520
[09:47:01] [Render thread/INFO] (powers) QA client role=profile05 executed ACTIVATE [0] at connected tick 29560
[09:47:03] [Render thread/INFO] (powers) QA client role=profile05 executed ACTIVATE [0] at connected tick 29600
[09:47:05] [Render thread/INFO] (powers) QA client role=profile05 executed ACTIVATE [0] at connected tick 29640
[09:47:07] [Render thread/INFO] (powers) QA client role=profile05 executed ACTIVATE [0] at connected tick 29680
[09:47:09] [Render thread/INFO] (powers) QA client role=profile05 executed ACTIVATE [0] at connected tick 29720
[09:47:11] [Render thread/INFO] (powers) QA client role=profile05 executed ACTIVATE [0] at connected tick 29760
[09:47:13] [Render thread/INFO] (powers) QA client role=profile05 executed ACTIVATE [0] at connected tick 29800
[09:47:15] [Render thread/INFO] (powers) QA client role=profile05 executed ACTIVATE [0] at connected tick 29840
[09:47:16] [Render thread/INFO] (powers) QA client role=profile05 executed ACTIVATE [0] at connected tick 29880
[09:47:18] [Render thread/INFO] (powers) QA client role=profile05 executed ACTIVATE [0] at connected tick 29920
[09:47:20] [Render thread/INFO] (powers) QA client role=profile05 executed ACTIVATE [0] at connected tick 29960
[09:47:22] [Render thread/INFO] (powers) QA client role=profile05 executed ACTIVATE [0] at connected tick 30000
[09:47:24] [Render thread/INFO] (powers) QA client role=profile05 executed ACTIVATE [0] at connected tick 30040
[09:47:26] [Render thread/INFO] (powers) QA client role=profile05 executed ACTIVATE [0] at connected tick 30080
[09:47:28] [Render thread/INFO] (powers) QA client role=profile05 executed ACTIVATE [0] at connected tick 30120
[09:47:30] [Render thread/INFO] (powers) QA client role=profile05 executed ACTIVATE [0] at connected tick 30160
[09:47:32] [Render thread/INFO] (powers) QA client role=profile05 executed ACTIVATE [0] at connected tick 30200
[09:47:34] [Render thread/INFO] (powers) QA client role=profile05 executed ACTIVATE [0] at connected tick 30240
[09:47:36] [Render thread/INFO] (powers) QA client role=profile05 executed ACTIVATE [0] at connected tick 30280
[09:47:38] [Render thread/INFO] (powers) QA client role=profile05 executed ACTIVATE [0] at connected tick 30320
[09:47:40] [Render thread/INFO] (powers) QA client role=profile05 executed ACTIVATE [0] at connected tick 30360
[09:47:42] [Render thread/INFO] (powers) QA client role=profile05 executed ACTIVATE [0] at connected tick 30400
[09:47:45] [Render thread/INFO] (powers) QA client role=profile05 executed ACTIVATE [0] at connected tick 30440
[09:47:47] [Render thread/INFO] (powers) QA client role=profile05 executed ACTIVATE [0] at connected tick 30480
[09:47:49] [Render thread/INFO] (powers) QA client role=profile05 executed ACTIVATE [0] at connected tick 30520
[09:47:51] [Render thread/INFO] (powers) QA client role=profile05 executed ACTIVATE [0] at connected tick 30560
[09:47:53] [Render thread/INFO] (powers) QA client role=profile05 executed ACTIVATE [0] at connected tick 30600
[09:47:55] [Render thread/INFO] (powers) QA client role=profile05 executed ACTIVATE [0] at connected tick 30640
[09:47:57] [Render thread/INFO] (powers) QA client role=profile05 executed ACTIVATE [0] at connected tick 30680
[09:47:59] [Render thread/INFO] (powers) QA client role=profile05 executed ACTIVATE [0] at connected tick 30720
[09:48:01] [Render thread/INFO] (powers) QA client role=profile05 executed ACTIVATE [0] at connected tick 30760
[09:48:03] [Render thread/INFO] (powers) QA client role=profile05 executed ACTIVATE [0] at connected tick 30800
[09:48:05] [Render thread/INFO] (powers) QA client role=profile05 executed ACTIVATE [0] at connected tick 30840
[09:48:07] [Render thread/INFO] (powers) QA client role=profile05 executed ACTIVATE [0] at connected tick 30880
[09:48:08] [Render thread/INFO] (powers) QA client role=profile05 executed ACTIVATE [0] at connected tick 30920
[09:48:10] [Render thread/INFO] (powers) QA client role=profile05 executed ACTIVATE [0] at connected tick 30960
[09:48:12] [Render thread/INFO] (powers) QA client role=profile05 executed ACTIVATE [0] at connected tick 31000
[09:48:14] [Render thread/INFO] (powers) QA client role=profile05 executed ACTIVATE [0] at connected tick 31040
[09:48:16] [Render thread/INFO] (powers) QA client role=profile05 executed ACTIVATE [0] at connected tick 31080
[09:48:18] [Render thread/INFO] (powers) QA client role=profile05 executed ACTIVATE [0] at connected tick 31120
[09:48:20] [Render thread/INFO] (powers) QA client role=profile05 executed ACTIVATE [0] at connected tick 31160
[09:48:22] [Render thread/INFO] (powers) QA client role=profile05 executed ACTIVATE [0] at connected tick 31200
[09:48:25] [Render thread/INFO] (powers) QA client role=profile05 executed ACTIVATE [0] at connected tick 31240
[09:48:27] [Render thread/INFO] (powers) QA client role=profile05 executed ACTIVATE [0] at connected tick 31280
[09:48:29] [Render thread/INFO] (powers) QA client role=profile05 executed ACTIVATE [0] at connected tick 31320
[09:48:31] [Render thread/INFO] (powers) QA client role=profile05 executed ACTIVATE [0] at connected tick 31360
[09:48:33] [Render thread/INFO] (powers) QA client role=profile05 executed ACTIVATE [0] at connected tick 31400
[09:48:35] [Render thread/INFO] (powers) QA client role=profile05 executed ACTIVATE [0] at connected tick 31440
[09:48:37] [Render thread/INFO] (powers) QA client role=profile05 executed ACTIVATE [0] at connected tick 31480
[09:48:39] [Render thread/INFO] (powers) QA client role=profile05 executed ACTIVATE [0] at connected tick 31520
[09:48:41] [Render thread/INFO] (powers) QA client role=profile05 executed ACTIVATE [0] at connected tick 31560
[09:48:43] [Render thread/INFO] (powers) QA client role=profile05 executed ACTIVATE [0] at connected tick 31600
[09:48:45] [Render thread/INFO] (powers) QA client role=profile05 executed ACTIVATE [0] at connected tick 31640
[09:48:46] [Render thread/INFO] (powers) QA client role=profile05 executed ACTIVATE [0] at connected tick 31680
[09:48:48] [Render thread/INFO] (powers) QA client role=profile05 executed ACTIVATE [0] at connected tick 31720
[09:48:50] [Render thread/INFO] (powers) QA client role=profile05 executed ACTIVATE [0] at connected tick 31760
[09:48:52] [Render thread/INFO] (powers) QA client role=profile05 executed ACTIVATE [0] at connected tick 31800
[09:48:54] [Render thread/INFO] (powers) QA client role=profile05 executed ACTIVATE [0] at connected tick 31840
[09:48:56] [Render thread/INFO] (powers) QA client role=profile05 executed ACTIVATE [0] at connected tick 31880
[09:48:58] [Render thread/INFO] (powers) QA client role=profile05 executed ACTIVATE [0] at connected tick 31920
[09:49:00] [Render thread/INFO] (powers) QA client role=profile05 executed ACTIVATE [0] at connected tick 31960
[09:49:02] [Render thread/INFO] (powers) QA client role=profile05 executed ACTIVATE [0] at connected tick 32000
[09:49:04] [Render thread/INFO] (powers) QA client role=profile05 executed ACTIVATE [0] at connected tick 32040
[09:49:06] [Render thread/INFO] (powers) QA client role=profile05 executed ACTIVATE [0] at connected tick 32080
[09:49:08] [Render thread/INFO] (powers) QA client role=profile05 executed ACTIVATE [0] at connected tick 32120
[09:49:10] [Render thread/INFO] (powers) QA client role=profile05 executed ACTIVATE [0] at connected tick 32160
[09:49:12] [Render thread/INFO] (powers) QA client role=profile05 executed ACTIVATE [0] at connected tick 32200
[09:49:14] [Render thread/INFO] (powers) QA client role=profile05 executed ACTIVATE [0] at connected tick 32240
[09:49:16] [Render thread/INFO] (powers) QA client role=profile05 executed ACTIVATE [0] at connected tick 32280
[09:49:19] [Render thread/INFO] (powers) QA client role=profile05 executed ACTIVATE [0] at connected tick 32320
[09:49:21] [Render thread/INFO] (powers) QA client role=profile05 executed ACTIVATE [0] at connected tick 32360
[09:49:23] [Render thread/INFO] (powers) QA client role=profile05 executed ACTIVATE [0] at connected tick 32400
[09:49:25] [Render thread/INFO] (powers) QA client role=profile05 executed ACTIVATE [0] at connected tick 32440
[09:49:27] [Render thread/INFO] (powers) QA client role=profile05 executed ACTIVATE [0] at connected tick 32480
[09:49:29] [Render thread/INFO] (powers) QA client role=profile05 executed ACTIVATE [0] at connected tick 32520
[09:49:31] [Render thread/INFO] (powers) QA client role=profile05 executed ACTIVATE [0] at connected tick 32560
[09:49:33] [Render thread/INFO] (powers) QA client role=profile05 executed ACTIVATE [0] at connected tick 32600
[09:49:35] [Render thread/INFO] (powers) QA client role=profile05 executed ACTIVATE [0] at connected tick 32640
[09:49:37] [Render thread/INFO] (powers) QA client role=profile05 executed ACTIVATE [0] at connected tick 32680
[09:49:39] [Render thread/INFO] (powers) QA client role=profile05 executed ACTIVATE [0] at connected tick 32720
[09:49:41] [Render thread/INFO] (powers) QA client role=profile05 executed ACTIVATE [0] at connected tick 32760
[09:49:43] [Render thread/INFO] (powers) QA client role=profile05 executed ACTIVATE [0] at connected tick 32800
[09:49:45] [Render thread/INFO] (powers) QA client role=profile05 executed ACTIVATE [0] at connected tick 32840
[09:49:47] [Render thread/INFO] (powers) QA client role=profile05 executed ACTIVATE [0] at connected tick 32880
[09:49:49] [Render thread/INFO] (powers) QA client role=profile05 executed ACTIVATE [0] at connected tick 32920
[09:49:51] [Render thread/INFO] (powers) QA client role=profile05 executed ACTIVATE [0] at connected tick 32960
[09:49:52] [Render thread/INFO] (powers) QA client role=profile05 executed ACTIVATE [0] at connected tick 33000
[09:49:54] [Render thread/INFO] (powers) QA client role=profile05 executed ACTIVATE [0] at connected tick 33040
[09:49:56] [Render thread/INFO] (powers) QA client role=profile05 executed ACTIVATE [0] at connected tick 33080
[09:49:58] [Render thread/INFO] (powers) QA client role=profile05 executed ACTIVATE [0] at connected tick 33120
[09:50:00] [Render thread/INFO] (powers) QA client role=profile05 executed ACTIVATE [0] at connected tick 33160
[09:50:02] [Render thread/INFO] (powers) QA client role=profile05 executed ACTIVATE [0] at connected tick 33200
[09:50:04] [Render thread/INFO] (powers) QA client role=profile05 executed ACTIVATE [0] at connected tick 33240
[09:50:06] [Render thread/INFO] (powers) QA client role=profile05 executed ACTIVATE [0] at connected tick 33280
[09:50:08] [Render thread/INFO] (powers) QA client role=profile05 executed ACTIVATE [0] at connected tick 33320
[09:50:10] [Render thread/INFO] (powers) QA client role=profile05 executed ACTIVATE [0] at connected tick 33360
[09:50:12] [Render thread/INFO] (powers) QA client role=profile05 executed ACTIVATE [0] at connected tick 33400
[09:50:14] [Render thread/INFO] (powers) QA client role=profile05 executed ACTIVATE [0] at connected tick 33440
[09:50:16] [Render thread/INFO] (powers) QA client role=profile05 executed ACTIVATE [0] at connected tick 33480
[09:50:18] [Render thread/INFO] (powers) QA client role=profile05 executed ACTIVATE [0] at connected tick 33520
[09:50:20] [Render thread/INFO] (powers) QA client role=profile05 executed ACTIVATE [0] at connected tick 33560
[09:50:22] [Render thread/INFO] (powers) QA client role=profile05 executed ACTIVATE [0] at connected tick 33600
[09:50:24] [Render thread/INFO] (powers) QA client role=profile05 executed ACTIVATE [0] at connected tick 33640
[09:50:27] [Render thread/INFO] (powers) QA client role=profile05 executed ACTIVATE [0] at connected tick 33680
[09:50:29] [Render thread/INFO] (powers) QA client role=profile05 executed ACTIVATE [0] at connected tick 33720
[09:50:31] [Render thread/INFO] (powers) QA client role=profile05 executed ACTIVATE [0] at connected tick 33760
[09:50:33] [Render thread/INFO] (powers) QA client role=profile05 executed ACTIVATE [0] at connected tick 33800
[09:50:35] [Render thread/INFO] (powers) QA client role=profile05 executed ACTIVATE [0] at connected tick 33840
[09:50:37] [Render thread/INFO] (powers) QA client role=profile05 executed ACTIVATE [0] at connected tick 33880
[09:50:39] [Render thread/INFO] (powers) QA client role=profile05 executed ACTIVATE [0] at connected tick 33920
[09:50:41] [Render thread/INFO] (powers) QA client role=profile05 executed ACTIVATE [0] at connected tick 33960
[09:50:43] [Render thread/INFO] (powers) QA client role=profile05 executed ACTIVATE [0] at connected tick 34000
[09:50:45] [Render thread/INFO] (powers) QA client role=profile05 executed ACTIVATE [0] at connected tick 34040
[09:50:47] [Render thread/INFO] (powers) QA client role=profile05 executed ACTIVATE [0] at connected tick 34080
[09:50:48] [Render thread/INFO] (powers) QA client role=profile05 executed ACTIVATE [0] at connected tick 34120
[09:50:50] [Render thread/INFO] (powers) QA client role=profile05 executed ACTIVATE [0] at connected tick 34160
[09:50:52] [Render thread/INFO] (powers) QA client role=profile05 executed ACTIVATE [0] at connected tick 34200
[09:50:54] [Render thread/INFO] (powers) QA client role=profile05 executed ACTIVATE [0] at connected tick 34240
[09:50:56] [Render thread/INFO] (powers) QA client role=profile05 executed ACTIVATE [0] at connected tick 34280
[09:50:58] [Render thread/INFO] (powers) QA client role=profile05 executed ACTIVATE [0] at connected tick 34320
[09:51:00] [Render thread/INFO] (powers) QA client role=profile05 executed ACTIVATE [0] at connected tick 34360
[09:51:02] [Render thread/INFO] (powers) QA client role=profile05 executed ACTIVATE [0] at connected tick 34400
[09:51:04] [Render thread/INFO] (powers) QA client role=profile05 executed ACTIVATE [0] at connected tick 34440
[09:51:06] [Render thread/INFO] (powers) QA client role=profile05 executed ACTIVATE [0] at connected tick 34480
[09:51:08] [Render thread/INFO] (powers) QA client role=profile05 executed ACTIVATE [0] at connected tick 34520
[09:51:11] [Render thread/INFO] (powers) QA client role=profile05 executed ACTIVATE [0] at connected tick 34560
[09:51:13] [Render thread/INFO] (powers) QA client role=profile05 executed ACTIVATE [0] at connected tick 34600
[09:51:15] [Render thread/INFO] (powers) QA client role=profile05 executed ACTIVATE [0] at connected tick 34640
[09:51:17] [Render thread/INFO] (powers) QA client role=profile05 executed ACTIVATE [0] at connected tick 34680
[09:51:19] [Render thread/INFO] (powers) QA client role=profile05 executed ACTIVATE [0] at connected tick 34720
[09:51:21] [Render thread/INFO] (powers) QA client role=profile05 executed ACTIVATE [0] at connected tick 34760
[09:51:23] [Render thread/INFO] (powers) QA client role=profile05 executed ACTIVATE [0] at connected tick 34800
[09:51:25] [Render thread/INFO] (powers) QA client role=profile05 executed ACTIVATE [0] at connected tick 34840
[09:51:27] [Render thread/INFO] (powers) QA client role=profile05 executed ACTIVATE [0] at connected tick 34880
[09:51:29] [Render thread/INFO] (powers) QA client role=profile05 executed ACTIVATE [0] at connected tick 34920
[09:51:31] [Render thread/INFO] (powers) QA client role=profile05 executed ACTIVATE [0] at connected tick 34960
[09:51:33] [Render thread/INFO] (powers) QA client role=profile05 executed ACTIVATE [0] at connected tick 35000
[09:51:35] [Render thread/INFO] (powers) QA client role=profile05 executed ACTIVATE [0] at connected tick 35040
[09:51:37] [Render thread/INFO] (powers) QA client role=profile05 executed ACTIVATE [0] at connected tick 35080
[09:51:39] [Render thread/INFO] (powers) QA client role=profile05 executed ACTIVATE [0] at connected tick 35120
[09:51:41] [Render thread/INFO] (powers) QA client role=profile05 executed ACTIVATE [0] at connected tick 35160
[09:51:42] [Render thread/INFO] (powers) QA client role=profile05 executed ACTIVATE [0] at connected tick 35200
[09:51:44] [Render thread/INFO] (powers) QA client role=profile05 executed ACTIVATE [0] at connected tick 35240
[09:51:46] [Render thread/INFO] (powers) QA client role=profile05 executed ACTIVATE [0] at connected tick 35280
[09:51:48] [Render thread/INFO] (powers) QA client role=profile05 executed ACTIVATE [0] at connected tick 35320
[09:51:50] [Render thread/INFO] (powers) QA client role=profile05 executed ACTIVATE [0] at connected tick 35360
[09:51:52] [Render thread/INFO] (powers) QA client role=profile05 executed ACTIVATE [0] at connected tick 35400
[09:51:54] [Render thread/INFO] (powers) QA client role=profile05 executed ACTIVATE [0] at connected tick 35440
[09:51:56] [Render thread/INFO] (powers) QA client role=profile05 executed ACTIVATE [0] at connected tick 35480
[09:51:58] [Render thread/INFO] (powers) QA client role=profile05 executed ACTIVATE [0] at connected tick 35520
[09:52:00] [Render thread/INFO] (powers) QA client role=profile05 executed ACTIVATE [0] at connected tick 35560
[09:52:02] [Render thread/INFO] (powers) QA client role=profile05 executed ACTIVATE [0] at connected tick 35600
[09:52:04] [Render thread/INFO] (powers) QA client role=profile05 executed ACTIVATE [0] at connected tick 35640
[09:52:07] [Render thread/INFO] (powers) QA client role=profile05 executed ACTIVATE [0] at connected tick 35680
[09:52:09] [Render thread/INFO] (powers) QA client role=profile05 executed ACTIVATE [0] at connected tick 35720
[09:52:11] [Render thread/INFO] (powers) QA client role=profile05 executed ACTIVATE [0] at connected tick 35760
[09:52:13] [Render thread/INFO] (powers) QA client role=profile05 executed ACTIVATE [0] at connected tick 35800
[09:52:15] [Render thread/INFO] (powers) QA client role=profile05 executed ACTIVATE [0] at connected tick 35840
[09:52:17] [Render thread/INFO] (powers) QA client role=profile05 executed ACTIVATE [0] at connected tick 35880
[09:52:19] [Render thread/INFO] (powers) QA client role=profile05 executed ACTIVATE [0] at connected tick 35920
[09:52:21] [Render thread/INFO] (powers) QA client role=profile05 executed ACTIVATE [0] at connected tick 35960
[09:52:23] [Render thread/INFO] (powers) QA client role=profile05 executed ACTIVATE [0] at connected tick 36000
[09:52:24] [Render thread/INFO] (powers) QA client role=profile05 executed ACTIVATE [0] at connected tick 36040
[09:52:26] [Render thread/INFO] (powers) QA client role=profile05 executed ACTIVATE [0] at connected tick 36080
[09:52:28] [Render thread/INFO] (powers) QA client role=profile05 executed ACTIVATE [0] at connected tick 36120
[09:52:30] [Render thread/INFO] (powers) QA client role=profile05 executed ACTIVATE [0] at connected tick 36160
[09:52:32] [Render thread/INFO] (powers) QA client role=profile05 executed ACTIVATE [0] at connected tick 36200
[09:52:34] [Render thread/INFO] (powers) QA client role=profile05 executed ACTIVATE [0] at connected tick 36240
[09:52:36] [Render thread/INFO] (powers) QA client role=profile05 executed ACTIVATE [0] at connected tick 36280
[09:52:38] [Render thread/INFO] (powers) QA client role=profile05 executed ACTIVATE [0] at connected tick 36320
[09:52:40] [Render thread/INFO] (powers) QA client role=profile05 executed ACTIVATE [0] at connected tick 36360
[09:52:42] [Render thread/INFO] (powers) QA client role=profile05 executed ACTIVATE [0] at connected tick 36400
[09:52:44] [Render thread/INFO] (powers) QA client role=profile05 executed ACTIVATE [0] at connected tick 36440
[09:52:46] [Render thread/INFO] (powers) QA client role=profile05 executed ACTIVATE [0] at connected tick 36480
[09:52:48] [Render thread/INFO] (powers) QA client role=profile05 executed ACTIVATE [0] at connected tick 36520
[09:52:50] [Render thread/INFO] (powers) QA client role=profile05 executed ACTIVATE [0] at connected tick 36560
[09:52:52] [Render thread/INFO] (powers) QA client role=profile05 executed ACTIVATE [0] at connected tick 36600
[09:52:54] [Render thread/INFO] (powers) QA client role=profile05 executed ACTIVATE [0] at connected tick 36640
[09:52:56] [Render thread/INFO] (powers) QA client role=profile05 executed ACTIVATE [0] at connected tick 36680
[09:52:58] [Render thread/INFO] (powers) QA client role=profile05 executed ACTIVATE [0] at connected tick 36720
[09:53:00] [Render thread/INFO] (powers) QA client role=profile05 executed ACTIVATE [0] at connected tick 36760
[09:53:02] [Render thread/INFO] (powers) QA client role=profile05 executed ACTIVATE [0] at connected tick 36800
[09:53:04] [Render thread/INFO] (powers) QA client role=profile05 executed ACTIVATE [0] at connected tick 36840
[09:53:07] [Render thread/INFO] (powers) QA client role=profile05 executed ACTIVATE [0] at connected tick 36880
[09:53:09] [Render thread/INFO] (powers) QA client role=profile05 executed ACTIVATE [0] at connected tick 36920
[09:53:11] [Render thread/INFO] (powers) QA client role=profile05 executed ACTIVATE [0] at connected tick 36960
[09:53:13] [Render thread/INFO] (powers) QA client role=profile05 executed ACTIVATE [0] at connected tick 37000
[09:53:15] [Render thread/INFO] (powers) QA client role=profile05 executed ACTIVATE [0] at connected tick 37040
[09:53:17] [Render thread/INFO] (powers) QA client role=profile05 executed ACTIVATE [0] at connected tick 37080
[09:53:19] [Render thread/INFO] (powers) QA client role=profile05 executed ACTIVATE [0] at connected tick 37120
[09:53:21] [Render thread/INFO] (powers) QA client role=profile05 executed ACTIVATE [0] at connected tick 37160
[09:53:23] [Render thread/INFO] (powers) QA client role=profile05 executed ACTIVATE [0] at connected tick 37200
[09:53:25] [Render thread/INFO] (powers) QA client role=profile05 executed ACTIVATE [0] at connected tick 37240
[09:53:27] [Render thread/INFO] (powers) QA client role=profile05 executed ACTIVATE [0] at connected tick 37280
[09:53:29] [Render thread/INFO] (powers) QA client role=profile05 executed ACTIVATE [0] at connected tick 37320
[09:53:31] [Render thread/INFO] (powers) QA client role=profile05 executed ACTIVATE [0] at connected tick 37360
[09:53:33] [Render thread/INFO] (powers) QA client role=profile05 executed ACTIVATE [0] at connected tick 37400
[09:53:35] [Render thread/INFO] (powers) QA client role=profile05 executed ACTIVATE [0] at connected tick 37440
[09:53:37] [Render thread/INFO] (powers) QA client role=profile05 executed ACTIVATE [0] at connected tick 37480
[09:53:38] [Render thread/INFO] (powers) QA client role=profile05 executed ACTIVATE [0] at connected tick 37520
[09:53:40] [Render thread/INFO] (powers) QA client role=profile05 executed ACTIVATE [0] at connected tick 37560
[09:53:42] [Render thread/INFO] (powers) QA client role=profile05 executed ACTIVATE [0] at connected tick 37600
[09:53:44] [Render thread/INFO] (powers) QA client role=profile05 executed ACTIVATE [0] at connected tick 37640
[09:53:46] [Render thread/INFO] (powers) QA client role=profile05 executed ACTIVATE [0] at connected tick 37680
[09:53:48] [Render thread/INFO] (powers) QA client role=profile05 executed ACTIVATE [0] at connected tick 37720
[09:53:50] [Render thread/INFO] (powers) QA client role=profile05 executed ACTIVATE [0] at connected tick 37760
[09:53:52] [Render thread/INFO] (powers) QA client role=profile05 executed ACTIVATE [0] at connected tick 37800
[09:53:54] [Render thread/INFO] (powers) QA client role=profile05 executed ACTIVATE [0] at connected tick 37840
[09:53:56] [Render thread/INFO] (powers) QA client role=profile05 executed ACTIVATE [0] at connected tick 37880
[09:53:58] [Render thread/INFO] (powers) QA client role=profile05 executed ACTIVATE [0] at connected tick 37920
[09:54:00] [Render thread/INFO] (powers) QA client role=profile05 executed ACTIVATE [0] at connected tick 37960
[09:54:02] [Render thread/INFO] (powers) QA client role=profile05 executed ACTIVATE [0] at connected tick 38000
[09:54:04] [Render thread/INFO] (powers) QA client role=profile05 executed ACTIVATE [0] at connected tick 38040
[09:54:06] [Render thread/INFO] (powers) QA client role=profile05 executed ACTIVATE [0] at connected tick 38080
[09:54:08] [Render thread/INFO] (powers) QA client role=profile05 executed ACTIVATE [0] at connected tick 38120
[09:54:10] [Render thread/INFO] (powers) QA client role=profile05 executed ACTIVATE [0] at connected tick 38160
[09:54:12] [Render thread/INFO] (powers) QA client role=profile05 executed ACTIVATE [0] at connected tick 38200
[09:54:14] [Render thread/INFO] (powers) QA client role=profile05 executed ACTIVATE [0] at connected tick 38240
[09:54:16] [Render thread/INFO] (powers) QA client role=profile05 executed ACTIVATE [0] at connected tick 38280
[09:54:19] [Render thread/INFO] (powers) QA client role=profile05 executed ACTIVATE [0] at connected tick 38320
[09:54:21] [Render thread/INFO] (powers) QA client role=profile05 executed ACTIVATE [0] at connected tick 38360
[09:54:23] [Render thread/INFO] (powers) QA client role=profile05 executed ACTIVATE [0] at connected tick 38400
[09:54:25] [Render thread/INFO] (powers) QA client role=profile05 executed ACTIVATE [0] at connected tick 38440
[09:54:27] [Render thread/INFO] (powers) QA client role=profile05 executed ACTIVATE [0] at connected tick 38480
[09:54:29] [Render thread/INFO] (powers) QA client role=profile05 executed ACTIVATE [0] at connected tick 38520
[09:54:31] [Render thread/INFO] (powers) QA client role=profile05 executed ACTIVATE [0] at connected tick 38560
[09:54:33] [Render thread/INFO] (powers) QA client role=profile05 executed ACTIVATE [0] at connected tick 38600
[09:54:35] [Render thread/INFO] (powers) QA client role=profile05 executed ACTIVATE [0] at connected tick 38640
[09:54:37] [Render thread/INFO] (powers) QA client role=profile05 executed ACTIVATE [0] at connected tick 38680
[09:54:39] [Render thread/INFO] (powers) QA client role=profile05 executed ACTIVATE [0] at connected tick 38720
[09:54:41] [Render thread/INFO] (powers) QA client role=profile05 executed ACTIVATE [0] at connected tick 38760
[09:54:42] [Render thread/INFO] (powers) QA client role=profile05 executed ACTIVATE [0] at connected tick 38800
[09:54:44] [Render thread/INFO] (powers) QA client role=profile05 executed ACTIVATE [0] at connected tick 38840
[09:54:46] [Render thread/INFO] (powers) QA client role=profile05 executed ACTIVATE [0] at connected tick 38880
[09:54:48] [Render thread/INFO] (powers) QA client role=profile05 executed ACTIVATE [0] at connected tick 38920
[09:54:50] [Render thread/INFO] (powers) QA client role=profile05 executed ACTIVATE [0] at connected tick 38960
[09:54:52] [Render thread/INFO] (powers) QA client role=profile05 executed ACTIVATE [0] at connected tick 39000
[09:54:54] [Render thread/INFO] (powers) QA client role=profile05 executed ACTIVATE [0] at connected tick 39040
[09:54:56] [Render thread/INFO] (powers) QA client role=profile05 executed ACTIVATE [0] at connected tick 39080
[09:54:58] [Render thread/INFO] (powers) QA client role=profile05 executed ACTIVATE [0] at connected tick 39120
[09:55:00] [Render thread/INFO] (powers) QA client role=profile05 executed ACTIVATE [0] at connected tick 39160
[09:55:02] [Render thread/INFO] (powers) QA client role=profile05 executed ACTIVATE [0] at connected tick 39200
[09:55:04] [Render thread/INFO] (powers) QA client role=profile05 executed ACTIVATE [0] at connected tick 39240
[09:55:07] [Render thread/INFO] (powers) QA client role=profile05 executed ACTIVATE [0] at connected tick 39280
[09:55:09] [Render thread/INFO] (powers) QA client role=profile05 executed ACTIVATE [0] at connected tick 39320
[09:55:11] [Render thread/INFO] (powers) QA client role=profile05 executed ACTIVATE [0] at connected tick 39360
[09:55:13] [Render thread/INFO] (powers) QA client role=profile05 executed ACTIVATE [0] at connected tick 39400
[09:55:15] [Render thread/INFO] (powers) QA client role=profile05 executed ACTIVATE [0] at connected tick 39440
[09:55:17] [Render thread/INFO] (powers) QA client role=profile05 executed ACTIVATE [0] at connected tick 39480
[09:55:19] [Render thread/INFO] (powers) QA client role=profile05 executed ACTIVATE [0] at connected tick 39520
[09:55:21] [Render thread/INFO] (powers) QA client role=profile05 executed ACTIVATE [0] at connected tick 39560
[09:55:23] [Render thread/INFO] (powers) QA client role=profile05 executed ACTIVATE [0] at connected tick 39600
[09:55:25] [Render thread/INFO] (powers) QA client role=profile05 executed ACTIVATE [0] at connected tick 39640
[09:55:27] [Render thread/INFO] (powers) QA client role=profile05 executed ACTIVATE [0] at connected tick 39680
[09:55:29] [Render thread/INFO] (powers) QA client role=profile05 executed ACTIVATE [0] at connected tick 39720
[09:55:31] [Render thread/INFO] (powers) QA client role=profile05 executed ACTIVATE [0] at connected tick 39760
[09:55:33] [Render thread/INFO] (powers) QA client role=profile05 executed ACTIVATE [0] at connected tick 39800
[09:55:35] [Render thread/INFO] (powers) QA client role=profile05 executed ACTIVATE [0] at connected tick 39840
[09:55:37] [Render thread/INFO] (powers) QA client role=profile05 executed ACTIVATE [0] at connected tick 39880
[09:55:39] [Render thread/INFO] (powers) QA client role=profile05 executed ACTIVATE [0] at connected tick 39920
[09:55:41] [Render thread/INFO] (powers) QA client role=profile05 executed ACTIVATE [0] at connected tick 39960
[09:55:43] [Render thread/INFO] (powers) QA client role=profile05 executed ACTIVATE [0] at connected tick 40000
[09:55:44] [Render thread/INFO] (powers) QA client role=profile05 executed ACTIVATE [0] at connected tick 40040
[09:55:46] [Render thread/INFO] (powers) QA client role=profile05 executed ACTIVATE [0] at connected tick 40080
[09:55:48] [Render thread/INFO] (powers) QA client role=profile05 executed ACTIVATE [0] at connected tick 40120
[09:55:50] [Render thread/INFO] (powers) QA client role=profile05 executed ACTIVATE [0] at connected tick 40160
[09:55:52] [Render thread/INFO] (powers) QA client role=profile05 executed ACTIVATE [0] at connected tick 40200
[09:55:54] [Render thread/INFO] (powers) QA client role=profile05 executed ACTIVATE [0] at connected tick 40240
[09:55:56] [Render thread/INFO] (powers) QA client role=profile05 executed ACTIVATE [0] at connected tick 40280
[09:55:58] [Render thread/INFO] (powers) QA client role=profile05 executed ACTIVATE [0] at connected tick 40320
[09:56:00] [Render thread/INFO] (powers) QA client role=profile05 executed ACTIVATE [0] at connected tick 40360
[09:56:02] [Render thread/INFO] (powers) QA client role=profile05 executed ACTIVATE [0] at connected tick 40400
[09:56:04] [Render thread/INFO] (powers) QA client role=profile05 executed ACTIVATE [0] at connected tick 40440
[09:56:06] [Render thread/INFO] (powers) QA client role=profile05 executed ACTIVATE [0] at connected tick 40480
[09:56:08] [Render thread/INFO] (powers) QA client role=profile05 executed ACTIVATE [0] at connected tick 40520
[09:56:10] [Render thread/INFO] (powers) QA client role=profile05 executed ACTIVATE [0] at connected tick 40560
[09:56:12] [Render thread/INFO] (powers) QA client role=profile05 executed ACTIVATE [0] at connected tick 40600
[09:56:15] [Render thread/INFO] (powers) QA client role=profile05 executed ACTIVATE [0] at connected tick 40640
[09:56:17] [Render thread/INFO] (powers) QA client role=profile05 executed ACTIVATE [0] at connected tick 40680
[09:56:19] [Render thread/INFO] (powers) QA client role=profile05 executed ACTIVATE [0] at connected tick 40720
[09:56:21] [Render thread/INFO] (powers) QA client role=profile05 executed ACTIVATE [0] at connected tick 40760
[09:56:23] [Render thread/INFO] (powers) QA client role=profile05 executed ACTIVATE [0] at connected tick 40800
[09:56:25] [Render thread/INFO] (powers) QA client role=profile05 executed ACTIVATE [0] at connected tick 40840
[09:56:27] [Render thread/INFO] (powers) QA client role=profile05 executed ACTIVATE [0] at connected tick 40880
[09:56:29] [Render thread/INFO] (powers) QA client role=profile05 executed ACTIVATE [0] at connected tick 40920
[09:56:31] [Render thread/INFO] (powers) QA client role=profile05 executed ACTIVATE [0] at connected tick 40960
[09:56:32] [Render thread/INFO] (powers) QA client role=profile05 executed ACTIVATE [0] at connected tick 41000
[09:56:34] [Render thread/INFO] (powers) QA client role=profile05 executed ACTIVATE [0] at connected tick 41040
[09:56:36] [Render thread/INFO] (powers) QA client role=profile05 executed ACTIVATE [0] at connected tick 41080
[09:56:38] [Render thread/INFO] (powers) QA client role=profile05 executed ACTIVATE [0] at connected tick 41120
[09:56:40] [Render thread/INFO] (powers) QA client role=profile05 executed ACTIVATE [0] at connected tick 41160
[09:56:42] [Render thread/INFO] (powers) QA client role=profile05 executed ACTIVATE [0] at connected tick 41200
[09:56:44] [Render thread/INFO] (powers) QA client role=profile05 executed ACTIVATE [0] at connected tick 41240
[09:56:46] [Render thread/INFO] (powers) QA client role=profile05 executed ACTIVATE [0] at connected tick 41280
[09:56:48] [Render thread/INFO] (powers) QA client role=profile05 executed ACTIVATE [0] at connected tick 41320
[09:56:50] [Render thread/INFO] (powers) QA client role=profile05 executed ACTIVATE [0] at connected tick 41360
[09:56:52] [Render thread/INFO] (powers) QA client role=profile05 executed ACTIVATE [0] at connected tick 41400
[09:56:54] [Render thread/INFO] (powers) QA client role=profile05 executed ACTIVATE [0] at connected tick 41440
[09:56:56] [Render thread/INFO] (powers) QA client role=profile05 executed ACTIVATE [0] at connected tick 41480
[09:56:58] [Render thread/INFO] (powers) QA client role=profile05 executed ACTIVATE [0] at connected tick 41520
[09:57:01] [Render thread/INFO] (powers) QA client role=profile05 executed ACTIVATE [0] at connected tick 41560
[09:57:03] [Render thread/INFO] (powers) QA client role=profile05 executed ACTIVATE [0] at connected tick 41600
[09:57:05] [Render thread/INFO] (powers) QA client role=profile05 executed ACTIVATE [0] at connected tick 41640
[09:57:07] [Render thread/INFO] (powers) QA client role=profile05 executed ACTIVATE [0] at connected tick 41680
[09:57:09] [Render thread/INFO] (powers) QA client role=profile05 executed ACTIVATE [0] at connected tick 41720
[09:57:11] [Render thread/INFO] (powers) QA client role=profile05 executed ACTIVATE [0] at connected tick 41760
[09:57:13] [Render thread/INFO] (powers) QA client role=profile05 executed ACTIVATE [0] at connected tick 41800
[09:57:15] [Render thread/INFO] (powers) QA client role=profile05 executed ACTIVATE [0] at connected tick 41840
[09:57:17] [Render thread/INFO] (powers) QA client role=profile05 executed ACTIVATE [0] at connected tick 41880
[09:57:19] [Render thread/INFO] (powers) QA client role=profile05 executed ACTIVATE [0] at connected tick 41920
[09:57:21] [Render thread/INFO] (powers) QA client role=profile05 executed ACTIVATE [0] at connected tick 41960
[09:57:23] [Render thread/INFO] (powers) QA client role=profile05 executed ACTIVATE [0] at connected tick 42000
[09:57:25] [Render thread/INFO] (powers) QA client role=profile05 executed ACTIVATE [0] at connected tick 42040
[09:57:27] [Render thread/INFO] (powers) QA client role=profile05 executed ACTIVATE [0] at connected tick 42080
[09:57:29] [Render thread/INFO] (powers) QA client role=profile05 executed ACTIVATE [0] at connected tick 42120
[09:57:31] [Render thread/INFO] (powers) QA client role=profile05 executed ACTIVATE [0] at connected tick 42160
[09:57:33] [Render thread/INFO] (powers) QA client role=profile05 executed ACTIVATE [0] at connected tick 42200
[09:57:34] [Render thread/INFO] (powers) QA client role=profile05 executed ACTIVATE [0] at connected tick 42240
[09:57:36] [Render thread/INFO] (powers) QA client role=profile05 executed ACTIVATE [0] at connected tick 42280
[09:57:38] [Render thread/INFO] (powers) QA client role=profile05 executed ACTIVATE [0] at connected tick 42320
[09:57:40] [Render thread/INFO] (powers) QA client role=profile05 executed ACTIVATE [0] at connected tick 42360
[09:57:42] [Render thread/INFO] (powers) QA client role=profile05 executed ACTIVATE [0] at connected tick 42400
[09:57:44] [Render thread/INFO] (powers) QA client role=profile05 executed ACTIVATE [0] at connected tick 42440
[09:57:46] [Render thread/INFO] (powers) QA client role=profile05 executed ACTIVATE [0] at connected tick 42480
[09:57:49] [Render thread/INFO] (powers) QA client role=profile05 executed ACTIVATE [0] at connected tick 42520
[09:57:51] [Render thread/INFO] (powers) QA client role=profile05 executed ACTIVATE [0] at connected tick 42560
[09:57:53] [Render thread/INFO] (powers) QA client role=profile05 executed ACTIVATE [0] at connected tick 42600
[09:57:55] [Render thread/INFO] (powers) QA client role=profile05 executed ACTIVATE [0] at connected tick 42640
[09:57:57] [Render thread/INFO] (powers) QA client role=profile05 executed ACTIVATE [0] at connected tick 42680
[09:57:59] [Render thread/INFO] (powers) QA client role=profile05 executed ACTIVATE [0] at connected tick 42720
[09:58:01] [Render thread/INFO] (powers) QA client role=profile05 executed ACTIVATE [0] at connected tick 42760
[09:58:03] [Render thread/INFO] (powers) QA client role=profile05 executed ACTIVATE [0] at connected tick 42800
[09:58:05] [Render thread/INFO] (powers) QA client role=profile05 executed ACTIVATE [0] at connected tick 42840
[09:58:07] [Render thread/INFO] (powers) QA client role=profile05 executed ACTIVATE [0] at connected tick 42880
[09:58:09] [Render thread/INFO] (powers) QA client role=profile05 executed ACTIVATE [0] at connected tick 42920
[09:58:11] [Render thread/INFO] (powers) QA client role=profile05 executed ACTIVATE [0] at connected tick 42960
[09:58:12] [Render thread/INFO] (powers) QA client role=profile05 executed ACTIVATE [0] at connected tick 43000
[09:58:14] [Render thread/INFO] (powers) QA client role=profile05 executed ACTIVATE [0] at connected tick 43040
[09:58:16] [Render thread/INFO] (powers) QA client role=profile05 executed ACTIVATE [0] at connected tick 43080
[09:58:18] [Render thread/INFO] (powers) QA client role=profile05 executed ACTIVATE [0] at connected tick 43120
[09:58:20] [Render thread/INFO] (powers) QA client role=profile05 executed ACTIVATE [0] at connected tick 43160
[09:58:22] [Render thread/INFO] (powers) QA client role=profile05 executed ACTIVATE [0] at connected tick 43200
[09:58:24] [Render thread/INFO] (powers) QA client role=profile05 executed ACTIVATE [0] at connected tick 43240
[09:58:26] [Render thread/INFO] (powers) QA client role=profile05 executed ACTIVATE [0] at connected tick 43280
[09:58:29] [Render thread/INFO] (powers) QA client role=profile05 executed ACTIVATE [0] at connected tick 43320
[09:58:31] [Render thread/INFO] (powers) QA client role=profile05 executed ACTIVATE [0] at connected tick 43360
[09:58:33] [Render thread/INFO] (powers) QA client role=profile05 executed ACTIVATE [0] at connected tick 43400
[09:58:35] [Render thread/INFO] (powers) QA client role=profile05 executed ACTIVATE [0] at connected tick 43440
[09:58:37] [Render thread/INFO] (powers) QA client role=profile05 executed ACTIVATE [0] at connected tick 43480
[09:58:39] [Render thread/INFO] (powers) QA client role=profile05 executed ACTIVATE [0] at connected tick 43520
[09:58:41] [Render thread/INFO] (powers) QA client role=profile05 executed ACTIVATE [0] at connected tick 43560
[09:58:43] [Render thread/INFO] (powers) QA client role=profile05 executed ACTIVATE [0] at connected tick 43600
[09:58:44] [Render thread/INFO] (powers) QA client role=profile05 executed ACTIVATE [0] at connected tick 43640
[09:58:46] [Render thread/INFO] (powers) QA client role=profile05 executed ACTIVATE [0] at connected tick 43680
[09:58:48] [Render thread/INFO] (powers) QA client role=profile05 executed ACTIVATE [0] at connected tick 43720
[09:58:50] [Render thread/INFO] (powers) QA client role=profile05 executed ACTIVATE [0] at connected tick 43760
[09:58:52] [Render thread/INFO] (powers) QA client role=profile05 executed ACTIVATE [0] at connected tick 43800
[09:58:54] [Render thread/INFO] (powers) QA client role=profile05 executed ACTIVATE [0] at connected tick 43840
[09:58:56] [Render thread/INFO] (powers) QA client role=profile05 executed ACTIVATE [0] at connected tick 43880
[09:58:59] [Render thread/INFO] (powers) QA client role=profile05 executed ACTIVATE [0] at connected tick 43920
