INT-008 aggregate preflight verified: aaff0b0f88312b66d232f6e1f4ef0741a8690928; clean=true
To honour the JVM settings for this build a single-use Daemon process will be forked. For more on this, please refer to https://docs.gradle.org/9.5.1/userguide/gradle_daemon.html#sec:disabling_the_daemon in the Gradle documentation.
Daemon will be stopped at the end of the build 

> Configure project :
Fabric Loom: 1.17.19

> Task :auditJavaSources
> Task :auditNonItemAssets
> Task :compileJava
> Task :processResources
> Task :classes
> Task :compileClientJava
> Task :processClientResources
> Task :clientClasses
> Task :compileExampleExtensionJava
> Task :processExampleExtensionResources
> Task :exampleExtensionClasses
> Task :compileGametestJava
> Task :deleteGameTestRunDir
> Task :acceptGameTestEula
> Task :generateLog4jConfig
> Task :generateDLIConfig
> Task :configureLaunch
> Task :processGametestResources
> Task :gametestClasses

> Task :runGameTest
[06:44:28] [main/INFO] (FabricLoader/GameProvider) Loading Minecraft 26.2 with Fabric Loader 0.19.3
[06:44:28] [main/INFO] (FabricLoader/Mappings) Mappings not present!
[06:44:28] [main/INFO] (FabricLoader) Loading 45 mods:
	- fabric-api 0.156.0+26.2
	   |-- fabric-key-mapping-api-v1 2.0.5+e2bdee789e
	   |-- fabric-model-loading-api-v1 8.0.16+c80601bb9e
	   |-- fabric-renderer-api-v1 14.1.3+2b0d8a229e
	   |-- fabric-renderer-indigo 9.1.3+2b0d8a229e
	   |-- fabric-rendering-v1 25.3.2+515ac5339e
	   |-- fabric-screen-api-v1 5.1.0+48e3c0b09e
	   \-- fabric-sound-api-v1 2.0.5+11a26f319e
	- fabric-api-base 2.0.4+ece063239e
	- fabric-api-lookup-api-v1 2.0.17+11e1c9a39e
	- fabric-biome-api-v1 18.0.6+c7bd5b8e9e
	- fabric-block-api-v1 3.0.3+ec56b6019e
	- fabric-block-getter-api-v2 2.0.7+ec56b6019e
	- fabric-command-api-v2 3.1.0+00cb03469e
	- fabric-content-registries-v0 11.3.0+d0a699d09e
	- fabric-convention-tags-v2 4.7.0+1f023a9e9e
	- fabric-crash-report-info-v1 1.0.5+086d547a9e
	- fabric-creative-tab-api-v1 5.0.14+d871b99e9e
	- fabric-data-attachment-api-v1 2.2.18+515ac5339e
	- fabric-data-generation-api-v1 25.5.0+aed122aa9e
	- fabric-debug-api-v1 1.0.2+c792624d9e
	- fabric-dimensions-v1 5.1.11+515ac5339e
	- fabric-entity-events-v1 5.0.5+06488ac19e
	- fabric-events-interaction-v0 5.2.7+515ac5339e
	- fabric-game-rule-api-v1 4.0.8+46a6d00c9e
	- fabric-gametest-api-v1 4.0.21+4a7fa0819e
	- fabric-item-api-v1 14.4.0+49a69a7b9e
	- fabric-lifecycle-events-v1 4.1.3+4575b05f9e
	- fabric-loot-api-v3 3.0.17+06488ac19e
	- fabric-menu-api-v1 2.0.16+086d547a9e
	- fabric-message-api-v1 7.0.7+086d547a9e
	- fabric-networking-api-v1 6.3.3+72073ef09e
	- fabric-object-builder-api-v1 24.1.0+6fcd5f039e
	- fabric-particles-v1 5.0.18+d1756aa99e
	- fabric-permission-api-v1 1.0.4+536fad2f9e
	- fabric-recipe-api-v1 9.0.20+11e1c9a39e
	- fabric-registry-sync-v0 7.1.0+c7bd5b8e9e
	- fabric-rendering-fluids-v1 6.0.4+06488ac19e
	- fabric-resource-conditions-api-v1 6.1.0+10e9a28b9e
	- fabric-resource-loader-v0 3.3.20+4fc5413f9e
	- fabric-resource-loader-v1 2.0.13+9edec1269e
	- fabric-serialization-api-v1 2.0.4+11a26f319e
	- fabric-tag-api-v1 2.1.4+515ac5339e
	- fabric-transfer-api-v1 8.0.12+11dbb7d79e
	- fabric-transitive-access-wideners-v1 8.1.4+67c847259e
	- fabricloader 0.19.3
	- java 25
	- minecraft 26.2
	- mixinextras 0.5.4
	- powers 1.0.2
	- powers-example-extension 1.0.0
	- powers-gametest 1.0.0
[06:44:28] [main/INFO] (FabricLoader/Mixin) SpongePowered MIXIN Subsystem Version=0.8.7 Source=file:<home>/.gradle/caches/modules-2/files-2.1/net.fabricmc/sponge-mixin/0.17.3+mixin.0.8.7/41c4a3984a80f4679e759fb9f495587acc5cdac7/sponge-mixin-0.17.3+mixin.0.8.7.jar Service=Knot/Fabric Env=SERVER
[06:44:28] [main/INFO] (FabricLoader/Mixin) Compatibility level set to JAVA_25
[06:44:28] [main/INFO] (FabricLoader/MixinExtras|Service) Initializing MixinExtras via com.llamalad7.mixinextras.service.MixinExtrasServiceImpl(version=0.5.4).
[06:44:32] [main/INFO] (powers) POWERS config validation: revision=1; adjustments=0; retained=0; dropped=0
[06:44:32] [main/INFO] (powers) Loaded rank mazes: 28 light nodes, 28 darkness nodes
[06:44:32] [main/INFO] (powers) Magic collision kernel loaded: 64 actions, 2080 exhaustive interactions
[06:44:32] [main/INFO] (powers) POWERS framework initialized with 23 power(s)
[06:44:32] [main/INFO] (Minecraft) Environment: Environment[sessionHost=https://sessionserver.mojang.com, servicesHost=https://api.minecraftservices.com, profilesHost=https://api.mojang.com, name=PROD]
[06:44:32] [main/INFO] (FabricGameTestRunner) Starting test server
[06:44:33] [main/INFO] (Minecraft) Loaded 1605 recipes
[06:44:33] [main/INFO] (Minecraft) Loaded 1713 advancements
[06:44:33] [main/INFO] (powers) Staged 2 initial action aliases until extension registration
[06:44:33] [main/INFO] (powers) Loaded 14 Shadow knowledge entries
[06:44:33] [main/INFO] (BiomeModificationImpl) Applied 0 biome modifications to 0 of 69 new biomes in 670.1 μs
[06:44:33] [Server thread/INFO] (powers) Published action registry revision 2 with 110 canonical keys and 2 aliases
[06:44:33] [Server thread/INFO] (Minecraft) Selecting global world spawn...
[06:44:33] [Server thread/INFO] (Minecraft) Loading 0 persistent chunks...
[06:44:33] [Server thread/INFO] (Minecraft) Preparing spawn area: 100%
[06:44:33] [Server thread/INFO] (Minecraft) Time elapsed: 213 ms
[06:44:33] [Server thread/INFO] (Minecraft) Started game test server
[06:44:34] [Server thread/INFO] (Minecraft) 167 tests are now running at position -8567005, -59, 9436668!
[06:44:34] [Server thread/INFO] (Minecraft) Running test environment 'powers:vfx_gallery' batch 0 (1 tests)...
[06:44:34] [Server thread/INFO] (Minecraft) [                                                                                                                                                                       ]
[06:44:34] [Server thread/INFO] (Minecraft) [                                                                                                                                                                       ]
[06:44:34] [Server thread/INFO] (Minecraft) [                                                                                                                                                                       ]
[06:44:34] [Server thread/INFO] (Minecraft) [                                                                                                                                                                       ]
[06:44:34] [Server thread/INFO] (Minecraft) test-mock-player[embedded] logged in with entity id 1 at (0.0, 0.0, 0.0)
[06:44:34] [Server thread/INFO] (Minecraft) [Dormant] test-mock-player joined the game
[06:44:34] [Server thread/INFO] (Minecraft) Running test environment 'qa010_hostile:synthetic_reload' batch 0 (1 tests)...
[06:44:34] [Server thread/INFO] (Minecraft) [+                                                                                                                                                                      ]
[06:44:34] [Server thread/INFO] (Minecraft) test-mock-player[embedded] logged in with entity id 12 at (0.0, 0.0, 0.0)
[06:44:34] [Server thread/INFO] (Minecraft) [Dormant] test-mock-player joined the game
[06:44:35] [Server thread/INFO] (Minecraft) Loaded 1605 recipes
[06:44:35] [Server thread/INFO] (Minecraft) Loaded 1713 advancements
[06:44:35] [Server thread/INFO] (powers) Published action registry revision 3 with 110 canonical keys and 2 aliases
[06:44:35] [Server thread/INFO] (powers) Loaded 14 Shadow knowledge entries
[06:44:35] [Server thread/INFO] (Minecraft) [+_                                                                                                                                                                     ]
[06:44:35] [Server thread/INFO] (Minecraft) [+_                                                                                                                                                                     ]
[06:44:35] [Server thread/INFO] (Minecraft) [+_                                                                                                                                                                     ]
[06:44:35] [Server thread/INFO] (Minecraft) [+_                                                                                                                                                                     ]
[06:44:35] [Server thread/INFO] (Minecraft) [+_                                                                                                                                                                     ]
[06:44:35] [Server thread/INFO] (Minecraft) [+_                                                                                                                                                                     ]
[06:44:35] [Server thread/INFO] (Minecraft) [+_                                                                                                                                                                     ]
[06:44:35] [Server thread/INFO] (Minecraft) [+_                                                                                                                                                                     ]
[06:44:35] [Server thread/INFO] (Minecraft) [+_                                                                                                                                                                     ]
[06:44:35] [Server thread/INFO] (Minecraft) [+_                                                                                                                                                                     ]
[06:44:35] [Server thread/INFO] (Minecraft) [+_                                                                                                                                                                     ]
[06:44:35] [Server thread/INFO] (Minecraft) Running test environment 'powers:packet_fault_matrix_isolated' batch 0 (1 tests)...
[06:44:35] [Server thread/INFO] (Minecraft) test-mock-player[embedded] logged in with entity id 220 at (0.0, 0.0, 0.0)
[06:44:35] [Server thread/INFO] (Minecraft) [Dormant] test-mock-player joined the game
[06:44:35] [Server thread/INFO] (Minecraft) test-mock-player[embedded] logged in with entity id 221 at (0.0, 0.0, 0.0)
[06:44:35] [Server thread/INFO] (Minecraft) [Dormant] test-mock-player joined the game
[06:44:35] [Server thread/INFO] (Minecraft) test-mock-player[embedded] logged in with entity id 222 at (0.0, 0.0, 0.0)
[06:44:35] [Server thread/INFO] (Minecraft) [Dormant] test-mock-player joined the game
[06:44:35] [Server thread/INFO] (Minecraft) test-mock-player[embedded] logged in with entity id 223 at (0.0, 0.0, 0.0)
[06:44:35] [Server thread/INFO] (Minecraft) [Dormant] test-mock-player joined the game
[06:44:36] [Server thread/INFO] (Minecraft) test-mock-player[embedded] logged in with entity id 224 at (0.0, 0.0, 0.0)
[06:44:36] [Server thread/INFO] (Minecraft) [Dormant] test-mock-player joined the game
[06:44:36] [Server thread/INFO] (Minecraft) test-mock-player[embedded] logged in with entity id 225 at (0.0, 0.0, 0.0)
[06:44:36] [Server thread/INFO] (Minecraft) [Dormant] test-mock-player joined the game
[06:44:36] [Server thread/INFO] (Minecraft) [++_                                                                                                                                                                    ]
[06:44:36] [Server thread/INFO] (Minecraft) test-mock-player lost connection: QA-009 production matrix complete
[06:44:36] [Server thread/INFO] (Minecraft) [Dormant] test-mock-player left the game
[06:44:36] [Server thread/INFO] (Minecraft) test-mock-player lost connection: QA-009 production matrix complete
[06:44:36] [Server thread/INFO] (Minecraft) [Dormant] test-mock-player left the game
[06:44:36] [Server thread/INFO] (Minecraft) test-mock-player lost connection: QA-009 production matrix complete
[06:44:36] [Server thread/INFO] (Minecraft) [Dormant] test-mock-player left the game
[06:44:36] [Server thread/INFO] (Minecraft) test-mock-player lost connection: QA-009 production matrix complete
[06:44:36] [Server thread/INFO] (Minecraft) [Dormant] test-mock-player left the game
[06:44:36] [Server thread/INFO] (Minecraft) test-mock-player lost connection: QA-009 production matrix complete
[06:44:36] [Server thread/INFO] (Minecraft) [Dormant] test-mock-player left the game
[06:44:36] [Server thread/INFO] (Minecraft) test-mock-player lost connection: QA-009 production matrix complete
[06:44:36] [Server thread/INFO] (Minecraft) [Dormant] test-mock-player left the game
[06:44:36] [Server thread/INFO] (Minecraft) [STDOUT]: QA009_PRODUCTION_MATRIX profile=delay150 serverObservedByTicks=10 authoritative=selected outbound=power-state-91 offered=101 dropped=0 duplicated=0 delayed=101 reordered=99 delivered=2 expired=0 maxQueue=101 maxAgeTicks=4 duplicateSideEffects=0
[06:44:36] [Server thread/INFO] (Minecraft) [STDOUT]: QA009_PRODUCTION_MATRIX profile=delay300 serverObservedByTicks=10 authoritative=selected outbound=power-state-91 offered=101 dropped=0 duplicated=0 delayed=101 reordered=99 delivered=2 expired=0 maxQueue=101 maxAgeTicks=7 duplicateSideEffects=0
[06:44:36] [Server thread/INFO] (Minecraft) [STDOUT]: QA009_PRODUCTION_MATRIX profile=loss1 serverObservedByTicks=10 authoritative=selected outbound=power-state-91 offered=251 dropped=4 duplicated=0 delayed=0 reordered=245 delivered=2 expired=0 maxQueue=247 maxAgeTicks=3 duplicateSideEffects=0
[06:44:36] [Server thread/INFO] (Minecraft) [STDOUT]: QA009_PRODUCTION_MATRIX profile=loss5 serverObservedByTicks=10 authoritative=selected outbound=power-state-91 offered=251 dropped=11 duplicated=0 delayed=0 reordered=238 delivered=2 expired=0 maxQueue=240 maxAgeTicks=3 duplicateSideEffects=0
[06:44:36] [Server thread/INFO] (Minecraft) [STDOUT]: QA009_PRODUCTION_MATRIX profile=duplicate serverObservedByTicks=10 authoritative=selected outbound=power-state-91 offered=101 dropped=0 duplicated=101 delayed=0 reordered=198 delivered=2 expired=0 maxQueue=202 maxAgeTicks=3 duplicateSideEffects=0
[06:44:36] [Server thread/INFO] (Minecraft) [STDOUT]: QA009_PRODUCTION_MATRIX profile=reorder serverObservedByTicks=10 authoritative=selected outbound=power-state-91 offered=101 dropped=0 duplicated=0 delayed=68 reordered=99 delivered=2 expired=0 maxQueue=101 maxAgeTicks=2 duplicateSideEffects=0
[06:44:36] [Server thread/INFO] (Minecraft) Running test environment 'powers:artifact_stale_teleport_isolated' batch 0 (1 tests)...
[06:44:36] [Server thread/INFO] (Minecraft) test-mock-player[embedded] logged in with entity id 226 at (0.0, 0.0, 0.0)
[06:44:36] [Server thread/INFO] (Minecraft) [Dormant] test-mock-player joined the game
[06:44:36] [Server thread/INFO] (Minecraft) Running test environment 'powers:crystal_invalidation_isolated' batch 0 (1 tests)...
[06:44:36] [Server thread/INFO] (Minecraft) test-mock-player[embedded] logged in with entity id 227 at (0.0, 0.0, 0.0)
[06:44:36] [Server thread/INFO] (Minecraft) [Dormant] test-mock-player joined the game
[06:44:36] [Server thread/INFO] (Minecraft) Running test environment 'powers:artifact_authority_isolated' batch 0 (1 tests)...
[06:44:36] [Server thread/INFO] (Minecraft) [+++++                                                                                                                                                                  ]
[06:44:36] [Server thread/INFO] (Minecraft) test-mock-player[embedded] logged in with entity id 228 at (0.0, 0.0, 0.0)
[06:44:36] [Server thread/INFO] (Minecraft) [Dormant] test-mock-player joined the game
[06:44:36] [Server thread/INFO] (Minecraft) Running test environment 'qa010_hostile:travel_graph' batch 0 (1 tests)...
[06:44:36] [Server thread/INFO] (Minecraft) [++++++                                                                                                                                                                 ]
[06:44:36] [Server thread/INFO] (Minecraft) test-mock-player[embedded] logged in with entity id 230 at (0.0, 0.0, 0.0)
[06:44:36] [Server thread/INFO] (Minecraft) [Dormant] test-mock-player joined the game
[06:44:36] [Server thread/INFO] (Minecraft) [++++++_                                                                                                                                                                ]
[06:44:36] [Server thread/INFO] (Minecraft) [++++++_                                                                                                                                                                ]
[06:44:36] [Server thread/INFO] (Minecraft) [++++++_                                                                                                                                                                ]
[06:44:36] [Server thread/INFO] (Minecraft) Running test environment 'powers:invasion_isolated' batch 0 (1 tests)...
[06:44:36] [Server thread/INFO] (Minecraft) test-mock-player[embedded] logged in with entity id 329 at (0.0, 0.0, 0.0)
[06:44:36] [Server thread/INFO] (Minecraft) [Dormant] test-mock-player joined the game
[06:44:36] [Server thread/INFO] (Minecraft) [+++++++_                                                                                                                                                               ]
[06:44:36] [Server thread/INFO] (Minecraft) [+++++++_                                                                                                                                                               ]
[06:44:36] [Server thread/INFO] (Minecraft) [+++++++_                                                                                                                                                               ]
[06:44:36] [Server thread/INFO] (Minecraft) [+++++++_                                                                                                                                                               ]
[06:44:36] [Server thread/INFO] (Minecraft) [+++++++_                                                                                                                                                               ]
[06:44:36] [Server thread/INFO] (Minecraft) [+++++++_                                                                                                                                                               ]
[06:44:36] [Server thread/INFO] (Minecraft) [+++++++_                                                                                                                                                               ]
[06:44:36] [Server thread/INFO] (Minecraft) [+++++++_                                                                                                                                                               ]
[06:44:36] [Server thread/INFO] (Minecraft) [+++++++_                                                                                                                                                               ]
[06:44:36] [Server thread/INFO] (Minecraft) [+++++++_                                                                                                                                                               ]
[06:44:36] [Server thread/INFO] (Minecraft) [+++++++_                                                                                                                                                               ]
[06:44:36] [Server thread/INFO] (Minecraft) [+++++++_                                                                                                                                                               ]
[06:44:36] [Server thread/INFO] (Minecraft) [+++++++_                                                                                                                                                               ]
[06:44:36] [Server thread/INFO] (Minecraft) [+++++++_                                                                                                                                                               ]
[06:44:36] [Server thread/INFO] (Minecraft) [+++++++_                                                                                                                                                               ]
[06:44:36] [Server thread/INFO] (Minecraft) [+++++++_                                                                                                                                                               ]
[06:44:36] [Server thread/INFO] (Minecraft) [+++++++_                                                                                                                                                               ]
[06:44:36] [Server thread/INFO] (Minecraft) [+++++++_                                                                                                                                                               ]
[06:44:36] [Server thread/INFO] (Minecraft) [+++++++_                                                                                                                                                               ]
[06:44:36] [Server thread/INFO] (Minecraft) [+++++++_                                                                                                                                                               ]
[06:44:36] [Server thread/INFO] (Minecraft) [+++++++_                                                                                                                                                               ]
[06:44:36] [Server thread/INFO] (Minecraft) Running test environment 'powers:temporal_lifecycle_isolated' batch 0 (1 tests)...
[06:44:36] [Server thread/INFO] (Minecraft) test-mock-player[embedded] logged in with entity id 398 at (0.0, 0.0, 0.0)
[06:44:36] [Server thread/INFO] (Minecraft) [Dormant] test-mock-player joined the game
[06:44:36] [Server thread/INFO] (Minecraft) test-mock-player lost connection: INT-008 disconnect lifecycle
[06:44:36] [Server thread/INFO] (Minecraft) [Dormant] test-mock-player left the game
[06:44:36] [Server thread/INFO] (Minecraft) [STDOUT]: INT008_TEMPORAL {"schemaVersion":2,"implementationSha":"0000000000000000000000000000000000000000","case":"lifecycle-cleanup","result":"PASS","controlTicks":0,"worldTicks":0,"facts":{"dampeningReleased":true,"deathReleased":true,"disconnectReleased":true,"leaseActive":false,"mismatchedSourcePreserved":true,"shadowLossReleased":true,"shutdownReleased":true,"vanillaFrozen":false}}
[06:44:36] [Server thread/INFO] (Minecraft) Running test environment 'powers:temporal_void_scar_isolated' batch 0 (1 tests)...
[06:44:36] [Server thread/INFO] (Minecraft) [+++++++++                                                                                                                                                              ]
[06:44:36] [Server thread/INFO] (Minecraft) test-mock-player[embedded] logged in with entity id 401 at (0.0, 0.0, 0.0)
[06:44:36] [Server thread/INFO] (Minecraft) [Dormant] test-mock-player joined the game
[06:44:36] [Server thread/INFO] (Minecraft) Running test environment 'powers:ritual_isolated' batch 0 (1 tests)...
[06:44:36] [Server thread/INFO] (Minecraft) test-mock-player[embedded] logged in with entity id 402 at (0.0, 0.0, 0.0)
[06:44:36] [Server thread/INFO] (Minecraft) [Dormant] test-mock-player joined the game
[06:44:36] [Server thread/INFO] (Minecraft) [++++++++++_                                                                                                                                                            ]
[06:44:36] [Server thread/INFO] (Minecraft) Running test environment 'powers:artifact_stale_cycle_isolated' batch 0 (1 tests)...
[06:44:36] [Server thread/INFO] (Minecraft) test-mock-player[embedded] logged in with entity id 406 at (0.0, 0.0, 0.0)
[06:44:36] [Server thread/INFO] (Minecraft) [Dormant] test-mock-player joined the game
[06:44:36] [Server thread/INFO] (Minecraft) Running test environment 'powers:temporal_shadow_lifetime_isolated' batch 0 (1 tests)...
[06:44:36] [Server thread/INFO] (Minecraft) [++++++++++++                                                                                                                                                           ]
[06:44:36] [Server thread/INFO] (Minecraft) test-mock-player[embedded] logged in with entity id 410 at (0.0, 0.0, 0.0)
[06:44:36] [Server thread/INFO] (Minecraft) [Dormant] test-mock-player joined the game
[06:44:37] [Server thread/INFO] (Minecraft) Running test environment 'powers:temporal_cinderheart_isolated' batch 0 (1 tests)...
[06:44:37] [Server thread/INFO] (Minecraft) test-mock-player[embedded] logged in with entity id 418 at (0.0, 0.0, 0.0)
[06:44:37] [Server thread/INFO] (Minecraft) [Dormant] test-mock-player joined the game
[06:44:37] [Server thread/INFO] (Minecraft) test-mock-player[embedded] logged in with entity id 419 at (0.0, 0.0, 0.0)
[06:44:37] [Server thread/INFO] (Minecraft) [Dormant] test-mock-player joined the game
[06:44:37] [Server thread/INFO] (Minecraft) [+++++++++++++_                                                                                                                                                         ]
[06:44:37] [Server thread/INFO] (Minecraft) [+++++++++++++_                                                                                                                                                         ]
[06:44:37] [Server thread/INFO] (Minecraft) [+++++++++++++_                                                                                                                                                         ]
[06:44:37] [Server thread/INFO] (Minecraft) [+++++++++++++_                                                                                                                                                         ]
[06:44:37] [Server thread/INFO] (Minecraft) [+++++++++++++_                                                                                                                                                         ]
[06:44:37] [Server thread/INFO] (Minecraft) [+++++++++++++_                                                                                                                                                         ]
[06:44:37] [Server thread/INFO] (Minecraft) [+++++++++++++_                                                                                                                                                         ]
[06:44:37] [Server thread/INFO] (Minecraft) [+++++++++++++_                                                                                                                                                         ]
[06:44:37] [Server thread/INFO] (Minecraft) [+++++++++++++_                                                                                                                                                         ]
[06:44:37] [Server thread/INFO] (Minecraft) [+++++++++++++_                                                                                                                                                         ]
[06:44:37] [Server thread/INFO] (Minecraft) [+++++++++++++_                                                                                                                                                         ]
[06:44:37] [Server thread/INFO] (Minecraft) [+++++++++++++_                                                                                                                                                         ]
[06:44:37] [Server thread/INFO] (Minecraft) [+++++++++++++_                                                                                                                                                         ]
[06:44:37] [Server thread/INFO] (Minecraft) [+++++++++++++_                                                                                                                                                         ]
[06:44:37] [Server thread/INFO] (Minecraft) [+++++++++++++_                                                                                                                                                         ]
[06:44:37] [Server thread/INFO] (Minecraft) [+++++++++++++_                                                                                                                                                         ]
[06:44:37] [Server thread/INFO] (Minecraft) [+++++++++++++_                                                                                                                                                         ]
[06:44:37] [Server thread/INFO] (Minecraft) [+++++++++++++_                                                                                                                                                         ]
[06:44:37] [Server thread/INFO] (Minecraft) [+++++++++++++_                                                                                                                                                         ]
[06:44:37] [Server thread/INFO] (Minecraft) [+++++++++++++_                                                                                                                                                         ]
[06:44:37] [Server thread/INFO] (Minecraft) [+++++++++++++_                                                                                                                                                         ]
[06:44:37] [Server thread/INFO] (Minecraft) [+++++++++++++_                                                                                                                                                         ]
[06:44:37] [Server thread/INFO] (Minecraft) [+++++++++++++_                                                                                                                                                         ]
[06:44:37] [Server thread/INFO] (Minecraft) [+++++++++++++_                                                                                                                                                         ]
[06:44:37] [Server thread/INFO] (Minecraft) [+++++++++++++_                                                                                                                                                         ]
[06:44:37] [Server thread/INFO] (Minecraft) [+++++++++++++_                                                                                                                                                         ]
[06:44:37] [Server thread/INFO] (Minecraft) [+++++++++++++_                                                                                                                                                         ]
[06:44:37] [Server thread/INFO] (Minecraft) [+++++++++++++_                                                                                                                                                         ]
[06:44:37] [Server thread/INFO] (Minecraft) [+++++++++++++_                                                                                                                                                         ]
[06:44:37] [Server thread/INFO] (Minecraft) [+++++++++++++_                                                                                                                                                         ]
[06:44:37] [Server thread/INFO] (Minecraft) [+++++++++++++_                                                                                                                                                         ]
[06:44:37] [Server thread/INFO] (Minecraft) [+++++++++++++_                                                                                                                                                         ]
[06:44:37] [Server thread/INFO] (Minecraft) [+++++++++++++_                                                                                                                                                         ]
[06:44:37] [Server thread/INFO] (Minecraft) [+++++++++++++_                                                                                                                                                         ]
[06:44:37] [Server thread/INFO] (Minecraft) [+++++++++++++_                                                                                                                                                         ]
[06:44:37] [Server thread/INFO] (Minecraft) [+++++++++++++_                                                                                                                                                         ]
[06:44:37] [Server thread/INFO] (Minecraft) [+++++++++++++_                                                                                                                                                         ]
[06:44:37] [Server thread/INFO] (Minecraft) [+++++++++++++_                                                                                                                                                         ]
[06:44:37] [Server thread/INFO] (Minecraft) [+++++++++++++_                                                                                                                                                         ]
[06:44:37] [Server thread/INFO] (Minecraft) [+++++++++++++_                                                                                                                                                         ]
[06:44:37] [Server thread/INFO] (Minecraft) [+++++++++++++_                                                                                                                                                         ]
[06:44:37] [Server thread/INFO] (Minecraft) [+++++++++++++_                                                                                                                                                         ]
[06:44:37] [Server thread/INFO] (Minecraft) [+++++++++++++_                                                                                                                                                         ]
[06:44:37] [Server thread/INFO] (Minecraft) [+++++++++++++_                                                                                                                                                         ]
[06:44:37] [Server thread/INFO] (Minecraft) [+++++++++++++_                                                                                                                                                         ]
[06:44:37] [Server thread/INFO] (Minecraft) [+++++++++++++_                                                                                                                                                         ]
[06:44:37] [Server thread/INFO] (Minecraft) [+++++++++++++_                                                                                                                                                         ]
[06:44:37] [Server thread/INFO] (Minecraft) [+++++++++++++_                                                                                                                                                         ]
[06:44:37] [Server thread/INFO] (Minecraft) [+++++++++++++_                                                                                                                                                         ]
[06:44:37] [Server thread/INFO] (Minecraft) [+++++++++++++_                                                                                                                                                         ]
[06:44:37] [Server thread/INFO] (Minecraft) [+++++++++++++_                                                                                                                                                         ]
[06:44:37] [Server thread/INFO] (Minecraft) [+++++++++++++_                                                                                                                                                         ]
[06:44:37] [Server thread/INFO] (Minecraft) [+++++++++++++_                                                                                                                                                         ]
[06:44:37] [Server thread/INFO] (Minecraft) [+++++++++++++_                                                                                                                                                         ]
[06:44:37] [Server thread/INFO] (Minecraft) [+++++++++++++_                                                                                                                                                         ]
[06:44:37] [Server thread/INFO] (Minecraft) [+++++++++++++_                                                                                                                                                         ]
[06:44:37] [Server thread/INFO] (Minecraft) [+++++++++++++_                                                                                                                                                         ]
[06:44:37] [Server thread/INFO] (Minecraft) [+++++++++++++_                                                                                                                                                         ]
[06:44:37] [Server thread/INFO] (Minecraft) [+++++++++++++_                                                                                                                                                         ]
[06:44:37] [Server thread/INFO] (Minecraft) [+++++++++++++_                                                                                                                                                         ]
[06:44:37] [Server thread/INFO] (Minecraft) [+++++++++++++_                                                                                                                                                         ]
[06:44:37] [Server thread/INFO] (Minecraft) [+++++++++++++_                                                                                                                                                         ]
[06:44:37] [Server thread/INFO] (Minecraft) [+++++++++++++_                                                                                                                                                         ]
[06:44:37] [Server thread/INFO] (Minecraft) [+++++++++++++_                                                                                                                                                         ]
[06:44:37] [Server thread/INFO] (Minecraft) [+++++++++++++_                                                                                                                                                         ]
[06:44:37] [Server thread/INFO] (Minecraft) [+++++++++++++_                                                                                                                                                         ]
[06:44:37] [Server thread/INFO] (Minecraft) [+++++++++++++_                                                                                                                                                         ]
[06:44:37] [Server thread/INFO] (Minecraft) [+++++++++++++_                                                                                                                                                         ]
[06:44:37] [Server thread/INFO] (Minecraft) [+++++++++++++_                                                                                                                                                         ]
[06:44:37] [Server thread/INFO] (Minecraft) [+++++++++++++_                                                                                                                                                         ]
[06:44:37] [Server thread/INFO] (Minecraft) [+++++++++++++_                                                                                                                                                         ]
[06:44:37] [Server thread/INFO] (Minecraft) [+++++++++++++_                                                                                                                                                         ]
[06:44:37] [Server thread/INFO] (Minecraft) [+++++++++++++_                                                                                                                                                         ]
[06:44:37] [Server thread/INFO] (Minecraft) [+++++++++++++_                                                                                                                                                         ]
[06:44:37] [Server thread/INFO] (Minecraft) [+++++++++++++_                                                                                                                                                         ]
[06:44:37] [Server thread/INFO] (Minecraft) [+++++++++++++_                                                                                                                                                         ]
[06:44:37] [Server thread/INFO] (Minecraft) [+++++++++++++_                                                                                                                                                         ]
[06:44:37] [Server thread/INFO] (Minecraft) [+++++++++++++_                                                                                                                                                         ]
[06:44:37] [Server thread/INFO] (Minecraft) [+++++++++++++_                                                                                                                                                         ]
[06:44:37] [Server thread/INFO] (Minecraft) [+++++++++++++_                                                                                                                                                         ]
[06:44:37] [Server thread/INFO] (Minecraft) [+++++++++++++_                                                                                                                                                         ]
[06:44:37] [Server thread/INFO] (Minecraft) [+++++++++++++_                                                                                                                                                         ]
[06:44:37] [Server thread/INFO] (Minecraft) [+++++++++++++_                                                                                                                                                         ]
[06:44:37] [Server thread/INFO] (Minecraft) [+++++++++++++_                                                                                                                                                         ]
[06:44:37] [Server thread/INFO] (Minecraft) [+++++++++++++_                                                                                                                                                         ]
[06:44:37] [Server thread/INFO] (Minecraft) [+++++++++++++_                                                                                                                                                         ]
[06:44:37] [Server thread/INFO] (Minecraft) [+++++++++++++_                                                                                                                                                         ]
[06:44:37] [Server thread/INFO] (Minecraft) [+++++++++++++_                                                                                                                                                         ]
[06:44:37] [Server thread/INFO] (Minecraft) [+++++++++++++_                                                                                                                                                         ]
[06:44:37] [Server thread/INFO] (Minecraft) [+++++++++++++_                                                                                                                                                         ]
[06:44:37] [Server thread/INFO] (Minecraft) [+++++++++++++_                                                                                                                                                         ]
[06:44:37] [Server thread/INFO] (Minecraft) [+++++++++++++_                                                                                                                                                         ]
[06:44:37] [Server thread/INFO] (Minecraft) [+++++++++++++_                                                                                                                                                         ]
[06:44:37] [Server thread/INFO] (Minecraft) [+++++++++++++_                                                                                                                                                         ]
[06:44:37] [Server thread/INFO] (Minecraft) [+++++++++++++_                                                                                                                                                         ]
[06:44:37] [Server thread/INFO] (Minecraft) [+++++++++++++_                                                                                                                                                         ]
[06:44:37] [Server thread/INFO] (Minecraft) [+++++++++++++_                                                                                                                                                         ]
[06:44:37] [Server thread/INFO] (Minecraft) [+++++++++++++_                                                                                                                                                         ]
[06:44:37] [Server thread/INFO] (Minecraft) [+++++++++++++_                                                                                                                                                         ]
[06:44:37] [Server thread/INFO] (Minecraft) [+++++++++++++_                                                                                                                                                         ]
[06:44:37] [Server thread/INFO] (Minecraft) [+++++++++++++_                                                                                                                                                         ]
[06:44:37] [Server thread/INFO] (Minecraft) [+++++++++++++_                                                                                                                                                         ]
[06:44:37] [Server thread/INFO] (Minecraft) [+++++++++++++_                                                                                                                                                         ]
[06:44:37] [Server thread/INFO] (Minecraft) [+++++++++++++_                                                                                                                                                         ]
[06:44:37] [Server thread/INFO] (Minecraft) [+++++++++++++_                                                                                                                                                         ]
[06:44:37] [Server thread/INFO] (Minecraft) [+++++++++++++_                                                                                                                                                         ]
[06:44:37] [Server thread/INFO] (Minecraft) [+++++++++++++_                                                                                                                                                         ]
[06:44:37] [Server thread/INFO] (Minecraft) [+++++++++++++_                                                                                                                                                         ]
[06:44:37] [Server thread/INFO] (Minecraft) [+++++++++++++_                                                                                                                                                         ]
[06:44:37] [Server thread/INFO] (Minecraft) [+++++++++++++_                                                                                                                                                         ]
[06:44:37] [Server thread/INFO] (Minecraft) [+++++++++++++_                                                                                                                                                         ]
[06:44:37] [Server thread/INFO] (Minecraft) [+++++++++++++_                                                                                                                                                         ]
[06:44:37] [Server thread/INFO] (Minecraft) [+++++++++++++_                                                                                                                                                         ]
[06:44:37] [Server thread/INFO] (Minecraft) [+++++++++++++_                                                                                                                                                         ]
[06:44:37] [Server thread/INFO] (Minecraft) [+++++++++++++_                                                                                                                                                         ]
[06:44:37] [Server thread/INFO] (Minecraft) [+++++++++++++_                                                                                                                                                         ]
[06:44:37] [Server thread/INFO] (Minecraft) [+++++++++++++_                                                                                                                                                         ]
[06:44:37] [Server thread/INFO] (Minecraft) [+++++++++++++_                                                                                                                                                         ]
[06:44:37] [Server thread/INFO] (Minecraft) [+++++++++++++_                                                                                                                                                         ]
[06:44:37] [Server thread/INFO] (Minecraft) [+++++++++++++_                                                                                                                                                         ]
[06:44:37] [Server thread/INFO] (Minecraft) [+++++++++++++_                                                                                                                                                         ]
[06:44:37] [Server thread/INFO] (Minecraft) [+++++++++++++_                                                                                                                                                         ]
[06:44:37] [Server thread/INFO] (Minecraft) [+++++++++++++_                                                                                                                                                         ]
[06:44:37] [Server thread/INFO] (Minecraft) [+++++++++++++_                                                                                                                                                         ]
[06:44:37] [Server thread/INFO] (Minecraft) [+++++++++++++_                                                                                                                                                         ]
[06:44:37] [Server thread/INFO] (Minecraft) [+++++++++++++_                                                                                                                                                         ]
[06:44:37] [Server thread/INFO] (Minecraft) [+++++++++++++_                                                                                                                                                         ]
[06:44:37] [Server thread/INFO] (Minecraft) [+++++++++++++_                                                                                                                                                         ]
[06:44:37] [Server thread/INFO] (Minecraft) [+++++++++++++_                                                                                                                                                         ]
[06:44:37] [Server thread/INFO] (Minecraft) [+++++++++++++_                                                                                                                                                         ]
[06:44:37] [Server thread/INFO] (Minecraft) [+++++++++++++_                                                                                                                                                         ]
[06:44:37] [Server thread/INFO] (Minecraft) [+++++++++++++_                                                                                                                                                         ]
[06:44:37] [Server thread/INFO] (Minecraft) [+++++++++++++_                                                                                                                                                         ]
[06:44:37] [Server thread/INFO] (Minecraft) [+++++++++++++_                                                                                                                                                         ]
[06:44:37] [Server thread/INFO] (Minecraft) [+++++++++++++_                                                                                                                                                         ]
[06:44:37] [Server thread/INFO] (Minecraft) [+++++++++++++_                                                                                                                                                         ]
[06:44:37] [Server thread/INFO] (Minecraft) [+++++++++++++_                                                                                                                                                         ]
[06:44:37] [Server thread/INFO] (Minecraft) [+++++++++++++_                                                                                                                                                         ]
[06:44:37] [Server thread/INFO] (Minecraft) [+++++++++++++_                                                                                                                                                         ]
[06:44:37] [Server thread/INFO] (Minecraft) [+++++++++++++_                                                                                                                                                         ]
[06:44:37] [Server thread/INFO] (Minecraft) [+++++++++++++_                                                                                                                                                         ]
[06:44:37] [Server thread/INFO] (Minecraft) [+++++++++++++_                                                                                                                                                         ]
[06:44:37] [Server thread/INFO] (Minecraft) [+++++++++++++_                                                                                                                                                         ]
[06:44:37] [Server thread/INFO] (Minecraft) [+++++++++++++_                                                                                                                                                         ]
[06:44:37] [Server thread/INFO] (Minecraft) [+++++++++++++_                                                                                                                                                         ]
[06:44:37] [Server thread/INFO] (Minecraft) [+++++++++++++_                                                                                                                                                         ]
[06:44:37] [Server thread/INFO] (Minecraft) [+++++++++++++_                                                                                                                                                         ]
[06:44:37] [Server thread/INFO] (Minecraft) [+++++++++++++_                                                                                                                                                         ]
[06:44:37] [Server thread/INFO] (Minecraft) [+++++++++++++_                                                                                                                                                         ]
[06:44:37] [Server thread/INFO] (Minecraft) [+++++++++++++_                                                                                                                                                         ]
[06:44:37] [Server thread/INFO] (Minecraft) [+++++++++++++_                                                                                                                                                         ]
[06:44:37] [Server thread/INFO] (Minecraft) [+++++++++++++_                                                                                                                                                         ]
[06:44:37] [Server thread/INFO] (Minecraft) [+++++++++++++_                                                                                                                                                         ]
[06:44:37] [Server thread/INFO] (Minecraft) [+++++++++++++_                                                                                                                                                         ]
[06:44:37] [Server thread/INFO] (Minecraft) [+++++++++++++_                                                                                                                                                         ]
[06:44:37] [Server thread/INFO] (Minecraft) [+++++++++++++_                                                                                                                                                         ]
[06:44:37] [Server thread/INFO] (Minecraft) [+++++++++++++_                                                                                                                                                         ]
[06:44:37] [Server thread/INFO] (Minecraft) [+++++++++++++_                                                                                                                                                         ]
[06:44:37] [Server thread/INFO] (Minecraft) [+++++++++++++_                                                                                                                                                         ]
[06:44:37] [Server thread/INFO] (Minecraft) [+++++++++++++_                                                                                                                                                         ]
[06:44:37] [Server thread/INFO] (Minecraft) [+++++++++++++_                                                                                                                                                         ]
[06:44:37] [Server thread/INFO] (Minecraft) [+++++++++++++_                                                                                                                                                         ]
[06:44:37] [Server thread/INFO] (Minecraft) [+++++++++++++_                                                                                                                                                         ]
[06:44:37] [Server thread/INFO] (Minecraft) [+++++++++++++_                                                                                                                                                         ]
[06:44:37] [Server thread/INFO] (Minecraft) [+++++++++++++_                                                                                                                                                         ]
[06:44:37] [Server thread/INFO] (Minecraft) [+++++++++++++_                                                                                                                                                         ]
[06:44:37] [Server thread/INFO] (Minecraft) [+++++++++++++_                                                                                                                                                         ]
[06:44:37] [Server thread/INFO] (Minecraft) [+++++++++++++_                                                                                                                                                         ]
[06:44:37] [Server thread/INFO] (Minecraft) [+++++++++++++_                                                                                                                                                         ]
[06:44:37] [Server thread/INFO] (Minecraft) [+++++++++++++_                                                                                                                                                         ]
[06:44:37] [Server thread/INFO] (Minecraft) [+++++++++++++_                                                                                                                                                         ]
[06:44:37] [Server thread/INFO] (Minecraft) [+++++++++++++_                                                                                                                                                         ]
[06:44:37] [Server thread/INFO] (Minecraft) [+++++++++++++_                                                                                                                                                         ]
[06:44:37] [Server thread/INFO] (Minecraft) [+++++++++++++_                                                                                                                                                         ]
[06:44:37] [Server thread/INFO] (Minecraft) [+++++++++++++_                                                                                                                                                         ]
[06:44:37] [Server thread/INFO] (Minecraft) [+++++++++++++_                                                                                                                                                         ]
[06:44:37] [Server thread/INFO] (Minecraft) [+++++++++++++_                                                                                                                                                         ]
[06:44:37] [Server thread/INFO] (Minecraft) [+++++++++++++_                                                                                                                                                         ]
[06:44:37] [Server thread/INFO] (Minecraft) [+++++++++++++_                                                                                                                                                         ]
[06:44:37] [Server thread/INFO] (Minecraft) [+++++++++++++_                                                                                                                                                         ]
[06:44:37] [Server thread/INFO] (Minecraft) [+++++++++++++_                                                                                                                                                         ]
[06:44:37] [Server thread/INFO] (Minecraft) [+++++++++++++_                                                                                                                                                         ]
[06:44:37] [Server thread/INFO] (Minecraft) [+++++++++++++_                                                                                                                                                         ]
[06:44:37] [Server thread/INFO] (Minecraft) [+++++++++++++_                                                                                                                                                         ]
[06:44:37] [Server thread/INFO] (Minecraft) [+++++++++++++_                                                                                                                                                         ]
[06:44:37] [Server thread/INFO] (Minecraft) [+++++++++++++_                                                                                                                                                         ]
[06:44:37] [Server thread/INFO] (Minecraft) [+++++++++++++_                                                                                                                                                         ]
[06:44:37] [Server thread/INFO] (Minecraft) [+++++++++++++_                                                                                                                                                         ]
[06:44:37] [Server thread/INFO] (Minecraft) [+++++++++++++_                                                                                                                                                         ]
[06:44:37] [Server thread/INFO] (Minecraft) [+++++++++++++_                                                                                                                                                         ]
[06:44:37] [Server thread/INFO] (Minecraft) [+++++++++++++_                                                                                                                                                         ]
[06:44:37] [Server thread/INFO] (Minecraft) [+++++++++++++_                                                                                                                                                         ]
[06:44:37] [Server thread/INFO] (Minecraft) [+++++++++++++_                                                                                                                                                         ]
[06:44:37] [Server thread/INFO] (Minecraft) [+++++++++++++_                                                                                                                                                         ]
[06:44:37] [Server thread/INFO] (Minecraft) [+++++++++++++_                                                                                                                                                         ]
[06:44:37] [Server thread/INFO] (Minecraft) [+++++++++++++_                                                                                                                                                         ]
[06:44:37] [Server thread/INFO] (Minecraft) [+++++++++++++_                                                                                                                                                         ]
[06:44:37] [Server thread/INFO] (Minecraft) [+++++++++++++_                                                                                                                                                         ]
[06:44:37] [Server thread/INFO] (Minecraft) [+++++++++++++_                                                                                                                                                         ]
[06:44:37] [Server thread/INFO] (Minecraft) [+++++++++++++_                                                                                                                                                         ]
[06:44:37] [Server thread/INFO] (Minecraft) [+++++++++++++_                                                                                                                                                         ]
[06:44:37] [Server thread/INFO] (Minecraft) [+++++++++++++_                                                                                                                                                         ]
[06:44:37] [Server thread/INFO] (Minecraft) [+++++++++++++_                                                                                                                                                         ]
[06:44:37] [Server thread/INFO] (Minecraft) [+++++++++++++_                                                                                                                                                         ]
[06:44:37] [Server thread/INFO] (Minecraft) [+++++++++++++_                                                                                                                                                         ]
[06:44:37] [Server thread/INFO] (Minecraft) [+++++++++++++_                                                                                                                                                         ]
[06:44:37] [Server thread/INFO] (Minecraft) [+++++++++++++_                                                                                                                                                         ]
[06:44:37] [Server thread/INFO] (Minecraft) [+++++++++++++_                                                                                                                                                         ]
[06:44:37] [Server thread/INFO] (Minecraft) [+++++++++++++_                                                                                                                                                         ]
[06:44:37] [Server thread/INFO] (Minecraft) [+++++++++++++_                                                                                                                                                         ]
[06:44:37] [Server thread/INFO] (Minecraft) [+++++++++++++_                                                                                                                                                         ]
[06:44:37] [Server thread/INFO] (Minecraft) [+++++++++++++_                                                                                                                                                         ]
[06:44:37] [Server thread/INFO] (Minecraft) [+++++++++++++_                                                                                                                                                         ]
[06:44:37] [Server thread/INFO] (Minecraft) [+++++++++++++_                                                                                                                                                         ]
[06:44:37] [Server thread/INFO] (Minecraft) [+++++++++++++_                                                                                                                                                         ]
[06:44:37] [Server thread/INFO] (Minecraft) [+++++++++++++_                                                                                                                                                         ]
[06:44:37] [Server thread/INFO] (Minecraft) [+++++++++++++_                                                                                                                                                         ]
[06:44:37] [Server thread/INFO] (Minecraft) [+++++++++++++_                                                                                                                                                         ]
[06:44:37] [Server thread/INFO] (Minecraft) [+++++++++++++_                                                                                                                                                         ]
[06:44:37] [Server thread/INFO] (Minecraft) [+++++++++++++_                                                                                                                                                         ]
[06:44:37] [Server thread/INFO] (Minecraft) [+++++++++++++_                                                                                                                                                         ]
[06:44:37] [Server thread/INFO] (Minecraft) [+++++++++++++_                                                                                                                                                         ]
[06:44:37] [Server thread/INFO] (Minecraft) [+++++++++++++_                                                                                                                                                         ]
[06:44:37] [Server thread/INFO] (Minecraft) [+++++++++++++_                                                                                                                                                         ]
[06:44:37] [Server thread/INFO] (Minecraft) [+++++++++++++_                                                                                                                                                         ]
[06:44:37] [Server thread/INFO] (Minecraft) [+++++++++++++_                                                                                                                                                         ]
[06:44:37] [Server thread/INFO] (Minecraft) [+++++++++++++_                                                                                                                                                         ]
[06:44:37] [Server thread/INFO] (Minecraft) [+++++++++++++_                                                                                                                                                         ]
[06:44:37] [Server thread/INFO] (Minecraft) [+++++++++++++_                                                                                                                                                         ]
[06:44:37] [Server thread/INFO] (Minecraft) [+++++++++++++_                                                                                                                                                         ]
[06:44:37] [Server thread/INFO] (Minecraft) [+++++++++++++_                                                                                                                                                         ]
[06:44:37] [Server thread/INFO] (Minecraft) [+++++++++++++_                                                                                                                                                         ]
[06:44:37] [Server thread/INFO] (Minecraft) [+++++++++++++_                                                                                                                                                         ]
[06:44:37] [Server thread/INFO] (Minecraft) [+++++++++++++_                                                                                                                                                         ]
[06:44:37] [Server thread/INFO] (Minecraft) [+++++++++++++_                                                                                                                                                         ]
[06:44:37] [Server thread/INFO] (Minecraft) [+++++++++++++_                                                                                                                                                         ]
[06:44:37] [Server thread/INFO] (Minecraft) [+++++++++++++_                                                                                                                                                         ]
[06:44:37] [Server thread/INFO] (Minecraft) [+++++++++++++_                                                                                                                                                         ]
[06:44:37] [Server thread/INFO] (Minecraft) [+++++++++++++_                                                                                                                                                         ]
[06:44:37] [Server thread/INFO] (Minecraft) [+++++++++++++_                                                                                                                                                         ]
[06:44:37] [Server thread/INFO] (Minecraft) [+++++++++++++_                                                                                                                                                         ]
[06:44:37] [Server thread/INFO] (Minecraft) [+++++++++++++_                                                                                                                                                         ]
[06:44:37] [Server thread/INFO] (Minecraft) [+++++++++++++_                                                                                                                                                         ]
[06:44:37] [Server thread/INFO] (Minecraft) [+++++++++++++_                                                                                                                                                         ]
[06:44:37] [Server thread/INFO] (Minecraft) [+++++++++++++_                                                                                                                                                         ]
[06:44:37] [Server thread/INFO] (Minecraft) [+++++++++++++_                                                                                                                                                         ]
[06:44:37] [Server thread/INFO] (Minecraft) [+++++++++++++_                                                                                                                                                         ]
[06:44:37] [Server thread/INFO] (Minecraft) [+++++++++++++_                                                                                                                                                         ]
[06:44:37] [Server thread/INFO] (Minecraft) [+++++++++++++_                                                                                                                                                         ]
[06:44:37] [Server thread/INFO] (Minecraft) [+++++++++++++_                                                                                                                                                         ]
[06:44:37] [Server thread/INFO] (Minecraft) [+++++++++++++_                                                                                                                                                         ]
[06:44:37] [Server thread/INFO] (Minecraft) [+++++++++++++_                                                                                                                                                         ]
[06:44:37] [Server thread/INFO] (Minecraft) [+++++++++++++_                                                                                                                                                         ]
[06:44:37] [Server thread/INFO] (Minecraft) [+++++++++++++_                                                                                                                                                         ]
[06:44:37] [Server thread/INFO] (Minecraft) [+++++++++++++_                                                                                                                                                         ]
[06:44:37] [Server thread/INFO] (Minecraft) [+++++++++++++_                                                                                                                                                         ]
[06:44:37] [Server thread/INFO] (Minecraft) [+++++++++++++_                                                                                                                                                         ]
[06:44:37] [Server thread/INFO] (Minecraft) [+++++++++++++_                                                                                                                                                         ]
[06:44:37] [Server thread/INFO] (Minecraft) [+++++++++++++_                                                                                                                                                         ]
[06:44:37] [Server thread/INFO] (Minecraft) [+++++++++++++_                                                                                                                                                         ]
[06:44:37] [Server thread/INFO] (Minecraft) [+++++++++++++_                                                                                                                                                         ]
[06:44:37] [Server thread/INFO] (Minecraft) [+++++++++++++_                                                                                                                                                         ]
[06:44:37] [Server thread/INFO] (Minecraft) [+++++++++++++_                                                                                                                                                         ]
[06:44:37] [Server thread/INFO] (Minecraft) [+++++++++++++_                                                                                                                                                         ]
[06:44:37] [Server thread/INFO] (Minecraft) [+++++++++++++_                                                                                                                                                         ]
[06:44:37] [Server thread/INFO] (Minecraft) [+++++++++++++_                                                                                                                                                         ]
[06:44:37] [Server thread/INFO] (Minecraft) [+++++++++++++_                                                                                                                                                         ]
[06:44:37] [Server thread/INFO] (Minecraft) [+++++++++++++_                                                                                                                                                         ]
[06:44:37] [Server thread/INFO] (Minecraft) [+++++++++++++_                                                                                                                                                         ]
[06:44:37] [Server thread/INFO] (Minecraft) [+++++++++++++_                                                                                                                                                         ]
[06:44:37] [Server thread/INFO] (Minecraft) [+++++++++++++_                                                                                                                                                         ]
[06:44:37] [Server thread/INFO] (Minecraft) [+++++++++++++_                                                                                                                                                         ]
[06:44:37] [Server thread/INFO] (Minecraft) [+++++++++++++_                                                                                                                                                         ]
[06:44:37] [Server thread/INFO] (Minecraft) [+++++++++++++_                                                                                                                                                         ]
[06:44:37] [Server thread/INFO] (Minecraft) [+++++++++++++_                                                                                                                                                         ]
[06:44:37] [Server thread/INFO] (Minecraft) [+++++++++++++_                                                                                                                                                         ]
[06:44:37] [Server thread/INFO] (Minecraft) [+++++++++++++_                                                                                                                                                         ]
[06:44:37] [Server thread/INFO] (Minecraft) [+++++++++++++_                                                                                                                                                         ]
[06:44:37] [Server thread/INFO] (Minecraft) [+++++++++++++_                                                                                                                                                         ]
[06:44:37] [Server thread/INFO] (Minecraft) [+++++++++++++_                                                                                                                                                         ]
[06:44:37] [Server thread/INFO] (Minecraft) [+++++++++++++_                                                                                                                                                         ]
[06:44:37] [Server thread/INFO] (Minecraft) [+++++++++++++_                                                                                                                                                         ]
[06:44:37] [Server thread/INFO] (Minecraft) [+++++++++++++_                                                                                                                                                         ]
[06:44:37] [Server thread/INFO] (Minecraft) [+++++++++++++_                                                                                                                                                         ]
[06:44:37] [Server thread/INFO] (Minecraft) [+++++++++++++_                                                                                                                                                         ]
[06:44:37] [Server thread/INFO] (Minecraft) [+++++++++++++_                                                                                                                                                         ]
[06:44:37] [Server thread/INFO] (Minecraft) [+++++++++++++_                                                                                                                                                         ]
[06:44:37] [Server thread/INFO] (Minecraft) [+++++++++++++_                                                                                                                                                         ]
[06:44:37] [Server thread/INFO] (Minecraft) [+++++++++++++_                                                                                                                                                         ]
[06:44:37] [Server thread/INFO] (Minecraft) [+++++++++++++_                                                                                                                                                         ]
[06:44:37] [Server thread/INFO] (Minecraft) [+++++++++++++_                                                                                                                                                         ]
[06:44:37] [Server thread/INFO] (Minecraft) [+++++++++++++_                                                                                                                                                         ]
[06:44:37] [Server thread/INFO] (Minecraft) [+++++++++++++_                                                                                                                                                         ]
[06:44:37] [Server thread/INFO] (Minecraft) [+++++++++++++_                                                                                                                                                         ]
[06:44:37] [Server thread/INFO] (Minecraft) [+++++++++++++_                                                                                                                                                         ]
[06:44:37] [Server thread/INFO] (Minecraft) [+++++++++++++_                                                                                                                                                         ]
[06:44:37] [Server thread/INFO] (Minecraft) [+++++++++++++_                                                                                                                                                         ]
[06:44:37] [Server thread/INFO] (Minecraft) [+++++++++++++_                                                                                                                                                         ]
[06:44:37] [Server thread/INFO] (Minecraft) [+++++++++++++_                                                                                                                                                         ]
[06:44:37] [Server thread/INFO] (Minecraft) [+++++++++++++_                                                                                                                                                         ]
[06:44:37] [Server thread/INFO] (Minecraft) [+++++++++++++_                                                                                                                                                         ]
[06:44:37] [Server thread/INFO] (Minecraft) [+++++++++++++_                                                                                                                                                         ]
[06:44:37] [Server thread/INFO] (Minecraft) [+++++++++++++_                                                                                                                                                         ]
[06:44:37] [Server thread/INFO] (Minecraft) [+++++++++++++_                                                                                                                                                         ]
[06:44:37] [Server thread/INFO] (Minecraft) [+++++++++++++_                                                                                                                                                         ]
[06:44:37] [Server thread/INFO] (Minecraft) [+++++++++++++_                                                                                                                                                         ]
[06:44:37] [Server thread/INFO] (Minecraft) [+++++++++++++_                                                                                                                                                         ]
[06:44:37] [Server thread/INFO] (Minecraft) [+++++++++++++_                                                                                                                                                         ]
[06:44:37] [Server thread/INFO] (Minecraft) [+++++++++++++_                                                                                                                                                         ]
[06:44:37] [Server thread/INFO] (Minecraft) [+++++++++++++_                                                                                                                                                         ]
[06:44:37] [Server thread/INFO] (Minecraft) [+++++++++++++_                                                                                                                                                         ]
[06:44:37] [Server thread/INFO] (Minecraft) [+++++++++++++_                                                                                                                                                         ]
[06:44:37] [Server thread/INFO] (Minecraft) [+++++++++++++_                                                                                                                                                         ]
[06:44:37] [Server thread/INFO] (Minecraft) [+++++++++++++_                                                                                                                                                         ]
[06:44:37] [Server thread/INFO] (Minecraft) [+++++++++++++_                                                                                                                                                         ]
[06:44:37] [Server thread/INFO] (Minecraft) [+++++++++++++_                                                                                                                                                         ]
[06:44:37] [Server thread/INFO] (Minecraft) [+++++++++++++_                                                                                                                                                         ]
[06:44:37] [Server thread/INFO] (Minecraft) [+++++++++++++_                                                                                                                                                         ]
[06:44:37] [Server thread/INFO] (Minecraft) [+++++++++++++_                                                                                                                                                         ]
[06:44:37] [Server thread/INFO] (Minecraft) [+++++++++++++_                                                                                                                                                         ]
[06:44:37] [Server thread/INFO] (Minecraft) [+++++++++++++_                                                                                                                                                         ]
[06:44:37] [Server thread/INFO] (Minecraft) [+++++++++++++_                                                                                                                                                         ]
[06:44:37] [Server thread/INFO] (Minecraft) [+++++++++++++_                                                                                                                                                         ]
[06:44:37] [Server thread/INFO] (Minecraft) [+++++++++++++_                                                                                                                                                         ]
[06:44:37] [Server thread/INFO] (Minecraft) [+++++++++++++_                                                                                                                                                         ]
[06:44:37] [Server thread/INFO] (Minecraft) [+++++++++++++_                                                                                                                                                         ]
[06:44:37] [Server thread/INFO] (Minecraft) [+++++++++++++_                                                                                                                                                         ]
[06:44:37] [Server thread/INFO] (Minecraft) [+++++++++++++_                                                                                                                                                         ]
[06:44:37] [Server thread/INFO] (Minecraft) [+++++++++++++_                                                                                                                                                         ]
[06:44:37] [Server thread/INFO] (Minecraft) [+++++++++++++_                                                                                                                                                         ]
[06:44:37] [Server thread/INFO] (Minecraft) [+++++++++++++_                                                                                                                                                         ]
[06:44:37] [Server thread/INFO] (Minecraft) [+++++++++++++_                                                                                                                                                         ]
[06:44:37] [Server thread/INFO] (Minecraft) [+++++++++++++_                                                                                                                                                         ]
[06:44:37] [Server thread/INFO] (Minecraft) [+++++++++++++_                                                                                                                                                         ]
[06:44:37] [Server thread/INFO] (Minecraft) [+++++++++++++_                                                                                                                                                         ]
[06:44:37] [Server thread/INFO] (Minecraft) [+++++++++++++_                                                                                                                                                         ]
[06:44:37] [Server thread/INFO] (Minecraft) [+++++++++++++_                                                                                                                                                         ]
[06:44:37] [Server thread/INFO] (Minecraft) [+++++++++++++_                                                                                                                                                         ]
[06:44:37] [Server thread/INFO] (Minecraft) [+++++++++++++_                                                                                                                                                         ]
[06:44:37] [Server thread/INFO] (Minecraft) [+++++++++++++_                                                                                                                                                         ]
[06:44:37] [Server thread/INFO] (Minecraft) [+++++++++++++_                                                                                                                                                         ]
[06:44:37] [Server thread/INFO] (Minecraft) [+++++++++++++_                                                                                                                                                         ]
[06:44:37] [Server thread/INFO] (Minecraft) [+++++++++++++_                                                                                                                                                         ]
[06:44:37] [Server thread/INFO] (Minecraft) [+++++++++++++_                                                                                                                                                         ]
[06:44:37] [Server thread/INFO] (Minecraft) [+++++++++++++_                                                                                                                                                         ]
[06:44:37] [Server thread/INFO] (Minecraft) [+++++++++++++_                                                                                                                                                         ]
[06:44:37] [Server thread/INFO] (Minecraft) [+++++++++++++_                                                                                                                                                         ]
[06:44:37] [Server thread/INFO] (Minecraft) [+++++++++++++_                                                                                                                                                         ]
[06:44:37] [Server thread/INFO] (Minecraft) [+++++++++++++_                                                                                                                                                         ]
[06:44:37] [Server thread/INFO] (Minecraft) [+++++++++++++_                                                                                                                                                         ]
[06:44:37] [Server thread/INFO] (Minecraft) [+++++++++++++_                                                                                                                                                         ]
[06:44:37] [Server thread/INFO] (Minecraft) [+++++++++++++_                                                                                                                                                         ]
[06:44:37] [Server thread/INFO] (Minecraft) [+++++++++++++_                                                                                                                                                         ]
[06:44:37] [Server thread/INFO] (Minecraft) [+++++++++++++_                                                                                                                                                         ]
[06:44:37] [Server thread/INFO] (Minecraft) [+++++++++++++_                                                                                                                                                         ]
[06:44:37] [Server thread/INFO] (Minecraft) [+++++++++++++_                                                                                                                                                         ]
[06:44:37] [Server thread/INFO] (Minecraft) [+++++++++++++_                                                                                                                                                         ]
[06:44:37] [Server thread/INFO] (Minecraft) [+++++++++++++_                                                                                                                                                         ]
[06:44:37] [Server thread/INFO] (Minecraft) [+++++++++++++_                                                                                                                                                         ]
[06:44:37] [Server thread/INFO] (Minecraft) [+++++++++++++_                                                                                                                                                         ]
[06:44:37] [Server thread/INFO] (Minecraft) [+++++++++++++_                                                                                                                                                         ]
[06:44:37] [Server thread/INFO] (Minecraft) [+++++++++++++_                                                                                                                                                         ]
[06:44:37] [Server thread/INFO] (Minecraft) [+++++++++++++_                                                                                                                                                         ]
[06:44:37] [Server thread/INFO] (Minecraft) [+++++++++++++_                                                                                                                                                         ]
[06:44:37] [Server thread/INFO] (Minecraft) [+++++++++++++_                                                                                                                                                         ]
[06:44:37] [Server thread/INFO] (Minecraft) [+++++++++++++_                                                                                                                                                         ]
[06:44:37] [Server thread/INFO] (Minecraft) [+++++++++++++_                                                                                                                                                         ]
[06:44:37] [Server thread/INFO] (Minecraft) [+++++++++++++_                                                                                                                                                         ]
[06:44:37] [Server thread/INFO] (Minecraft) [+++++++++++++_                                                                                                                                                         ]
[06:44:37] [Server thread/INFO] (Minecraft) [+++++++++++++_                                                                                                                                                         ]
[06:44:37] [Server thread/INFO] (Minecraft) [+++++++++++++_                                                                                                                                                         ]
[06:44:37] [Server thread/INFO] (Minecraft) [+++++++++++++_                                                                                                                                                         ]
[06:44:37] [Server thread/INFO] (Minecraft) [+++++++++++++_                                                                                                                                                         ]
[06:44:37] [Server thread/INFO] (Minecraft) [+++++++++++++_                                                                                                                                                         ]
[06:44:37] [Server thread/INFO] (Minecraft) [+++++++++++++_                                                                                                                                                         ]
[06:44:37] [Server thread/INFO] (Minecraft) [+++++++++++++_                                                                                                                                                         ]
[06:44:37] [Server thread/INFO] (Minecraft) [+++++++++++++_                                                                                                                                                         ]
[06:44:37] [Server thread/INFO] (Minecraft) [+++++++++++++_                                                                                                                                                         ]
[06:44:37] [Server thread/INFO] (Minecraft) [+++++++++++++_                                                                                                                                                         ]
[06:44:37] [Server thread/INFO] (Minecraft) [+++++++++++++_                                                                                                                                                         ]
[06:44:37] [Server thread/INFO] (Minecraft) [+++++++++++++_                                                                                                                                                         ]
[06:44:37] [Server thread/INFO] (Minecraft) [+++++++++++++_                                                                                                                                                         ]
[06:44:37] [Server thread/INFO] (Minecraft) [+++++++++++++_                                                                                                                                                         ]
[06:44:37] [Server thread/INFO] (Minecraft) [+++++++++++++_                                                                                                                                                         ]
[06:44:37] [Server thread/INFO] (Minecraft) [+++++++++++++_                                                                                                                                                         ]
[06:44:37] [Server thread/INFO] (Minecraft) [+++++++++++++_                                                                                                                                                         ]
[06:44:37] [Server thread/INFO] (Minecraft) [+++++++++++++_                                                                                                                                                         ]
[06:44:37] [Server thread/INFO] (Minecraft) [+++++++++++++_                                                                                                                                                         ]
[06:44:37] [Server thread/INFO] (Minecraft) [+++++++++++++_                                                                                                                                                         ]
[06:44:37] [Server thread/INFO] (Minecraft) [+++++++++++++_                                                                                                                                                         ]
[06:44:37] [Server thread/INFO] (Minecraft) [+++++++++++++_                                                                                                                                                         ]
[06:44:37] [Server thread/INFO] (Minecraft) [+++++++++++++_                                                                                                                                                         ]
[06:44:37] [Server thread/INFO] (Minecraft) [+++++++++++++_                                                                                                                                                         ]
[06:44:37] [Server thread/INFO] (Minecraft) [+++++++++++++_                                                                                                                                                         ]
[06:44:37] [Server thread/INFO] (Minecraft) [+++++++++++++_                                                                                                                                                         ]
[06:44:37] [Server thread/INFO] (Minecraft) [+++++++++++++_                                                                                                                                                         ]
[06:44:37] [Server thread/INFO] (Minecraft) [+++++++++++++_                                                                                                                                                         ]
[06:44:37] [Server thread/INFO] (Minecraft) [+++++++++++++_                                                                                                                                                         ]
[06:44:37] [Server thread/INFO] (Minecraft) [+++++++++++++_                                                                                                                                                         ]
[06:44:37] [Server thread/INFO] (Minecraft) [+++++++++++++_                                                                                                                                                         ]
[06:44:37] [Server thread/INFO] (Minecraft) [+++++++++++++_                                                                                                                                                         ]
[06:44:37] [Server thread/INFO] (Minecraft) Running test environment 'powers:artifact_recents_isolated' batch 0 (1 tests)...
[06:44:37] [Server thread/INFO] (Minecraft) test-mock-player[embedded] logged in with entity id 428 at (0.0, 0.0, 0.0)
[06:44:37] [Server thread/INFO] (Minecraft) [Dormant] test-mock-player joined the game
[06:44:37] [Server thread/INFO] (Minecraft) Running test environment 'powers:temporal_projectile_isolated' batch 0 (1 tests)...
[06:44:37] [Server thread/INFO] (Minecraft) test-mock-player[embedded] logged in with entity id 431 at (0.0, 0.0, 0.0)
[06:44:37] [Server thread/INFO] (Minecraft) [Dormant] test-mock-player joined the game
[06:44:37] [Server thread/INFO] (Minecraft) [+++++++++++++++_                                                                                                                                                       ]
[06:44:37] [Server thread/INFO] (Minecraft) [+++++++++++++++_                                                                                                                                                       ]
[06:44:37] [Server thread/INFO] (Minecraft) [+++++++++++++++_                                                                                                                                                       ]
[06:44:37] [Server thread/INFO] (Minecraft) [+++++++++++++++_                                                                                                                                                       ]
[06:44:37] [Server thread/INFO] (Minecraft) [+++++++++++++++_                                                                                                                                                       ]
[06:44:37] [Server thread/INFO] (Minecraft) [STDOUT]: INT008_TEMPORAL {"schemaVersion":2,"implementationSha":"0000000000000000000000000000000000000000","case":"projectile-pause-resume","result":"PASS","controlTicks":8,"worldTicks":4,"facts":{"frozenDistanceSquared":0.0,"resumedDistanceSquared":1.5778216708708273}}
[06:44:37] [Server thread/INFO] (Minecraft) Running test environment 'minecraft:default' batch 0 (50 tests)...
[06:44:37] [Server thread/INFO] (Minecraft) test-mock-player[embedded] logged in with entity id 436 at (0.0, 0.0, 0.0)
[06:44:37] [Server thread/INFO] (Minecraft) [Dormant] test-mock-player joined the game
[06:44:37] [Server thread/INFO] (Minecraft) test-mock-player[embedded] logged in with entity id 439 at (0.0, 0.0, 0.0)
[06:44:37] [Server thread/INFO] (Minecraft) [Dormant] test-mock-player joined the game
[06:44:37] [Server thread/INFO] (Minecraft) test-mock-player[embedded] logged in with entity id 440 at (0.0, 0.0, 0.0)
[06:44:37] [Server thread/INFO] (Minecraft) [Dormant] test-mock-player joined the game
[06:44:37] [Server thread/INFO] (Minecraft) test-mock-player[embedded] logged in with entity id 444 at (0.0, 0.0, 0.0)
[06:44:37] [Server thread/INFO] (Minecraft) [Dormant] test-mock-player joined the game
[06:44:37] [Server thread/INFO] (Minecraft) Named entity PowerTestActor['Test_dcc89322'/445, l='ServerLevel[Test Level]', x=-8566965.50, y=-56.00, z=9436710.50] died: Test_dcc89322 died
[06:44:37] [Server thread/INFO] (Minecraft) Named entity FirstVessel['The First Vessel'/448, l='ServerLevel[Test Level]', x=-8566950.50, y=-56.00, z=9436706.50] died: death.attack.powers.celestial_ruin
[06:44:37] [Server thread/INFO] (Minecraft) test-mock-player[embedded] logged in with entity id 451 at (0.0, 0.0, 0.0)
[06:44:37] [Server thread/INFO] (Minecraft) [Dormant] test-mock-player joined the game
[06:44:37] [Server thread/INFO] (Minecraft) test-mock-player[embedded] logged in with entity id 453 at (0.0, 0.0, 0.0)
[06:44:37] [Server thread/INFO] (Minecraft) [Dormant] test-mock-player joined the game
[06:44:37] [Server thread/INFO] (Minecraft) test-mock-player[embedded] logged in with entity id 455 at (0.0, 0.0, 0.0)
[06:44:37] [Server thread/INFO] (Minecraft) [Dormant] test-mock-player joined the game
[06:44:37] [Server thread/INFO] (Minecraft) test-mock-player[embedded] logged in with entity id 457 at (0.0, 0.0, 0.0)
[06:44:37] [Server thread/INFO] (Minecraft) [Dormant] test-mock-player joined the game
[06:44:37] [Server thread/INFO] (Minecraft) test-mock-player[embedded] logged in with entity id 458 at (0.0, 0.0, 0.0)
[06:44:37] [Server thread/INFO] (Minecraft) [Dormant] test-mock-player joined the game
[06:44:37] [Server thread/INFO] (Minecraft) test-mock-player[embedded] logged in with entity id 459 at (0.0, 0.0, 0.0)
[06:44:37] [Server thread/INFO] (Minecraft) [Dormant] test-mock-player joined the game
[06:44:37] [Server thread/INFO] (Minecraft) test-mock-player[embedded] logged in with entity id 460 at (0.0, 0.0, 0.0)
[06:44:37] [Server thread/INFO] (Minecraft) [Dormant] test-mock-player joined the game
[06:44:37] [Server thread/INFO] (Minecraft) test-mock-player[embedded] logged in with entity id 462 at (0.0, 0.0, 0.0)
[06:44:37] [Server thread/INFO] (Minecraft) [Dormant] test-mock-player joined the game
[06:44:37] [Server thread/INFO] (Minecraft) test-mock-player[embedded] logged in with entity id 465 at (0.0, 0.0, 0.0)
[06:44:37] [Server thread/INFO] (Minecraft) [Dormant] test-mock-player joined the game
[06:44:37] [Server thread/INFO] (Minecraft) test-mock-player[embedded] logged in with entity id 466 at (0.0, 0.0, 0.0)
[06:44:37] [Server thread/INFO] (Minecraft) [Dormant] test-mock-player joined the game
[06:44:38] [Server thread/INFO] (Minecraft) test-mock-player[embedded] logged in with entity id 469 at (0.0, 0.0, 0.0)
[06:44:38] [Server thread/INFO] (Minecraft) [Dormant] test-mock-player joined the game
[06:44:38] [Server thread/INFO] (Minecraft) test-mock-player[embedded] logged in with entity id 470 at (0.0, 0.0, 0.0)
[06:44:38] [Server thread/INFO] (Minecraft) [Dormant] test-mock-player joined the game
[06:44:38] [Server thread/INFO] (Minecraft) [Dormant] test-mock-player has made the advancement [We Need to Go Deeper]
[06:44:38] [Server thread/INFO] (Minecraft) test-mock-player[embedded] logged in with entity id 473 at (0.0, 0.0, 0.0)
[06:44:38] [Server thread/INFO] (Minecraft) [Dormant] test-mock-player joined the game
[06:44:38] [Server thread/INFO] (Minecraft) test-mock-player[embedded] logged in with entity id 474 at (0.0, 0.0, 0.0)
[06:44:38] [Server thread/INFO] (Minecraft) [Dormant] test-mock-player joined the game
[06:44:38] [Server thread/INFO] (Minecraft) test-mock-player[embedded] logged in with entity id 475 at (0.0, 0.0, 0.0)
[06:44:38] [Server thread/INFO] (Minecraft) [Dormant] test-mock-player joined the game
[06:44:38] [Server thread/INFO] (Minecraft) test-mock-player[embedded] logged in with entity id 476 at (0.0, 0.0, 0.0)
[06:44:38] [Server thread/INFO] (Minecraft) [Dormant] test-mock-player joined the game
[06:44:38] [Server thread/INFO] (powers) powers_operator_audit action=consent_override result=success actor=test-mock-player subject=test-mock-player detail=teleport
[06:44:38] [Server thread/INFO] (powers) powers_operator_audit action=consent_override result=success actor=test-mock-player subject=test-mock-player detail=locator
[06:44:38] [Server thread/INFO] (powers) powers_operator_audit action=consent_override result=success actor=test-mock-player subject=test-mock-player detail=companion
[06:44:38] [Server thread/INFO] (powers) powers_operator_audit action=consent_override result=success actor=test-mock-player subject=test-mock-player detail=dreamwalk
[06:44:38] [Server thread/INFO] (powers) powers_operator_audit action=consent_override result=success actor=test-mock-player subject=test-mock-player detail=possession
[06:44:38] [Server thread/INFO] (Minecraft) test-mock-player[embedded] logged in with entity id 477 at (0.0, 0.0, 0.0)
[06:44:38] [Server thread/INFO] (Minecraft) [Dormant] test-mock-player joined the game
[06:44:38] [Server thread/INFO] (powers) powers_operator_audit action=consent_override result=denied actor=test-mock-player subject=test-mock-player detail=deny_energy
[06:44:38] [Server thread/INFO] (powers) powers_operator_audit action=consent_override result=success actor=test-mock-player subject=test-mock-player detail=teleport
[06:44:38] [Server thread/INFO] (Minecraft) test-mock-player[embedded] logged in with entity id 478 at (0.0, 0.0, 0.0)
[06:44:38] [Server thread/INFO] (Minecraft) [Dormant] test-mock-player joined the game
[06:44:38] [Server thread/INFO] (Minecraft) test-mock-player[embedded] logged in with entity id 479 at (0.0, 0.0, 0.0)
[06:44:38] [Server thread/INFO] (Minecraft) [Dormant] test-mock-player joined the game
[06:44:38] [Server thread/INFO] (Minecraft) test-mock-player[embedded] logged in with entity id 480 at (0.0, 0.0, 0.0)
[06:44:38] [Server thread/INFO] (Minecraft) [Dormant] test-mock-player joined the game
[06:44:38] [Server thread/INFO] (Minecraft) test-mock-player[embedded] logged in with entity id 481 at (0.0, 0.0, 0.0)
[06:44:38] [Server thread/INFO] (Minecraft) [Dormant] test-mock-player joined the game
[06:44:38] [Server thread/INFO] (Minecraft) test-mock-player[embedded] logged in with entity id 482 at (0.0, 0.0, 0.0)
[06:44:38] [Server thread/INFO] (Minecraft) [Dormant] test-mock-player joined the game
[06:44:38] [Server thread/INFO] (Minecraft) test-mock-player[embedded] logged in with entity id 483 at (0.0, 0.0, 0.0)
[06:44:38] [Server thread/INFO] (Minecraft) [Dormant] test-mock-player joined the game
[06:44:38] [Server thread/INFO] (Minecraft) test-mock-player[embedded] logged in with entity id 489 at (0.0, 0.0, 0.0)
[06:44:38] [Server thread/INFO] (Minecraft) [Dormant] test-mock-player joined the game
[06:44:38] [Server thread/INFO] (Minecraft) test-mock-player[embedded] logged in with entity id 490 at (0.0, 0.0, 0.0)
[06:44:38] [Server thread/INFO] (Minecraft) [Dormant] test-mock-player joined the game
[06:44:38] [Server thread/INFO] (Minecraft) test-mock-player[embedded] logged in with entity id 492 at (0.0, 0.0, 0.0)
[06:44:38] [Server thread/INFO] (Minecraft) [Dormant] test-mock-player joined the game
[06:44:38] [Server thread/INFO] (Minecraft) test-mock-player[embedded] logged in with entity id 494 at (0.0, 0.0, 0.0)
[06:44:38] [Server thread/INFO] (Minecraft) [Dormant] test-mock-player joined the game
[06:44:38] [Server thread/INFO] (Minecraft) test-mock-player[embedded] logged in with entity id 496 at (0.0, 0.0, 0.0)
[06:44:38] [Server thread/INFO] (Minecraft) [Dormant] test-mock-player joined the game
[06:44:38] [Server thread/INFO] (Minecraft) <test-mock-player> shadow, hide yourself
[06:44:38] [Server thread/INFO] (Minecraft) <test-mock-player> shadow, leave me
[06:44:38] [Server thread/INFO] (Minecraft) test-mock-player[embedded] logged in with entity id 504 at (0.0, 0.0, 0.0)
[06:44:38] [Server thread/INFO] (Minecraft) [Dormant] test-mock-player joined the game
[06:44:38] [Server thread/INFO] (Minecraft) <test-mock-player> shadow, hide yourself
[06:44:38] [Server thread/INFO] (Minecraft) Named entity ShadowCompanionEntity['Shadow of test-mock-player'/495, l='ServerLevel[Test Level]', x=-8566954.58, y=-56.00, z=9436771.86] died: Shadow of test-mock-player died
[06:44:38] [Server thread/INFO] (Minecraft) test-mock-player[embedded] logged in with entity id 510 at (0.0, 0.0, 0.0)
[06:44:38] [Server thread/INFO] (Minecraft) [Dormant] test-mock-player joined the game
[06:44:38] [Server thread/INFO] (Minecraft) test-mock-player[embedded] logged in with entity id 511 at (0.0, 0.0, 0.0)
[06:44:38] [Server thread/INFO] (Minecraft) [Dormant] test-mock-player joined the game
[06:44:38] [Server thread/INFO] (Minecraft) test-mock-player[embedded] logged in with entity id 512 at (0.0, 0.0, 0.0)
[06:44:38] [Server thread/INFO] (Minecraft) [Dormant] test-mock-player joined the game
[06:44:38] [Server thread/INFO] (Minecraft) test-mock-player[embedded] logged in with entity id 513 at (0.0, 0.0, 0.0)
[06:44:38] [Server thread/INFO] (Minecraft) [Dormant] test-mock-player joined the game
[06:44:38] [Server thread/INFO] (Minecraft) test-mock-player[embedded] logged in with entity id 518 at (0.0, 0.0, 0.0)
[06:44:38] [Server thread/INFO] (Minecraft) [Dormant] test-mock-player joined the game
[06:44:38] [Server thread/INFO] (Minecraft) test-mock-player[embedded] logged in with entity id 519 at (0.0, 0.0, 0.0)
[06:44:38] [Server thread/INFO] (Minecraft) [Dormant] test-mock-player joined the game
[06:44:38] [Server thread/INFO] (Minecraft) test-mock-player[embedded] logged in with entity id 520 at (0.0, 0.0, 0.0)
[06:44:38] [Server thread/INFO] (Minecraft) [Dormant] test-mock-player joined the game
[06:44:38] [Server thread/INFO] (Minecraft) test-mock-player[embedded] logged in with entity id 522 at (0.0, 0.0, 0.0)
[06:44:38] [Server thread/INFO] (Minecraft) [Dormant] test-mock-player joined the game
[06:44:38] [Server thread/INFO] (Minecraft) test-mock-player[embedded] logged in with entity id 524 at (0.0, 0.0, 0.0)
[06:44:38] [Server thread/INFO] (Minecraft) [Dormant] test-mock-player joined the game
[06:44:38] [Server thread/INFO] (Minecraft) [Dormant] test-mock-player died
[06:44:38] [Server thread/INFO] (Minecraft) [Dormant] test-mock-player died
[06:44:38] [Server thread/INFO] (Minecraft) test-mock-player[embedded] logged in with entity id 530 at (0.0, 0.0, 0.0)
[06:44:38] [Server thread/INFO] (Minecraft) [Dormant] test-mock-player joined the game
[06:44:38] [Server thread/INFO] (Minecraft) [+++++++++++++++++_++++++++++__++_++++++++++++++++++_+++_++_++_+_+_                                                                                                     ]
[06:44:38] [Server thread/INFO] (Minecraft) [Unmarked] test-mock-player has made the advancement [We Need to Go Deeper]
[06:44:38] [Server thread/INFO] (Minecraft) [+++++++++++++++++_++++++++++__++_++++++++++++++++++_+++_++_++_+_++                                                                                                     ]
[06:44:39] [Server thread/INFO] (Minecraft) [+++++++++++++++++_++++++++++__+++++++++++++++++++++_++++++++++++++                                                                                                     ]
[06:44:39] [Server thread/INFO] (Minecraft) [+++++++++++++++++_++++++++++__+++++++++++++++++++++_++++++++++++++                                                                                                     ]
[06:44:39] [Server thread/INFO] (Minecraft) [++++++++++++++++++++++++++++__+++++++++++++++++++++_++++++++++++++                                                                                                     ]
[06:44:39] [Server thread/INFO] (Minecraft) <test-mock-player> shadow, hide yourself
[06:44:39] [Server thread/INFO] (Minecraft) <test-mock-player> shadow, leave me
[06:44:39] [Server thread/INFO] (Minecraft) [++++++++++++++++++++++++++++_+++++++++++++++++++++++++++++++++++++                                                                                                     ]
[06:44:39] [Server thread/INFO] (Minecraft) [++++++++++++++++++++++++++++_+++++++++++++++++++++++++++++++++++++                                                                                                     ]
[06:45:14] [Server thread/INFO] (Minecraft) Running test environment 'minecraft:default' batch 1 (50 tests)...
[06:45:14] [Server thread/INFO] (Minecraft) test-mock-player[embedded] logged in with entity id 819 at (0.0, 0.0, 0.0)
[06:45:14] [Server thread/INFO] (Minecraft) [Dormant] test-mock-player joined the game
[06:45:14] [Server thread/INFO] (Minecraft) test-mock-player[embedded] logged in with entity id 822 at (0.0, 0.0, 0.0)
[06:45:14] [Server thread/INFO] (Minecraft) [Dormant] test-mock-player joined the game
[06:45:14] [Server thread/INFO] (Minecraft) test-mock-player[embedded] logged in with entity id 825 at (0.0, 0.0, 0.0)
[06:45:14] [Server thread/INFO] (Minecraft) [Dormant] test-mock-player joined the game
[06:45:14] [Server thread/INFO] (Minecraft) test-mock-player[embedded] logged in with entity id 828 at (0.0, 0.0, 0.0)
[06:45:14] [Server thread/INFO] (Minecraft) [Dormant] test-mock-player joined the game
[06:45:14] [Server thread/INFO] (Minecraft) test-mock-player[embedded] logged in with entity id 829 at (0.0, 0.0, 0.0)
[06:45:14] [Server thread/INFO] (Minecraft) [Dormant] test-mock-player joined the game
[06:45:14] [Server thread/INFO] (Minecraft) test-mock-player[embedded] logged in with entity id 830 at (0.0, 0.0, 0.0)
[06:45:14] [Server thread/INFO] (Minecraft) [Dormant] test-mock-player joined the game
[06:45:14] [Server thread/INFO] (Minecraft) test-mock-player[embedded] logged in with entity id 832 at (0.0, 0.0, 0.0)
[06:45:14] [Server thread/INFO] (Minecraft) [Dormant] test-mock-player joined the game
[06:45:14] [Server thread/INFO] (Minecraft) test-mock-player[embedded] logged in with entity id 833 at (0.0, 0.0, 0.0)
[06:45:14] [Server thread/INFO] (Minecraft) [Dormant] test-mock-player joined the game
[06:45:14] [Server thread/INFO] (Minecraft) test-mock-player[embedded] logged in with entity id 838 at (0.0, 0.0, 0.0)
[06:45:14] [Server thread/INFO] (Minecraft) [Dormant] test-mock-player joined the game
[06:45:14] [Server thread/INFO] (Minecraft) test-mock-player[embedded] logged in with entity id 839 at (0.0, 0.0, 0.0)
[06:45:14] [Server thread/INFO] (Minecraft) [Dormant] test-mock-player joined the game
[06:45:14] [Server thread/INFO] (Minecraft) test-mock-player[embedded] logged in with entity id 840 at (0.0, 0.0, 0.0)
[06:45:14] [Server thread/INFO] (Minecraft) [Dormant] test-mock-player joined the game
[06:45:14] [Server thread/INFO] (Minecraft) test-mock-player[embedded] logged in with entity id 847 at (0.0, 0.0, 0.0)
[06:45:14] [Server thread/INFO] (Minecraft) [Dormant] test-mock-player joined the game
[06:45:14] [Server thread/INFO] (Minecraft) test-mock-player[embedded] logged in with entity id 848 at (0.0, 0.0, 0.0)
[06:45:14] [Server thread/INFO] (Minecraft) [Dormant] test-mock-player joined the game
[06:45:14] [Server thread/INFO] (Minecraft) test-mock-player[embedded] logged in with entity id 850 at (0.0, 0.0, 0.0)
[06:45:14] [Server thread/INFO] (Minecraft) [Dormant] test-mock-player joined the game
[06:45:14] [Server thread/INFO] (Minecraft) test-mock-player[embedded] logged in with entity id 851 at (0.0, 0.0, 0.0)
[06:45:14] [Server thread/INFO] (Minecraft) [Dormant] test-mock-player joined the game
[06:45:14] [Server thread/INFO] (Minecraft) test-mock-player[embedded] logged in with entity id 853 at (0.0, 0.0, 0.0)
[06:45:14] [Server thread/INFO] (Minecraft) [Dormant] test-mock-player joined the game
[06:45:14] [Server thread/INFO] (Minecraft) test-mock-player[embedded] logged in with entity id 854 at (0.0, 0.0, 0.0)
[06:45:14] [Server thread/INFO] (Minecraft) [Dormant] test-mock-player joined the game
[06:45:14] [Server thread/INFO] (Minecraft) test-mock-player[embedded] logged in with entity id 855 at (0.0, 0.0, 0.0)
[06:45:14] [Server thread/INFO] (Minecraft) [Dormant] test-mock-player joined the game
[06:45:14] [Server thread/INFO] (Minecraft) test-mock-player[embedded] logged in with entity id 856 at (0.0, 0.0, 0.0)
[06:45:14] [Server thread/INFO] (Minecraft) [Dormant] test-mock-player joined the game
[06:45:14] [Server thread/INFO] (Minecraft) test-mock-player[embedded] logged in with entity id 858 at (0.0, 0.0, 0.0)
[06:45:14] [Server thread/INFO] (Minecraft) [Dormant] test-mock-player joined the game
[06:45:14] [Server thread/INFO] (Minecraft) test-mock-player[embedded] logged in with entity id 862 at (0.0, 0.0, 0.0)
[06:45:14] [Server thread/INFO] (Minecraft) [Dormant] test-mock-player joined the game
[06:45:14] [Server thread/INFO] (Minecraft) Named entity PowerTestActor['Target_thunderclap'/865, l='ServerLevel[Test Level]', x=-8566194.50, y=-55.00, z=9437118.50] died: Target_thunderclap was consumed by ancient power
[06:45:14] [Server thread/INFO] (Minecraft) test-mock-player[embedded] logged in with entity id 877 at (0.0, 0.0, 0.0)
[06:45:14] [Server thread/INFO] (Minecraft) [Dormant] test-mock-player joined the game
[06:45:14] [Server thread/INFO] (Minecraft) test-mock-player[embedded] logged in with entity id 878 at (0.0, 0.0, 0.0)
[06:45:14] [Server thread/INFO] (Minecraft) [Dormant] test-mock-player joined the game
[06:45:14] [Server thread/INFO] (Minecraft) test-mock-player[embedded] logged in with entity id 879 at (0.0, 0.0, 0.0)
[06:45:14] [Server thread/INFO] (Minecraft) [Dormant] test-mock-player joined the game
[06:45:14] [Server thread/INFO] (Minecraft) test-mock-player[embedded] logged in with entity id 880 at (0.0, 0.0, 0.0)
[06:45:14] [Server thread/INFO] (Minecraft) [Dormant] test-mock-player joined the game
[06:45:14] [Server thread/INFO] (Minecraft) test-mock-player[embedded] logged in with entity id 881 at (0.0, 0.0, 0.0)
[06:45:14] [Server thread/INFO] (Minecraft) [Dormant] test-mock-player joined the game
[06:45:14] [Server thread/INFO] (Minecraft) test-mock-player[embedded] logged in with entity id 882 at (0.0, 0.0, 0.0)
[06:45:14] [Server thread/INFO] (Minecraft) [Dormant] test-mock-player joined the game
[06:45:14] [Server thread/INFO] (Minecraft) test-mock-player[embedded] logged in with entity id 883 at (0.0, 0.0, 0.0)
[06:45:14] [Server thread/INFO] (Minecraft) [Dormant] test-mock-player joined the game
[06:45:14] [Server thread/INFO] (Minecraft) test-mock-player[embedded] logged in with entity id 884 at (0.0, 0.0, 0.0)
[06:45:14] [Server thread/INFO] (Minecraft) [Dormant] test-mock-player joined the game
[06:45:14] [Server thread/INFO] (Minecraft) test-mock-player[embedded] logged in with entity id 885 at (0.0, 0.0, 0.0)
[06:45:14] [Server thread/INFO] (Minecraft) [Dormant] test-mock-player joined the game
[06:45:14] [Server thread/INFO] (Minecraft) test-mock-player[embedded] logged in with entity id 886 at (0.0, 0.0, 0.0)
[06:45:14] [Server thread/INFO] (Minecraft) [Dormant] test-mock-player joined the game
[06:45:14] [Server thread/INFO] (Minecraft) test-mock-player[embedded] logged in with entity id 887 at (0.0, 0.0, 0.0)
[06:45:14] [Server thread/INFO] (Minecraft) [Dormant] test-mock-player joined the game
[06:45:14] [Server thread/INFO] (Minecraft) test-mock-player[embedded] logged in with entity id 888 at (0.0, 0.0, 0.0)
[06:45:14] [Server thread/INFO] (Minecraft) [Dormant] test-mock-player joined the game
[06:45:14] [Server thread/INFO] (Minecraft) test-mock-player[embedded] logged in with entity id 891 at (0.0, 0.0, 0.0)
[06:45:14] [Server thread/INFO] (Minecraft) [Dormant] test-mock-player joined the game
[06:45:14] [Server thread/INFO] (Minecraft) test-mock-player[embedded] logged in with entity id 1039 at (0.0, 0.0, 0.0)
[06:45:14] [Server thread/INFO] (Minecraft) [Dormant] test-mock-player joined the game
[06:45:14] [Server thread/INFO] (powers) PERF-012 identical mixed AI: queries=24, cacheHits=12, inspections=348, legacyInspections=540, reductionPercent=35.56
[06:45:14] [Server thread/INFO] (Minecraft) test-mock-player[embedded] logged in with entity id 1085 at (0.0, 0.0, 0.0)
[06:45:14] [Server thread/INFO] (Minecraft) [Dormant] test-mock-player joined the game
[06:45:14] [Server thread/INFO] (Minecraft) test-mock-player[embedded] logged in with entity id 1086 at (0.0, 0.0, 0.0)
[06:45:14] [Server thread/INFO] (Minecraft) [Dormant] test-mock-player joined the game
[06:45:14] [Server thread/INFO] (Minecraft) test-mock-player[embedded] logged in with entity id 1091 at (0.0, 0.0, 0.0)
[06:45:14] [Server thread/INFO] (Minecraft) [Dormant] test-mock-player joined the game
[06:45:14] [Server thread/INFO] (Minecraft) test-mock-player[embedded] logged in with entity id 1095 at (0.0, 0.0, 0.0)
[06:45:14] [Server thread/INFO] (Minecraft) [Dormant] test-mock-player joined the game
[06:45:14] [Server thread/INFO] (Minecraft) test-mock-player[embedded] logged in with entity id 1097 at (0.0, 0.0, 0.0)
[06:45:14] [Server thread/INFO] (Minecraft) [Dormant] test-mock-player joined the game
[06:45:14] [Server thread/INFO] (Minecraft) test-mock-player[embedded] logged in with entity id 1107 at (0.0, 0.0, 0.0)
[06:45:14] [Server thread/INFO] (Minecraft) [Dormant] test-mock-player joined the game
[06:45:14] [Server thread/INFO] (Minecraft) test-mock-player[embedded] logged in with entity id 1108 at (0.0, 0.0, 0.0)
[06:45:14] [Server thread/INFO] (Minecraft) [Dormant] test-mock-player joined the game
[06:45:14] [Server thread/INFO] (Minecraft) test-mock-player[embedded] logged in with entity id 1109 at (0.0, 0.0, 0.0)
[06:45:14] [Server thread/INFO] (Minecraft) [Dormant] test-mock-player joined the game
[06:45:14] [Server thread/INFO] (Minecraft) test-mock-player[embedded] logged in with entity id 1110 at (0.0, 0.0, 0.0)
[06:45:14] [Server thread/INFO] (Minecraft) [Dormant] test-mock-player joined the game
[06:45:14] [Server thread/INFO] (Minecraft) test-mock-player[embedded] logged in with entity id 1112 at (0.0, 0.0, 0.0)
[06:45:14] [Server thread/INFO] (Minecraft) [Dormant] test-mock-player joined the game
[06:45:14] [Server thread/INFO] (Minecraft) <test-mock-player> shadow, use astral projection
[06:45:14] [Server thread/INFO] (Minecraft) <test-mock-player> shadow, use blight ground
[06:45:14] [Server thread/INFO] (Minecraft) <test-mock-player> shadow, use breezy bash
[06:45:14] [Server thread/INFO] (Minecraft) <test-mock-player> shadow, use call hollowed
[06:45:14] [Server thread/INFO] (Minecraft) <test-mock-player> shadow, use double health
[06:45:14] [Server thread/INFO] (Minecraft) <test-mock-player> shadow, stop double health
[06:45:14] [Server thread/INFO] (Minecraft) <test-mock-player> shadow, use energy beam
[06:45:14] [Server thread/INFO] (Minecraft) <test-mock-player> shadow, use energy drain
[06:45:14] [Server thread/INFO] (Minecraft) <test-mock-player> shadow, use fireball
[06:45:14] [Server thread/INFO] (Minecraft) <test-mock-player> shadow, use flight
[06:45:14] [Server thread/INFO] (Minecraft) <test-mock-player> shadow, stop flight
[06:45:14] [Server thread/INFO] (Minecraft) <test-mock-player> shadow, use forcefield
[06:45:14] [Server thread/INFO] (Minecraft) <test-mock-player> shadow, stop forcefield
[06:45:14] [Server thread/INFO] (Minecraft) <test-mock-player> shadow, use gravity displacement
[06:45:14] [Server thread/INFO] (Minecraft) <test-mock-player> shadow, use ice manipulation
[06:45:14] [Server thread/INFO] (Minecraft) <test-mock-player> shadow, use invisibility
[06:45:14] [Server thread/INFO] (Minecraft) <test-mock-player> shadow, stop invisibility
[06:45:14] [Server thread/INFO] (Minecraft) <test-mock-player> shadow, use lightning strike
[06:45:14] [Server thread/INFO] (Minecraft) <test-mock-player> shadow, use nightfall dominion
[06:45:14] [Server thread/INFO] (Minecraft) <test-mock-player> shadow, stop nightfall dominion
[06:45:14] [Server thread/INFO] (Minecraft) <test-mock-player> shadow, use plant healing acceleration
[06:45:14] [Server thread/INFO] (Minecraft) <test-mock-player> shadow, use size shift
[06:45:14] [Server thread/INFO] (Minecraft) <test-mock-player> shadow, stop size shift
[06:45:14] [Server thread/INFO] (Minecraft) <test-mock-player> shadow, use speed burst
[06:45:14] [Server thread/INFO] (Minecraft) <test-mock-player> shadow, use starfall
[06:45:14] [Server thread/INFO] (Minecraft) <test-mock-player> shadow, use super speed
[06:45:14] [Server thread/INFO] (Minecraft) <test-mock-player> shadow, stop super speed
[06:45:14] [Server thread/INFO] (Minecraft) <test-mock-player> shadow, use telekinesis
[06:45:14] [Server thread/INFO] (Minecraft) <test-mock-player> shadow, use thunderclap
[06:45:14] [Server thread/INFO] (Minecraft) <test-mock-player> shadow, use time freeze
[06:45:14] [Server thread/INFO] (Minecraft) <test-mock-player> shadow, stop time freeze
[06:45:14] [Server thread/INFO] (Minecraft) <test-mock-player> shadow, use time shift
[06:45:14] [Server thread/INFO] (Minecraft) <test-mock-player> shadow, use vessel possession
[06:45:14] [Server thread/INFO] (Minecraft) <test-mock-player> shadow, use void beam
[06:45:14] [Server thread/INFO] (Minecraft) test-mock-player[embedded] logged in with entity id 1148 at (0.0, 0.0, 0.0)
[06:45:14] [Server thread/INFO] (Minecraft) [Dormant] test-mock-player joined the game
[06:45:14] [Server thread/INFO] (Minecraft) test-mock-player[embedded] logged in with entity id 1149 at (0.0, 0.0, 0.0)
[06:45:14] [Server thread/INFO] (Minecraft) [Dormant] test-mock-player joined the game
[06:45:14] [Server thread/INFO] (Minecraft) test-mock-player[embedded] logged in with entity id 1150 at (0.0, 0.0, 0.0)
[06:45:14] [Server thread/INFO] (Minecraft) [Dormant] test-mock-player joined the game
[06:45:14] [Server thread/INFO] (Minecraft) <test-mock-player> shadow, stay here
[06:45:14] [Server thread/INFO] (Minecraft) <test-mock-player> shadow, fight at far range
[06:45:14] [Server thread/INFO] (Minecraft) <test-mock-player> shadow, follow me
[06:45:14] [Server thread/INFO] (Minecraft) <test-mock-player> shadow, how does amethyst interfere with magic?
[06:45:14] [Server thread/INFO] (Minecraft) <test-mock-player> shadow, explain the darkness to me
[06:45:14] [Server thread/INFO] (Minecraft) <test-mock-player> shadow, use lightning strike
[06:45:14] [Server thread/INFO] (Minecraft) <test-mock-player> shadow, use energy beam
[06:45:14] [Server thread/INFO] (Minecraft) <test-mock-player> shadow, use lightning strike
[06:45:14] [Server thread/INFO] (Minecraft) <test-mock-player> shadow, use void beam
[06:45:14] [Server thread/INFO] (Minecraft) <test-mock-player> shadow, hide yourself
[06:45:14] [Server thread/INFO] (Minecraft) Named entity ShadowCompanionEntity['Shadow of test-mock-player'/1151, l='ServerLevel[Test Level]', x=-8566516.75, y=41.00, z=9437774.75] died: Shadow of test-mock-player died
[06:45:14] [Server thread/INFO] (Minecraft) test-mock-player[embedded] logged in with entity id 1159 at (0.0, 0.0, 0.0)
[06:45:14] [Server thread/INFO] (Minecraft) [Dormant] test-mock-player joined the game
[06:45:14] [Server thread/INFO] (Minecraft) test-mock-player[embedded] logged in with entity id 1160 at (0.0, 0.0, 0.0)
[06:45:14] [Server thread/INFO] (Minecraft) [Dormant] test-mock-player joined the game
[06:45:14] [Server thread/INFO] (Minecraft) test-mock-player[embedded] logged in with entity id 1161 at (0.0, 0.0, 0.0)
[06:45:14] [Server thread/INFO] (Minecraft) [Dormant] test-mock-player joined the game
[06:45:14] [Server thread/INFO] (Minecraft) test-mock-player[embedded] logged in with entity id 1164 at (0.0, 0.0, 0.0)
[06:45:14] [Server thread/INFO] (Minecraft) [Dormant] test-mock-player joined the game
[06:45:14] [Server thread/INFO] (Minecraft) test-mock-player[embedded] logged in with entity id 1165 at (0.0, 0.0, 0.0)
[06:45:14] [Server thread/INFO] (Minecraft) [Dormant] test-mock-player joined the game
[06:45:14] [Server thread/INFO] (Minecraft) test-mock-player[embedded] logged in with entity id 1166 at (0.0, 0.0, 0.0)
[06:45:14] [Server thread/INFO] (Minecraft) [Dormant] test-mock-player joined the game
[06:45:14] [Server thread/INFO] (Minecraft) [++++++++++++++++++++++++++++++++++++++++++++++++++++++++++++++++++_ ++++__++++___+++___ ++_+_++__++++++++++++++__++_                                                   ]
[06:45:15] [Server thread/INFO] (Minecraft) test-mock-player[embedded] logged in with entity id 1586 at (0.0, 0.0, 0.0)
[06:45:15] [Server thread/INFO] (Minecraft) [Dormant] test-mock-player joined the game
[06:45:15] [Server thread/INFO] (Minecraft) [++++++++++++++++++++++++++++++++++++++++++++++++++++++++++++++++++_+++++__++++++++++_+_ +++++++++++++++++++++++__+++                                                   ]
[06:45:15] [Server thread/INFO] (Minecraft) [++++++++++++++++++++++++++++++++++++++++++++++++++++++++++++++++++_+++++_+++++++++++_+_ +++++++++++++++++++++++__+++                                                   ]
[06:45:15] [Server thread/INFO] (Minecraft) [++++++++++++++++++++++++++++++++++++++++++++++++++++++++++++++++++++++++_+++++++++++++_ +++++++++++++++++++++++__+++                                                   ]
[06:45:15] [Server thread/INFO] (Minecraft) [++++++++++++++++++++++++++++++++++++++++++++++++++++++++++++++++++++++++_+++++++++++++_ +++++++++++++++++++++++__+++                                                   ]
[06:45:15] [Server thread/INFO] (Minecraft) [++++++++++++++++++++++++++++++++++++++++++++++++++++++++++++++++++++++++_++++++++++++++ +++++++++++++++++++++++__+++                                                   ]
[06:45:16] [Server thread/INFO] (Minecraft) [++++++++++++++++++++++++++++++++++++++++++++++++++++++++++++++++++++++++_++++++++++++++ +++++++++++++++++++++++__+++                                                   ]
[06:45:16] [Server thread/INFO] (Minecraft) [++++++++++++++++++++++++++++++++++++++++++++++++++++++++++++++++++++++++_++++++++++++++ +++++++++++++++++++++++__+++                                                   ]
[06:45:16] [Server thread/INFO] (Minecraft) [+++++++++++++++++++++++++++++++++++++++++++++++++++++++++++++++++++++++++++++++++++++++ +++++++++++++++++++++++__+++                                                   ]
[06:45:16] [Server thread/INFO] (Minecraft) [+++++++++++++++++++++++++++++++++++++++++++++++++++++++++++++++++++++++++++++++++++++++ +++++++++++++++++++++++__+++                                                   ]
[06:45:16] [Server thread/INFO] (Minecraft) [+++++++++++++++++++++++++++++++++++++++++++++++++++++++++++++++++++++++++++++++++++++++ +++++++++++++++++++++++__+++                                                   ]
[06:45:16] [Server thread/INFO] (Minecraft) [+++++++++++++++++++++++++++++++++++++++++++++++++++++++++++++++++++++++++++++++++++++++ +++++++++++++++++++++++__+++                                                   ]
[06:45:16] [Server thread/INFO] (Minecraft) [+++++++++++++++++++++++++++++++++++++++++++++++++++++++++++++++++++++++++++++++++++++++ +++++++++++++++++++++++__+++                                                   ]
[06:45:16] [Server thread/INFO] (Minecraft) [+++++++++++++++++++++++++++++++++++++++++++++++++++++++++++++++++++++++++++++++++++++++ +++++++++++++++++++++++__+++                                                   ]
[06:45:16] [Server thread/INFO] (Minecraft) [+++++++++++++++++++++++++++++++++++++++++++++++++++++++++++++++++++++++++++++++++++++++ +++++++++++++++++++++++__+++                                                   ]
[06:45:16] [Server thread/INFO] (Minecraft) test-mock-player[embedded] logged in with entity id 2164 at (0.0, 0.0, 0.0)
[06:45:16] [Server thread/INFO] (Minecraft) [Dormant] test-mock-player joined the game
[06:45:16] [Server thread/INFO] (Minecraft) [+++++++++++++++++++++++++++++++++++++++++++++++++++++++++++++++++++++++++++++++++++++++_+++++++++++++++++++++++__+++                                                   ]
[06:45:16] [Server thread/INFO] (Minecraft) [+++++++++++++++++++++++++++++++++++++++++++++++++++++++++++++++++++++++++++++++++++++++_+++++++++++++++++++++++__+++                                                   ]
[06:45:17] [Server thread/INFO] (Minecraft) [+++++++++++++++++++++++++++++++++++++++++++++++++++++++++++++++++++++++++++++++++++++++_+++++++++++++++++++++++__+++                                                   ]
[06:45:17] [Server thread/INFO] (Minecraft) [+++++++++++++++++++++++++++++++++++++++++++++++++++++++++++++++++++++++++++++++++++++++_+++++++++++++++++++++++__+++                                                   ]
[06:45:17] [Server thread/INFO] (Minecraft) [+++++++++++++++++++++++++++++++++++++++++++++++++++++++++++++++++++++++++++++++++++++++_+++++++++++++++++++++++__+++                                                   ]
[06:45:17] [Server thread/INFO] (Minecraft) [+++++++++++++++++++++++++++++++++++++++++++++++++++++++++++++++++++++++++++++++++++++++_+++++++++++++++++++++++__+++                                                   ]
[06:45:17] [Server thread/INFO] (Minecraft) [+++++++++++++++++++++++++++++++++++++++++++++++++++++++++++++++++++++++++++++++++++++++_+++++++++++++++++++++++__+++                                                   ]
[06:45:17] [Server thread/INFO] (Minecraft) [+++++++++++++++++++++++++++++++++++++++++++++++++++++++++++++++++++++++++++++++++++++++_+++++++++++++++++++++++__+++                                                   ]
[06:45:17] [Server thread/INFO] (Minecraft) [+++++++++++++++++++++++++++++++++++++++++++++++++++++++++++++++++++++++++++++++++++++++_+++++++++++++++++++++++__+++                                                   ]
[06:45:17] [Server thread/INFO] (Minecraft) [+++++++++++++++++++++++++++++++++++++++++++++++++++++++++++++++++++++++++++++++++++++++_+++++++++++++++++++++++__+++                                                   ]
[06:45:17] [Server thread/INFO] (powers) powers_operator_audit action=catastrophic_ritual result=success actor=test-mock-player subject=world detail=begin
[06:45:17] [Server thread/INFO] (Minecraft) [+++++++++++++++++++++++++++++++++++++++++++++++++++++++++++++++++++++++++++++++++++++++_+++++++++++++++++++++++__+++                                                   ]
[06:45:17] [Server thread/INFO] (Minecraft) [+++++++++++++++++++++++++++++++++++++++++++++++++++++++++++++++++++++++++++++++++++++++++++++++++++++++++++++++__+++                                                   ]
[06:45:17] [Server thread/INFO] (Minecraft) [+++++++++++++++++++++++++++++++++++++++++++++++++++++++++++++++++++++++++++++++++++++++++++++++++++++++++++++++__+++                                                   ]
[06:45:17] [Server thread/INFO] (Minecraft) [+++++++++++++++++++++++++++++++++++++++++++++++++++++++++++++++++++++++++++++++++++++++++++++++++++++++++++++++__+++                                                   ]
[06:45:17] [Server thread/INFO] (Minecraft) [+++++++++++++++++++++++++++++++++++++++++++++++++++++++++++++++++++++++++++++++++++++++++++++++++++++++++++++++__+++                                                   ]
[06:45:17] [Server thread/INFO] (Minecraft) [+++++++++++++++++++++++++++++++++++++++++++++++++++++++++++++++++++++++++++++++++++++++++++++++++++++++++++++++__+++                                                   ]
[06:45:17] [Server thread/INFO] (Minecraft) [+++++++++++++++++++++++++++++++++++++++++++++++++++++++++++++++++++++++++++++++++++++++++++++++++++++++++++++++__+++                                                   ]
[06:45:17] [Server thread/INFO] (Minecraft) [+++++++++++++++++++++++++++++++++++++++++++++++++++++++++++++++++++++++++++++++++++++++++++++++++++++++++++++++__+++                                                   ]
[06:45:17] [Server thread/INFO] (Minecraft) [+++++++++++++++++++++++++++++++++++++++++++++++++++++++++++++++++++++++++++++++++++++++++++++++++++++++++++++++__+++                                                   ]
[06:45:17] [Server thread/INFO] (Minecraft) [+++++++++++++++++++++++++++++++++++++++++++++++++++++++++++++++++++++++++++++++++++++++++++++++++++++++++++++++__+++                                                   ]
[06:45:17] [Server thread/INFO] (Minecraft) [+++++++++++++++++++++++++++++++++++++++++++++++++++++++++++++++++++++++++++++++++++++++++++++++++++++++++++++++__+++                                                   ]
[06:45:17] [Server thread/INFO] (Minecraft) [+++++++++++++++++++++++++++++++++++++++++++++++++++++++++++++++++++++++++++++++++++++++++++++++++++++++++++++++__+++                                                   ]
[06:45:18] [Server thread/INFO] (Minecraft) [+++++++++++++++++++++++++++++++++++++++++++++++++++++++++++++++++++++++++++++++++++++++++++++++++++++++++++++++__+++                                                   ]
[06:45:18] [Server thread/INFO] (Minecraft) [+++++++++++++++++++++++++++++++++++++++++++++++++++++++++++++++++++++++++++++++++++++++++++++++++++++++++++++++__+++                                                   ]
[06:45:18] [Server thread/INFO] (Minecraft) [+++++++++++++++++++++++++++++++++++++++++++++++++++++++++++++++++++++++++++++++++++++++++++++++++++++++++++++++__+++                                                   ]
[06:45:18] [Server thread/INFO] (Minecraft) [+++++++++++++++++++++++++++++++++++++++++++++++++++++++++++++++++++++++++++++++++++++++++++++++++++++++++++++++__+++                                                   ]
[06:45:18] [Server thread/INFO] (Minecraft) [+++++++++++++++++++++++++++++++++++++++++++++++++++++++++++++++++++++++++++++++++++++++++++++++++++++++++++++++__+++                                                   ]
[06:45:18] [Server thread/INFO] (Minecraft) [+++++++++++++++++++++++++++++++++++++++++++++++++++++++++++++++++++++++++++++++++++++++++++++++++++++++++++++++__+++                                                   ]
[06:45:18] [Server thread/INFO] (Minecraft) [+++++++++++++++++++++++++++++++++++++++++++++++++++++++++++++++++++++++++++++++++++++++++++++++++++++++++++++++__+++                                                   ]
[06:45:18] [Server thread/INFO] (Minecraft) [+++++++++++++++++++++++++++++++++++++++++++++++++++++++++++++++++++++++++++++++++++++++++++++++++++++++++++++++__+++                                                   ]
[06:45:18] [Server thread/INFO] (Minecraft) [+++++++++++++++++++++++++++++++++++++++++++++++++++++++++++++++++++++++++++++++++++++++++++++++++++++++++++++++__+++                                                   ]
[06:45:18] [Server thread/INFO] (Minecraft) [+++++++++++++++++++++++++++++++++++++++++++++++++++++++++++++++++++++++++++++++++++++++++++++++++++++++++++++++__+++                                                   ]
[06:45:18] [Server thread/INFO] (Minecraft) [+++++++++++++++++++++++++++++++++++++++++++++++++++++++++++++++++++++++++++++++++++++++++++++++++++++++++++++++__+++                                                   ]
[06:45:18] [Server thread/INFO] (Minecraft) [+++++++++++++++++++++++++++++++++++++++++++++++++++++++++++++++++++++++++++++++++++++++++++++++++++++++++++++++__+++                                                   ]
[06:45:18] [Server thread/INFO] (Minecraft) [+++++++++++++++++++++++++++++++++++++++++++++++++++++++++++++++++++++++++++++++++++++++++++++++++++++++++++++++__+++                                                   ]
[06:45:18] [Server thread/INFO] (Minecraft) [+++++++++++++++++++++++++++++++++++++++++++++++++++++++++++++++++++++++++++++++++++++++++++++++++++++++++++++++__+++                                                   ]
[06:45:18] [Server thread/INFO] (Minecraft) [+++++++++++++++++++++++++++++++++++++++++++++++++++++++++++++++++++++++++++++++++++++++++++++++++++++++++++++++__+++                                                   ]
[06:45:18] [Server thread/INFO] (Minecraft) [++++++++++++++++++++++++++++++++++++++++++++++++++++++++++++++++++++++++++++++++++++++++++++++++++++++++++++++++_+++                                                   ]
[06:45:18] [Server thread/INFO] (Minecraft) [++++++++++++++++++++++++++++++++++++++++++++++++++++++++++++++++++++++++++++++++++++++++++++++++++++++++++++++++_+++                                                   ]
[06:45:21] [Server thread/INFO] (Minecraft) Running test environment 'minecraft:default' batch 2 (32 tests)...
[06:45:21] [Server thread/INFO] (Minecraft) test-mock-player[embedded] logged in with entity id 2876 at (0.0, 0.0, 0.0)
[06:45:21] [Server thread/INFO] (Minecraft) [Dormant] test-mock-player joined the game
[06:45:21] [Server thread/INFO] (Minecraft) test-mock-player[embedded] logged in with entity id 2878 at (0.0, 0.0, 0.0)
[06:45:21] [Server thread/INFO] (Minecraft) [Dormant] test-mock-player joined the game
[06:45:21] [Server thread/INFO] (Minecraft) test-mock-player[embedded] logged in with entity id 2879 at (0.0, 0.0, 0.0)
[06:45:21] [Server thread/INFO] (Minecraft) [Dormant] test-mock-player joined the game
[06:45:21] [Server thread/INFO] (Minecraft) test-mock-player[embedded] logged in with entity id 2880 at (0.0, 0.0, 0.0)
[06:45:21] [Server thread/INFO] (Minecraft) [Dormant] test-mock-player joined the game
[06:45:21] [Server thread/INFO] (Minecraft) test-mock-player[embedded] logged in with entity id 2882 at (0.0, 0.0, 0.0)
[06:45:21] [Server thread/INFO] (Minecraft) [Dormant] test-mock-player joined the game
[06:45:21] [Server thread/INFO] (Minecraft) test-mock-player[embedded] logged in with entity id 2884 at (0.0, 0.0, 0.0)
[06:45:21] [Server thread/INFO] (Minecraft) [Dormant] test-mock-player joined the game
[06:45:21] [Server thread/INFO] (Minecraft) test-mock-player[embedded] logged in with entity id 2885 at (0.0, 0.0, 0.0)
[06:45:21] [Server thread/INFO] (Minecraft) [Dormant] test-mock-player joined the game
[06:45:21] [Server thread/INFO] (Minecraft) test-mock-player[embedded] logged in with entity id 2886 at (0.0, 0.0, 0.0)
[06:45:21] [Server thread/INFO] (Minecraft) [Dormant] test-mock-player joined the game
[06:45:21] [Server thread/INFO] (Minecraft) test-mock-player[embedded] logged in with entity id 2887 at (0.0, 0.0, 0.0)
[06:45:21] [Server thread/INFO] (Minecraft) [Dormant] test-mock-player joined the game
[06:45:21] [Server thread/INFO] (Minecraft) test-mock-player[embedded] logged in with entity id 2888 at (0.0, 0.0, 0.0)
[06:45:21] [Server thread/INFO] (Minecraft) [Dormant] test-mock-player joined the game
[06:45:21] [Server thread/INFO] (Minecraft) test-mock-player[embedded] logged in with entity id 2889 at (0.0, 0.0, 0.0)
[06:45:21] [Server thread/INFO] (Minecraft) [Dormant] test-mock-player joined the game
[06:45:21] [Server thread/INFO] (Minecraft) test-mock-player[embedded] logged in with entity id 2890 at (0.0, 0.0, 0.0)
[06:45:21] [Server thread/INFO] (Minecraft) [Dormant] test-mock-player joined the game
[06:45:21] [Server thread/INFO] (Minecraft) test-mock-player[embedded] logged in with entity id 2891 at (0.0, 0.0, 0.0)
[06:45:21] [Server thread/INFO] (Minecraft) [Dormant] test-mock-player joined the game
[06:45:21] [Server thread/INFO] (Minecraft) test-mock-player[embedded] logged in with entity id 2892 at (0.0, 0.0, 0.0)
[06:45:21] [Server thread/INFO] (Minecraft) [Dormant] test-mock-player joined the game
[06:45:21] [Server thread/INFO] (Minecraft) test-mock-player[embedded] logged in with entity id 2893 at (0.0, 0.0, 0.0)
[06:45:21] [Server thread/INFO] (Minecraft) [Dormant] test-mock-player joined the game
[06:45:21] [Server thread/INFO] (Minecraft) test-mock-player[embedded] logged in with entity id 2898 at (0.0, 0.0, 0.0)
[06:45:21] [Server thread/INFO] (Minecraft) [Dormant] test-mock-player joined the game
[06:45:21] [Server thread/INFO] (Minecraft) test-mock-player[embedded] logged in with entity id 2909 at (0.0, 0.0, 0.0)
[06:45:21] [Server thread/INFO] (Minecraft) [Dormant] test-mock-player joined the game
[06:45:22] [Server thread/INFO] (Minecraft) Loaded 1605 recipes
[06:45:22] [Server thread/INFO] (Minecraft) Loaded 1713 advancements
[06:45:22] [Server thread/INFO] (powers) Published action registry revision 7 with 110 canonical keys and 2 aliases
[06:45:22] [Server thread/INFO] (powers) Loaded 14 Shadow knowledge entries
[06:45:22] [Server thread/INFO] (Minecraft) Loaded 1605 recipes
[06:45:22] [Server thread/INFO] (Minecraft) Loaded 1713 advancements
[06:45:22] [Server thread/INFO] (Minecraft) [++++++++++++++++++++++++++++++++++++++++++++++++++++++++++++++++++++++++++++++++++++++++++++++++++++++++++++++++++++++_+_+++++++++++++++++++++++++++                   ]
[06:45:22] [Server thread/INFO] (Minecraft) [++++++++++++++++++++++++++++++++++++++++++++++++++++++++++++++++++++++++++++++++++++++++++++++++++++++++++++++++++++++_+_+++++++++++++++++++++++++++                   ]
[06:45:22] [Server thread/INFO] (Minecraft) [++++++++++++++++++++++++++++++++++++++++++++++++++++++++++++++++++++++++++++++++++++++++++++++++++++++++++++++++++++++++_+++++++++++++++++++++++++++                   ]
[06:45:22] [Server thread/INFO] (Minecraft) Running test environment 'powers:temporal_shadow_cleanup_isolated' batch 0 (1 tests)...
[06:45:22] [Server thread/INFO] (Minecraft) test-mock-player[embedded] logged in with entity id 2925 at (0.0, 0.0, 0.0)
[06:45:22] [Server thread/INFO] (Minecraft) [Dormant] test-mock-player joined the game
[06:45:23] [Server thread/INFO] (Minecraft) Running test environment 'powers:temporal_deadline_isolated' batch 0 (1 tests)...
[06:45:23] [Server thread/INFO] (Minecraft) [+++++++++++++++++++++++++++++++++++++++++++++++++++++++++++++++++++++++++++++++++++++++++++++++++++++++++++++++++++++++++++++++++++++++++++++++++++++                  ]
[06:45:23] [Server thread/INFO] (Minecraft) test-mock-player[embedded] logged in with entity id 2931 at (0.0, 0.0, 0.0)
[06:45:23] [Server thread/INFO] (Minecraft) [Dormant] test-mock-player joined the game
[06:45:24] [Server thread/INFO] (Minecraft) [STDOUT]: INT008_TEMPORAL {"schemaVersion":2,"implementationSha":"0000000000000000000000000000000000000000","case":"crystal-control-deadline","result":"PASS","controlTicks":1200,"worldTicks":0,"facts":{"activeAt1199":true,"clock":"CONTROL","duration":1200,"releasedAt1200":true,"worldTicksParked":true}}
[06:45:24] [Server thread/INFO] (Minecraft) Running test environment 'powers:temporal_admin_isolated' batch 0 (1 tests)...
[06:45:24] [Server thread/INFO] (Minecraft) test-mock-player[embedded] logged in with entity id 2932 at (0.0, 0.0, 0.0)
[06:45:24] [Server thread/INFO] (Minecraft) [Dormant] test-mock-player joined the game
[06:45:24] [Server thread/INFO] (Minecraft) [STDOUT]: INT008_TEMPORAL {"schemaVersion":2,"implementationSha":"0000000000000000000000000000000000000000","case":"admin-preservation","result":"PASS","controlTicks":0,"worldTicks":0,"facts":{"acquired":false,"leaseActive":false,"vanillaFrozen":true}}
[06:45:24] [Server thread/INFO] (Minecraft) Running test environment 'qa010_hostile:isolated' batch 0 (7 tests)...
[06:45:24] [Server thread/INFO] (Minecraft) test-mock-player[embedded] logged in with entity id 2933 at (0.0, 0.0, 0.0)
[06:45:24] [Server thread/INFO] (Minecraft) [Dormant] test-mock-player joined the game
[06:45:24] [Server thread/INFO] (Minecraft) <test-mock-player> shadow, leave me
[06:45:24] [Server thread/INFO] (Minecraft) test-mock-player[embedded] logged in with entity id 2936 at (0.0, 0.0, 0.0)
[06:45:24] [Server thread/INFO] (Minecraft) [Dormant] test-mock-player joined the game
[06:45:24] [Server thread/INFO] (Minecraft) test-mock-player[embedded] logged in with entity id 2938 at (0.0, 0.0, 0.0)
[06:45:24] [Server thread/INFO] (Minecraft) [Dormant] test-mock-player joined the game
[06:45:24] [Server thread/INFO] (Minecraft) [Dormant] test-mock-player has made the advancement [We Need to Go Deeper]
[06:45:24] [Server thread/INFO] (Minecraft) test-mock-player[embedded] logged in with entity id 2941 at (0.0, 0.0, 0.0)
[06:45:24] [Server thread/INFO] (Minecraft) [Dormant] test-mock-player joined the game
[06:45:24] [Server thread/INFO] (Minecraft) test-mock-player[embedded] logged in with entity id 2942 at (0.0, 0.0, 0.0)
[06:45:24] [Server thread/INFO] (Minecraft) [Dormant] test-mock-player joined the game
[06:45:24] [Server thread/INFO] (Minecraft) test-mock-player[embedded] logged in with entity id 2947 at (0.0, 0.0, 0.0)
[06:45:24] [Server thread/INFO] (Minecraft) [Dormant] test-mock-player joined the game
[06:45:24] [Server thread/INFO] (Minecraft) [Dormant] test-mock-player has made the advancement [Monster Hunter]
[06:45:24] [Server thread/INFO] (Minecraft) test-mock-player[embedded] logged in with entity id 2953 at (0.0, 0.0, 0.0)
[06:45:24] [Server thread/INFO] (Minecraft) [Dormant] test-mock-player joined the game
[06:45:24] [Server thread/INFO] (Minecraft) test-mock-player[embedded] logged in with entity id 2954 at (0.0, 0.0, 0.0)
[06:45:24] [Server thread/INFO] (Minecraft) [Dormant] test-mock-player joined the game
[06:45:25] [Server thread/INFO] (Minecraft) [++++++++++++++++++++++++++++++++++++++++++++++++++++++++++++++++++++++++++++++++++++++++++++++++++++++++++++++++++++++++++++++++++++++++++++++++++++++++_++++_         ]
[06:45:25] [Server thread/INFO] (Minecraft) [++++++++++++++++++++++++++++++++++++++++++++++++++++++++++++++++++++++++++++++++++++++++++++++++++++++++++++++++++++++++++++++++++++++++++++++++++++++++_+++++         ]
[06:45:25] [Server thread/INFO] (Minecraft) [++++++++++++++++++++++++++++++++++++++++++++++++++++++++++++++++++++++++++++++++++++++++++++++++++++++++++++++++++++++++++++++++++++++++++++++++++++++++_+++++         ]
[06:45:25] [Server thread/INFO] (Minecraft) [Dormant] test-mock-player fell out of the world
[06:45:25] [Server thread/INFO] (Minecraft) [++++++++++++++++++++++++++++++++++++++++++++++++++++++++++++++++++++++++++++++++++++++++++++++++++++++++++++++++++++++++++++++++++++++++++++++++++++++++_+++++         ]
[06:45:25] [Server thread/INFO] (Minecraft) [++++++++++++++++++++++++++++++++++++++++++++++++++++++++++++++++++++++++++++++++++++++++++++++++++++++++++++++++++++++++++++++++++++++++++++++++++++++++_+++++         ]
[06:45:25] [Server thread/INFO] (Minecraft) [++++++++++++++++++++++++++++++++++++++++++++++++++++++++++++++++++++++++++++++++++++++++++++++++++++++++++++++++++++++++++++++++++++++++++++++++++++++++_+++++         ]
[06:45:25] [Server thread/INFO] (Minecraft) [++++++++++++++++++++++++++++++++++++++++++++++++++++++++++++++++++++++++++++++++++++++++++++++++++++++++++++++++++++++++++++++++++++++++++++++++++++++++_+++++         ]
[06:45:25] [Server thread/INFO] (Minecraft) Running test environment 'powers:fx_lod_isolated' batch 0 (1 tests)...
[06:45:25] [Server thread/INFO] (Minecraft) test-mock-player[embedded] logged in with entity id 3065 at (0.0, 0.0, 0.0)
[06:45:25] [Server thread/INFO] (Minecraft) [Dormant] test-mock-player joined the game
[06:45:25] [Server thread/INFO] (Minecraft) test-mock-player[embedded] logged in with entity id 3066 at (0.0, 0.0, 0.0)
[06:45:25] [Server thread/INFO] (Minecraft) [Dormant] test-mock-player joined the game
[06:45:25] [Server thread/INFO] (Minecraft) test-mock-player[embedded] logged in with entity id 3067 at (0.0, 0.0, 0.0)
[06:45:25] [Server thread/INFO] (Minecraft) [Dormant] test-mock-player joined the game
[06:45:25] [Server thread/INFO] (Minecraft) Running test environment 'powers:temporal_supersession_isolated' batch 0 (1 tests)...
[06:45:25] [Server thread/INFO] (Minecraft) [+++++++++++++++++++++++++++++++++++++++++++++++++++++++++++++++++++++++++++++++++++++++++++++++++++++++++++++++++++++++++++++++++++++++++++++++++++++++++++++++        ]
[06:45:25] [Server thread/INFO] (Minecraft) test-mock-player[embedded] logged in with entity id 3068 at (0.0, 0.0, 0.0)
[06:45:25] [Server thread/INFO] (Minecraft) [Dormant] test-mock-player joined the game
[06:45:25] [Server thread/INFO] (Minecraft) [STDOUT]: INT008_TEMPORAL {"schemaVersion":2,"implementationSha":"0000000000000000000000000000000000000000","case":"external-supersession","result":"PASS","controlTicks":0,"worldTicks":0,"facts":{"leaseActive":false,"superseded":true,"vanillaFrozen":true}}
[06:45:25] [Server thread/INFO] (Minecraft) Running test environment 'powers:casting_pose_isolated' batch 0 (1 tests)...
[06:45:25] [Server thread/INFO] (Minecraft) Running test environment 'powers:packet_fault_isolated' batch 0 (4 tests)...
[06:45:25] [Server thread/INFO] (Minecraft) test-mock-player[embedded] logged in with entity id 3075 at (0.0, 0.0, 0.0)
[06:45:25] [Server thread/INFO] (Minecraft) [Dormant] test-mock-player joined the game
[06:45:25] [Server thread/INFO] (Minecraft) test-mock-player[embedded] logged in with entity id 3076 at (0.0, 0.0, 0.0)
[06:45:25] [Server thread/INFO] (Minecraft) [Dormant] test-mock-player joined the game
[06:45:25] [Server thread/INFO] (Minecraft) [++++++++++++++++++++++++++++++++++++++++++++++++++++++++++++++++++++++++++++++++++++++++++++++++++++++++++++++++++++++++++++++++++++++++++++++++++++++++++++++++++_    ]
[06:45:25] [Server thread/INFO] (Minecraft) [++++++++++++++++++++++++++++++++++++++++++++++++++++++++++++++++++++++++++++++++++++++++++++++++++++++++++++++++++++++++++++++++++++++++++++++++++++++++++++++++++_++  ]
[06:45:25] [Server thread/INFO] (Minecraft) [++++++++++++++++++++++++++++++++++++++++++++++++++++++++++++++++++++++++++++++++++++++++++++++++++++++++++++++++++++++++++++++++++++++++++++++++++++++++++++++++++_++  ]
[06:45:25] [Server thread/INFO] (Minecraft) test-mock-player[embedded] logged in with entity id 3117 at (0.0, 0.0, 0.0)
[06:45:25] [Server thread/INFO] (Minecraft) [Dormant] test-mock-player joined the game
[06:45:25] [Server thread/INFO] (Minecraft) test-mock-player[embedded] logged in with entity id 3123 at (0.0, 0.0, 0.0)
[06:45:25] [Server thread/INFO] (Minecraft) [Dormant] test-mock-player joined the game
[06:45:25] [Server thread/INFO] (Minecraft) [++++++++++++++++++++++++++++++++++++++++++++++++++++++++++++++++++++++++++++++++++++++++++++++++++++++++++++++++++++++++++++++++++++++++++++++++++++++++++++++++++_++  ]
[06:45:25] [Server thread/INFO] (Minecraft) [Dormant] test-mock-player has made the advancement [We Need to Go Deeper]
[06:45:25] [Server thread/INFO] (Minecraft) test-mock-player[embedded] logged in with entity id 3147 at (0.0, 0.0, 0.0)
[06:45:25] [Server thread/INFO] (Minecraft) [Dormant] test-mock-player joined the game
[06:45:25] [Server thread/INFO] (Minecraft) test-mock-player[embedded] logged in with entity id 3152 at (0.0, 0.0, 0.0)
[06:45:25] [Server thread/INFO] (Minecraft) [Dormant] test-mock-player joined the game
[06:45:25] [Server thread/INFO] (Minecraft) test-mock-player lost connection: QA-009 disconnect lifecycle
[06:45:25] [Server thread/INFO] (Minecraft) [Dormant] test-mock-player left the game
[06:45:25] [Server thread/INFO] (Minecraft) test-mock-player[embedded] logged in with entity id 3157 at (0.0, 0.0, 0.0)
[06:45:25] [Server thread/INFO] (Minecraft) [Dormant] test-mock-player joined the game
[06:45:25] [Server thread/INFO] (Minecraft) [++++++++++++++++++++++++++++++++++++++++++++++++++++++++++++++++++++++++++++++++++++++++++++++++++++++++++++++++++++++++++++++++++++++++++++++++++++++++++++++++++_++  ]
[06:45:26] [Server thread/INFO] (Minecraft) [++++++++++++++++++++++++++++++++++++++++++++++++++++++++++++++++++++++++++++++++++++++++++++++++++++++++++++++++++++++++++++++++++++++++++++++++++++++++++++++++++_++  ]
[06:45:26] [Server thread/INFO] (Minecraft) [++++++++++++++++++++++++++++++++++++++++++++++++++++++++++++++++++++++++++++++++++++++++++++++++++++++++++++++++++++++++++++++++++++++++++++++++++++++++++++++++++_++  ]
[06:45:26] [Server thread/INFO] (Minecraft) [++++++++++++++++++++++++++++++++++++++++++++++++++++++++++++++++++++++++++++++++++++++++++++++++++++++++++++++++++++++++++++++++++++++++++++++++++++++++++++++++++_++  ]
[06:45:26] [Server thread/INFO] (Minecraft) [++++++++++++++++++++++++++++++++++++++++++++++++++++++++++++++++++++++++++++++++++++++++++++++++++++++++++++++++++++++++++++++++++++++++++++++++++++++++++++++++++_++  ]
[06:45:26] [Server thread/INFO] (Minecraft) [++++++++++++++++++++++++++++++++++++++++++++++++++++++++++++++++++++++++++++++++++++++++++++++++++++++++++++++++++++++++++++++++++++++++++++++++++++++++++++++++++_++  ]
[06:45:26] [Server thread/INFO] (Minecraft) [++++++++++++++++++++++++++++++++++++++++++++++++++++++++++++++++++++++++++++++++++++++++++++++++++++++++++++++++++++++++++++++++++++++++++++++++++++++++++++++++++_++  ]
[06:45:26] [Server thread/INFO] (Minecraft) [++++++++++++++++++++++++++++++++++++++++++++++++++++++++++++++++++++++++++++++++++++++++++++++++++++++++++++++++++++++++++++++++++++++++++++++++++++++++++++++++++_++  ]
[06:45:26] [Server thread/INFO] (Minecraft) [++++++++++++++++++++++++++++++++++++++++++++++++++++++++++++++++++++++++++++++++++++++++++++++++++++++++++++++++++++++++++++++++++++++++++++++++++++++++++++++++++_++  ]
[06:45:26] [Server thread/INFO] (Minecraft) [++++++++++++++++++++++++++++++++++++++++++++++++++++++++++++++++++++++++++++++++++++++++++++++++++++++++++++++++++++++++++++++++++++++++++++++++++++++++++++++++++_++  ]
[06:45:26] [Server thread/INFO] (Minecraft) [++++++++++++++++++++++++++++++++++++++++++++++++++++++++++++++++++++++++++++++++++++++++++++++++++++++++++++++++++++++++++++++++++++++++++++++++++++++++++++++++++_++  ]
[06:45:26] [Server thread/INFO] (Minecraft) [++++++++++++++++++++++++++++++++++++++++++++++++++++++++++++++++++++++++++++++++++++++++++++++++++++++++++++++++++++++++++++++++++++++++++++++++++++++++++++++++++_++  ]
[06:45:26] [Server thread/INFO] (Minecraft) [++++++++++++++++++++++++++++++++++++++++++++++++++++++++++++++++++++++++++++++++++++++++++++++++++++++++++++++++++++++++++++++++++++++++++++++++++++++++++++++++++_++  ]
[06:45:26] [Server thread/INFO] (Minecraft) [++++++++++++++++++++++++++++++++++++++++++++++++++++++++++++++++++++++++++++++++++++++++++++++++++++++++++++++++++++++++++++++++++++++++++++++++++++++++++++++++++_++  ]
[06:45:26] [Server thread/INFO] (Minecraft) [++++++++++++++++++++++++++++++++++++++++++++++++++++++++++++++++++++++++++++++++++++++++++++++++++++++++++++++++++++++++++++++++++++++++++++++++++++++++++++++++++_++  ]
[06:45:26] [Server thread/INFO] (Minecraft) [++++++++++++++++++++++++++++++++++++++++++++++++++++++++++++++++++++++++++++++++++++++++++++++++++++++++++++++++++++++++++++++++++++++++++++++++++++++++++++++++++_++  ]
[06:45:26] [Server thread/INFO] (Minecraft) [++++++++++++++++++++++++++++++++++++++++++++++++++++++++++++++++++++++++++++++++++++++++++++++++++++++++++++++++++++++++++++++++++++++++++++++++++++++++++++++++++_++  ]
[06:45:26] [Server thread/INFO] (Minecraft) [++++++++++++++++++++++++++++++++++++++++++++++++++++++++++++++++++++++++++++++++++++++++++++++++++++++++++++++++++++++++++++++++++++++++++++++++++++++++++++++++++_++  ]
[06:45:26] [Server thread/INFO] (Minecraft) [++++++++++++++++++++++++++++++++++++++++++++++++++++++++++++++++++++++++++++++++++++++++++++++++++++++++++++++++++++++++++++++++++++++++++++++++++++++++++++++++++_++  ]
[06:45:26] [Server thread/INFO] (Minecraft) [++++++++++++++++++++++++++++++++++++++++++++++++++++++++++++++++++++++++++++++++++++++++++++++++++++++++++++++++++++++++++++++++++++++++++++++++++++++++++++++++++_++  ]
[06:45:26] [Server thread/INFO] (Minecraft) [++++++++++++++++++++++++++++++++++++++++++++++++++++++++++++++++++++++++++++++++++++++++++++++++++++++++++++++++++++++++++++++++++++++++++++++++++++++++++++++++++_++  ]
[06:45:27] [Server thread/INFO] (Minecraft) [++++++++++++++++++++++++++++++++++++++++++++++++++++++++++++++++++++++++++++++++++++++++++++++++++++++++++++++++++++++++++++++++++++++++++++++++++++++++++++++++++_++  ]
[06:45:27] [Server thread/INFO] (Minecraft) [++++++++++++++++++++++++++++++++++++++++++++++++++++++++++++++++++++++++++++++++++++++++++++++++++++++++++++++++++++++++++++++++++++++++++++++++++++++++++++++++++_++  ]
[06:45:27] [Server thread/INFO] (Minecraft) [++++++++++++++++++++++++++++++++++++++++++++++++++++++++++++++++++++++++++++++++++++++++++++++++++++++++++++++++++++++++++++++++++++++++++++++++++++++++++++++++++_++  ]
[06:45:27] [Server thread/INFO] (Minecraft) [++++++++++++++++++++++++++++++++++++++++++++++++++++++++++++++++++++++++++++++++++++++++++++++++++++++++++++++++++++++++++++++++++++++++++++++++++++++++++++++++++_++  ]
[06:45:27] [Server thread/INFO] (Minecraft) [++++++++++++++++++++++++++++++++++++++++++++++++++++++++++++++++++++++++++++++++++++++++++++++++++++++++++++++++++++++++++++++++++++++++++++++++++++++++++++++++++_++  ]
[06:45:27] [Server thread/INFO] (Minecraft) [++++++++++++++++++++++++++++++++++++++++++++++++++++++++++++++++++++++++++++++++++++++++++++++++++++++++++++++++++++++++++++++++++++++++++++++++++++++++++++++++++_++  ]
[06:45:27] [Server thread/INFO] (Minecraft) [++++++++++++++++++++++++++++++++++++++++++++++++++++++++++++++++++++++++++++++++++++++++++++++++++++++++++++++++++++++++++++++++++++++++++++++++++++++++++++++++++_++  ]
[06:45:27] [Server thread/INFO] (Minecraft) [++++++++++++++++++++++++++++++++++++++++++++++++++++++++++++++++++++++++++++++++++++++++++++++++++++++++++++++++++++++++++++++++++++++++++++++++++++++++++++++++++_++  ]
[06:45:27] [Server thread/INFO] (Minecraft) [++++++++++++++++++++++++++++++++++++++++++++++++++++++++++++++++++++++++++++++++++++++++++++++++++++++++++++++++++++++++++++++++++++++++++++++++++++++++++++++++++_++  ]
[06:45:27] [Server thread/INFO] (Minecraft) [++++++++++++++++++++++++++++++++++++++++++++++++++++++++++++++++++++++++++++++++++++++++++++++++++++++++++++++++++++++++++++++++++++++++++++++++++++++++++++++++++_++  ]
[06:45:27] [Server thread/INFO] (Minecraft) Running test environment 'powers:temporal_ray_fields_isolated' batch 0 (1 tests)...
[06:45:27] [Server thread/INFO] (Minecraft) test-mock-player[embedded] logged in with entity id 3284 at (0.0, 0.0, 0.0)
[06:45:27] [Server thread/INFO] (Minecraft) [Dormant] test-mock-player joined the game
[06:45:27] [Server thread/INFO] (Minecraft) test-mock-player[embedded] logged in with entity id 3285 at (0.0, 0.0, 0.0)
[06:45:27] [Server thread/INFO] (Minecraft) [Dormant] test-mock-player joined the game
[06:45:27] [Server thread/INFO] (Minecraft) Running test environment 'powers:temporal_world_managers_isolated' batch 0 (1 tests)...
[06:45:27] [Server thread/INFO] (Minecraft) test-mock-player[embedded] logged in with entity id 3287 at (0.0, 0.0, 0.0)
[06:45:27] [Server thread/INFO] (Minecraft) [Dormant] test-mock-player joined the game
[06:45:27] [Server thread/INFO] (powers) powers_operator_audit action=catastrophic_ritual result=success actor=test-mock-player subject=world detail=begin
[06:45:27] [Server thread/INFO] (powers) powers_operator_audit action=catastrophic_ritual result=success actor=test-mock-player subject=world detail=begin
[06:45:27] [Server thread/INFO] (Minecraft) [STDOUT]: INT008_TEMPORAL {"schemaVersion":2,"implementationSha":"0000000000000000000000000000000000000000","case":"world-managers-paused","result":"PASS","controlTicks":0,"worldTicks":0,"facts":{"celestialPaused":true,"channelsPaused":true,"energyMutated":false,"externalFreeze":true,"fieldsPaused":true,"heraldCadencePaused":true,"ownedFreeze":true,"realmPaused":true,"worldAdvanced":false}}
[06:45:27] [Server thread/INFO] (Minecraft) [+++++++++++++++++++++++++++++++++++++++++++++++++++++++++++++++++++++++++++++++++++++++++++++++++++++++++++++++++++++++++++++++++++++++++++++++++++++++++++++++++++++++]
[06:45:27] [Server thread/INFO] (Minecraft) ========= 167 GAME TESTS COMPLETE IN 53.42 s ======================
[06:45:27] [Server thread/INFO] (Minecraft) All 167 required tests passed :)
[06:45:27] [Server thread/INFO] (Minecraft) ====================================================
[06:45:27] [Server thread/INFO] (Minecraft) Stopping server
[06:45:27] [Server thread/INFO] (Minecraft) Saving players
[06:45:27] [Server thread/INFO] (Minecraft) test-mock-player lost connection: Server closed
[06:45:27] [Server thread/INFO] (Minecraft) [Dormant] test-mock-player left the game
[06:45:27] [Server thread/INFO] (Minecraft) test-mock-player lost connection: Server closed
[06:45:27] [Server thread/INFO] (Minecraft) [Nightfall] test-mock-player left the game
[06:45:27] [Server thread/INFO] (Minecraft) test-mock-player lost connection: Server closed
[06:45:27] [Server thread/INFO] (Minecraft) [Nightfall] test-mock-player left the game
[06:45:27] [Server thread/INFO] (Minecraft) test-mock-player lost connection: Server closed
[06:45:27] [Server thread/INFO] (Minecraft) [Dormant] test-mock-player left the game
[06:45:27] [Server thread/INFO] (Minecraft) test-mock-player lost connection: Server closed
[06:45:27] [Server thread/INFO] (Minecraft) [Dormant] test-mock-player left the game
[06:45:27] [Server thread/INFO] (Minecraft) test-mock-player lost connection: Server closed
[06:45:27] [Server thread/INFO] (Minecraft) [Unmarked] test-mock-player left the game
[06:45:27] [Server thread/INFO] (Minecraft) test-mock-player lost connection: Server closed
[06:45:27] [Server thread/INFO] (Minecraft) [Dormant] test-mock-player left the game
[06:45:27] [Server thread/INFO] (Minecraft) test-mock-player lost connection: Server closed
[06:45:27] [Server thread/INFO] (Minecraft) [Dormant] test-mock-player left the game
[06:45:27] [Server thread/INFO] (Minecraft) test-mock-player lost connection: Server closed
[06:45:27] [Server thread/INFO] (Minecraft) [Dormant] test-mock-player left the game
[06:45:27] [Server thread/INFO] (Minecraft) test-mock-player lost connection: Server closed
[06:45:27] [Server thread/INFO] (Minecraft) [Dormant] test-mock-player left the game
[06:45:27] [Server thread/INFO] (Minecraft) test-mock-player lost connection: Server closed
[06:45:27] [Server thread/INFO] (Minecraft) [Dormant] test-mock-player left the game
[06:45:27] [Server thread/INFO] (Minecraft) test-mock-player lost connection: Server closed
[06:45:27] [Server thread/INFO] (Minecraft) [Dormant] test-mock-player left the game
[06:45:27] [Server thread/INFO] (Minecraft) test-mock-player lost connection: Server closed
[06:45:27] [Server thread/INFO] (Minecraft) [Dormant] test-mock-player left the game
[06:45:27] [Server thread/INFO] (Minecraft) test-mock-player lost connection: Server closed
[06:45:27] [Server thread/INFO] (Minecraft) [Dormant] test-mock-player left the game
[06:45:27] [Server thread/INFO] (Minecraft) test-mock-player lost connection: Server closed
[06:45:27] [Server thread/INFO] (Minecraft) [Unmarked] test-mock-player left the game
[06:45:27] [Server thread/INFO] (Minecraft) test-mock-player lost connection: Server closed
[06:45:27] [Server thread/INFO] (Minecraft) [Dormant] test-mock-player left the game
[06:45:27] [Server thread/INFO] (Minecraft) test-mock-player lost connection: Server closed
[06:45:27] [Server thread/INFO] (Minecraft) [Dormant] test-mock-player left the game
[06:45:27] [Server thread/INFO] (Minecraft) test-mock-player lost connection: Server closed
[06:45:27] [Server thread/INFO] (Minecraft) [Dormant] test-mock-player left the game
[06:45:27] [Server thread/INFO] (Minecraft) test-mock-player lost connection: Server closed
[06:45:27] [Server thread/INFO] (Minecraft) [Dormant] test-mock-player left the game
[06:45:27] [Server thread/INFO] (Minecraft) test-mock-player lost connection: Server closed
[06:45:27] [Server thread/INFO] (Minecraft) [Dormant] test-mock-player left the game
[06:45:27] [Server thread/INFO] (Minecraft) test-mock-player lost connection: Server closed
[06:45:27] [Server thread/INFO] (Minecraft) [Dormant] test-mock-player left the game
[06:45:27] [Server thread/INFO] (Minecraft) test-mock-player lost connection: Server closed
[06:45:27] [Server thread/INFO] (Minecraft) [Dormant] test-mock-player left the game
[06:45:27] [Server thread/INFO] (Minecraft) test-mock-player lost connection: Server closed
[06:45:27] [Server thread/INFO] (Minecraft) [Dormant] test-mock-player left the game
[06:45:27] [Server thread/INFO] (Minecraft) test-mock-player lost connection: Server closed
[06:45:27] [Server thread/INFO] (Minecraft) [Unmarked] test-mock-player left the game
[06:45:27] [Server thread/INFO] (Minecraft) test-mock-player lost connection: Server closed
[06:45:27] [Server thread/INFO] (Minecraft) [Unmarked] test-mock-player left the game
[06:45:27] [Server thread/INFO] (Minecraft) test-mock-player lost connection: Server closed
[06:45:27] [Server thread/INFO] (Minecraft) [Dormant] test-mock-player left the game
[06:45:27] [Server thread/INFO] (Minecraft) test-mock-player lost connection: Server closed
[06:45:27] [Server thread/INFO] (Minecraft) [Dormant] test-mock-player left the game
[06:45:27] [Server thread/INFO] (Minecraft) test-mock-player lost connection: Server closed
[06:45:27] [Server thread/INFO] (Minecraft) [Dormant] test-mock-player left the game
[06:45:27] [Server thread/INFO] (Minecraft) test-mock-player lost connection: Server closed
[06:45:27] [Server thread/INFO] (Minecraft) [Unmarked] test-mock-player left the game
[06:45:27] [Server thread/INFO] (Minecraft) test-mock-player lost connection: Server closed
[06:45:27] [Server thread/INFO] (Minecraft) [Dormant] test-mock-player left the game
[06:45:27] [Server thread/INFO] (Minecraft) test-mock-player lost connection: Server closed
[06:45:27] [Server thread/INFO] (Minecraft) [Dormant] test-mock-player left the game
[06:45:27] [Server thread/INFO] (Minecraft) test-mock-player lost connection: Server closed
[06:45:27] [Server thread/INFO] (Minecraft) [Dormant] test-mock-player left the game
[06:45:27] [Server thread/INFO] (Minecraft) test-mock-player lost connection: Server closed
[06:45:27] [Server thread/INFO] (Minecraft) [Dormant] test-mock-player left the game
[06:45:27] [Server thread/INFO] (Minecraft) test-mock-player lost connection: Server closed
[06:45:27] [Server thread/INFO] (Minecraft) [Dormant] test-mock-player left the game
[06:45:27] [Server thread/INFO] (Minecraft) test-mock-player lost connection: Server closed
[06:45:27] [Server thread/INFO] (Minecraft) [Dormant] test-mock-player left the game
[06:45:27] [Server thread/INFO] (Minecraft) test-mock-player lost connection: Server closed
[06:45:27] [Server thread/INFO] (Minecraft) [Dormant] test-mock-player left the game
[06:45:27] [Server thread/INFO] (Minecraft) test-mock-player lost connection: Server closed
[06:45:27] [Server thread/INFO] (Minecraft) [Dormant] test-mock-player left the game
[06:45:27] [Server thread/INFO] (Minecraft) test-mock-player lost connection: Server closed
[06:45:27] [Server thread/INFO] (Minecraft) [Dormant] test-mock-player left the game
[06:45:27] [Server thread/INFO] (Minecraft) test-mock-player lost connection: Server closed
[06:45:27] [Server thread/INFO] (Minecraft) [Dormant] test-mock-player left the game
[06:45:27] [Server thread/INFO] (Minecraft) test-mock-player lost connection: Server closed
[06:45:27] [Server thread/INFO] (Minecraft) [Dormant] test-mock-player left the game
[06:45:27] [Server thread/INFO] (Minecraft) test-mock-player lost connection: Server closed
[06:45:27] [Server thread/INFO] (Minecraft) [Dormant] test-mock-player left the game
[06:45:27] [Server thread/INFO] (Minecraft) test-mock-player lost connection: Server closed
[06:45:27] [Server thread/INFO] (Minecraft) [Dormant] test-mock-player left the game
[06:45:27] [Server thread/INFO] (Minecraft) test-mock-player lost connection: Server closed
[06:45:27] [Server thread/INFO] (Minecraft) [Dormant] test-mock-player left the game
[06:45:27] [Server thread/INFO] (Minecraft) test-mock-player lost connection: Server closed
[06:45:27] [Server thread/INFO] (Minecraft) [Dormant] test-mock-player left the game
[06:45:27] [Server thread/INFO] (Minecraft) test-mock-player lost connection: Server closed
[06:45:27] [Server thread/INFO] (Minecraft) [Dormant] test-mock-player left the game
[06:45:27] [Server thread/INFO] (Minecraft) test-mock-player lost connection: Server closed
[06:45:27] [Server thread/INFO] (Minecraft) [Dormant] test-mock-player left the game
[06:45:27] [Server thread/INFO] (Minecraft) test-mock-player lost connection: Server closed
[06:45:27] [Server thread/INFO] (Minecraft) [Dormant] test-mock-player left the game
[06:45:27] [Server thread/INFO] (Minecraft) test-mock-player lost connection: Server closed
[06:45:27] [Server thread/INFO] (Minecraft) [Dormant] test-mock-player left the game
[06:45:27] [Server thread/INFO] (Minecraft) test-mock-player lost connection: Server closed
[06:45:27] [Server thread/INFO] (Minecraft) [Dormant] test-mock-player left the game
[06:45:27] [Server thread/INFO] (Minecraft) test-mock-player lost connection: Server closed
[06:45:27] [Server thread/INFO] (Minecraft) [Dormant] test-mock-player left the game
[06:45:27] [Server thread/INFO] (Minecraft) test-mock-player lost connection: Server closed
[06:45:27] [Server thread/INFO] (Minecraft) [Dormant] test-mock-player left the game
[06:45:27] [Server thread/INFO] (Minecraft) test-mock-player lost connection: Server closed
[06:45:27] [Server thread/INFO] (Minecraft) [Unmarked] test-mock-player left the game
[06:45:27] [Server thread/INFO] (Minecraft) test-mock-player lost connection: Server closed
[06:45:27] [Server thread/INFO] (Minecraft) [Unmarked] test-mock-player left the game
[06:45:27] [Server thread/INFO] (Minecraft) test-mock-player lost connection: Server closed
[06:45:27] [Server thread/INFO] (Minecraft) [Unmarked] test-mock-player left the game
[06:45:27] [Server thread/INFO] (Minecraft) test-mock-player lost connection: Server closed
[06:45:27] [Server thread/INFO] (Minecraft) [Dormant] test-mock-player left the game
[06:45:27] [Server thread/INFO] (Minecraft) test-mock-player lost connection: Server closed
[06:45:27] [Server thread/INFO] (Minecraft) [Dormant] test-mock-player left the game
[06:45:27] [Server thread/INFO] (Minecraft) test-mock-player lost connection: Server closed
[06:45:27] [Server thread/INFO] (Minecraft) [Nightfall] test-mock-player left the game
[06:45:27] [Server thread/INFO] (Minecraft) test-mock-player lost connection: Server closed
[06:45:27] [Server thread/INFO] (Minecraft) [Dormant] test-mock-player left the game
[06:45:27] [Server thread/INFO] (Minecraft) test-mock-player lost connection: Server closed
[06:45:27] [Server thread/INFO] (Minecraft) [Dormant] test-mock-player left the game
[06:45:27] [Server thread/INFO] (Minecraft) test-mock-player lost connection: Server closed
[06:45:27] [Server thread/INFO] (Minecraft) [Dormant] test-mock-player left the game
[06:45:27] [Server thread/INFO] (Minecraft) test-mock-player lost connection: Server closed
[06:45:27] [Server thread/INFO] (Minecraft) [Dormant] test-mock-player left the game
[06:45:27] [Server thread/INFO] (Minecraft) test-mock-player lost connection: Server closed
[06:45:27] [Server thread/INFO] (Minecraft) [Dormant] test-mock-player left the game
[06:45:27] [Server thread/INFO] (Minecraft) test-mock-player lost connection: Server closed
[06:45:27] [Server thread/INFO] (Minecraft) [Dormant] test-mock-player left the game
[06:45:27] [Server thread/INFO] (Minecraft) test-mock-player lost connection: Server closed
[06:45:27] [Server thread/INFO] (Minecraft) [Dormant] test-mock-player left the game
[06:45:27] [Server thread/INFO] (Minecraft) test-mock-player lost connection: Server closed
[06:45:27] [Server thread/INFO] (Minecraft) [Dormant] test-mock-player left the game
[06:45:27] [Server thread/INFO] (Minecraft) test-mock-player lost connection: Server closed
[06:45:27] [Server thread/INFO] (Minecraft) [Dormant] test-mock-player left the game
[06:45:27] [Server thread/INFO] (Minecraft) test-mock-player lost connection: Server closed
[06:45:27] [Server thread/INFO] (Minecraft) [Dormant] test-mock-player left the game
[06:45:27] [Server thread/INFO] (Minecraft) test-mock-player lost connection: Server closed
[06:45:27] [Server thread/INFO] (Minecraft) [Unmarked] test-mock-player left the game
[06:45:27] [Server thread/INFO] (Minecraft) test-mock-player lost connection: Server closed
[06:45:27] [Server thread/INFO] (Minecraft) [Dormant] test-mock-player left the game
[06:45:27] [Server thread/INFO] (Minecraft) test-mock-player lost connection: Server closed
[06:45:27] [Server thread/INFO] (Minecraft) [Dormant] test-mock-player left the game
[06:45:27] [Server thread/INFO] (Minecraft) test-mock-player lost connection: Server closed
[06:45:27] [Server thread/INFO] (Minecraft) [Dormant] test-mock-player left the game
[06:45:27] [Server thread/INFO] (Minecraft) test-mock-player lost connection: Server closed
[06:45:27] [Server thread/INFO] (Minecraft) [Dormant] test-mock-player left the game
[06:45:27] [Server thread/INFO] (Minecraft) test-mock-player lost connection: Server closed
[06:45:27] [Server thread/INFO] (Minecraft) [Dormant] test-mock-player left the game
[06:45:27] [Server thread/INFO] (Minecraft) test-mock-player lost connection: Server closed
[06:45:27] [Server thread/INFO] (Minecraft) [Dormant] test-mock-player left the game
[06:45:27] [Server thread/INFO] (Minecraft) test-mock-player lost connection: Server closed
[06:45:27] [Server thread/INFO] (Minecraft) [Dormant] test-mock-player left the game
[06:45:27] [Server thread/INFO] (Minecraft) test-mock-player lost connection: Server closed
[06:45:27] [Server thread/INFO] (Minecraft) [Dormant] test-mock-player left the game
[06:45:27] [Server thread/INFO] (Minecraft) test-mock-player lost connection: Server closed
[06:45:27] [Server thread/INFO] (Minecraft) [Dormant] test-mock-player left the game
[06:45:27] [Server thread/INFO] (Minecraft) test-mock-player lost connection: Server closed
[06:45:27] [Server thread/INFO] (Minecraft) [Dormant] test-mock-player left the game
[06:45:27] [Server thread/INFO] (Minecraft) Saving worlds
[06:45:27] [Server thread/INFO] (Minecraft) Saving chunks for level 'ServerLevel[Test Level]'/minecraft:overworld
[06:45:28] [Server thread/INFO] (Minecraft) Saving chunks for level 'ServerLevel[Test Level]'/powers:dark_realm
[06:45:28] [Server thread/INFO] (Minecraft) Saving chunks for level 'ServerLevel[Test Level]'/minecraft:the_nether
[06:45:28] [Server thread/INFO] (Minecraft) Saving chunks for level 'ServerLevel[Test Level]'/minecraft:the_end
[06:45:28] [Server thread/INFO] (Minecraft) Saving chunks for level 'ServerLevel[Test Level]'/powers:light_realm
[06:45:28] [Server thread/INFO] (Minecraft) Saving chunks for level 'ServerLevel[Test Level]'/qa010_hostile:synthetic
[06:45:28] [Server thread/INFO] (Minecraft) ThreadedAnvilChunkStorage (world): All chunks are saved
[06:45:28] [Server thread/INFO] (Minecraft) ThreadedAnvilChunkStorage (dark_realm): All chunks are saved
[06:45:28] [Server thread/INFO] (Minecraft) ThreadedAnvilChunkStorage (DIM-1): All chunks are saved
[06:45:28] [Server thread/INFO] (Minecraft) ThreadedAnvilChunkStorage (DIM1): All chunks are saved
[06:45:28] [Server thread/INFO] (Minecraft) ThreadedAnvilChunkStorage (light_realm): All chunks are saved
[06:45:28] [Server thread/INFO] (Minecraft) ThreadedAnvilChunkStorage (synthetic): All chunks are saved
[06:45:28] [Server thread/INFO] (Minecraft) ThreadedAnvilChunkStorage: All dimensions are saved
[06:45:28] [Server thread/INFO] (Minecraft) Game test server shutting down

> Task :compileTestJava
> Task :processTestResources
> Task :testClasses
WARNING: A terminally deprecated method in sun.misc.Unsafe has been called
WARNING: sun.misc.Unsafe::objectFieldOffset has been called by org.joml.MemUtil$MemUtilUnsafe (file:<home>/.gradle/caches/modules-2/files-2.1/org.joml/joml/1.10.8/fc0a71dad90a2cf41d82a76156a0e700af8e4f8d/joml-1.10.8.jar)
WARNING: Please consider reporting this to the maintainers of class org.joml.MemUtil$MemUtilUnsafe
WARNING: sun.misc.Unsafe::objectFieldOffset will be removed in a future release
> Task :test

> Task :testPythonScripts
..........................................................................................................................................................[0012] [Server thread/INFO]: SoakClient left the game
......................................................................................
----------------------------------------------------------------------
Ran 240 tests in 60.574s

OK

> Task :validateAccessWidener NO-SOURCE

> Task :validatePowerResources
POWERS resource validation passed

> Task :verifyItemDocs
> Task :verifyMagicDocs
> Task :verifyRankDocs
> Task :verifyVfxAssetAudit
> Task :check

BUILD SUCCESSFUL in 3m 13s
24 actionable tasks: 24 executed
INT-008 aggregate postflight verified: aaff0b0f88312b66d232f6e1f4ef0741a8690928; clean=true
INT-008 JUnit capture verified: files=424; tests=1836; sha256=594d4f37feab9c9ed2811051ab3853c02624e13ba0f9b20a1fc92f391d10c5a6
Retained JUnit capture: /tmp/powers-int008-aaff0b0f-junit.8OcZZJ
