screenshot	sha256	content_path
0053_vfx011-items-evidence-gui-mip4-normal-page01.png	cc92403f7e2a4020bbc645ea52605cd8502ada27acad6bfc54076fb208d0b40b	client-raw/cc92403f7e2a4020bbc645ea52605cd8502ada27acad6bfc54076fb208d0b40b.png
0054_vfx011-items-evidence-gui-mip4-normal-page02.png	244028eaec8d39dbce4f289bbd6bb39931aa2b57885e90159d2d89dc35e0a963	client-raw/244028eaec8d39dbce4f289bbd6bb39931aa2b57885e90159d2d89dc35e0a963.png
0055_vfx011-items-evidence-gui-mip4-normal-page03.png	00dcc24d396bc20efea3c332048d8fd524e90a8b09c57a5cc1fe212047b44e67	client-raw/00dcc24d396bc20efea3c332048d8fd524e90a8b09c57a5cc1fe212047b44e67.png
0056_vfx011-items-evidence-gui-mip4-normal-page04.png	5c44e13c2bb6bd5bc5352b24c7487d7db939f2bdb13aa3d9ff99c2921d52fc26	client-raw/5c44e13c2bb6bd5bc5352b24c7487d7db939f2bdb13aa3d9ff99c2921d52fc26.png
0057_vfx011-items-evidence-gui-mip4-normal-page05.png	188483fa902b83b9f7e153e4af23bdd2f16f0e6bd0dd51cb191cfab0a3a17333	client-raw/188483fa902b83b9f7e153e4af23bdd2f16f0e6bd0dd51cb191cfab0a3a17333.png
0058_vfx011-items-evidence-ground-mip4-normal-page01.png	80af99b6d507899c3c3af4fddd09182e2bc27275154c1e57b0c4614267af25c9	client-raw/80af99b6d507899c3c3af4fddd09182e2bc27275154c1e57b0c4614267af25c9.png
0059_vfx011-items-evidence-ground-mip4-normal-page02.png	37fb42a3550a635f2e9e367df2367d8d8db2c3cb2f2702cebf3c76ddbb5d1e6d	client-raw/37fb42a3550a635f2e9e367df2367d8d8db2c3cb2f2702cebf3c76ddbb5d1e6d.png
0060_vfx011-items-evidence-ground-mip4-normal-page03.png	5a6d0516870a8ce3edc221d13f1478cde899476d4a7a300202f8a0053209144b	client-raw/5a6d0516870a8ce3edc221d13f1478cde899476d4a7a300202f8a0053209144b.png
0061_vfx011-items-evidence-ground-mip4-normal-page04.png	f67ee7aa70cb8b825f9d79660c8334df7cabb00a097b36f7e4cb270f66c4a89a	client-raw/f67ee7aa70cb8b825f9d79660c8334df7cabb00a097b36f7e4cb270f66c4a89a.png
0062_vfx011-items-evidence-ground-mip4-normal-page05.png	07d4c91ac7704cfbceb08dd4dba21a475c8e5661a874a50e6358441ca1edbfbf	client-raw/07d4c91ac7704cfbceb08dd4dba21a475c8e5661a874a50e6358441ca1edbfbf.png
0063_vfx011-items-evidence-firstperson_lefthand-mip4-normal-page01.png	48ebf993e2f88e1b2dcfa65271433b73f8f2c12fefad2900de8da34c3684da0d	client-raw/48ebf993e2f88e1b2dcfa65271433b73f8f2c12fefad2900de8da34c3684da0d.png
0064_vfx011-items-evidence-firstperson_lefthand-mip4-normal-page02.png	4d41fc8bcd6254557d9178ca841fdc8e92f9d52fcc571492abd9e2a6b99d539e	client-raw/4d41fc8bcd6254557d9178ca841fdc8e92f9d52fcc571492abd9e2a6b99d539e.png
0065_vfx011-items-evidence-firstperson_lefthand-mip4-normal-page03.png	d9bfcd8aea3be88c9835bd68d8e94a8c93f048f38518cfd15f62bbf1bfcf734a	client-raw/d9bfcd8aea3be88c9835bd68d8e94a8c93f048f38518cfd15f62bbf1bfcf734a.png
0066_vfx011-items-evidence-firstperson_lefthand-mip4-normal-page04.png	7954d9cda6b0fe0091c459609160bb46ec1a9776a4044e41b512d0e27a310301	client-raw/7954d9cda6b0fe0091c459609160bb46ec1a9776a4044e41b512d0e27a310301.png
0067_vfx011-items-evidence-firstperson_lefthand-mip4-normal-page05.png	383dba9e7bc1e981636e5bfed79bc2381704b92b20b29f7d412ad89076449a23	client-raw/383dba9e7bc1e981636e5bfed79bc2381704b92b20b29f7d412ad89076449a23.png
0068_vfx011-items-evidence-firstperson_righthand-mip4-normal-page01.png	5caaef2ba595a1d73a4839d6ec01e135b4c9ed341362a3744bae6cec93da9a34	client-raw/5caaef2ba595a1d73a4839d6ec01e135b4c9ed341362a3744bae6cec93da9a34.png
0069_vfx011-items-evidence-firstperson_righthand-mip4-normal-page02.png	5f51e20a57aaf6e3fd96090ddab4dc346f88a67bb7cc9c7704982ccbe24d58e8	client-raw/5f51e20a57aaf6e3fd96090ddab4dc346f88a67bb7cc9c7704982ccbe24d58e8.png
0070_vfx011-items-evidence-firstperson_righthand-mip4-normal-page03.png	a21461ebfcd3c68676da133be89e460bcee1d7c27add2415c12baa3c01b54bde	client-raw/a21461ebfcd3c68676da133be89e460bcee1d7c27add2415c12baa3c01b54bde.png
0071_vfx011-items-evidence-firstperson_righthand-mip4-normal-page04.png	a7898ac5040012009e8917fbfa7e8b2fff5ba51082777e6bbda22a37f2e72b39	client-raw/a7898ac5040012009e8917fbfa7e8b2fff5ba51082777e6bbda22a37f2e72b39.png
0072_vfx011-items-evidence-firstperson_righthand-mip4-normal-page05.png	cb0cfb8b45aa15487929a0eecceb0a6b763f1ebfd418a53468c4bb16fcedf4a2	client-raw/cb0cfb8b45aa15487929a0eecceb0a6b763f1ebfd418a53468c4bb16fcedf4a2.png
0073_vfx011-items-evidence-thirdperson_lefthand-mip4-normal-page01.png	4b1c65d25c351e7590c176d6b78167922232ab691d7e7cd714ac9de966166511	client-raw/4b1c65d25c351e7590c176d6b78167922232ab691d7e7cd714ac9de966166511.png
0074_vfx011-items-evidence-thirdperson_lefthand-mip4-normal-page02.png	4357cf156cba0c0b41bce103cbe4e315dea13199fa42aee58ed0f85484fd8298	client-raw/4357cf156cba0c0b41bce103cbe4e315dea13199fa42aee58ed0f85484fd8298.png
0075_vfx011-items-evidence-thirdperson_lefthand-mip4-normal-page03.png	b95aa59860b9499ccc0b44215aff5af7c51891e3236c3e42d68d304675b1939b	client-raw/b95aa59860b9499ccc0b44215aff5af7c51891e3236c3e42d68d304675b1939b.png
0076_vfx011-items-evidence-thirdperson_lefthand-mip4-normal-page04.png	bd8c40f186cd51e2f741c92169d04a1310a113aeed739fa5eaae39ab508f1064	client-raw/bd8c40f186cd51e2f741c92169d04a1310a113aeed739fa5eaae39ab508f1064.png
0077_vfx011-items-evidence-thirdperson_lefthand-mip4-normal-page05.png	0d09ca1d6b3ecb3362e2a21322f672aecbf4268071f32914cd12ada619616559	client-raw/0d09ca1d6b3ecb3362e2a21322f672aecbf4268071f32914cd12ada619616559.png
0078_vfx011-items-evidence-thirdperson_righthand-mip4-normal-page01.png	6d488856409d63303cf02dabba205a93ce9d96a989847f7deeaa379c4620a5b6	client-raw/6d488856409d63303cf02dabba205a93ce9d96a989847f7deeaa379c4620a5b6.png
0079_vfx011-items-evidence-thirdperson_righthand-mip4-normal-page02.png	fd716f2caa7d4689a588285bcd30172a14ea7393a300bd51e983bc3130473591	client-raw/fd716f2caa7d4689a588285bcd30172a14ea7393a300bd51e983bc3130473591.png
0080_vfx011-items-evidence-thirdperson_righthand-mip4-normal-page03.png	f76347eae2bac6da265592474b246d707e3fc2dc8af89047b32e2f3566a9734b	client-raw/f76347eae2bac6da265592474b246d707e3fc2dc8af89047b32e2f3566a9734b.png
0081_vfx011-items-evidence-thirdperson_righthand-mip4-normal-page04.png	391bac4396a241252672c92589f951592d709646deed11103270c68a79b629c6	client-raw/391bac4396a241252672c92589f951592d709646deed11103270c68a79b629c6.png
0082_vfx011-items-evidence-thirdperson_righthand-mip4-normal-page05.png	afb33de9c4fadf3c3933574641800251ca58e0e68e70d8f8be52828848026d56	client-raw/afb33de9c4fadf3c3933574641800251ca58e0e68e70d8f8be52828848026d56.png
0083_vfx011-items-evidence-fixed-mip4-normal-page01.png	915f64db1eed71edc26601f782c2b1ec6d7a044d95695c4bb07500e503e1d5c3	client-raw/915f64db1eed71edc26601f782c2b1ec6d7a044d95695c4bb07500e503e1d5c3.png
0084_vfx011-items-evidence-fixed-mip4-normal-page02.png	63b1ec2bd8e3d0aabc9fe110256d055b7272e9c73a36dfbdf2d804d4b2f51361	client-raw/63b1ec2bd8e3d0aabc9fe110256d055b7272e9c73a36dfbdf2d804d4b2f51361.png
0085_vfx011-items-evidence-fixed-mip4-normal-page03.png	0460e99e12acb3e024185aa31fd6de686769875d5036382985fc755ab62c2c5f	client-raw/0460e99e12acb3e024185aa31fd6de686769875d5036382985fc755ab62c2c5f.png
0086_vfx011-items-evidence-fixed-mip4-normal-page04.png	969dab918362736f85c71e2f4e67e4a15f7bd25a7e0ccfe8b97aa1909c310a06	client-raw/969dab918362736f85c71e2f4e67e4a15f7bd25a7e0ccfe8b97aa1909c310a06.png
0087_vfx011-items-evidence-fixed-mip4-normal-page05.png	ff29bb2c0b2d8ca6d0139bc000033e6b341a0753fc5c989fedc8cac246cdbc8d	client-raw/ff29bb2c0b2d8ca6d0139bc000033e6b341a0753fc5c989fedc8cac246cdbc8d.png
0088_vfx011-items-evidence-head-mip4-normal-page01.png	b5f22ce5ad0ccc3a74dcf4626fd91599c5edb702ce74f5956f1c01d8e820e14f	client-raw/b5f22ce5ad0ccc3a74dcf4626fd91599c5edb702ce74f5956f1c01d8e820e14f.png
0089_vfx011-items-evidence-head-mip4-normal-page02.png	008038febb80c501666524725324df09cbf5b9727cff763859c0718cb42d1c13	client-raw/008038febb80c501666524725324df09cbf5b9727cff763859c0718cb42d1c13.png
0090_vfx011-items-evidence-head-mip4-normal-page03.png	d905f83a16f790d5c3e2e7927f9f07d03ce027d4fdf16c9f892192a7effbbf40	client-raw/d905f83a16f790d5c3e2e7927f9f07d03ce027d4fdf16c9f892192a7effbbf40.png
0091_vfx011-items-evidence-head-mip4-normal-page04.png	d1813b240d853b246edb753bbaecb461024b51b336b010e33dfb3e3f753ae57d	client-raw/d1813b240d853b246edb753bbaecb461024b51b336b010e33dfb3e3f753ae57d.png
0092_vfx011-items-evidence-head-mip4-normal-page05.png	a26a20a7f0285b9c3d68cf09a557abd34cbc8c549be8de2f099c8c4e4cf0a508	client-raw/a26a20a7f0285b9c3d68cf09a557abd34cbc8c549be8de2f099c8c4e4cf0a508.png
0093_vfx011-items-evidence-on_shelf-mip4-normal-page01.png	5742be10014adeea06bcbc1bc50d7b31569fbfb267b094d3d00bd87540f713b5	client-raw/5742be10014adeea06bcbc1bc50d7b31569fbfb267b094d3d00bd87540f713b5.png
0094_vfx011-items-configuration-gui-mip0-normal-page01.png	3073c9000c139b45bf5dd509da08f9c003721fdcf36c345f7183cab62633f7cb	client-raw/3073c9000c139b45bf5dd509da08f9c003721fdcf36c345f7183cab62633f7cb.png
0095_vfx011-items-configuration-gui-mip0-normal-page02.png	f6ff12c88209e912212c436e816799a0277ff9e9ed11fa0f33a1aaeeb35fa361	client-raw/f6ff12c88209e912212c436e816799a0277ff9e9ed11fa0f33a1aaeeb35fa361.png
0096_vfx011-items-configuration-gui-mip0-normal-page03.png	9dbc73653910f47dfcef2930cb8b82339b2871401fccb4f0e290d7579fe69f1d	client-raw/9dbc73653910f47dfcef2930cb8b82339b2871401fccb4f0e290d7579fe69f1d.png
0097_vfx011-items-configuration-gui-mip0-normal-page04.png	fe52fb47f8ddb8fe31f849d3ae39d2c1b5b4475b83fbc773e40734366b0fd196	client-raw/fe52fb47f8ddb8fe31f849d3ae39d2c1b5b4475b83fbc773e40734366b0fd196.png
0098_vfx011-items-configuration-gui-mip0-normal-page05.png	03adbcf18a38c3333ccb1416c3c667349cf7753aeb6b4c6c0dc942e332cdfe4f	client-raw/03adbcf18a38c3333ccb1416c3c667349cf7753aeb6b4c6c0dc942e332cdfe4f.png
0099_vfx011-items-configuration-ground-mip0-normal-page01.png	7f6b04f85ccb1480c4cbd1b3b274a91647b55885d88b513344db01fda410f5cd	client-raw/7f6b04f85ccb1480c4cbd1b3b274a91647b55885d88b513344db01fda410f5cd.png
0100_vfx011-items-configuration-ground-mip0-normal-page02.png	ea237601ce2678b58c5ca8dfefadf97f676add55107c16e99978dd3ae2257eba	client-raw/ea237601ce2678b58c5ca8dfefadf97f676add55107c16e99978dd3ae2257eba.png
0101_vfx011-items-configuration-ground-mip0-normal-page03.png	54ed2dd859b5d6a41c07e9f54da0844fc33ca804148f48439b8bb466cb2db94d	client-raw/54ed2dd859b5d6a41c07e9f54da0844fc33ca804148f48439b8bb466cb2db94d.png
0102_vfx011-items-configuration-ground-mip0-normal-page04.png	476ae54bba625a0745be388d2ef56100552caab92ff2b416dad98a622b882a08	client-raw/476ae54bba625a0745be388d2ef56100552caab92ff2b416dad98a622b882a08.png
0103_vfx011-items-configuration-ground-mip0-normal-page05.png	716c7943daf1aaf078c11ceeb674e009160d0df6dd45c93331e588ae29c0e168	client-raw/716c7943daf1aaf078c11ceeb674e009160d0df6dd45c93331e588ae29c0e168.png
0104_vfx011-items-configuration-firstperson_lefthand-mip0-normal-page01.png	5c6d2ce27947d96a2d74362abdaffae4471509169e79ad2b408613663f3aa794	client-raw/5c6d2ce27947d96a2d74362abdaffae4471509169e79ad2b408613663f3aa794.png
0105_vfx011-items-configuration-firstperson_lefthand-mip0-normal-page02.png	ef175809986a6bac2e2467f8ed403028b888388b7118fc94ff55ed75b24978b1	client-raw/ef175809986a6bac2e2467f8ed403028b888388b7118fc94ff55ed75b24978b1.png
0106_vfx011-items-configuration-firstperson_lefthand-mip0-normal-page03.png	12bf77ebd382cc19906f69caffee817951d82b6fbd5c7f2086cc121483d8db38	client-raw/12bf77ebd382cc19906f69caffee817951d82b6fbd5c7f2086cc121483d8db38.png
0107_vfx011-items-configuration-firstperson_lefthand-mip0-normal-page04.png	39c803cf7581a507a3d90e6962049f7f77e12334bf04ed3c4fea2843b670d258	client-raw/39c803cf7581a507a3d90e6962049f7f77e12334bf04ed3c4fea2843b670d258.png
0108_vfx011-items-configuration-firstperson_lefthand-mip0-normal-page05.png	aee31e0b2875da55b1f8e198424605339d93773df4eb4f436e61e0accf59a5a3	client-raw/aee31e0b2875da55b1f8e198424605339d93773df4eb4f436e61e0accf59a5a3.png
0109_vfx011-items-configuration-firstperson_righthand-mip0-normal-page01.png	4a0958b3d7e8120a346aac747ada3af7e97d035505e3e06811cb816f6e0e8045	client-raw/4a0958b3d7e8120a346aac747ada3af7e97d035505e3e06811cb816f6e0e8045.png
0110_vfx011-items-configuration-firstperson_righthand-mip0-normal-page02.png	dab0a1583b8212ae5c50ef1c9696cbea571d1073c767f36b706e8710f2b9979d	client-raw/dab0a1583b8212ae5c50ef1c9696cbea571d1073c767f36b706e8710f2b9979d.png
0111_vfx011-items-configuration-firstperson_righthand-mip0-normal-page03.png	ff200bda18d633fa723e76e125dc1f6cc2438bef390a9ee3b23d083fc9fe35f9	client-raw/ff200bda18d633fa723e76e125dc1f6cc2438bef390a9ee3b23d083fc9fe35f9.png
0112_vfx011-items-configuration-firstperson_righthand-mip0-normal-page04.png	9dfab3ba2c970c63c84c0533fb855ad942575c567b28aba977c174a49256729f	client-raw/9dfab3ba2c970c63c84c0533fb855ad942575c567b28aba977c174a49256729f.png
0113_vfx011-items-configuration-firstperson_righthand-mip0-normal-page05.png	296e89eaff4a3b4e0d0d4cc78370ac5f2a601017130d12dbe48512fd64569d45	client-raw/296e89eaff4a3b4e0d0d4cc78370ac5f2a601017130d12dbe48512fd64569d45.png
0114_vfx011-items-configuration-thirdperson_lefthand-mip0-normal-page01.png	08c05f9a0883e2e344a37d585230a4980a235e8472ba0f1bda701c87ac0e3e5f	client-raw/08c05f9a0883e2e344a37d585230a4980a235e8472ba0f1bda701c87ac0e3e5f.png
0115_vfx011-items-configuration-thirdperson_lefthand-mip0-normal-page02.png	8df96650e6effeafc795624f6a3a8f25d59e19c82a330a7f7758649670de368a	client-raw/8df96650e6effeafc795624f6a3a8f25d59e19c82a330a7f7758649670de368a.png
0116_vfx011-items-configuration-thirdperson_lefthand-mip0-normal-page03.png	05dd268bd078d3870a0f6dd601a7b363fa48fec0ed424abc78a61f5fd4670dec	client-raw/05dd268bd078d3870a0f6dd601a7b363fa48fec0ed424abc78a61f5fd4670dec.png
0117_vfx011-items-configuration-thirdperson_lefthand-mip0-normal-page04.png	581df2436b6ab38d67676fd05e0ddfdd6fe0d7e9cf76579d0d52a23fa62e8dd3	client-raw/581df2436b6ab38d67676fd05e0ddfdd6fe0d7e9cf76579d0d52a23fa62e8dd3.png
0118_vfx011-items-configuration-thirdperson_lefthand-mip0-normal-page05.png	ae8ac6e2341527c54da7fa313e3c1ab0db624aa3547f6c8fbfb85f47cc064efc	client-raw/ae8ac6e2341527c54da7fa313e3c1ab0db624aa3547f6c8fbfb85f47cc064efc.png
0119_vfx011-items-configuration-thirdperson_righthand-mip0-normal-page01.png	8e653c2190f4ce69db3e4ca832b80ae530ce665350a6bf6a22cddd284b434aba	client-raw/8e653c2190f4ce69db3e4ca832b80ae530ce665350a6bf6a22cddd284b434aba.png
0120_vfx011-items-configuration-thirdperson_righthand-mip0-normal-page02.png	ea033be81cc1ed61693c3cc60eea5f4e3b0def1472765266264cbad61d9ec742	client-raw/ea033be81cc1ed61693c3cc60eea5f4e3b0def1472765266264cbad61d9ec742.png
0121_vfx011-items-configuration-thirdperson_righthand-mip0-normal-page03.png	6b7ebb6703987e64b90ad50e0d2db5948ebf0410fff29ce9aef01c57ca450ee8	client-raw/6b7ebb6703987e64b90ad50e0d2db5948ebf0410fff29ce9aef01c57ca450ee8.png
0122_vfx011-items-configuration-thirdperson_righthand-mip0-normal-page04.png	bfded8b9d7a7f1775518edbf0c388e8daec731835d8719d58ab85a792ad82604	client-raw/bfded8b9d7a7f1775518edbf0c388e8daec731835d8719d58ab85a792ad82604.png
0123_vfx011-items-configuration-thirdperson_righthand-mip0-normal-page05.png	54cd9046cb672202e1c4b5db68da5b001b9380f73006dbcb2281592774ba32f8	client-raw/54cd9046cb672202e1c4b5db68da5b001b9380f73006dbcb2281592774ba32f8.png
0124_vfx011-items-configuration-fixed-mip0-normal-page01.png	0ca80f7bc2e53f0908911121abb3b00073f0d56b710cff7eab1cb42e284cb12a	client-raw/0ca80f7bc2e53f0908911121abb3b00073f0d56b710cff7eab1cb42e284cb12a.png
0125_vfx011-items-configuration-fixed-mip0-normal-page02.png	1617ddd0fc06fd12292cdd411dc991854dee70db46f72c41acfb7b94995f9595	client-raw/1617ddd0fc06fd12292cdd411dc991854dee70db46f72c41acfb7b94995f9595.png
0126_vfx011-items-configuration-fixed-mip0-normal-page03.png	2ecdd5ecaeb3e94c29bdc265d5c3f67e77f305aea0102778f2a67300f27b2ec6	client-raw/2ecdd5ecaeb3e94c29bdc265d5c3f67e77f305aea0102778f2a67300f27b2ec6.png
0127_vfx011-items-configuration-fixed-mip0-normal-page04.png	527e79a291197de9f8ce320bc7270b545498f68cf21c6ef5660a39d10d5e1410	client-raw/527e79a291197de9f8ce320bc7270b545498f68cf21c6ef5660a39d10d5e1410.png
0128_vfx011-items-configuration-fixed-mip0-normal-page05.png	07deaa53f4a2cb809587c122838c47632b08b34538d676f8823fd07afbbefd14	client-raw/07deaa53f4a2cb809587c122838c47632b08b34538d676f8823fd07afbbefd14.png
0129_vfx011-items-configuration-head-mip0-normal-page01.png	315b371e2f7a16698355881a97146cc6d642ff60c9676e14e769332c0d0bbf30	client-raw/315b371e2f7a16698355881a97146cc6d642ff60c9676e14e769332c0d0bbf30.png
0130_vfx011-items-configuration-head-mip0-normal-page02.png	cba14f4f8e201ed0d625f321429b441739d697fa264ddf9c9ae2b4f17c7d0055	client-raw/cba14f4f8e201ed0d625f321429b441739d697fa264ddf9c9ae2b4f17c7d0055.png
0131_vfx011-items-configuration-head-mip0-normal-page03.png	6ea5cf1d3eabc90cae5f44b408d1241ca50f4b51c9ad3f9a3cfb3daceac57e08	client-raw/6ea5cf1d3eabc90cae5f44b408d1241ca50f4b51c9ad3f9a3cfb3daceac57e08.png
0132_vfx011-items-configuration-head-mip0-normal-page04.png	48bcaa75c582c841e47070ff5582a9ef390040e5798a66dbf1071c2a418cc103	client-raw/48bcaa75c582c841e47070ff5582a9ef390040e5798a66dbf1071c2a418cc103.png
0133_vfx011-items-configuration-head-mip0-normal-page05.png	d34622fc199990b2822f90af0518500e1d580f11a9fa8fd48bcd8087be0c97d8	client-raw/d34622fc199990b2822f90af0518500e1d580f11a9fa8fd48bcd8087be0c97d8.png
0134_vfx011-items-configuration-on_shelf-mip0-normal-page01.png	aaaab9534de8fb63a3bbfa78c6f0fb272968c32c47082e1d29d3ad9b3d2a4b90	client-raw/aaaab9534de8fb63a3bbfa78c6f0fb272968c32c47082e1d29d3ad9b3d2a4b90.png
0135_vfx011-items-configuration-gui-mip0-reduced-page01.png	5a6c0465cb2373d4df8036e0b930ed3b1b874121225034ba21f5541db8f29490	client-raw/5a6c0465cb2373d4df8036e0b930ed3b1b874121225034ba21f5541db8f29490.png
0136_vfx011-items-configuration-gui-mip0-reduced-page02.png	b05d44cb1ebe01d2ef78dd1c2d2e51df83e21ea38a022cf8968f7c823d372c8a	client-raw/b05d44cb1ebe01d2ef78dd1c2d2e51df83e21ea38a022cf8968f7c823d372c8a.png
0137_vfx011-items-configuration-gui-mip0-reduced-page03.png	887fa2792aca3c33fb0e8c676bf32225079f81e4c4e53ea087b6387c1848c540	client-raw/887fa2792aca3c33fb0e8c676bf32225079f81e4c4e53ea087b6387c1848c540.png
0138_vfx011-items-configuration-gui-mip0-reduced-page04.png	d24bfcfe544fefbf81756d3908ddf51c9ae744b6aa897a7bc97a93cb1b1f57ae	client-raw/d24bfcfe544fefbf81756d3908ddf51c9ae744b6aa897a7bc97a93cb1b1f57ae.png
0139_vfx011-items-configuration-gui-mip0-reduced-page05.png	e7759d574efa856e5ebaa8f7440fab60cd895e8c6a2082d35bcc1ec11dc15fda	client-raw/e7759d574efa856e5ebaa8f7440fab60cd895e8c6a2082d35bcc1ec11dc15fda.png
0140_vfx011-items-configuration-ground-mip0-reduced-page01.png	d88a8756d5d44dc4773af48bb32556b1949e89d9b9f274977a64f78101c20f8c	client-raw/d88a8756d5d44dc4773af48bb32556b1949e89d9b9f274977a64f78101c20f8c.png
0141_vfx011-items-configuration-ground-mip0-reduced-page02.png	12beb8508233a7a7c0a78c8e3ed9b47bbf282566453ead51cfd081a898f2d7eb	client-raw/12beb8508233a7a7c0a78c8e3ed9b47bbf282566453ead51cfd081a898f2d7eb.png
0142_vfx011-items-configuration-ground-mip0-reduced-page03.png	283f68feff3c38cdb6aa79add9aa0850628a622e3ae3780398319d18b758a4e3	client-raw/283f68feff3c38cdb6aa79add9aa0850628a622e3ae3780398319d18b758a4e3.png
0143_vfx011-items-configuration-ground-mip0-reduced-page04.png	2932f2491f789926c15a243ff2cc56222f3c951748b233980bc9afa25bcb40a6	client-raw/2932f2491f789926c15a243ff2cc56222f3c951748b233980bc9afa25bcb40a6.png
0144_vfx011-items-configuration-ground-mip0-reduced-page05.png	6e4b7e33af5782b6acc07d0917d953b6922bab78e97901b7ef08d50abc9cf3d4	client-raw/6e4b7e33af5782b6acc07d0917d953b6922bab78e97901b7ef08d50abc9cf3d4.png
0145_vfx011-items-configuration-firstperson_lefthand-mip0-reduced-page01.png	23d2b00c2da42751e6b781c0df1a0c77fc3811118ff5e33873fe52feba8373eb	client-raw/23d2b00c2da42751e6b781c0df1a0c77fc3811118ff5e33873fe52feba8373eb.png
0146_vfx011-items-configuration-firstperson_lefthand-mip0-reduced-page02.png	b3b5a20562121ee5af367f70b6d063dd803d562c0c130e197a275b36ae12ffe5	client-raw/b3b5a20562121ee5af367f70b6d063dd803d562c0c130e197a275b36ae12ffe5.png
0147_vfx011-items-configuration-firstperson_lefthand-mip0-reduced-page03.png	ab93dfabd5529886015c209e336c056d4b1cb3eff87f25b478ea7d44753a4938	client-raw/ab93dfabd5529886015c209e336c056d4b1cb3eff87f25b478ea7d44753a4938.png
0148_vfx011-items-configuration-firstperson_lefthand-mip0-reduced-page04.png	2e3e9ee556a2590e52c31a31f390f297c3a04fb6f3c7ff93c52cd0c1d5d6c75c	client-raw/2e3e9ee556a2590e52c31a31f390f297c3a04fb6f3c7ff93c52cd0c1d5d6c75c.png
0149_vfx011-items-configuration-firstperson_lefthand-mip0-reduced-page05.png	a9b40e850c356de0a6d2629bdfb025b7ab194bd34b874cd19f88d3e8a3e0db45	client-raw/a9b40e850c356de0a6d2629bdfb025b7ab194bd34b874cd19f88d3e8a3e0db45.png
0150_vfx011-items-configuration-firstperson_righthand-mip0-reduced-page01.png	351dbfe63170815fc95a7126470256b2527ccc11d86a0f9fc383f6bd39e546f0	client-raw/351dbfe63170815fc95a7126470256b2527ccc11d86a0f9fc383f6bd39e546f0.png
0151_vfx011-items-configuration-firstperson_righthand-mip0-reduced-page02.png	9de9da8d0a0718969918711a746329bdbe77f5e2a3c8e82353aed35de108c960	client-raw/9de9da8d0a0718969918711a746329bdbe77f5e2a3c8e82353aed35de108c960.png
0152_vfx011-items-configuration-firstperson_righthand-mip0-reduced-page03.png	f5824e4036382917886ea32cfc41d001686df48fab5633667e71fbb59397d62a	client-raw/f5824e4036382917886ea32cfc41d001686df48fab5633667e71fbb59397d62a.png
0153_vfx011-items-configuration-firstperson_righthand-mip0-reduced-page04.png	00a2598f320ae061cb397a43efa2aaf80938c9a9d0d58f3bdb4d41d3290d49f2	client-raw/00a2598f320ae061cb397a43efa2aaf80938c9a9d0d58f3bdb4d41d3290d49f2.png
0154_vfx011-items-configuration-firstperson_righthand-mip0-reduced-page05.png	321622dd353ec54edcfb811599a4d9da263995aa789e34cec783692b7ed60eb2	client-raw/321622dd353ec54edcfb811599a4d9da263995aa789e34cec783692b7ed60eb2.png
0155_vfx011-items-configuration-thirdperson_lefthand-mip0-reduced-page01.png	1f09bd13db2dbdc002e03909a3be1debb7e68fd6e29b706603d0c2dbaf0e228e	client-raw/1f09bd13db2dbdc002e03909a3be1debb7e68fd6e29b706603d0c2dbaf0e228e.png
0156_vfx011-items-configuration-thirdperson_lefthand-mip0-reduced-page02.png	69481207d6763124c2f1db7e99aa2d4b490f76452e98f591c0bb9fa796e6be1b	client-raw/69481207d6763124c2f1db7e99aa2d4b490f76452e98f591c0bb9fa796e6be1b.png
0157_vfx011-items-configuration-thirdperson_lefthand-mip0-reduced-page03.png	ae44a3b430542dd3f52423149e212521c0d23b4e6a886739cf6dbf12794f273a	client-raw/ae44a3b430542dd3f52423149e212521c0d23b4e6a886739cf6dbf12794f273a.png
0158_vfx011-items-configuration-thirdperson_lefthand-mip0-reduced-page04.png	62df183a4882274ddc7f1b90636628273ee8cecd42cc3fa15999fadd183a2301	client-raw/62df183a4882274ddc7f1b90636628273ee8cecd42cc3fa15999fadd183a2301.png
0159_vfx011-items-configuration-thirdperson_lefthand-mip0-reduced-page05.png	265ec48d196262726f67076d7a363a5e013e547cdf066b2426e365e6088a8ab3	client-raw/265ec48d196262726f67076d7a363a5e013e547cdf066b2426e365e6088a8ab3.png
0160_vfx011-items-configuration-thirdperson_righthand-mip0-reduced-page01.png	4f6dd7a3db9e835b5f675f5bdd19d5824df6b0a270a2024dc4fcbdaca26e4c06	client-raw/4f6dd7a3db9e835b5f675f5bdd19d5824df6b0a270a2024dc4fcbdaca26e4c06.png
0161_vfx011-items-configuration-thirdperson_righthand-mip0-reduced-page02.png	9a6d8b8737f869e6093fcfa59f301d1e17ec3c29caae9b3c5a5eeedc0f40b8f2	client-raw/9a6d8b8737f869e6093fcfa59f301d1e17ec3c29caae9b3c5a5eeedc0f40b8f2.png
0162_vfx011-items-configuration-thirdperson_righthand-mip0-reduced-page03.png	36660da42daab67a226159501ebefdc6c61f1abb14b87f1121e281f8d3012641	client-raw/36660da42daab67a226159501ebefdc6c61f1abb14b87f1121e281f8d3012641.png
0163_vfx011-items-configuration-thirdperson_righthand-mip0-reduced-page04.png	175afd3acd47b428c591e1d73871d9fe9bc954a642f7047afd234a11d71991d0	client-raw/175afd3acd47b428c591e1d73871d9fe9bc954a642f7047afd234a11d71991d0.png
0164_vfx011-items-configuration-thirdperson_righthand-mip0-reduced-page05.png	1b352b0597f6dbb8885447f8aca75f36a0aef2e920c67b3f0883684645edef03	client-raw/1b352b0597f6dbb8885447f8aca75f36a0aef2e920c67b3f0883684645edef03.png
0165_vfx011-items-configuration-fixed-mip0-reduced-page01.png	cf9321147d9b722d3f315785b369755a8788278193fadb59acccec41ed40c033	client-raw/cf9321147d9b722d3f315785b369755a8788278193fadb59acccec41ed40c033.png
0166_vfx011-items-configuration-fixed-mip0-reduced-page02.png	69b9a327ffac4221cd271ac35ca3808e7eca4bc484174c4d5ac4d0ca01a769f6	client-raw/69b9a327ffac4221cd271ac35ca3808e7eca4bc484174c4d5ac4d0ca01a769f6.png
0167_vfx011-items-configuration-fixed-mip0-reduced-page03.png	4a8624f75c34fbce8fb0c581570fd312d730f4232171db7ff91886d23e5d2a57	client-raw/4a8624f75c34fbce8fb0c581570fd312d730f4232171db7ff91886d23e5d2a57.png
0168_vfx011-items-configuration-fixed-mip0-reduced-page04.png	c11c529cf9cae605400f66bde1f821a1d869155d176aa877cc137227e81edb23	client-raw/c11c529cf9cae605400f66bde1f821a1d869155d176aa877cc137227e81edb23.png
0169_vfx011-items-configuration-fixed-mip0-reduced-page05.png	3093af2995ca94b18053b238ec7f743ee26af274dccd71beddb0bed815a33d67	client-raw/3093af2995ca94b18053b238ec7f743ee26af274dccd71beddb0bed815a33d67.png
0170_vfx011-items-configuration-head-mip0-reduced-page01.png	00925003c4337c06ae2b214e8be65cae5bc76958e3bff85ce93b618c61c111d1	client-raw/00925003c4337c06ae2b214e8be65cae5bc76958e3bff85ce93b618c61c111d1.png
0171_vfx011-items-configuration-head-mip0-reduced-page02.png	bb13862f2d17398e4b6de9789d350a6b0ddb193b0649898084dce1b3b11b0562	client-raw/bb13862f2d17398e4b6de9789d350a6b0ddb193b0649898084dce1b3b11b0562.png
0172_vfx011-items-configuration-head-mip0-reduced-page03.png	6ce11ea156ae8304baf99d486f12d8d274194705431fa5e79b59a755f311649a	client-raw/6ce11ea156ae8304baf99d486f12d8d274194705431fa5e79b59a755f311649a.png
0173_vfx011-items-configuration-head-mip0-reduced-page04.png	a59f16804598501d3ea1d7e6d03b5e81904670627d549f77f717c1753f59f676	client-raw/a59f16804598501d3ea1d7e6d03b5e81904670627d549f77f717c1753f59f676.png
0174_vfx011-items-configuration-head-mip0-reduced-page05.png	53d6a2964915eb0336f7d697add7f4c67c3ccc55fece6459d2f6fb6fdbeedb44	client-raw/53d6a2964915eb0336f7d697add7f4c67c3ccc55fece6459d2f6fb6fdbeedb44.png
0175_vfx011-items-configuration-on_shelf-mip0-reduced-page01.png	96a839952411b4f6f84c133f7069a19da193026b59017598da00a0c72b729ac6	client-raw/96a839952411b4f6f84c133f7069a19da193026b59017598da00a0c72b729ac6.png
0176_vfx011-items-configuration-gui-mip1-normal-page01.png	37d1e714d8fef29facaac223ec36bda78ea55e7f13dc835db04a75cb4ceec021	client-raw/37d1e714d8fef29facaac223ec36bda78ea55e7f13dc835db04a75cb4ceec021.png
0177_vfx011-items-configuration-gui-mip1-normal-page02.png	e560e40a5dfbb0968beebcaaab93f2086d6b73c8ab8f79f8e4fad7e3ddb05268	client-raw/e560e40a5dfbb0968beebcaaab93f2086d6b73c8ab8f79f8e4fad7e3ddb05268.png
0178_vfx011-items-configuration-gui-mip1-normal-page03.png	b93ea7ce513465244f4e5bd3cd336515f8f6bbfbffb630080286f84d4b5e8283	client-raw/b93ea7ce513465244f4e5bd3cd336515f8f6bbfbffb630080286f84d4b5e8283.png
0179_vfx011-items-configuration-gui-mip1-normal-page04.png	6c753b1044ba797bc770aff32d68912d8ff3c90c3a48ff65bdca56f7cf9d758b	client-raw/6c753b1044ba797bc770aff32d68912d8ff3c90c3a48ff65bdca56f7cf9d758b.png
0180_vfx011-items-configuration-gui-mip1-normal-page05.png	3a48b52af1e6cc53541f8fca59f66818d742865b45288a17349951d6249de95d	client-raw/3a48b52af1e6cc53541f8fca59f66818d742865b45288a17349951d6249de95d.png
0181_vfx011-items-configuration-ground-mip1-normal-page01.png	679cc4add4d5869eb250c157e77ad06b0cd2d63372fce53357ea8dea23839a82	client-raw/679cc4add4d5869eb250c157e77ad06b0cd2d63372fce53357ea8dea23839a82.png
0182_vfx011-items-configuration-ground-mip1-normal-page02.png	1d35dce245da32266828189274ca32ac816e6a75063fbc5fbdf593205ee32455	client-raw/1d35dce245da32266828189274ca32ac816e6a75063fbc5fbdf593205ee32455.png
0183_vfx011-items-configuration-ground-mip1-normal-page03.png	a6ca1ba77ff7342bbf5a0c06c3e21c8914d37864a27bd73d0772f8fd2fd8de00	client-raw/a6ca1ba77ff7342bbf5a0c06c3e21c8914d37864a27bd73d0772f8fd2fd8de00.png
0184_vfx011-items-configuration-ground-mip1-normal-page04.png	784f90d8a641aa02dc3238e1de684ec8251db45294792cabdc907ec3fd9645f3	client-raw/784f90d8a641aa02dc3238e1de684ec8251db45294792cabdc907ec3fd9645f3.png
0185_vfx011-items-configuration-ground-mip1-normal-page05.png	d2b9095f39757360148a3b7533c7c1aa128feb8d125f15979f45d1b183734f81	client-raw/d2b9095f39757360148a3b7533c7c1aa128feb8d125f15979f45d1b183734f81.png
0186_vfx011-items-configuration-firstperson_lefthand-mip1-normal-page01.png	85719b70db67915e7acc5c5d30c34148d4c7c68d941c604a4c0291cebf8f7843	client-raw/85719b70db67915e7acc5c5d30c34148d4c7c68d941c604a4c0291cebf8f7843.png
0187_vfx011-items-configuration-firstperson_lefthand-mip1-normal-page02.png	464f1870f1023543a859705c7e3893cb2402f005860f355be4c68f443ea12036	client-raw/464f1870f1023543a859705c7e3893cb2402f005860f355be4c68f443ea12036.png
0188_vfx011-items-configuration-firstperson_lefthand-mip1-normal-page03.png	7b31960b76bb107c5b73f5151a2eb41b00d6fd4431d866ef634329c8f38d5fb8	client-raw/7b31960b76bb107c5b73f5151a2eb41b00d6fd4431d866ef634329c8f38d5fb8.png
0189_vfx011-items-configuration-firstperson_lefthand-mip1-normal-page04.png	6d7bb81a021fd14dc0b1e584c04cf0d255f4fba1c0226ccb1823ec43f867ed25	client-raw/6d7bb81a021fd14dc0b1e584c04cf0d255f4fba1c0226ccb1823ec43f867ed25.png
0190_vfx011-items-configuration-firstperson_lefthand-mip1-normal-page05.png	639a709889ed918d9af548d54e524d84b424141740613b06e20c8d39df004821	client-raw/639a709889ed918d9af548d54e524d84b424141740613b06e20c8d39df004821.png
0191_vfx011-items-configuration-firstperson_righthand-mip1-normal-page01.png	40ab43fab2142fe03cec033b43b715758a76f7fb277116a48e3d5eac2a981cf3	client-raw/40ab43fab2142fe03cec033b43b715758a76f7fb277116a48e3d5eac2a981cf3.png
0192_vfx011-items-configuration-firstperson_righthand-mip1-normal-page02.png	d049b800439df591e9db0014f1bfb13ac6c01d5cd483000428e84f7138a1327f	client-raw/d049b800439df591e9db0014f1bfb13ac6c01d5cd483000428e84f7138a1327f.png
0193_vfx011-items-configuration-firstperson_righthand-mip1-normal-page03.png	009675983ca315c2bd66d2e7aac9190539c434d60cce7e62d43d4b90d86f4f08	client-raw/009675983ca315c2bd66d2e7aac9190539c434d60cce7e62d43d4b90d86f4f08.png
0194_vfx011-items-configuration-firstperson_righthand-mip1-normal-page04.png	6a1e16f1e3b7f0f3fda113b51e4f05f1b9000d007f20c1d7560b5fae154cdb1a	client-raw/6a1e16f1e3b7f0f3fda113b51e4f05f1b9000d007f20c1d7560b5fae154cdb1a.png
0195_vfx011-items-configuration-firstperson_righthand-mip1-normal-page05.png	e6f0f0b56729c1a7a79e75043e9d007bcb39b4a983126450b81006378c54a5da	client-raw/e6f0f0b56729c1a7a79e75043e9d007bcb39b4a983126450b81006378c54a5da.png
0196_vfx011-items-configuration-thirdperson_lefthand-mip1-normal-page01.png	f7fa12dc25896dbd400b75a092810e4a953e1b40117f51774eae87be73e55bed	client-raw/f7fa12dc25896dbd400b75a092810e4a953e1b40117f51774eae87be73e55bed.png
0197_vfx011-items-configuration-thirdperson_lefthand-mip1-normal-page02.png	e11d354ea73b154b14c488e6548d8ab4ba06af03bd9fdfd08d7e2caeccec2f41	client-raw/e11d354ea73b154b14c488e6548d8ab4ba06af03bd9fdfd08d7e2caeccec2f41.png
0198_vfx011-items-configuration-thirdperson_lefthand-mip1-normal-page03.png	0d89d126dcd10cf809c98d5de09f40cf02062644828ee4e8ade8956e81d783a9	client-raw/0d89d126dcd10cf809c98d5de09f40cf02062644828ee4e8ade8956e81d783a9.png
0199_vfx011-items-configuration-thirdperson_lefthand-mip1-normal-page04.png	ea67fdcd3e72d64e77e23b47fc48b462dcd75df4d08951ec7a07dd4c56cd52c4	client-raw/ea67fdcd3e72d64e77e23b47fc48b462dcd75df4d08951ec7a07dd4c56cd52c4.png
0200_vfx011-items-configuration-thirdperson_lefthand-mip1-normal-page05.png	e5e696000aef38bc83a5ad8259ed18e57140e28621e826db7843fd8fce275d79	client-raw/e5e696000aef38bc83a5ad8259ed18e57140e28621e826db7843fd8fce275d79.png
0201_vfx011-items-configuration-thirdperson_righthand-mip1-normal-page01.png	31d9dde8069afd2820e332ac83e43a824166ecbf292ca22dece62dd7b2ef9053	client-raw/31d9dde8069afd2820e332ac83e43a824166ecbf292ca22dece62dd7b2ef9053.png
0202_vfx011-items-configuration-thirdperson_righthand-mip1-normal-page02.png	b158c8c77953afabfc4eb56f9919e335633436837e736cb96c7d4a3fdba31947	client-raw/b158c8c77953afabfc4eb56f9919e335633436837e736cb96c7d4a3fdba31947.png
0203_vfx011-items-configuration-thirdperson_righthand-mip1-normal-page03.png	f5c69229c270fb9cdab7c128f2c00924f4e7cab2a51b877652ffd110a31c1279	client-raw/f5c69229c270fb9cdab7c128f2c00924f4e7cab2a51b877652ffd110a31c1279.png
0204_vfx011-items-configuration-thirdperson_righthand-mip1-normal-page04.png	5255a9b40a648816a005ab3ef4f902c6d5d3ebe505ae76ce03d2a6c7b9dcaaca	client-raw/5255a9b40a648816a005ab3ef4f902c6d5d3ebe505ae76ce03d2a6c7b9dcaaca.png
0205_vfx011-items-configuration-thirdperson_righthand-mip1-normal-page05.png	7f29ab2624c2ee04eea88c35b0fedd9c16013f93354b5a0d04301e95be9b50cb	client-raw/7f29ab2624c2ee04eea88c35b0fedd9c16013f93354b5a0d04301e95be9b50cb.png
0206_vfx011-items-configuration-fixed-mip1-normal-page01.png	8a6f34f9da7ac861fc3169d7528a9eb0bf584a3b2adb578dbcc70e3dff176eda	client-raw/8a6f34f9da7ac861fc3169d7528a9eb0bf584a3b2adb578dbcc70e3dff176eda.png
0207_vfx011-items-configuration-fixed-mip1-normal-page02.png	c462f7a1dd78cc39f6db37d8930c3fe2b5a222968f808ab4d8872399f3985a72	client-raw/c462f7a1dd78cc39f6db37d8930c3fe2b5a222968f808ab4d8872399f3985a72.png
0208_vfx011-items-configuration-fixed-mip1-normal-page03.png	94102b30eed4127ec9ef255ef2271ab4ab49f505b47d976077994649fa65db66	client-raw/94102b30eed4127ec9ef255ef2271ab4ab49f505b47d976077994649fa65db66.png
0209_vfx011-items-configuration-fixed-mip1-normal-page04.png	9ed91bb1fa27a11b47e85a588c773f5f88f05abf87614d3f72e1fdd530448a50	client-raw/9ed91bb1fa27a11b47e85a588c773f5f88f05abf87614d3f72e1fdd530448a50.png
0210_vfx011-items-configuration-fixed-mip1-normal-page05.png	6b132d0b636e35bafe02f15b8488ff0b50bf796f26f5e57874448a36b4985ccc	client-raw/6b132d0b636e35bafe02f15b8488ff0b50bf796f26f5e57874448a36b4985ccc.png
0211_vfx011-items-configuration-head-mip1-normal-page01.png	86fe01013b8cac9384d8195cf7e205fc30283b86effab53ad10e68a1b7f305b2	client-raw/86fe01013b8cac9384d8195cf7e205fc30283b86effab53ad10e68a1b7f305b2.png
0212_vfx011-items-configuration-head-mip1-normal-page02.png	4dbd75be471b19520798b2ceb8d763d33a305482263830224080fb072f902f05	client-raw/4dbd75be471b19520798b2ceb8d763d33a305482263830224080fb072f902f05.png
0213_vfx011-items-configuration-head-mip1-normal-page03.png	6f158ff4fdc73366f9199e3ea56c97c16583e4830ea62976d7c1d584a901bf1f	client-raw/6f158ff4fdc73366f9199e3ea56c97c16583e4830ea62976d7c1d584a901bf1f.png
0214_vfx011-items-configuration-head-mip1-normal-page04.png	cf7a64ccf42c1a4d0714fa7a297c30ddacdab84bdb6af202eb67e62e4a5313fb	client-raw/cf7a64ccf42c1a4d0714fa7a297c30ddacdab84bdb6af202eb67e62e4a5313fb.png
0215_vfx011-items-configuration-head-mip1-normal-page05.png	e5a8f9ee01835c28a204440eb5ff00b2af7578ea46122ce430b3693fa1a7fc8a	client-raw/e5a8f9ee01835c28a204440eb5ff00b2af7578ea46122ce430b3693fa1a7fc8a.png
0216_vfx011-items-configuration-on_shelf-mip1-normal-page01.png	f8034fcfaa22ff7ebb2e9b24ee93f4c45f5dce77f7286027277b899e7d951c5e	client-raw/f8034fcfaa22ff7ebb2e9b24ee93f4c45f5dce77f7286027277b899e7d951c5e.png
0217_vfx011-items-configuration-gui-mip1-reduced-page01.png	d5b25cf5dad630c8c1ab93b5ff9bf256b8e9d47ffe4d957c297348bdaa880675	client-raw/d5b25cf5dad630c8c1ab93b5ff9bf256b8e9d47ffe4d957c297348bdaa880675.png
0218_vfx011-items-configuration-gui-mip1-reduced-page02.png	57558eeb4be4b7e30195031d09539d9ae73d57c65615263c9ba4685c7394c8a8	client-raw/57558eeb4be4b7e30195031d09539d9ae73d57c65615263c9ba4685c7394c8a8.png
0219_vfx011-items-configuration-gui-mip1-reduced-page03.png	0f9c62d2f2adba972ef0c97892de7e3dae77c146149c0959fb97a6959e9288a6	client-raw/0f9c62d2f2adba972ef0c97892de7e3dae77c146149c0959fb97a6959e9288a6.png
0220_vfx011-items-configuration-gui-mip1-reduced-page04.png	67191677bf8f2cd31042b8a59c8379654f2fc273a134f0a4c2147933f3edddc7	client-raw/67191677bf8f2cd31042b8a59c8379654f2fc273a134f0a4c2147933f3edddc7.png
0221_vfx011-items-configuration-gui-mip1-reduced-page05.png	67bcd9cb91cf89276b05658e3da7165d97167f71bb07dc4b25d6463f4218b56e	client-raw/67bcd9cb91cf89276b05658e3da7165d97167f71bb07dc4b25d6463f4218b56e.png
0222_vfx011-items-configuration-ground-mip1-reduced-page01.png	71afa8a509a836005613edfccefb9288003f7bca37c621c8cac24f00a8563ae4	client-raw/71afa8a509a836005613edfccefb9288003f7bca37c621c8cac24f00a8563ae4.png
0223_vfx011-items-configuration-ground-mip1-reduced-page02.png	79d785b50dea1e9ac2417a3a171e2dc040c6fbc9b79e4a9a8d4bde24699d30d3	client-raw/79d785b50dea1e9ac2417a3a171e2dc040c6fbc9b79e4a9a8d4bde24699d30d3.png
0224_vfx011-items-configuration-ground-mip1-reduced-page03.png	dafd4e2b6ccfc010f001c3b7079f2a562f6f877e3368c805bf685d67280c79cf	client-raw/dafd4e2b6ccfc010f001c3b7079f2a562f6f877e3368c805bf685d67280c79cf.png
0225_vfx011-items-configuration-ground-mip1-reduced-page04.png	bcb87555835163328a8e938fcf31429e91b4e16729dda6978955be1bfaa5a26c	client-raw/bcb87555835163328a8e938fcf31429e91b4e16729dda6978955be1bfaa5a26c.png
0226_vfx011-items-configuration-ground-mip1-reduced-page05.png	74e69d9668d03874b72e16eecdda58061a9d652384ae326e796bc57b6be43bf8	client-raw/74e69d9668d03874b72e16eecdda58061a9d652384ae326e796bc57b6be43bf8.png
0227_vfx011-items-configuration-firstperson_lefthand-mip1-reduced-page01.png	5aa8eb0cd67f94425d98a0080a1a356c36bd3748d2144d5d00af3f2fec0470a4	client-raw/5aa8eb0cd67f94425d98a0080a1a356c36bd3748d2144d5d00af3f2fec0470a4.png
0228_vfx011-items-configuration-firstperson_lefthand-mip1-reduced-page02.png	04023279205934cafbf1a4fdac124e8c8771ca923e4d688fb636619905cb0550	client-raw/04023279205934cafbf1a4fdac124e8c8771ca923e4d688fb636619905cb0550.png
0229_vfx011-items-configuration-firstperson_lefthand-mip1-reduced-page03.png	b66e72d607e35565f8d991428e4903bd81d85d73a4b1f4bf8e5d47fbdb6e5973	client-raw/b66e72d607e35565f8d991428e4903bd81d85d73a4b1f4bf8e5d47fbdb6e5973.png
0230_vfx011-items-configuration-firstperson_lefthand-mip1-reduced-page04.png	edd9a54a7799a2c8d1ae790432514293c0ddeb4587cbb425c361f9f31e466d37	client-raw/edd9a54a7799a2c8d1ae790432514293c0ddeb4587cbb425c361f9f31e466d37.png
0231_vfx011-items-configuration-firstperson_lefthand-mip1-reduced-page05.png	eea1a94d1f8308f89acbd016cb69e16e393caf20121d3a35285eb1e86d19438d	client-raw/eea1a94d1f8308f89acbd016cb69e16e393caf20121d3a35285eb1e86d19438d.png
0232_vfx011-items-configuration-firstperson_righthand-mip1-reduced-page01.png	7eec924ff51061a3a747eaf6a9e7f8bb688598d1cc3eaf75e49d6b0b78eedf41	client-raw/7eec924ff51061a3a747eaf6a9e7f8bb688598d1cc3eaf75e49d6b0b78eedf41.png
0233_vfx011-items-configuration-firstperson_righthand-mip1-reduced-page02.png	ac7f07380ae0d62406282918bc2a1aff47ef2edf8220e53bb6eace7dbba40913	client-raw/ac7f07380ae0d62406282918bc2a1aff47ef2edf8220e53bb6eace7dbba40913.png
0234_vfx011-items-configuration-firstperson_righthand-mip1-reduced-page03.png	3d07e52d03fe58e2e642afa20a24a5dc40a0d40ad7c922a1971c469c95d8a90c	client-raw/3d07e52d03fe58e2e642afa20a24a5dc40a0d40ad7c922a1971c469c95d8a90c.png
0235_vfx011-items-configuration-firstperson_righthand-mip1-reduced-page04.png	184bf5f4175c4549cdaded508c6d42a9b605b7764609162f8660b7ae61644800	client-raw/184bf5f4175c4549cdaded508c6d42a9b605b7764609162f8660b7ae61644800.png
0236_vfx011-items-configuration-firstperson_righthand-mip1-reduced-page05.png	4d38e21239a1d0efa00a50c0d9b56f353231b0e99da20f4528ce212363141413	client-raw/4d38e21239a1d0efa00a50c0d9b56f353231b0e99da20f4528ce212363141413.png
0237_vfx011-items-configuration-thirdperson_lefthand-mip1-reduced-page01.png	b13f0016b3feeadaa87064d0208c2fc79ba05af5bc4eae0922e25271de21778a	client-raw/b13f0016b3feeadaa87064d0208c2fc79ba05af5bc4eae0922e25271de21778a.png
0238_vfx011-items-configuration-thirdperson_lefthand-mip1-reduced-page02.png	7fefe7c84e4c8343aa3020b18e4a3a6d70d90efb77b9270805a141aa2d939ef9	client-raw/7fefe7c84e4c8343aa3020b18e4a3a6d70d90efb77b9270805a141aa2d939ef9.png
0239_vfx011-items-configuration-thirdperson_lefthand-mip1-reduced-page03.png	d49b7201e033ad87d24ea2cfcad05a6dc8e8a72df5dbf4a304031d780a442162	client-raw/d49b7201e033ad87d24ea2cfcad05a6dc8e8a72df5dbf4a304031d780a442162.png
0240_vfx011-items-configuration-thirdperson_lefthand-mip1-reduced-page04.png	1b810626dc24c744f5648afedd10eea351e1f4b80352cb3d91b712bb5df49936	client-raw/1b810626dc24c744f5648afedd10eea351e1f4b80352cb3d91b712bb5df49936.png
0241_vfx011-items-configuration-thirdperson_lefthand-mip1-reduced-page05.png	d90d2f184c10eaac1746543efa0a817f2733bc37e119c4510a8e6f4998974f89	client-raw/d90d2f184c10eaac1746543efa0a817f2733bc37e119c4510a8e6f4998974f89.png
0242_vfx011-items-configuration-thirdperson_righthand-mip1-reduced-page01.png	fec5275390d6ba0f0d4e9ca54213eb1a8981c4c5da8082cfa38886f4794424f3	client-raw/fec5275390d6ba0f0d4e9ca54213eb1a8981c4c5da8082cfa38886f4794424f3.png
0243_vfx011-items-configuration-thirdperson_righthand-mip1-reduced-page02.png	885d960ce9cd8cec1d3d7a45ac989eda30d471ef65d094bd16d34bd73481ccb9	client-raw/885d960ce9cd8cec1d3d7a45ac989eda30d471ef65d094bd16d34bd73481ccb9.png
0244_vfx011-items-configuration-thirdperson_righthand-mip1-reduced-page03.png	892b0682a2f586b4247089e3fe5d52cd96b6e3ad1cccdad27aaaaeeb9df452cf	client-raw/892b0682a2f586b4247089e3fe5d52cd96b6e3ad1cccdad27aaaaeeb9df452cf.png
0245_vfx011-items-configuration-thirdperson_righthand-mip1-reduced-page04.png	8eec370b2bd7f212eebf7ddcf0987f227ae334d3cabcbd5556326d22f8180da2	client-raw/8eec370b2bd7f212eebf7ddcf0987f227ae334d3cabcbd5556326d22f8180da2.png
0246_vfx011-items-configuration-thirdperson_righthand-mip1-reduced-page05.png	dfaea6e46e838120bf8b1f7de9d5ceb96ca4de26c421de5c7f15d42ab00ff50c	client-raw/dfaea6e46e838120bf8b1f7de9d5ceb96ca4de26c421de5c7f15d42ab00ff50c.png
0247_vfx011-items-configuration-fixed-mip1-reduced-page01.png	1c37082dccb3e8fb96097c3bb3a551d8ecbe087d040334a0a3e0ad450ded6cfb	client-raw/1c37082dccb3e8fb96097c3bb3a551d8ecbe087d040334a0a3e0ad450ded6cfb.png
0248_vfx011-items-configuration-fixed-mip1-reduced-page02.png	603ca37300adf0c22fa6ff60fa68371fae0df0fbbbbf18673dbe25421b541240	client-raw/603ca37300adf0c22fa6ff60fa68371fae0df0fbbbbf18673dbe25421b541240.png
0249_vfx011-items-configuration-fixed-mip1-reduced-page03.png	4e3cd97c9a391cb61dc311d1e0c8736ceb10fa734df10847c5424b6b98eab4a3	client-raw/4e3cd97c9a391cb61dc311d1e0c8736ceb10fa734df10847c5424b6b98eab4a3.png
0250_vfx011-items-configuration-fixed-mip1-reduced-page04.png	9628a2598112338a14563f57f865bb1a88496aa7f481b4647bc33b344ef712c5	client-raw/9628a2598112338a14563f57f865bb1a88496aa7f481b4647bc33b344ef712c5.png
0251_vfx011-items-configuration-fixed-mip1-reduced-page05.png	fdda8c278a837ea748c89464f5702c90a5838296c4b469a824a8cea22b77ba51	client-raw/fdda8c278a837ea748c89464f5702c90a5838296c4b469a824a8cea22b77ba51.png
0252_vfx011-items-configuration-head-mip1-reduced-page01.png	9db5a573f5d5f1e8e8f5f5db45236c873835b2d1bb8213c09eac40a6818c7f5c	client-raw/9db5a573f5d5f1e8e8f5f5db45236c873835b2d1bb8213c09eac40a6818c7f5c.png
0253_vfx011-items-configuration-head-mip1-reduced-page02.png	5ee67e26c9ba06f8465c8363db1002bb79199440267f7fb34e004a83cf8cded2	client-raw/5ee67e26c9ba06f8465c8363db1002bb79199440267f7fb34e004a83cf8cded2.png
0254_vfx011-items-configuration-head-mip1-reduced-page03.png	81849adf12ab97c9324904c6afc1fb1a635add044604a044683e4c1881baac6a	client-raw/81849adf12ab97c9324904c6afc1fb1a635add044604a044683e4c1881baac6a.png
0255_vfx011-items-configuration-head-mip1-reduced-page04.png	b82081acc4fa215940ac1fa84e8869a51b467338963de198b0e3c8ebef142bc7	client-raw/b82081acc4fa215940ac1fa84e8869a51b467338963de198b0e3c8ebef142bc7.png
0256_vfx011-items-configuration-head-mip1-reduced-page05.png	11a8070ef0f4542dbc2dd8ca9560b759f880e64428b6beda6b4598b0dcc27735	client-raw/11a8070ef0f4542dbc2dd8ca9560b759f880e64428b6beda6b4598b0dcc27735.png
0257_vfx011-items-configuration-on_shelf-mip1-reduced-page01.png	648e315aac62d5e7b784d03df6ef5a6c84b56f1e339b903241c63159f6264a27	client-raw/648e315aac62d5e7b784d03df6ef5a6c84b56f1e339b903241c63159f6264a27.png
0258_vfx011-items-configuration-gui-mip2-normal-page01.png	4c6c814bb6d1ed2a572fa67b53505e925a835cbe2fd01b39430ffcac62fc7e3c	client-raw/4c6c814bb6d1ed2a572fa67b53505e925a835cbe2fd01b39430ffcac62fc7e3c.png
0259_vfx011-items-configuration-gui-mip2-normal-page02.png	72f6a376108d0359106b72923f33d4d25e79c6fc7f5d59504b232fc573302db2	client-raw/72f6a376108d0359106b72923f33d4d25e79c6fc7f5d59504b232fc573302db2.png
0260_vfx011-items-configuration-gui-mip2-normal-page03.png	3d4d902505abfc4dda01e72a06fb646e23a478469e0025f52ec61c2fc65380bf	client-raw/3d4d902505abfc4dda01e72a06fb646e23a478469e0025f52ec61c2fc65380bf.png
0261_vfx011-items-configuration-gui-mip2-normal-page04.png	cf5256b253cfed76e7fae8a44986607776cce52a3ffc05ac3d5269b46a67953f	client-raw/cf5256b253cfed76e7fae8a44986607776cce52a3ffc05ac3d5269b46a67953f.png
0262_vfx011-items-configuration-gui-mip2-normal-page05.png	7d6e69e44761aa4989c49e7021edacb63766e51fd441252fca859686dd971a75	client-raw/7d6e69e44761aa4989c49e7021edacb63766e51fd441252fca859686dd971a75.png
0263_vfx011-items-configuration-ground-mip2-normal-page01.png	2aca1659b74028d5d697ea20924f01a1497908521abc8a669f288c4567b89615	client-raw/2aca1659b74028d5d697ea20924f01a1497908521abc8a669f288c4567b89615.png
0264_vfx011-items-configuration-ground-mip2-normal-page02.png	8f0950a74dc9fdfbf22a10c8659a323baaccf5fc48473a3c013f62785ae066f4	client-raw/8f0950a74dc9fdfbf22a10c8659a323baaccf5fc48473a3c013f62785ae066f4.png
0265_vfx011-items-configuration-ground-mip2-normal-page03.png	ea1daa94991093d6569ff3c3fe52c50e282f0a000abec13e0ca111e48790c614	client-raw/ea1daa94991093d6569ff3c3fe52c50e282f0a000abec13e0ca111e48790c614.png
0266_vfx011-items-configuration-ground-mip2-normal-page04.png	0e5fe4fa83e734f4c61122efc6c071d836a99b30737b0ac71aa0a3c2267893b8	client-raw/0e5fe4fa83e734f4c61122efc6c071d836a99b30737b0ac71aa0a3c2267893b8.png
0267_vfx011-items-configuration-ground-mip2-normal-page05.png	f7743928614281be97af202d1ec2a189eecf980243b8e3da47f50fd70a1a1abb	client-raw/f7743928614281be97af202d1ec2a189eecf980243b8e3da47f50fd70a1a1abb.png
0268_vfx011-items-configuration-firstperson_lefthand-mip2-normal-page01.png	77f0cd58d50cdb44e9092a9a58f49c3206154153cf2e1af18cfd7e9a6458819b	client-raw/77f0cd58d50cdb44e9092a9a58f49c3206154153cf2e1af18cfd7e9a6458819b.png
0269_vfx011-items-configuration-firstperson_lefthand-mip2-normal-page02.png	5ee4082680688e6b8a732eea30a44acb6820dec83d00ce3c067983b98d47130f	client-raw/5ee4082680688e6b8a732eea30a44acb6820dec83d00ce3c067983b98d47130f.png
0270_vfx011-items-configuration-firstperson_lefthand-mip2-normal-page03.png	879b1b6739713b6b9ed0161db6684b85231a30be9285cf7f7acace4a3e26e168	client-raw/879b1b6739713b6b9ed0161db6684b85231a30be9285cf7f7acace4a3e26e168.png
0271_vfx011-items-configuration-firstperson_lefthand-mip2-normal-page04.png	0afb5518e6ece62b3af0a2c70dbdafb602ead6c6bb10088e134efe8dfdbcdd12	client-raw/0afb5518e6ece62b3af0a2c70dbdafb602ead6c6bb10088e134efe8dfdbcdd12.png
0272_vfx011-items-configuration-firstperson_lefthand-mip2-normal-page05.png	dd68dc8a70b5c46a68f0f9c5ae5827fe37afe303b0afafb971bd27b560d08577	client-raw/dd68dc8a70b5c46a68f0f9c5ae5827fe37afe303b0afafb971bd27b560d08577.png
0273_vfx011-items-configuration-firstperson_righthand-mip2-normal-page01.png	fa16e670cfe540e26a1ca6ef787dc2bc474e3f3e11a95226bb6b8cb9b74c5dde	client-raw/fa16e670cfe540e26a1ca6ef787dc2bc474e3f3e11a95226bb6b8cb9b74c5dde.png
0274_vfx011-items-configuration-firstperson_righthand-mip2-normal-page02.png	2b4bbdc73baa8f7a3e1ef384946fdc3d8ac34c8cbda3d0490210b87808147a2f	client-raw/2b4bbdc73baa8f7a3e1ef384946fdc3d8ac34c8cbda3d0490210b87808147a2f.png
0275_vfx011-items-configuration-firstperson_righthand-mip2-normal-page03.png	1febe9fc189c1554b2ba2ace3d948dd78acd11e39130ac3bd144411a5b098244	client-raw/1febe9fc189c1554b2ba2ace3d948dd78acd11e39130ac3bd144411a5b098244.png
0276_vfx011-items-configuration-firstperson_righthand-mip2-normal-page04.png	c98bfee86284a5d247906f1fcfb4df30a53f35141fadbd8270366d15dc531c66	client-raw/c98bfee86284a5d247906f1fcfb4df30a53f35141fadbd8270366d15dc531c66.png
0277_vfx011-items-configuration-firstperson_righthand-mip2-normal-page05.png	59d9a61f50d1e3fbda39087ef70b9527e3103d67b94c05e04309fb867e9432e7	client-raw/59d9a61f50d1e3fbda39087ef70b9527e3103d67b94c05e04309fb867e9432e7.png
0278_vfx011-items-configuration-thirdperson_lefthand-mip2-normal-page01.png	609f5c9e25f076a1afaf7aede8dc2a82290d13859b7a4d02633fe454a3d4339e	client-raw/609f5c9e25f076a1afaf7aede8dc2a82290d13859b7a4d02633fe454a3d4339e.png
0279_vfx011-items-configuration-thirdperson_lefthand-mip2-normal-page02.png	7602ad31c1f877f4ded6879da31f2e532f65cb0aa203bdbf4769e3f29afb13ea	client-raw/7602ad31c1f877f4ded6879da31f2e532f65cb0aa203bdbf4769e3f29afb13ea.png
0280_vfx011-items-configuration-thirdperson_lefthand-mip2-normal-page03.png	8e68218e1496ff0b12a6051ea163ea80115c7a82e5ae27f0c4526414b01e673b	client-raw/8e68218e1496ff0b12a6051ea163ea80115c7a82e5ae27f0c4526414b01e673b.png
0281_vfx011-items-configuration-thirdperson_lefthand-mip2-normal-page04.png	67b865e4990c561f8caecbdf3f13ecea3ed4f41fcc75157886863b272d00caf7	client-raw/67b865e4990c561f8caecbdf3f13ecea3ed4f41fcc75157886863b272d00caf7.png
0282_vfx011-items-configuration-thirdperson_lefthand-mip2-normal-page05.png	4185707cd358373ba17a4e7c9ea6c39a11f9e32268992516ad71af0b43745db3	client-raw/4185707cd358373ba17a4e7c9ea6c39a11f9e32268992516ad71af0b43745db3.png
0283_vfx011-items-configuration-thirdperson_righthand-mip2-normal-page01.png	31639bbc08fcccbbbfa0d7b9325fbd7bb46400fb811f92124acd57b3c5bdb345	client-raw/31639bbc08fcccbbbfa0d7b9325fbd7bb46400fb811f92124acd57b3c5bdb345.png
0284_vfx011-items-configuration-thirdperson_righthand-mip2-normal-page02.png	85fca0b68118a80f0326b33320b249f4b35c7c6f7f6a28bfc1fd7e16bf79f9fa	client-raw/85fca0b68118a80f0326b33320b249f4b35c7c6f7f6a28bfc1fd7e16bf79f9fa.png
0285_vfx011-items-configuration-thirdperson_righthand-mip2-normal-page03.png	00ae60fdaa7c2a1e9c6f1fc6ee838fc1ced985853db536d8b698dad21f66d7c1	client-raw/00ae60fdaa7c2a1e9c6f1fc6ee838fc1ced985853db536d8b698dad21f66d7c1.png
0286_vfx011-items-configuration-thirdperson_righthand-mip2-normal-page04.png	e207b553a3b8d9620a397964cf1f596b87026b068f5445e1b453cac77a9f0b8b	client-raw/e207b553a3b8d9620a397964cf1f596b87026b068f5445e1b453cac77a9f0b8b.png
0287_vfx011-items-configuration-thirdperson_righthand-mip2-normal-page05.png	7218343a7e4e74e54b438185137fe54643201d3cc5797266ec806cad8f9eec18	client-raw/7218343a7e4e74e54b438185137fe54643201d3cc5797266ec806cad8f9eec18.png
0288_vfx011-items-configuration-fixed-mip2-normal-page01.png	5545cf3e5fb08259cecf721c60fee9047a45b32255d2d147eecee193bac4bdfd	client-raw/5545cf3e5fb08259cecf721c60fee9047a45b32255d2d147eecee193bac4bdfd.png
0289_vfx011-items-configuration-fixed-mip2-normal-page02.png	afa72b46ed620d6af34c0a52c655fd6f91a73fe6ad71135eb22831efaa4e61c3	client-raw/afa72b46ed620d6af34c0a52c655fd6f91a73fe6ad71135eb22831efaa4e61c3.png
0290_vfx011-items-configuration-fixed-mip2-normal-page03.png	5a8b2141ab9272e18c0e3cbaea3550f5b0d61bde03bec892e08446782c947c68	client-raw/5a8b2141ab9272e18c0e3cbaea3550f5b0d61bde03bec892e08446782c947c68.png
0291_vfx011-items-configuration-fixed-mip2-normal-page04.png	c36d96b29553c9a6113bb75f5db83f4edd0a984cc69d84e117f484d434cc2edc	client-raw/c36d96b29553c9a6113bb75f5db83f4edd0a984cc69d84e117f484d434cc2edc.png
0292_vfx011-items-configuration-fixed-mip2-normal-page05.png	b14738f590474b4c74b0b4e0f0f65ca1c89d3f599a283a80740477bb94661626	client-raw/b14738f590474b4c74b0b4e0f0f65ca1c89d3f599a283a80740477bb94661626.png
0293_vfx011-items-configuration-head-mip2-normal-page01.png	2ad855c72302110bb6b0ee7d94884a06f42479ff0f09442a64375fc83c9eb06b	client-raw/2ad855c72302110bb6b0ee7d94884a06f42479ff0f09442a64375fc83c9eb06b.png
0294_vfx011-items-configuration-head-mip2-normal-page02.png	820726cfd2446e8e3edfc5a1e472150445c9d89cc891920998725dc1acff9e40	client-raw/820726cfd2446e8e3edfc5a1e472150445c9d89cc891920998725dc1acff9e40.png
0295_vfx011-items-configuration-head-mip2-normal-page03.png	8efe0d55bed4564b56b677d794221be89d82dc9234e071118de623fc7e75e859	client-raw/8efe0d55bed4564b56b677d794221be89d82dc9234e071118de623fc7e75e859.png
0296_vfx011-items-configuration-head-mip2-normal-page04.png	913abe0eae19ac23731cc81e11225d853fd78bd599a4b886504a16ec04420e6f	client-raw/913abe0eae19ac23731cc81e11225d853fd78bd599a4b886504a16ec04420e6f.png
0297_vfx011-items-configuration-head-mip2-normal-page05.png	e1622b79f9ed50d41929d735e57448df8ecd13e22f5840b65dc1370250fc0c3c	client-raw/e1622b79f9ed50d41929d735e57448df8ecd13e22f5840b65dc1370250fc0c3c.png
0298_vfx011-items-configuration-on_shelf-mip2-normal-page01.png	48c0a0735cf9b0961de0b980803f7d322eb1d1b908b32d81546bf50591ead33c	client-raw/48c0a0735cf9b0961de0b980803f7d322eb1d1b908b32d81546bf50591ead33c.png
0299_vfx011-items-configuration-gui-mip2-reduced-page01.png	11956084a1acbeeaed943f5c1c155be97878bd23c4df8987c147c586e8857a9b	client-raw/11956084a1acbeeaed943f5c1c155be97878bd23c4df8987c147c586e8857a9b.png
0300_vfx011-items-configuration-gui-mip2-reduced-page02.png	d19598b84e7b1e9e182add04dd62bd7c31947cc2f1a057266eed43f566236f83	client-raw/d19598b84e7b1e9e182add04dd62bd7c31947cc2f1a057266eed43f566236f83.png
0301_vfx011-items-configuration-gui-mip2-reduced-page03.png	6b5f3655cb224e11ac402029a0298d9cc2d0bc39170cd004229d5aa8899a0907	client-raw/6b5f3655cb224e11ac402029a0298d9cc2d0bc39170cd004229d5aa8899a0907.png
0302_vfx011-items-configuration-gui-mip2-reduced-page04.png	c802e08f9bf672c44504432777105c9ec35438c4a098465060309edf934152ab	client-raw/c802e08f9bf672c44504432777105c9ec35438c4a098465060309edf934152ab.png
0303_vfx011-items-configuration-gui-mip2-reduced-page05.png	951045fc4e8172fda0a37a6f6f828e8650ddfbea441822fbf8ba61383ad086fd	client-raw/951045fc4e8172fda0a37a6f6f828e8650ddfbea441822fbf8ba61383ad086fd.png
0304_vfx011-items-configuration-ground-mip2-reduced-page01.png	ed299d3e1bad1ff625d060aa18f2abc7a4d067f31ba4544d8355a4f217a24fba	client-raw/ed299d3e1bad1ff625d060aa18f2abc7a4d067f31ba4544d8355a4f217a24fba.png
0305_vfx011-items-configuration-ground-mip2-reduced-page02.png	7da988e31d9ebcd6fe30e61be30d0546116b57eba21ef09956bb764b13501736	client-raw/7da988e31d9ebcd6fe30e61be30d0546116b57eba21ef09956bb764b13501736.png
0306_vfx011-items-configuration-ground-mip2-reduced-page03.png	1f5287b46981e442bfae9475473b1027a7777397b5506ab0ee16fde943994bac	client-raw/1f5287b46981e442bfae9475473b1027a7777397b5506ab0ee16fde943994bac.png
0307_vfx011-items-configuration-ground-mip2-reduced-page04.png	e33f9653a06cb5074a449d40491370cd7dc489233f7ae2320793b3e9f8fb204c	client-raw/e33f9653a06cb5074a449d40491370cd7dc489233f7ae2320793b3e9f8fb204c.png
0308_vfx011-items-configuration-ground-mip2-reduced-page05.png	387e768326b752c5dec69398f74ed8956adaf3762d7eb63362b2e0885bf7a6c8	client-raw/387e768326b752c5dec69398f74ed8956adaf3762d7eb63362b2e0885bf7a6c8.png
0309_vfx011-items-configuration-firstperson_lefthand-mip2-reduced-page01.png	e21f68d4d46e4e30e90169e01ea0e0e386783d209d68c57b2789f723f233c091	client-raw/e21f68d4d46e4e30e90169e01ea0e0e386783d209d68c57b2789f723f233c091.png
0310_vfx011-items-configuration-firstperson_lefthand-mip2-reduced-page02.png	c16f34dadf88823518cfbef65075254ac12f7e227f32504685286463cbdc78ac	client-raw/c16f34dadf88823518cfbef65075254ac12f7e227f32504685286463cbdc78ac.png
0311_vfx011-items-configuration-firstperson_lefthand-mip2-reduced-page03.png	3ea39f1c9ec1d09801caf45541a15c67bd2e872e1fa3cbcaa2859cf1248b1264	client-raw/3ea39f1c9ec1d09801caf45541a15c67bd2e872e1fa3cbcaa2859cf1248b1264.png
0312_vfx011-items-configuration-firstperson_lefthand-mip2-reduced-page04.png	09210ba4516d369a373906bdcea389f03d53acdd117c2e3b00035fbbb2c5feb2	client-raw/09210ba4516d369a373906bdcea389f03d53acdd117c2e3b00035fbbb2c5feb2.png
0313_vfx011-items-configuration-firstperson_lefthand-mip2-reduced-page05.png	c414098b803a95268c2f86f47b2f38a90c9222bd6b2911c821fa1c9893c2b36b	client-raw/c414098b803a95268c2f86f47b2f38a90c9222bd6b2911c821fa1c9893c2b36b.png
0314_vfx011-items-configuration-firstperson_righthand-mip2-reduced-page01.png	06637fa8c743a15c11c71a3f81f89fe6135df205fc10aeb0b9d5b637905b203f	client-raw/06637fa8c743a15c11c71a3f81f89fe6135df205fc10aeb0b9d5b637905b203f.png
0315_vfx011-items-configuration-firstperson_righthand-mip2-reduced-page02.png	aa5a2fd0e0c90312d5fadd05e435a71a577a2755881b57ecc889386956ef93b9	client-raw/aa5a2fd0e0c90312d5fadd05e435a71a577a2755881b57ecc889386956ef93b9.png
0316_vfx011-items-configuration-firstperson_righthand-mip2-reduced-page03.png	c7fe2a4d396c425ad3c42577470156b0440b9e82fe823a026666737f79b2adad	client-raw/c7fe2a4d396c425ad3c42577470156b0440b9e82fe823a026666737f79b2adad.png
0317_vfx011-items-configuration-firstperson_righthand-mip2-reduced-page04.png	9fceebea59979b2b9a46d070f046caf5f7da4f6306da0aa83882f51f7edac780	client-raw/9fceebea59979b2b9a46d070f046caf5f7da4f6306da0aa83882f51f7edac780.png
0318_vfx011-items-configuration-firstperson_righthand-mip2-reduced-page05.png	f1e427a85ab5969873cd8a3f339b0a4f10a0b88925328e4b9c9352719a065667	client-raw/f1e427a85ab5969873cd8a3f339b0a4f10a0b88925328e4b9c9352719a065667.png
0319_vfx011-items-configuration-thirdperson_lefthand-mip2-reduced-page01.png	5395e4988e39db79c67c644e623b6b37d39fd436d398dca762e30bf2cee1e079	client-raw/5395e4988e39db79c67c644e623b6b37d39fd436d398dca762e30bf2cee1e079.png
0320_vfx011-items-configuration-thirdperson_lefthand-mip2-reduced-page02.png	c999499c719071372044f810a435a33bd47f83b87dcc4afadf2b0d4f3e70a7e6	client-raw/c999499c719071372044f810a435a33bd47f83b87dcc4afadf2b0d4f3e70a7e6.png
0321_vfx011-items-configuration-thirdperson_lefthand-mip2-reduced-page03.png	2f40a05b11400cf4f91d932878fec125362dc8b4892bb82634b23c38feb7e356	client-raw/2f40a05b11400cf4f91d932878fec125362dc8b4892bb82634b23c38feb7e356.png
0322_vfx011-items-configuration-thirdperson_lefthand-mip2-reduced-page04.png	71203e1c9dc790e287849285ac8047813e45628898c6b4db48b0761d52ff2529	client-raw/71203e1c9dc790e287849285ac8047813e45628898c6b4db48b0761d52ff2529.png
0323_vfx011-items-configuration-thirdperson_lefthand-mip2-reduced-page05.png	ce462c38af1d78a2972df19a1a182b307dadf12511e0a3f0f0c49456f2d8f6cd	client-raw/ce462c38af1d78a2972df19a1a182b307dadf12511e0a3f0f0c49456f2d8f6cd.png
0324_vfx011-items-configuration-thirdperson_righthand-mip2-reduced-page01.png	31ac96d5e574d6f0a9ce3e6b51ccda1d061aafec911e1e32437a8418dd612227	client-raw/31ac96d5e574d6f0a9ce3e6b51ccda1d061aafec911e1e32437a8418dd612227.png
0325_vfx011-items-configuration-thirdperson_righthand-mip2-reduced-page02.png	42626e68bc54fc8c9e747baf70bbfff7d37fcdbfa602fd7336ac948fac9e826d	client-raw/42626e68bc54fc8c9e747baf70bbfff7d37fcdbfa602fd7336ac948fac9e826d.png
0326_vfx011-items-configuration-thirdperson_righthand-mip2-reduced-page03.png	f1a25196dc9c4d79c2e76a4b31fa2ec41489e4c44c74dbb7aec46da6085d0dfc	client-raw/f1a25196dc9c4d79c2e76a4b31fa2ec41489e4c44c74dbb7aec46da6085d0dfc.png
0327_vfx011-items-configuration-thirdperson_righthand-mip2-reduced-page04.png	cb4a5fdbd7e8222ae71232570805d448e9000ed7b7cda6f5e7061acedfaa30cf	client-raw/cb4a5fdbd7e8222ae71232570805d448e9000ed7b7cda6f5e7061acedfaa30cf.png
0328_vfx011-items-configuration-thirdperson_righthand-mip2-reduced-page05.png	512d089b55b6ce88eb06fbe97cb3b7cb0c718709ed92889eec1d543b7616d2e7	client-raw/512d089b55b6ce88eb06fbe97cb3b7cb0c718709ed92889eec1d543b7616d2e7.png
0329_vfx011-items-configuration-fixed-mip2-reduced-page01.png	134267ab3b715757f3ea94016d804a37a69916be41b13238a94b800c8c4eaeff	client-raw/134267ab3b715757f3ea94016d804a37a69916be41b13238a94b800c8c4eaeff.png
0330_vfx011-items-configuration-fixed-mip2-reduced-page02.png	6bb70745ebae2d96f0420d275c08f50c8d9672a3641e60ed9a14629fb3f962f4	client-raw/6bb70745ebae2d96f0420d275c08f50c8d9672a3641e60ed9a14629fb3f962f4.png
0331_vfx011-items-configuration-fixed-mip2-reduced-page03.png	d4ce1a2afc95491fd8099014bdbbb03d41a3f5c4e91dd0e8fdbc29f1bbf9ba64	client-raw/d4ce1a2afc95491fd8099014bdbbb03d41a3f5c4e91dd0e8fdbc29f1bbf9ba64.png
0332_vfx011-items-configuration-fixed-mip2-reduced-page04.png	2954f95e3c3445fa05e9eb950649bacb234a5fbbe498c9f5b2209e2356b144c7	client-raw/2954f95e3c3445fa05e9eb950649bacb234a5fbbe498c9f5b2209e2356b144c7.png
0333_vfx011-items-configuration-fixed-mip2-reduced-page05.png	1d88cb240ccf5249275246ea8a1cb8c57ddc8590d0a498f168140ea7d0d0e473	client-raw/1d88cb240ccf5249275246ea8a1cb8c57ddc8590d0a498f168140ea7d0d0e473.png
0334_vfx011-items-configuration-head-mip2-reduced-page01.png	40438f373759a33a82f57b334b93c0088b53827f4ec226786561c44f7b57592b	client-raw/40438f373759a33a82f57b334b93c0088b53827f4ec226786561c44f7b57592b.png
0335_vfx011-items-configuration-head-mip2-reduced-page02.png	8e8d50ecc1e3acd4d419c3dae23f855e482c6312fa06acdcbfc67bc7102b12ad	client-raw/8e8d50ecc1e3acd4d419c3dae23f855e482c6312fa06acdcbfc67bc7102b12ad.png
0336_vfx011-items-configuration-head-mip2-reduced-page03.png	d44bd2cf11c0b72dc60038e7230b6eb3e935725e4d368cd8e2bfdc206488865b	client-raw/d44bd2cf11c0b72dc60038e7230b6eb3e935725e4d368cd8e2bfdc206488865b.png
0337_vfx011-items-configuration-head-mip2-reduced-page04.png	d638a205a9083a494d96a2be12df3ab59e3c3dfd393954022bd5fdc16f3c4709	client-raw/d638a205a9083a494d96a2be12df3ab59e3c3dfd393954022bd5fdc16f3c4709.png
0338_vfx011-items-configuration-head-mip2-reduced-page05.png	055ff62ea7ddb1eb2d4bfc3f07e537423bc86b7a897094765dbde525ff27a8ff	client-raw/055ff62ea7ddb1eb2d4bfc3f07e537423bc86b7a897094765dbde525ff27a8ff.png
0339_vfx011-items-configuration-on_shelf-mip2-reduced-page01.png	96cfc086a1b45c146eefc10932206b557ea5dac2d00d5f7b89784aaa07fd9f5e	client-raw/96cfc086a1b45c146eefc10932206b557ea5dac2d00d5f7b89784aaa07fd9f5e.png
0340_vfx011-items-configuration-gui-mip3-normal-page01.png	7ddca5d89d5c76bfe18cf687063f0e2b9eae673d6144fb36e5c942a80fc6b54a	client-raw/7ddca5d89d5c76bfe18cf687063f0e2b9eae673d6144fb36e5c942a80fc6b54a.png
0341_vfx011-items-configuration-gui-mip3-normal-page02.png	6bb74425c88ea5eb0bd44a3c48511adbc666d2768bdff2d30b82e9df5bf51571	client-raw/6bb74425c88ea5eb0bd44a3c48511adbc666d2768bdff2d30b82e9df5bf51571.png
0342_vfx011-items-configuration-gui-mip3-normal-page03.png	eaca45435e00d32dd8e9e7878204624b4bdc952afbff70688dac1299b3238691	client-raw/eaca45435e00d32dd8e9e7878204624b4bdc952afbff70688dac1299b3238691.png
0343_vfx011-items-configuration-gui-mip3-normal-page04.png	f33d83b166293e60bf61b7ddcdccfbeb9c5ee2198ad963d5bb18b076e34389ec	client-raw/f33d83b166293e60bf61b7ddcdccfbeb9c5ee2198ad963d5bb18b076e34389ec.png
0344_vfx011-items-configuration-gui-mip3-normal-page05.png	ccc3f354c79a43ba055966ac58ba8d8ce942cf231cb22c880656edb50c2217b8	client-raw/ccc3f354c79a43ba055966ac58ba8d8ce942cf231cb22c880656edb50c2217b8.png
0345_vfx011-items-configuration-ground-mip3-normal-page01.png	5df21ece2592c6e4a7eb02db17681453c4a2a6c6617e7291acea032bf44aa683	client-raw/5df21ece2592c6e4a7eb02db17681453c4a2a6c6617e7291acea032bf44aa683.png
0346_vfx011-items-configuration-ground-mip3-normal-page02.png	bd722120ea372709dd93256bf8622aeb73cd822319c39aa11ada4638d7055f22	client-raw/bd722120ea372709dd93256bf8622aeb73cd822319c39aa11ada4638d7055f22.png
0347_vfx011-items-configuration-ground-mip3-normal-page03.png	ac6db366afed878354f62340b536d7504555ab38b53925217ec1eb8aa8a6a361	client-raw/ac6db366afed878354f62340b536d7504555ab38b53925217ec1eb8aa8a6a361.png
0348_vfx011-items-configuration-ground-mip3-normal-page04.png	66568af0532e1448ba25f1b49de05cfe0d8cb69a2092b54a1e37cada8a4b363e	client-raw/66568af0532e1448ba25f1b49de05cfe0d8cb69a2092b54a1e37cada8a4b363e.png
0349_vfx011-items-configuration-ground-mip3-normal-page05.png	71f548b59169778a8e3c065c8b1b5b68ef415721e3c9ec90872713d80f548b86	client-raw/71f548b59169778a8e3c065c8b1b5b68ef415721e3c9ec90872713d80f548b86.png
0350_vfx011-items-configuration-firstperson_lefthand-mip3-normal-page01.png	dfd5375aa445c2031f2d13b98936dacd323ef74887b0f2ba1a653dbf448a5a8e	client-raw/dfd5375aa445c2031f2d13b98936dacd323ef74887b0f2ba1a653dbf448a5a8e.png
0351_vfx011-items-configuration-firstperson_lefthand-mip3-normal-page02.png	25363ed4f6cfaef5c6ccf03233634787d9009eb686ad3e5c5bda6e77c1cb032f	client-raw/25363ed4f6cfaef5c6ccf03233634787d9009eb686ad3e5c5bda6e77c1cb032f.png
0352_vfx011-items-configuration-firstperson_lefthand-mip3-normal-page03.png	5876ef1828c54a3399aee734fded2ea88b5de603f65129bed6b194e2c7a2799b	client-raw/5876ef1828c54a3399aee734fded2ea88b5de603f65129bed6b194e2c7a2799b.png
0353_vfx011-items-configuration-firstperson_lefthand-mip3-normal-page04.png	c374f10f67d55b8d555812df150fad3491cd1fc30bfdb0eb0f4fb762e2c6d3a7	client-raw/c374f10f67d55b8d555812df150fad3491cd1fc30bfdb0eb0f4fb762e2c6d3a7.png
0354_vfx011-items-configuration-firstperson_lefthand-mip3-normal-page05.png	a19b6223c36d3cb4b6bc541ce7894c3796b24121135abbbb1bed54eab0736309	client-raw/a19b6223c36d3cb4b6bc541ce7894c3796b24121135abbbb1bed54eab0736309.png
0355_vfx011-items-configuration-firstperson_righthand-mip3-normal-page01.png	14749e634c52018ef4b4362da39273d1b8ba8ff60be1fae98043315304982e4c	client-raw/14749e634c52018ef4b4362da39273d1b8ba8ff60be1fae98043315304982e4c.png
0356_vfx011-items-configuration-firstperson_righthand-mip3-normal-page02.png	5217eef2f172672da81e23b1f3ce77573f91b544ea23e34729e57c6ffc679da0	client-raw/5217eef2f172672da81e23b1f3ce77573f91b544ea23e34729e57c6ffc679da0.png
0357_vfx011-items-configuration-firstperson_righthand-mip3-normal-page03.png	aefd95cce075b69c67e65f3463e97566f3759b55df4b69001103919d8b46ec7d	client-raw/aefd95cce075b69c67e65f3463e97566f3759b55df4b69001103919d8b46ec7d.png
0358_vfx011-items-configuration-firstperson_righthand-mip3-normal-page04.png	570b5c55cb3597b8c89700e1879fec44faaea4618a7d51d42cad703030b80ca9	client-raw/570b5c55cb3597b8c89700e1879fec44faaea4618a7d51d42cad703030b80ca9.png
0359_vfx011-items-configuration-firstperson_righthand-mip3-normal-page05.png	8fbc6717d7197efbadceed5b76d54545a15b20a5381f5aca286cb85dd805d661	client-raw/8fbc6717d7197efbadceed5b76d54545a15b20a5381f5aca286cb85dd805d661.png
0360_vfx011-items-configuration-thirdperson_lefthand-mip3-normal-page01.png	f32cdf3e2d319fb8d35f7ed397139a2f25b4a011af22109f955bb71c357cec42	client-raw/f32cdf3e2d319fb8d35f7ed397139a2f25b4a011af22109f955bb71c357cec42.png
0361_vfx011-items-configuration-thirdperson_lefthand-mip3-normal-page02.png	68c08c4af0024e515d1358ecf250215138e2bad1935d6f849571c689944a53cf	client-raw/68c08c4af0024e515d1358ecf250215138e2bad1935d6f849571c689944a53cf.png
0362_vfx011-items-configuration-thirdperson_lefthand-mip3-normal-page03.png	7c98c9f9f656b2dac2a1271eff00485b51bf66481fe3f5b3e1321520c3d775cb	client-raw/7c98c9f9f656b2dac2a1271eff00485b51bf66481fe3f5b3e1321520c3d775cb.png
0363_vfx011-items-configuration-thirdperson_lefthand-mip3-normal-page04.png	278744730415c882a08b87b6748cd0e49295507b96431faf6c6d730a05501cdc	client-raw/278744730415c882a08b87b6748cd0e49295507b96431faf6c6d730a05501cdc.png
0364_vfx011-items-configuration-thirdperson_lefthand-mip3-normal-page05.png	9b7ba4b22acece13109133ac14998b30c2416f54e2095ad0af2e2a2a8cc1af52	client-raw/9b7ba4b22acece13109133ac14998b30c2416f54e2095ad0af2e2a2a8cc1af52.png
0365_vfx011-items-configuration-thirdperson_righthand-mip3-normal-page01.png	30a14ba501f6dccaaeda40c6fee7379c53d0277284a27d1809d1c6f765fdd7e2	client-raw/30a14ba501f6dccaaeda40c6fee7379c53d0277284a27d1809d1c6f765fdd7e2.png
0366_vfx011-items-configuration-thirdperson_righthand-mip3-normal-page02.png	29985cec80ccb978f8e5ae62611b2b41e042d6acc25febbee7ab59931e2d8f20	client-raw/29985cec80ccb978f8e5ae62611b2b41e042d6acc25febbee7ab59931e2d8f20.png
0367_vfx011-items-configuration-thirdperson_righthand-mip3-normal-page03.png	5c7387902e9ec169c1ceebb6c56458b62998a64139e29daec949a7f55606ae6f	client-raw/5c7387902e9ec169c1ceebb6c56458b62998a64139e29daec949a7f55606ae6f.png
0368_vfx011-items-configuration-thirdperson_righthand-mip3-normal-page04.png	4f6deb3901e945bc110a0b179b9ad478f4b402e84d086d21c8dc18adb800b9bc	client-raw/4f6deb3901e945bc110a0b179b9ad478f4b402e84d086d21c8dc18adb800b9bc.png
0369_vfx011-items-configuration-thirdperson_righthand-mip3-normal-page05.png	809ced8c20eb2c5a5b6c35d3d521c5eb79fa03c683edac57e48917304e39666f	client-raw/809ced8c20eb2c5a5b6c35d3d521c5eb79fa03c683edac57e48917304e39666f.png
0370_vfx011-items-configuration-fixed-mip3-normal-page01.png	3ebf4a22dc5e398be734500af2d2fd6dbb09c888b379eca291b4acc047247830	client-raw/3ebf4a22dc5e398be734500af2d2fd6dbb09c888b379eca291b4acc047247830.png
0371_vfx011-items-configuration-fixed-mip3-normal-page02.png	8f2d20907deec804eb7a61033d9c622c840610107c65f58259b6d9c7b4b4bbe3	client-raw/8f2d20907deec804eb7a61033d9c622c840610107c65f58259b6d9c7b4b4bbe3.png
0372_vfx011-items-configuration-fixed-mip3-normal-page03.png	d6344a46b149f427dec813a202f1abb655cab0aad116c01e8637b2973fa53f94	client-raw/d6344a46b149f427dec813a202f1abb655cab0aad116c01e8637b2973fa53f94.png
0373_vfx011-items-configuration-fixed-mip3-normal-page04.png	9d087486da7b9ab0fcbae50b29f13f1639b08481be61431e183df737563b42f6	client-raw/9d087486da7b9ab0fcbae50b29f13f1639b08481be61431e183df737563b42f6.png
0374_vfx011-items-configuration-fixed-mip3-normal-page05.png	e86f25664e3d5cb545c3a6b486b843fd7f7715c89e60c881eb00634bcef7acdf	client-raw/e86f25664e3d5cb545c3a6b486b843fd7f7715c89e60c881eb00634bcef7acdf.png
0375_vfx011-items-configuration-head-mip3-normal-page01.png	2d2805625c0644927393a8fbff239056c667995cfed2cec69c40dc2e863e7c51	client-raw/2d2805625c0644927393a8fbff239056c667995cfed2cec69c40dc2e863e7c51.png
0376_vfx011-items-configuration-head-mip3-normal-page02.png	f6e8e8375b1ec3e6c262f40abaab9ba33976b9c1a59f8ceaa39fc1e8b6901491	client-raw/f6e8e8375b1ec3e6c262f40abaab9ba33976b9c1a59f8ceaa39fc1e8b6901491.png
0377_vfx011-items-configuration-head-mip3-normal-page03.png	8cdd46a5e3bb193bffbf261025def907d15e473d01fb107037d3fb6b156338dd	client-raw/8cdd46a5e3bb193bffbf261025def907d15e473d01fb107037d3fb6b156338dd.png
0378_vfx011-items-configuration-head-mip3-normal-page04.png	4c11f1555cf5ca19ba71689b6576fcd0b73ed5993f64600ce025f40a4a382377	client-raw/4c11f1555cf5ca19ba71689b6576fcd0b73ed5993f64600ce025f40a4a382377.png
0379_vfx011-items-configuration-head-mip3-normal-page05.png	bc488ebd0599272f6c2c6604cb26c70f814de546877459de58ae70c7b3f50589	client-raw/bc488ebd0599272f6c2c6604cb26c70f814de546877459de58ae70c7b3f50589.png
0380_vfx011-items-configuration-on_shelf-mip3-normal-page01.png	4745bbbed54c735e6cfa703a1968d396edec70d4a70cdf55b9efb7354ab0a97b	client-raw/4745bbbed54c735e6cfa703a1968d396edec70d4a70cdf55b9efb7354ab0a97b.png
0381_vfx011-items-configuration-gui-mip3-reduced-page01.png	2c532e4d77c693ce9d9831c33e4dee8e7da22a98f7a0749555669ffc5166cc45	client-raw/2c532e4d77c693ce9d9831c33e4dee8e7da22a98f7a0749555669ffc5166cc45.png
0382_vfx011-items-configuration-gui-mip3-reduced-page02.png	de6a8f1d3f5e25392145f79de29f585d3396b03831a8049c12037e8770e28818	client-raw/de6a8f1d3f5e25392145f79de29f585d3396b03831a8049c12037e8770e28818.png
0383_vfx011-items-configuration-gui-mip3-reduced-page03.png	52ce8e841edb3038f715a603cac0b85237fe2160cb6ad8fc7e7faab3eb5c39d4	client-raw/52ce8e841edb3038f715a603cac0b85237fe2160cb6ad8fc7e7faab3eb5c39d4.png
0384_vfx011-items-configuration-gui-mip3-reduced-page04.png	9e7fc31eb5ee8abda169f8f0d76b020f5a866003a0b50c98d48cd2c04222697c	client-raw/9e7fc31eb5ee8abda169f8f0d76b020f5a866003a0b50c98d48cd2c04222697c.png
0385_vfx011-items-configuration-gui-mip3-reduced-page05.png	b0287ef2dafad94221baa8ed9b04d84661fef42b637a4e8ac747800c4c447941	client-raw/b0287ef2dafad94221baa8ed9b04d84661fef42b637a4e8ac747800c4c447941.png
0386_vfx011-items-configuration-ground-mip3-reduced-page01.png	2eda43fd41edd906e16f9efa060a34804cf8aa35008c2e356c604c2e41646726	client-raw/2eda43fd41edd906e16f9efa060a34804cf8aa35008c2e356c604c2e41646726.png
0387_vfx011-items-configuration-ground-mip3-reduced-page02.png	21c1304c459bf4c615dcb69958767bd622f86a1c5a4b9e4972967a0d7a1480bb	client-raw/21c1304c459bf4c615dcb69958767bd622f86a1c5a4b9e4972967a0d7a1480bb.png
0388_vfx011-items-configuration-ground-mip3-reduced-page03.png	fafc73affb7598da4148cfcc7953b4530afbd589c2ec5ef7527fb3d7886c541d	client-raw/fafc73affb7598da4148cfcc7953b4530afbd589c2ec5ef7527fb3d7886c541d.png
0389_vfx011-items-configuration-ground-mip3-reduced-page04.png	4d2740d18dfd90ba46b3601fea1100aeb3e388d3fd28376886502e0ff6e4bfc9	client-raw/4d2740d18dfd90ba46b3601fea1100aeb3e388d3fd28376886502e0ff6e4bfc9.png
0390_vfx011-items-configuration-ground-mip3-reduced-page05.png	53c0b7a17c94aab2befd77500072412fd3ee14871bc2be29930b14af9eb8042a	client-raw/53c0b7a17c94aab2befd77500072412fd3ee14871bc2be29930b14af9eb8042a.png
0391_vfx011-items-configuration-firstperson_lefthand-mip3-reduced-page01.png	d6b14b724dfaa48b31e217428374411d8b31e296bd58a102d269083ab75d47e7	client-raw/d6b14b724dfaa48b31e217428374411d8b31e296bd58a102d269083ab75d47e7.png
0392_vfx011-items-configuration-firstperson_lefthand-mip3-reduced-page02.png	924172a563ae0ed5655ff2a6733c103800819561c3725d5be4fe13afbee4c017	client-raw/924172a563ae0ed5655ff2a6733c103800819561c3725d5be4fe13afbee4c017.png
0393_vfx011-items-configuration-firstperson_lefthand-mip3-reduced-page03.png	7df0a1914cb642db2b787c5cdef0e6a6e5f48a8889b3171dbdd224eefeffbaf3	client-raw/7df0a1914cb642db2b787c5cdef0e6a6e5f48a8889b3171dbdd224eefeffbaf3.png
0394_vfx011-items-configuration-firstperson_lefthand-mip3-reduced-page04.png	ed849bfe82a27b400ff98779019b456a4ecefff60e7d463e8f4f57500c671897	client-raw/ed849bfe82a27b400ff98779019b456a4ecefff60e7d463e8f4f57500c671897.png
0395_vfx011-items-configuration-firstperson_lefthand-mip3-reduced-page05.png	008a57e452cf3d67a64b8e103d569ba91739dad8fe96541f56f173f3e2af1474	client-raw/008a57e452cf3d67a64b8e103d569ba91739dad8fe96541f56f173f3e2af1474.png
0396_vfx011-items-configuration-firstperson_righthand-mip3-reduced-page01.png	44b7ff1d98d2aa16c05632a020c0e5983dbc980592b88f37a1b9fd5c5e4b1523	client-raw/44b7ff1d98d2aa16c05632a020c0e5983dbc980592b88f37a1b9fd5c5e4b1523.png
0397_vfx011-items-configuration-firstperson_righthand-mip3-reduced-page02.png	775acbad4fa1f52fbb98843c4c138db66fbebb3b41899ba8f90015a43fc26b87	client-raw/775acbad4fa1f52fbb98843c4c138db66fbebb3b41899ba8f90015a43fc26b87.png
0398_vfx011-items-configuration-firstperson_righthand-mip3-reduced-page03.png	eba730d0b808f71f99685be2378fbe88e4e290eb37acf9c71cb2b437e505cd74	client-raw/eba730d0b808f71f99685be2378fbe88e4e290eb37acf9c71cb2b437e505cd74.png
0399_vfx011-items-configuration-firstperson_righthand-mip3-reduced-page04.png	354c9ad8d4ce2d4c5549cb55f381cd7177921dc66a75f3e30ce2d56dec501914	client-raw/354c9ad8d4ce2d4c5549cb55f381cd7177921dc66a75f3e30ce2d56dec501914.png
0400_vfx011-items-configuration-firstperson_righthand-mip3-reduced-page05.png	3c9a7e60da5f85930eb975eae8290137f48a91bf068675728c5a33415bd1ef88	client-raw/3c9a7e60da5f85930eb975eae8290137f48a91bf068675728c5a33415bd1ef88.png
0401_vfx011-items-configuration-thirdperson_lefthand-mip3-reduced-page01.png	31b5a15b6eed5682d3aadf40aee982c5bcfd5a1871c6237333fbd49d1d130fd7	client-raw/31b5a15b6eed5682d3aadf40aee982c5bcfd5a1871c6237333fbd49d1d130fd7.png
0402_vfx011-items-configuration-thirdperson_lefthand-mip3-reduced-page02.png	177203ba42aa5da17357f404429ff240bb4de46c3c8d59a86a7fa7b79dacde4d	client-raw/177203ba42aa5da17357f404429ff240bb4de46c3c8d59a86a7fa7b79dacde4d.png
0403_vfx011-items-configuration-thirdperson_lefthand-mip3-reduced-page03.png	1ba4bd2f99c4566f423f3942e1565ae201a869c7262d3722bcc24533516b84e1	client-raw/1ba4bd2f99c4566f423f3942e1565ae201a869c7262d3722bcc24533516b84e1.png
0404_vfx011-items-configuration-thirdperson_lefthand-mip3-reduced-page04.png	bf245ceb0b0f64249d49a36314459fa9e7214a6bb096ad00243261eb51b924c7	client-raw/bf245ceb0b0f64249d49a36314459fa9e7214a6bb096ad00243261eb51b924c7.png
0405_vfx011-items-configuration-thirdperson_lefthand-mip3-reduced-page05.png	1b4b8be2a8a9acb9fd0ca0224efea09c2cca19ea2e4adfefd05ab7d3502c26b4	client-raw/1b4b8be2a8a9acb9fd0ca0224efea09c2cca19ea2e4adfefd05ab7d3502c26b4.png
0406_vfx011-items-configuration-thirdperson_righthand-mip3-reduced-page01.png	a1b38c179b1a69108b02f2d8e8b32d9c4b392d5bda4f5e03838ba074dd97473e	client-raw/a1b38c179b1a69108b02f2d8e8b32d9c4b392d5bda4f5e03838ba074dd97473e.png
0407_vfx011-items-configuration-thirdperson_righthand-mip3-reduced-page02.png	ff537a1d9f058ceb7e4c74082ce1aa6c021939460ed8301daba7a3ecd8448752	client-raw/ff537a1d9f058ceb7e4c74082ce1aa6c021939460ed8301daba7a3ecd8448752.png
0408_vfx011-items-configuration-thirdperson_righthand-mip3-reduced-page03.png	5b95cf4d1a469c025d7c6e1c808ba6a9814ec8c50a494df5b078a2e328cf0b3f	client-raw/5b95cf4d1a469c025d7c6e1c808ba6a9814ec8c50a494df5b078a2e328cf0b3f.png
0409_vfx011-items-configuration-thirdperson_righthand-mip3-reduced-page04.png	359755bfd3b8972573db4be08b7994f04da31be363e6f2d9ea0edd40da82f1c1	client-raw/359755bfd3b8972573db4be08b7994f04da31be363e6f2d9ea0edd40da82f1c1.png
0410_vfx011-items-configuration-thirdperson_righthand-mip3-reduced-page05.png	2e60a2e2647acc3a04fcca78d357842f53504e1eb7ccf12de17a3986cb14585c	client-raw/2e60a2e2647acc3a04fcca78d357842f53504e1eb7ccf12de17a3986cb14585c.png
0411_vfx011-items-configuration-fixed-mip3-reduced-page01.png	941f5ea94b80242b970a4ba0107b5bd2cd96cfc1dc0414fa684b32e10c0beb84	client-raw/941f5ea94b80242b970a4ba0107b5bd2cd96cfc1dc0414fa684b32e10c0beb84.png
0412_vfx011-items-configuration-fixed-mip3-reduced-page02.png	c28d2bd837bff19f98e12a84832913f2a2da42c0df34a1a4d1467dd309ef824c	client-raw/c28d2bd837bff19f98e12a84832913f2a2da42c0df34a1a4d1467dd309ef824c.png
0413_vfx011-items-configuration-fixed-mip3-reduced-page03.png	4b947fbdca58d06c300cdf9f4075d13b5917c2c6a9ed0df23038c0646d5dcbc0	client-raw/4b947fbdca58d06c300cdf9f4075d13b5917c2c6a9ed0df23038c0646d5dcbc0.png
0414_vfx011-items-configuration-fixed-mip3-reduced-page04.png	a4ed7988e014fb25878137f0bd3edb7aa8f42bbffb20640d12cf302e6521e957	client-raw/a4ed7988e014fb25878137f0bd3edb7aa8f42bbffb20640d12cf302e6521e957.png
0415_vfx011-items-configuration-fixed-mip3-reduced-page05.png	5627f9d0c9207ba98a346b1d89e62272a5ed860632220e2385b1cd65baccb092	client-raw/5627f9d0c9207ba98a346b1d89e62272a5ed860632220e2385b1cd65baccb092.png
0416_vfx011-items-configuration-head-mip3-reduced-page01.png	9dcd017d14b481a0d53b261ae2668d98673ca39dfcd3770f6a446dac3ea577c6	client-raw/9dcd017d14b481a0d53b261ae2668d98673ca39dfcd3770f6a446dac3ea577c6.png
0417_vfx011-items-configuration-head-mip3-reduced-page02.png	6e9ee2ca88d0c00393a43537cecb549ad59ec5c2e794003c8ab9432da14447c5	client-raw/6e9ee2ca88d0c00393a43537cecb549ad59ec5c2e794003c8ab9432da14447c5.png
0418_vfx011-items-configuration-head-mip3-reduced-page03.png	22d5e062f1e4c50fa84dc7852ec772fc45813ca898b597d4cbab8f69e019b112	client-raw/22d5e062f1e4c50fa84dc7852ec772fc45813ca898b597d4cbab8f69e019b112.png
0419_vfx011-items-configuration-head-mip3-reduced-page04.png	b98dac2338b81a3f30ce4c92de783a7bdea27dbe880dd017e6b6df9563b1b1a9	client-raw/b98dac2338b81a3f30ce4c92de783a7bdea27dbe880dd017e6b6df9563b1b1a9.png
0420_vfx011-items-configuration-head-mip3-reduced-page05.png	bde6b17b31f83141cad8a754f4d0dced38bf5040f920f8bf566f1782e0db0a0c	client-raw/bde6b17b31f83141cad8a754f4d0dced38bf5040f920f8bf566f1782e0db0a0c.png
0421_vfx011-items-configuration-on_shelf-mip3-reduced-page01.png	5544942a263c537a98e4587b9913aa3a3a2b27d8e8baad822daf765ddb3be58d	client-raw/5544942a263c537a98e4587b9913aa3a3a2b27d8e8baad822daf765ddb3be58d.png
0422_vfx011-items-configuration-gui-mip4-normal-page01.png	8e9f86f0c461612626b9d189e46482606fe3a699d913ede15e7c1749e79f026c	client-raw/8e9f86f0c461612626b9d189e46482606fe3a699d913ede15e7c1749e79f026c.png
0423_vfx011-items-configuration-gui-mip4-normal-page02.png	3fd2780bd48480c12581032496224f67559ff1dc4ff90920a432e8d2297c0134	client-raw/3fd2780bd48480c12581032496224f67559ff1dc4ff90920a432e8d2297c0134.png
0424_vfx011-items-configuration-gui-mip4-normal-page03.png	1cbcf57c0955307f0cbdab9b68a798a07005565e876eef964057218dbbaf624a	client-raw/1cbcf57c0955307f0cbdab9b68a798a07005565e876eef964057218dbbaf624a.png
0425_vfx011-items-configuration-gui-mip4-normal-page04.png	d775376f64ea09bcdd6a724f9ad67c10d005fa0800e1bb03253231fd7f464f7c	client-raw/d775376f64ea09bcdd6a724f9ad67c10d005fa0800e1bb03253231fd7f464f7c.png
0426_vfx011-items-configuration-gui-mip4-normal-page05.png	c4fdc7fdfc506dfc669d4450128f45e17668e29cd1a39eae574fcfeea655a9ce	client-raw/c4fdc7fdfc506dfc669d4450128f45e17668e29cd1a39eae574fcfeea655a9ce.png
0427_vfx011-items-configuration-ground-mip4-normal-page01.png	d53e94d391fc4918e91d50e3bf8116d38474dc83e4ad3b3433f1120c93b2e914	client-raw/d53e94d391fc4918e91d50e3bf8116d38474dc83e4ad3b3433f1120c93b2e914.png
0428_vfx011-items-configuration-ground-mip4-normal-page02.png	cf5953917e434fd43975a311db988ac0cb8d2669fb6f936e95c74059145dc272	client-raw/cf5953917e434fd43975a311db988ac0cb8d2669fb6f936e95c74059145dc272.png
0429_vfx011-items-configuration-ground-mip4-normal-page03.png	914ad2498258c323b6243ee9d476b560204276675ae80804927905bae2ef9a87	client-raw/914ad2498258c323b6243ee9d476b560204276675ae80804927905bae2ef9a87.png
0430_vfx011-items-configuration-ground-mip4-normal-page04.png	4ee4dfe201681a13e9b2221d194976f4e29e926c0b9ff79fdad5846dc9ba1d6b	client-raw/4ee4dfe201681a13e9b2221d194976f4e29e926c0b9ff79fdad5846dc9ba1d6b.png
0431_vfx011-items-configuration-ground-mip4-normal-page05.png	5a791a2feb89edd3347f824b9833f9de14dbcb9acb54c1d22f3c70da68078172	client-raw/5a791a2feb89edd3347f824b9833f9de14dbcb9acb54c1d22f3c70da68078172.png
0432_vfx011-items-configuration-firstperson_lefthand-mip4-normal-page01.png	cc22db4607997c7705a8da724b27016fa713ca043f44f0ce7378d0d19ba5cfad	client-raw/cc22db4607997c7705a8da724b27016fa713ca043f44f0ce7378d0d19ba5cfad.png
0433_vfx011-items-configuration-firstperson_lefthand-mip4-normal-page02.png	02fba797ace25a0a1fbb0726f6f84ffecba471d55981003822b305c738366de7	client-raw/02fba797ace25a0a1fbb0726f6f84ffecba471d55981003822b305c738366de7.png
0434_vfx011-items-configuration-firstperson_lefthand-mip4-normal-page03.png	5758c9c2933af8e9d324a19238696b193ae295137bf36a166d5679bc4af6e60e	client-raw/5758c9c2933af8e9d324a19238696b193ae295137bf36a166d5679bc4af6e60e.png
0435_vfx011-items-configuration-firstperson_lefthand-mip4-normal-page04.png	0254daffbebe979ed575788f410773be6d566fc0215649633ec08c6407e756a3	client-raw/0254daffbebe979ed575788f410773be6d566fc0215649633ec08c6407e756a3.png
0436_vfx011-items-configuration-firstperson_lefthand-mip4-normal-page05.png	33e1915858846bd949b24196473ee78fea90f66daf95b311e51a12614fe46fe9	client-raw/33e1915858846bd949b24196473ee78fea90f66daf95b311e51a12614fe46fe9.png
0437_vfx011-items-configuration-firstperson_righthand-mip4-normal-page01.png	7f529b8438618fb3c604fe94910e97693c2ee635bfed5c12d6acf6372881da11	client-raw/7f529b8438618fb3c604fe94910e97693c2ee635bfed5c12d6acf6372881da11.png
0438_vfx011-items-configuration-firstperson_righthand-mip4-normal-page02.png	ff358017ed6ccb482aca63b9c10a31395c6df21997d4bd9001c228e856d5b8f5	client-raw/ff358017ed6ccb482aca63b9c10a31395c6df21997d4bd9001c228e856d5b8f5.png
0439_vfx011-items-configuration-firstperson_righthand-mip4-normal-page03.png	892484263a2510313aecdc79f281a12dc59ca681b0698f16e2d66a36a5aa5112	client-raw/892484263a2510313aecdc79f281a12dc59ca681b0698f16e2d66a36a5aa5112.png
0440_vfx011-items-configuration-firstperson_righthand-mip4-normal-page04.png	f54ed75284bf0d744accf3c77f32145a589857c35b30a4d08db354fa93d398c1	client-raw/f54ed75284bf0d744accf3c77f32145a589857c35b30a4d08db354fa93d398c1.png
0441_vfx011-items-configuration-firstperson_righthand-mip4-normal-page05.png	bd3328391cf5f282fce3c17f4957d75f9d26be4f235503d96e8043040025219c	client-raw/bd3328391cf5f282fce3c17f4957d75f9d26be4f235503d96e8043040025219c.png
0442_vfx011-items-configuration-thirdperson_lefthand-mip4-normal-page01.png	79891483e6377beb72ae72b694cf4d15d46c8726dfb067695ee29de7cc7accf1	client-raw/79891483e6377beb72ae72b694cf4d15d46c8726dfb067695ee29de7cc7accf1.png
0443_vfx011-items-configuration-thirdperson_lefthand-mip4-normal-page02.png	f11df5f746177131cc5be3541c4c4355d3a7b2e59dfe53979fcbfd5c6dfa3832	client-raw/f11df5f746177131cc5be3541c4c4355d3a7b2e59dfe53979fcbfd5c6dfa3832.png
0444_vfx011-items-configuration-thirdperson_lefthand-mip4-normal-page03.png	ed109999449461cd809bbcec7c5f83e12bdadb68e45f3e366051e25003d15948	client-raw/ed109999449461cd809bbcec7c5f83e12bdadb68e45f3e366051e25003d15948.png
0445_vfx011-items-configuration-thirdperson_lefthand-mip4-normal-page04.png	2617571fb2e123859c644de716fd9981346941bdf645f08e6c57d810e09cdced	client-raw/2617571fb2e123859c644de716fd9981346941bdf645f08e6c57d810e09cdced.png
0446_vfx011-items-configuration-thirdperson_lefthand-mip4-normal-page05.png	efe598caceab2b6f27581fd4b1a1215949667d8bff44961a91eaf7e46dcc5888	client-raw/efe598caceab2b6f27581fd4b1a1215949667d8bff44961a91eaf7e46dcc5888.png
0447_vfx011-items-configuration-thirdperson_righthand-mip4-normal-page01.png	5f56cb3ae7dcb4aa707f09db5cbc0a33c297cb6454513af61b9e1286907e831b	client-raw/5f56cb3ae7dcb4aa707f09db5cbc0a33c297cb6454513af61b9e1286907e831b.png
0448_vfx011-items-configuration-thirdperson_righthand-mip4-normal-page02.png	1103230b3f7e48624f91a3c50515af74d7f9541eac2c4d2ce1d138d4f337eaca	client-raw/1103230b3f7e48624f91a3c50515af74d7f9541eac2c4d2ce1d138d4f337eaca.png
0449_vfx011-items-configuration-thirdperson_righthand-mip4-normal-page03.png	d7b9db28457393290ff1b6fe8ba73feffb2b6852de6bb9bb84884e7cc50e90f7	client-raw/d7b9db28457393290ff1b6fe8ba73feffb2b6852de6bb9bb84884e7cc50e90f7.png
0450_vfx011-items-configuration-thirdperson_righthand-mip4-normal-page04.png	c4ca71d8f872b596b9fcbcc5d469d1781a821eee2b193cf325590e05360bee41	client-raw/c4ca71d8f872b596b9fcbcc5d469d1781a821eee2b193cf325590e05360bee41.png
0451_vfx011-items-configuration-thirdperson_righthand-mip4-normal-page05.png	129ef42536be3d77f6510f536539b1aacd006f1b6331b6a1d79349d108baae15	client-raw/129ef42536be3d77f6510f536539b1aacd006f1b6331b6a1d79349d108baae15.png
0452_vfx011-items-configuration-fixed-mip4-normal-page01.png	d63264563a8d49f1c7663c0ee13d12d7da851b84df8e2fec03822c6f28d9e50d	client-raw/d63264563a8d49f1c7663c0ee13d12d7da851b84df8e2fec03822c6f28d9e50d.png
0453_vfx011-items-configuration-fixed-mip4-normal-page02.png	dd9afc4bfd2f74073fb9aed8577604f75fe0e43101349155fee30241d97f9d38	client-raw/dd9afc4bfd2f74073fb9aed8577604f75fe0e43101349155fee30241d97f9d38.png
0454_vfx011-items-configuration-fixed-mip4-normal-page03.png	d80ef51c66eaab891cffb7a9e23b371f15578447a77ae10bf41a4f30cfc0612b	client-raw/d80ef51c66eaab891cffb7a9e23b371f15578447a77ae10bf41a4f30cfc0612b.png
0455_vfx011-items-configuration-fixed-mip4-normal-page04.png	b5bca1b984b35deebbb182e14fb631c7e7ad350e68785de17c89fe19e939a4bb	client-raw/b5bca1b984b35deebbb182e14fb631c7e7ad350e68785de17c89fe19e939a4bb.png
0456_vfx011-items-configuration-fixed-mip4-normal-page05.png	77a871d2d5198d46e4d2945173059971aa7dd48a201cfa1ca53fae02d62b63a6	client-raw/77a871d2d5198d46e4d2945173059971aa7dd48a201cfa1ca53fae02d62b63a6.png
0457_vfx011-items-configuration-head-mip4-normal-page01.png	6457d9d6820d742d07323abb55ca5e716b4a1070dc99ab5ec5018303cb73e429	client-raw/6457d9d6820d742d07323abb55ca5e716b4a1070dc99ab5ec5018303cb73e429.png
0458_vfx011-items-configuration-head-mip4-normal-page02.png	c639a9bf9c010a43132f5f30c92029be2fbcd2d51600061ee44f2003499de1e8	client-raw/c639a9bf9c010a43132f5f30c92029be2fbcd2d51600061ee44f2003499de1e8.png
0459_vfx011-items-configuration-head-mip4-normal-page03.png	f4ead6eeb6da1e226ab2d81bcb38337c404d0c787b87c7a1243f71ead9ca1d17	client-raw/f4ead6eeb6da1e226ab2d81bcb38337c404d0c787b87c7a1243f71ead9ca1d17.png
0460_vfx011-items-configuration-head-mip4-normal-page04.png	4602ed3d8b58194ae55e86da39dd88424bd56ef775e8f22fc0da60fc7f3fa1a6	client-raw/4602ed3d8b58194ae55e86da39dd88424bd56ef775e8f22fc0da60fc7f3fa1a6.png
0461_vfx011-items-configuration-head-mip4-normal-page05.png	6dba5775b2a7b22d0eff34965d2fd368c8e154221ba3d4ed242dd52b6b59cb80	client-raw/6dba5775b2a7b22d0eff34965d2fd368c8e154221ba3d4ed242dd52b6b59cb80.png
0462_vfx011-items-configuration-on_shelf-mip4-normal-page01.png	d8ddd725b9709d6b26430e6cc86456324b499241229dac29957c881d38bde2bb	client-raw/d8ddd725b9709d6b26430e6cc86456324b499241229dac29957c881d38bde2bb.png
0463_vfx011-items-configuration-gui-mip4-reduced-page01.png	400946b3af90154ae244286a2e40c5f0a21eed75ee972d7cca88d99411c4cd11	client-raw/400946b3af90154ae244286a2e40c5f0a21eed75ee972d7cca88d99411c4cd11.png
0464_vfx011-items-configuration-gui-mip4-reduced-page02.png	1b7180a7a8d81efa3e5b7a5b834cbd9e14c1e9bf79d1de7fc176dfa8da9d4dec	client-raw/1b7180a7a8d81efa3e5b7a5b834cbd9e14c1e9bf79d1de7fc176dfa8da9d4dec.png
0465_vfx011-items-configuration-gui-mip4-reduced-page03.png	97a28305113d17351cbccf3d61c4db76767944adeadf2a9d0d707cff489441f8	client-raw/97a28305113d17351cbccf3d61c4db76767944adeadf2a9d0d707cff489441f8.png
0466_vfx011-items-configuration-gui-mip4-reduced-page04.png	823266d36812559efb30ba702bc5ef62ced2336f4c6994c373a51e3d8eabe23d	client-raw/823266d36812559efb30ba702bc5ef62ced2336f4c6994c373a51e3d8eabe23d.png
0467_vfx011-items-configuration-gui-mip4-reduced-page05.png	6eebbc273e78809abcdd94b1862a692d2c195789bb5eb07a8bf945dc488ac1a0	client-raw/6eebbc273e78809abcdd94b1862a692d2c195789bb5eb07a8bf945dc488ac1a0.png
0468_vfx011-items-configuration-ground-mip4-reduced-page01.png	ebb471f03e6354c34938b8ea3c764b992edd42817abcd9741f5ab2ac2e94f596	client-raw/ebb471f03e6354c34938b8ea3c764b992edd42817abcd9741f5ab2ac2e94f596.png
0469_vfx011-items-configuration-ground-mip4-reduced-page02.png	62ca852fae573d3cdea2558c9d481d5945f1862c6b7ef04443fba67aa0eaa775	client-raw/62ca852fae573d3cdea2558c9d481d5945f1862c6b7ef04443fba67aa0eaa775.png
0470_vfx011-items-configuration-ground-mip4-reduced-page03.png	9ffc22ff48694f53dacfee6f112a723664b3e6be921506c045e0c2ae7b0cf819	client-raw/9ffc22ff48694f53dacfee6f112a723664b3e6be921506c045e0c2ae7b0cf819.png
0471_vfx011-items-configuration-ground-mip4-reduced-page04.png	d4127745b349dfe6d045eb36be59ad32f1257a0bf00d94b21245e1d940eae6c1	client-raw/d4127745b349dfe6d045eb36be59ad32f1257a0bf00d94b21245e1d940eae6c1.png
0472_vfx011-items-configuration-ground-mip4-reduced-page05.png	fc4f9d097796c199c94c994be7ea30036c249de6fe6aedb8fedeabc97af9bce6	client-raw/fc4f9d097796c199c94c994be7ea30036c249de6fe6aedb8fedeabc97af9bce6.png
0473_vfx011-items-configuration-firstperson_lefthand-mip4-reduced-page01.png	85d32404929be3a5ce8e5fe3904a8636349d8566d90f00f39ae8105a5be95d49	client-raw/85d32404929be3a5ce8e5fe3904a8636349d8566d90f00f39ae8105a5be95d49.png
0474_vfx011-items-configuration-firstperson_lefthand-mip4-reduced-page02.png	7a2632006ed3e85773db45fb2a7f4bbf8b4205ffa752d57171c3fa1820424e11	client-raw/7a2632006ed3e85773db45fb2a7f4bbf8b4205ffa752d57171c3fa1820424e11.png
0475_vfx011-items-configuration-firstperson_lefthand-mip4-reduced-page03.png	d131b01fbdac450cce25801fd5fe7794ebb06beb75578f1c645becd13d37531d	client-raw/d131b01fbdac450cce25801fd5fe7794ebb06beb75578f1c645becd13d37531d.png
0476_vfx011-items-configuration-firstperson_lefthand-mip4-reduced-page04.png	19652d360d79cecf70c92cc770b2974513178fc10dee113578b1c193d80371de	client-raw/19652d360d79cecf70c92cc770b2974513178fc10dee113578b1c193d80371de.png
0477_vfx011-items-configuration-firstperson_lefthand-mip4-reduced-page05.png	28431d20f25c83a3375b663cb3db7f0177b82b4fbdf5c3a4be53a7bf8cc0ba0f	client-raw/28431d20f25c83a3375b663cb3db7f0177b82b4fbdf5c3a4be53a7bf8cc0ba0f.png
0478_vfx011-items-configuration-firstperson_righthand-mip4-reduced-page01.png	e3afa543ab0428c878b57dde2728e8a520213f4230ca4ad85636d6b009a27f67	client-raw/e3afa543ab0428c878b57dde2728e8a520213f4230ca4ad85636d6b009a27f67.png
0479_vfx011-items-configuration-firstperson_righthand-mip4-reduced-page02.png	6563c7eede234ec7c27cd94e948289ddc480c0e93178123ab0da2c4b80920b9d	client-raw/6563c7eede234ec7c27cd94e948289ddc480c0e93178123ab0da2c4b80920b9d.png
0480_vfx011-items-configuration-firstperson_righthand-mip4-reduced-page03.png	480ef1f7cf7d0496bbafaab864eab35a8fbdd52d970f8de38200c6c753acd9e5	client-raw/480ef1f7cf7d0496bbafaab864eab35a8fbdd52d970f8de38200c6c753acd9e5.png
0481_vfx011-items-configuration-firstperson_righthand-mip4-reduced-page04.png	ee63ce28c85d8015243c430a4eafccb5323ce38b78b9273f92d612e147ac9b6e	client-raw/ee63ce28c85d8015243c430a4eafccb5323ce38b78b9273f92d612e147ac9b6e.png
0482_vfx011-items-configuration-firstperson_righthand-mip4-reduced-page05.png	2c6e45064a95f7212a5a311e6480beccb548bf6f22d70006c4ad6af91a1c22fc	client-raw/2c6e45064a95f7212a5a311e6480beccb548bf6f22d70006c4ad6af91a1c22fc.png
0483_vfx011-items-configuration-thirdperson_lefthand-mip4-reduced-page01.png	22767787db9e60b4d99969ab6d099771a872f4dcaa4d3023d8be024caf357f1b	client-raw/22767787db9e60b4d99969ab6d099771a872f4dcaa4d3023d8be024caf357f1b.png
0484_vfx011-items-configuration-thirdperson_lefthand-mip4-reduced-page02.png	6f7f8269ad4c5ee49b2e11a9e27f7ae61150060e935de42740d202769933a3a3	client-raw/6f7f8269ad4c5ee49b2e11a9e27f7ae61150060e935de42740d202769933a3a3.png
0485_vfx011-items-configuration-thirdperson_lefthand-mip4-reduced-page03.png	065116b5e86a9ffcea2d3263eb95c30d3097fb5b522944bea3d021143b3034bc	client-raw/065116b5e86a9ffcea2d3263eb95c30d3097fb5b522944bea3d021143b3034bc.png
0486_vfx011-items-configuration-thirdperson_lefthand-mip4-reduced-page04.png	6409e8a823331cc897a54f7b0a321e0fae07c97c97a709d4d79a873bb7681aa9	client-raw/6409e8a823331cc897a54f7b0a321e0fae07c97c97a709d4d79a873bb7681aa9.png
0487_vfx011-items-configuration-thirdperson_lefthand-mip4-reduced-page05.png	497fd11c5b608c5f35fd3df70d0b2176c09f03962b478be23ae82ed9b6a66c81	client-raw/497fd11c5b608c5f35fd3df70d0b2176c09f03962b478be23ae82ed9b6a66c81.png
0488_vfx011-items-configuration-thirdperson_righthand-mip4-reduced-page01.png	b7b815d1609182378e59faee7f2057fb8a909dabca67bf534536849a4a419e3f	client-raw/b7b815d1609182378e59faee7f2057fb8a909dabca67bf534536849a4a419e3f.png
0489_vfx011-items-configuration-thirdperson_righthand-mip4-reduced-page02.png	3f6364f20ff65e11354cbcb3ac9a3584b3aaf02c2d898f75e275c2f7e87c8e4c	client-raw/3f6364f20ff65e11354cbcb3ac9a3584b3aaf02c2d898f75e275c2f7e87c8e4c.png
0490_vfx011-items-configuration-thirdperson_righthand-mip4-reduced-page03.png	b1383c2ba1f7545b9b6fcb6a410eb4ca0e365519533442af1be4187a55e2ff50	client-raw/b1383c2ba1f7545b9b6fcb6a410eb4ca0e365519533442af1be4187a55e2ff50.png
0491_vfx011-items-configuration-thirdperson_righthand-mip4-reduced-page04.png	0e79a0e566245802f068b5101582c31b6d2d0c4433249b183ccfaaf3db7de83d	client-raw/0e79a0e566245802f068b5101582c31b6d2d0c4433249b183ccfaaf3db7de83d.png
0492_vfx011-items-configuration-thirdperson_righthand-mip4-reduced-page05.png	b8058499b2be81d51dfae9062bc9a65c7562bd979790e2259be947b9d68f9a17	client-raw/b8058499b2be81d51dfae9062bc9a65c7562bd979790e2259be947b9d68f9a17.png
0493_vfx011-items-configuration-fixed-mip4-reduced-page01.png	785386277068bba3ac601d4684eb87a3d7e880bb66c5e9980d048eacd5369cb2	client-raw/785386277068bba3ac601d4684eb87a3d7e880bb66c5e9980d048eacd5369cb2.png
0494_vfx011-items-configuration-fixed-mip4-reduced-page02.png	edf8e22f1ec6ada66a9e0b81dba18657ecf91d18cf58d77c9ff9bebce336330c	client-raw/edf8e22f1ec6ada66a9e0b81dba18657ecf91d18cf58d77c9ff9bebce336330c.png
0495_vfx011-items-configuration-fixed-mip4-reduced-page03.png	df73a134081471572ab301025d9feece4ed3181e7d8539a960cb6cfee2ae0e22	client-raw/df73a134081471572ab301025d9feece4ed3181e7d8539a960cb6cfee2ae0e22.png
0496_vfx011-items-configuration-fixed-mip4-reduced-page04.png	1331dc5126515e9bb98eebd82ffdcc4dca2df7907c3beac292b76895c19dce5e	client-raw/1331dc5126515e9bb98eebd82ffdcc4dca2df7907c3beac292b76895c19dce5e.png
0497_vfx011-items-configuration-fixed-mip4-reduced-page05.png	f2d5facba23b9492989840379856f51c9c3619af41804d4c45daad5d8e84dc20	client-raw/f2d5facba23b9492989840379856f51c9c3619af41804d4c45daad5d8e84dc20.png
0498_vfx011-items-configuration-head-mip4-reduced-page01.png	9f5f2640f66e33a0e9178e56aa7484f8d7d5398abd842ae97dc78f7475cac7ec	client-raw/9f5f2640f66e33a0e9178e56aa7484f8d7d5398abd842ae97dc78f7475cac7ec.png
0499_vfx011-items-configuration-head-mip4-reduced-page02.png	cf2454e74271def987ed7ab146f86a8a0b90541efb12dac5c97116f111fd2473	client-raw/cf2454e74271def987ed7ab146f86a8a0b90541efb12dac5c97116f111fd2473.png
0500_vfx011-items-configuration-head-mip4-reduced-page03.png	573199277d61471da0ae0612c69df3e5f033eb56784e38bb7b2df57a846c206a	client-raw/573199277d61471da0ae0612c69df3e5f033eb56784e38bb7b2df57a846c206a.png
0501_vfx011-items-configuration-head-mip4-reduced-page04.png	b4efd18dc859f3c8e4259660c1a30d930aa390a71aff7beaf733624fcd758571	client-raw/b4efd18dc859f3c8e4259660c1a30d930aa390a71aff7beaf733624fcd758571.png
0502_vfx011-items-configuration-head-mip4-reduced-page05.png	c460c1c7cf5c28cd63d22543bb92a735bae8785c4f1162fbe3a3bc1b98e86106	client-raw/c460c1c7cf5c28cd63d22543bb92a735bae8785c4f1162fbe3a3bc1b98e86106.png
0503_vfx011-items-configuration-on_shelf-mip4-reduced-page01.png	42ef544d9f5769762edc29cecf2c3ae8d504aa3ffb6851878a83bf9a97b05bbf	client-raw/42ef544d9f5769762edc29cecf2c3ae8d504aa3ffb6851878a83bf9a97b05bbf.png
0504_vfx011-entities-front.png	81380ef7b10236cd3ef393bd20cb54963a1ee8a9a31f8edbaccb0eb828afc39e	client-raw/81380ef7b10236cd3ef393bd20cb54963a1ee8a9a31f8edbaccb0eb828afc39e.png
0505_vfx011-entities-back.png	6605972f3f226808a51df9d2849f3c74823253624c3724f20fb15d64bdb21b26	client-raw/6605972f3f226808a51df9d2849f3c74823253624c3724f20fb15d64bdb21b26.png
0506_vfx011-entities-left.png	a388da0c04a0aec70433a972e257d26c90eae5e0128c56e45d95a1d935989909	client-raw/a388da0c04a0aec70433a972e257d26c90eae5e0128c56e45d95a1d935989909.png
0507_vfx011-entities-right.png	1eadbfd55569dce98803ed80132c053db234e62d8168f0e91c2a1b078588472f	client-raw/1eadbfd55569dce98803ed80132c053db234e62d8168f0e91c2a1b078588472f.png
0508_vfx011-entities-equipped.png	f7a8cd5dff0270b1d63094d10d34bddb2a614d44402b4f231fe10b4bce2fcb93	client-raw/f7a8cd5dff0270b1d63094d10d34bddb2a614d44402b4f231fe10b4bce2fcb93.png
0509_vfx011-entities-config-mip0-normal-front.png	d305796359a6daf8580ee428ae11fb2e1c3c23359226bb3b83a0c4448f54cb20	client-raw/d305796359a6daf8580ee428ae11fb2e1c3c23359226bb3b83a0c4448f54cb20.png
0510_vfx011-entities-config-mip0-normal-back.png	0d6635707273da1f0030ab4a3f153a94303178ef19df4397a7c5677a42f4fdd1	client-raw/0d6635707273da1f0030ab4a3f153a94303178ef19df4397a7c5677a42f4fdd1.png
0511_vfx011-entities-config-mip0-normal-left.png	5e5bc57a4ca4fefb6f5abe40275cd79af29a2e54d60b2bc12b8d1947754fae59	client-raw/5e5bc57a4ca4fefb6f5abe40275cd79af29a2e54d60b2bc12b8d1947754fae59.png
0512_vfx011-entities-config-mip0-normal-right.png	99386dc31b901649172935e601695fa736348b9321c1a32300bdffaed6e154e0	client-raw/99386dc31b901649172935e601695fa736348b9321c1a32300bdffaed6e154e0.png
0513_vfx011-entities-config-mip0-normal-equipped.png	5e17a2cd7cbd86e61d25f3bf24a684b4cd2c0a0449f746e5f637d0d48bbc07cd	client-raw/5e17a2cd7cbd86e61d25f3bf24a684b4cd2c0a0449f746e5f637d0d48bbc07cd.png
0514_vfx011-entities-config-mip0-reduced-front.png	f28e865a8339bcf20f84e8db66a22c67e2f7a0eb9ba789e68480269e04875864	client-raw/f28e865a8339bcf20f84e8db66a22c67e2f7a0eb9ba789e68480269e04875864.png
0515_vfx011-entities-config-mip0-reduced-back.png	f55e247c6718c6036c8d4b0ff03188160a141c65f0dfe3aafde843a69c2476f4	client-raw/f55e247c6718c6036c8d4b0ff03188160a141c65f0dfe3aafde843a69c2476f4.png
0516_vfx011-entities-config-mip0-reduced-left.png	4e1dda528ffc017a45bf7aed5733326c6501c6d9559ac417249923a06bd4b00f	client-raw/4e1dda528ffc017a45bf7aed5733326c6501c6d9559ac417249923a06bd4b00f.png
0517_vfx011-entities-config-mip0-reduced-right.png	7c3dce9f345cd5b2cdcdd935e12cbafe552023d34f7989956d2340ed390f75da	client-raw/7c3dce9f345cd5b2cdcdd935e12cbafe552023d34f7989956d2340ed390f75da.png
0518_vfx011-entities-config-mip0-reduced-equipped.png	0e0c50d6d1c5b299befa24cf5b2af8acb1183130cb0237156e81138c89935e46	client-raw/0e0c50d6d1c5b299befa24cf5b2af8acb1183130cb0237156e81138c89935e46.png
0519_vfx011-entities-config-mip1-normal-front.png	317f6c0d0968ffce44593919e2911e31190f04eb3b60f11dbde4116c5d9d434d	client-raw/317f6c0d0968ffce44593919e2911e31190f04eb3b60f11dbde4116c5d9d434d.png
0520_vfx011-entities-config-mip1-normal-back.png	857922246f9249316c3a08abd4a99c4f615c1d492845e5f8103f8a58ec1a9601	client-raw/857922246f9249316c3a08abd4a99c4f615c1d492845e5f8103f8a58ec1a9601.png
0521_vfx011-entities-config-mip1-normal-left.png	469c516594212d0d0dd315510f780495093f5f4f2b10fa4a1d22a53f7726feae	client-raw/469c516594212d0d0dd315510f780495093f5f4f2b10fa4a1d22a53f7726feae.png
0522_vfx011-entities-config-mip1-normal-right.png	1413ab8f6cdaa78cc93c75958d5dcef4d1d525e5202d7c69fafe0693867123fb	client-raw/1413ab8f6cdaa78cc93c75958d5dcef4d1d525e5202d7c69fafe0693867123fb.png
0523_vfx011-entities-config-mip1-normal-equipped.png	061777c789d0941d05e00598d01b9ae0b428a0457213052ee5f2950b82ad5c60	client-raw/061777c789d0941d05e00598d01b9ae0b428a0457213052ee5f2950b82ad5c60.png
0524_vfx011-entities-config-mip1-reduced-front.png	1d1c89c418460fd72abe746883b9f97cf3ac8f9874e7bb4168c6217f9e34afed	client-raw/1d1c89c418460fd72abe746883b9f97cf3ac8f9874e7bb4168c6217f9e34afed.png
0525_vfx011-entities-config-mip1-reduced-back.png	2571744aa68eb6ce07fd7537d8f966a412d98a08192e3455098d4ca230c0e2fe	client-raw/2571744aa68eb6ce07fd7537d8f966a412d98a08192e3455098d4ca230c0e2fe.png
0526_vfx011-entities-config-mip1-reduced-left.png	75f41dc4c0311137ddf2e1bb8b168ea36ecca5271570cffd06b1ebc2ba46840d	client-raw/75f41dc4c0311137ddf2e1bb8b168ea36ecca5271570cffd06b1ebc2ba46840d.png
0527_vfx011-entities-config-mip1-reduced-right.png	b7a27d118cc7a01a2fd803e79db842c327db3152a9c103efd716f92d4652ea1b	client-raw/b7a27d118cc7a01a2fd803e79db842c327db3152a9c103efd716f92d4652ea1b.png
0528_vfx011-entities-config-mip1-reduced-equipped.png	b36528a24dfd57ca789e5583ae43ee8c248b4190dc3f7321df05033889bc9ddd	client-raw/b36528a24dfd57ca789e5583ae43ee8c248b4190dc3f7321df05033889bc9ddd.png
0529_vfx011-entities-config-mip2-normal-front.png	71308634cc76e8e6e82329b42b6afc0bf6a5f87ceb9cf98cbb88d967e876c4a4	client-raw/71308634cc76e8e6e82329b42b6afc0bf6a5f87ceb9cf98cbb88d967e876c4a4.png
0530_vfx011-entities-config-mip2-normal-back.png	fb672ef6571d54255edb511650ec43f18d0e60ba94a8b6066e502098f5930035	client-raw/fb672ef6571d54255edb511650ec43f18d0e60ba94a8b6066e502098f5930035.png
0531_vfx011-entities-config-mip2-normal-left.png	c5ed950846480d5106bb2c0c6fb31d313dd8a0819032c3a07747c5a1bbaec069	client-raw/c5ed950846480d5106bb2c0c6fb31d313dd8a0819032c3a07747c5a1bbaec069.png
0532_vfx011-entities-config-mip2-normal-right.png	9860d9dfbb05ae661f545ca06855652e5b6dbee29ae44d2f7afbb59b2394f73b	client-raw/9860d9dfbb05ae661f545ca06855652e5b6dbee29ae44d2f7afbb59b2394f73b.png
0533_vfx011-entities-config-mip2-normal-equipped.png	267234119bd02ee59b0effafc32be3267e54c13c19034570f5471943ba4de890	client-raw/267234119bd02ee59b0effafc32be3267e54c13c19034570f5471943ba4de890.png
0534_vfx011-entities-config-mip2-reduced-front.png	28bb611bd9a306ae773e4120c2f440f5bf84cee850698c980a9bc6e4d94a29b8	client-raw/28bb611bd9a306ae773e4120c2f440f5bf84cee850698c980a9bc6e4d94a29b8.png
0535_vfx011-entities-config-mip2-reduced-back.png	9145f4a7e46670486e2a4c3bd05ddcaf2086c229f51b4edfbc003a678ec23f17	client-raw/9145f4a7e46670486e2a4c3bd05ddcaf2086c229f51b4edfbc003a678ec23f17.png
0536_vfx011-entities-config-mip2-reduced-left.png	9972120a4d1109adf5219c50b700ad79461d1f0d3cd64404201ed5e30339ea53	client-raw/9972120a4d1109adf5219c50b700ad79461d1f0d3cd64404201ed5e30339ea53.png
0537_vfx011-entities-config-mip2-reduced-right.png	2aacc9ab2d47899eca55d19fdd591cd08b34fc6ded54db27aaca3e82e2052a17	client-raw/2aacc9ab2d47899eca55d19fdd591cd08b34fc6ded54db27aaca3e82e2052a17.png
0538_vfx011-entities-config-mip2-reduced-equipped.png	d2e332176c7938c6fc11b321fa5743057614484b1eeee3c12020a12ab74e533c	client-raw/d2e332176c7938c6fc11b321fa5743057614484b1eeee3c12020a12ab74e533c.png
0539_vfx011-entities-config-mip3-normal-front.png	800aa7cc54d5531651fee2ffdedc2d34cda9292fd32e2a6161b468c2d590dae4	client-raw/800aa7cc54d5531651fee2ffdedc2d34cda9292fd32e2a6161b468c2d590dae4.png
0540_vfx011-entities-config-mip3-normal-back.png	65ecbbfb79336b518d0b3391710de313eba7fcc30fdd69ebf33d0051bc8992a9	client-raw/65ecbbfb79336b518d0b3391710de313eba7fcc30fdd69ebf33d0051bc8992a9.png
0541_vfx011-entities-config-mip3-normal-left.png	9e3e155c34cda3796baaf449f25fe0c0e535fc741ee3993eb78d15484f88d128	client-raw/9e3e155c34cda3796baaf449f25fe0c0e535fc741ee3993eb78d15484f88d128.png
0542_vfx011-entities-config-mip3-normal-right.png	4b4fc8bddcd9a2b48ae4c92f394fa43e9c0e945e4888a4bfde6122205963b420	client-raw/4b4fc8bddcd9a2b48ae4c92f394fa43e9c0e945e4888a4bfde6122205963b420.png
0543_vfx011-entities-config-mip3-normal-equipped.png	0e39d6c44b9bc40114aa80e295b972d1b5470530cd08cc9bf883e3ada3c8c364	client-raw/0e39d6c44b9bc40114aa80e295b972d1b5470530cd08cc9bf883e3ada3c8c364.png
0544_vfx011-entities-config-mip3-reduced-front.png	2432bc5edcd5f3dc09d741c3b77b571a2498f251e546f255c834f3517a60253d	client-raw/2432bc5edcd5f3dc09d741c3b77b571a2498f251e546f255c834f3517a60253d.png
0545_vfx011-entities-config-mip3-reduced-back.png	795014ff45b0ea59800a5a8a0985bc16ad00ea413af960b94f8341dee109581f	client-raw/795014ff45b0ea59800a5a8a0985bc16ad00ea413af960b94f8341dee109581f.png
0546_vfx011-entities-config-mip3-reduced-left.png	7e94ae9642e8c44f0d9b40169483190d9bedb03a8ad0dc7418ef915f0dd174e3	client-raw/7e94ae9642e8c44f0d9b40169483190d9bedb03a8ad0dc7418ef915f0dd174e3.png
0547_vfx011-entities-config-mip3-reduced-right.png	5efa2f39b5ed97d1e6c0cb78a3adb4e54ab33c14d889154d00c66f6d37efc128	client-raw/5efa2f39b5ed97d1e6c0cb78a3adb4e54ab33c14d889154d00c66f6d37efc128.png
0548_vfx011-entities-config-mip3-reduced-equipped.png	be21f968fe89bbb7304a78aad280afd123b29f645db4c9768a22e851c6644a74	client-raw/be21f968fe89bbb7304a78aad280afd123b29f645db4c9768a22e851c6644a74.png
0549_vfx011-entities-config-mip4-normal-front.png	d867353144e384b7caf002801556933d3bbb4d61bbdf12432992c7e04493f8b5	client-raw/d867353144e384b7caf002801556933d3bbb4d61bbdf12432992c7e04493f8b5.png
0550_vfx011-entities-config-mip4-normal-back.png	e11f8a4bab2a62ec6990f2c2bd873a0e883e5543c93fbb544629e9c3b0640d88	client-raw/e11f8a4bab2a62ec6990f2c2bd873a0e883e5543c93fbb544629e9c3b0640d88.png
0551_vfx011-entities-config-mip4-normal-left.png	f052b4ac838c8df43137f4e49d23b734a3c048e76de6324a66e4fecbd8cdc9e8	client-raw/f052b4ac838c8df43137f4e49d23b734a3c048e76de6324a66e4fecbd8cdc9e8.png
0552_vfx011-entities-config-mip4-normal-right.png	081fa2b29ed32ec2a9e5cea8e1773ffb74e3ef1d936227d68836ca1fec8cac3f	client-raw/081fa2b29ed32ec2a9e5cea8e1773ffb74e3ef1d936227d68836ca1fec8cac3f.png
0553_vfx011-entities-config-mip4-normal-equipped.png	1b4a0e5bb648d6bde7a1cde712c12f883ee6fe42d31b372ad675853947e9f6f8	client-raw/1b4a0e5bb648d6bde7a1cde712c12f883ee6fe42d31b372ad675853947e9f6f8.png
0554_vfx011-entities-config-mip4-reduced-front.png	8578ba09d5d202faf840aab48ac2d936cb065efc02b285f7e8b0504142feaefe	client-raw/8578ba09d5d202faf840aab48ac2d936cb065efc02b285f7e8b0504142feaefe.png
0555_vfx011-entities-config-mip4-reduced-back.png	969fcf25602ae1d5cf8542a15ac1482ee79cf6ca9ea897e450f6cf86c160962b	client-raw/969fcf25602ae1d5cf8542a15ac1482ee79cf6ca9ea897e450f6cf86c160962b.png
0556_vfx011-entities-config-mip4-reduced-left.png	bc780a1c44f6f889e37c5b090f9303ee577d7d8e6742c531e68dab5624f7cf47	client-raw/bc780a1c44f6f889e37c5b090f9303ee577d7d8e6742c531e68dab5624f7cf47.png
0557_vfx011-entities-config-mip4-reduced-right.png	e64e78f3c62f4a6c6d444a70cf7b365815777366b9148ab3e1bd1b867d87886f	client-raw/e64e78f3c62f4a6c6d444a70cf7b365815777366b9148ab3e1bd1b867d87886f.png
0558_vfx011-entities-config-mip4-reduced-equipped.png	6e519fbb13162301b1abdc051445b3c870b27b35c86678f531d59b88eb9c65e0	client-raw/6e519fbb13162301b1abdc051445b3c870b27b35c86678f531d59b88eb9c65e0.png
0559_vfx011-screen-teleport-default-scale1-normal-wide.png	3f85928c339674104487e89ea335cf8bbf1e4ffe880160769bff835c589b7f17	client-raw/3f85928c339674104487e89ea335cf8bbf1e4ffe880160769bff835c589b7f17.png
0560_vfx011-screen-teleport-artifact-scale1-normal-wide.png	bd8f1c41ecfa41f0681e19f21fe8b781012e955cf3f75a08bebae569e248e25f	client-raw/bd8f1c41ecfa41f0681e19f21fe8b781012e955cf3f75a08bebae569e248e25f.png
0561_vfx011-screen-locator-entity-scale1-normal-wide.png	55fd7ee993abd499973a667486e17276791d784df2408bb26bd348d658145f8e	client-raw/55fd7ee993abd499973a667486e17276791d784df2408bb26bd348d658145f8e.png
0562_vfx011-screen-locator-world-scale1-normal-wide.png	d6e105cc1c117d85094f8ab9278bb06cf9c6cf38c0e479c5db88083d8c4782fc	client-raw/d6e105cc1c117d85094f8ab9278bb06cf9c6cf38c0e479c5db88083d8c4782fc.png
0563_vfx011-screen-rank_maze_light-focused-scale1-normal-wide.png	88ed3a81ca636b9aa84eaeea1ff4a66d6249e1b59e0bf2d35009ef0dc8b357a8	client-raw/88ed3a81ca636b9aa84eaeea1ff4a66d6249e1b59e0bf2d35009ef0dc8b357a8.png
0564_vfx011-screen-rank_maze_dark-focused-scale1-normal-wide.png	425b8d6c9e1afc4e11dd803732fc5fcf087ff944384152dd1a48d76d8dd90c64	client-raw/425b8d6c9e1afc4e11dd803732fc5fcf087ff944384152dd1a48d76d8dd90c64.png
0565_vfx011-screen-power_selection-selected-scale1-normal-wide.png	e76a0ea453c375e762831113447c33481f0f7e7d402c244088808613b65aef36	client-raw/e76a0ea453c375e762831113447c33481f0f7e7d402c244088808613b65aef36.png
0566_vfx011-screen-artifact_catalogue-selected-scale1-normal-wide.png	250665f5df2e0bb000c58413f55b4bfc4eae2d47abd0eaabae4943a7d40c55a2	client-raw/250665f5df2e0bb000c58413f55b4bfc4eae2d47abd0eaabae4943a7d40c55a2.png
0567_vfx011-screen-artifact_catalogue-empty-scale1-normal-wide.png	11596ba2eb0ded84ed19d63284ab93ebf2f2503868eb74c10899abde07bb8ad6	client-raw/11596ba2eb0ded84ed19d63284ab93ebf2f2503868eb74c10899abde07bb8ad6.png
0568_vfx011-screen-shadow_sword-selected-scale1-normal-wide.png	2bb2baeae87df86d32a098edb22a9baafe3263a2af96473d57339d731881f9f4	client-raw/2bb2baeae87df86d32a098edb22a9baafe3263a2af96473d57339d731881f9f4.png
0569_vfx011-screen-grimoire_index-preview-scale1-normal-wide.png	6bcc74c32036ff2aa0e1a8f80d5f9a4d1a38cdf9c3ec363b36402c7297f9cc1b	client-raw/6bcc74c32036ff2aa0e1a8f80d5f9a4d1a38cdf9c3ec363b36402c7297f9cc1b.png
0570_vfx011-screen-grimoire_index-empty-scale1-normal-wide.png	529d013cb5e7f9f37482fc8d4dd94f5c1f45810076c7662c38a452ad84c78be2	client-raw/529d013cb5e7f9f37482fc8d4dd94f5c1f45810076c7662c38a452ad84c78be2.png
0571_vfx011-screen-rainbow_convergence-sevenfold-scale1-normal-wide.png	ccc06cd61b70baf621a9dcf53de40697a03919273571082f88fcb7cb063f1f70	client-raw/ccc06cd61b70baf621a9dcf53de40697a03919273571082f88fcb7cb063f1f70.png
0572_vfx011-screen-reservoir_transfer-partial-scale1-normal-wide.png	349af55911b00cb19cfcd9c7a19c16124315f41fc5eeaef7ab017fe4f7c77121	client-raw/349af55911b00cb19cfcd9c7a19c16124315f41fc5eeaef7ab017fe4f7c77121.png
0573_vfx011-screen-arcane_crucible-empty-scale1-normal-wide.png	e01079ee6fd7375a1ac197ae3ec1b5cd4aa47ee0f53f4b953f33635042930513	client-raw/e01079ee6fd7375a1ac197ae3ec1b5cd4aa47ee0f53f4b953f33635042930513.png
0574_vfx011-screen-arcane_crucible-populated_darkness-scale1-normal-wide.png	bfd3c5ea0e1b991edbb3f821acff721d277527fb723934589eb504c5a8f86393	client-raw/bfd3c5ea0e1b991edbb3f821acff721d277527fb723934589eb504c5a8f86393.png
0575_vfx011-screen-advancement_roots-skill-scale1-normal-wide.png	31f688498b79af72a424c77cc953e1b231ad999751a82e6d53d5d7ab3ef929e3	client-raw/31f688498b79af72a424c77cc953e1b231ad999751a82e6d53d5d7ab3ef929e3.png
0576_vfx011-screen-teleport-default-scale1-normal-narrow.png	500f7f50f2751ba428b54b80c3f7d8f6f60a9c37e9aeb7cfc73814303ef816fa	client-raw/500f7f50f2751ba428b54b80c3f7d8f6f60a9c37e9aeb7cfc73814303ef816fa.png
0577_vfx011-screen-teleport-artifact-scale1-normal-narrow.png	5131c17a206c6b853049cdc3b0101708e596c2dce6d1f30426fc601f2c459bbd	client-raw/5131c17a206c6b853049cdc3b0101708e596c2dce6d1f30426fc601f2c459bbd.png
0578_vfx011-screen-locator-entity-scale1-normal-narrow.png	d3eb20546235d068fc8f51d570d8d1e5329b9c892618c35e9f95bbb1d8f3a512	client-raw/d3eb20546235d068fc8f51d570d8d1e5329b9c892618c35e9f95bbb1d8f3a512.png
0579_vfx011-screen-locator-world-scale1-normal-narrow.png	112dca44a0ce2d541fa9fa8639d4465eb8fdd21aad6dfc1817ad535f78ec97b4	client-raw/112dca44a0ce2d541fa9fa8639d4465eb8fdd21aad6dfc1817ad535f78ec97b4.png
0580_vfx011-screen-rank_maze_light-focused-scale1-normal-narrow.png	e502f50019ee3394ae8acb6290bb4e7111a3843f1ce08b75aa72b33625e79d4a	client-raw/e502f50019ee3394ae8acb6290bb4e7111a3843f1ce08b75aa72b33625e79d4a.png
0581_vfx011-screen-rank_maze_dark-focused-scale1-normal-narrow.png	9b80a81cbea62fca39cf7a6f50abb11e6e80b495a4b21f431e1915669f47fcaf	client-raw/9b80a81cbea62fca39cf7a6f50abb11e6e80b495a4b21f431e1915669f47fcaf.png
0582_vfx011-screen-power_selection-selected-scale1-normal-narrow.png	dca7195d649073968ca013ea3ac0053071a43c7f9bbc4930ba1dbf610fd277b1	client-raw/dca7195d649073968ca013ea3ac0053071a43c7f9bbc4930ba1dbf610fd277b1.png
0583_vfx011-screen-artifact_catalogue-selected-scale1-normal-narrow.png	ee0f1e0e7d9ec34c97e7e1683fe040bb7c3dfbc97725ac7aed504d53382edcf5	client-raw/ee0f1e0e7d9ec34c97e7e1683fe040bb7c3dfbc97725ac7aed504d53382edcf5.png
0584_vfx011-screen-artifact_catalogue-empty-scale1-normal-narrow.png	b2a94069d7a0303c552991db5ccfec0b0b9a254144e5c3f85322947f911b6119	client-raw/b2a94069d7a0303c552991db5ccfec0b0b9a254144e5c3f85322947f911b6119.png
0585_vfx011-screen-shadow_sword-selected-scale1-normal-narrow.png	af80b63102ea2723e38e6a63c2d506a0ec12c6d1f65261864e91ee4c1af59044	client-raw/af80b63102ea2723e38e6a63c2d506a0ec12c6d1f65261864e91ee4c1af59044.png
0586_vfx011-screen-grimoire_index-preview-scale1-normal-narrow.png	72dbc066f3b8ef1ae62cb277c856630c65414df6d2eb22ed76936c4a3b8d6dd6	client-raw/72dbc066f3b8ef1ae62cb277c856630c65414df6d2eb22ed76936c4a3b8d6dd6.png
0587_vfx011-screen-grimoire_index-empty-scale1-normal-narrow.png	4d571a5859627e0745d6d4a0e2d0a4fcd60949a61841dea65cb820c8a69d9fc2	client-raw/4d571a5859627e0745d6d4a0e2d0a4fcd60949a61841dea65cb820c8a69d9fc2.png
0588_vfx011-screen-rainbow_convergence-sevenfold-scale1-normal-narrow.png	2d4a642d38a7a88c5e32b0f8eb197f50b4395968bccd58fea8875a031f78c487	client-raw/2d4a642d38a7a88c5e32b0f8eb197f50b4395968bccd58fea8875a031f78c487.png
0589_vfx011-screen-reservoir_transfer-partial-scale1-normal-narrow.png	e2ff2a7b31d63d657d7d5e552add9fbedc663401f7361eec02539a648e07af28	client-raw/e2ff2a7b31d63d657d7d5e552add9fbedc663401f7361eec02539a648e07af28.png
0590_vfx011-screen-arcane_crucible-empty-scale1-normal-narrow.png	8ea678b3c33605ee2d487948da8dd23c52631b917425cfce3438db7fc3e718d5	client-raw/8ea678b3c33605ee2d487948da8dd23c52631b917425cfce3438db7fc3e718d5.png
0591_vfx011-screen-arcane_crucible-populated_darkness-scale1-normal-narrow.png	f5fa6597fd35476352eca30de371be7194547ef746517ee674a048b79ebc69fe	client-raw/f5fa6597fd35476352eca30de371be7194547ef746517ee674a048b79ebc69fe.png
0592_vfx011-screen-advancement_roots-skill-scale1-normal-narrow.png	bcad624d2d8e0e12babd3f703933a879f52381b214551c1bc50e9c9b8e6eb732	client-raw/bcad624d2d8e0e12babd3f703933a879f52381b214551c1bc50e9c9b8e6eb732.png
0593_vfx011-screen-teleport-default-scale1-reduced-wide.png	3e684ae4e5131d31b5846ee808706f5007cf4e17193eccba14aceb5f815074b5	client-raw/3e684ae4e5131d31b5846ee808706f5007cf4e17193eccba14aceb5f815074b5.png
0594_vfx011-screen-teleport-artifact-scale1-reduced-wide.png	483ab3145bb730f7379dae749c1dd458ae14a3c0adad900299e338b98d8f1bf9	client-raw/483ab3145bb730f7379dae749c1dd458ae14a3c0adad900299e338b98d8f1bf9.png
0595_vfx011-screen-locator-entity-scale1-reduced-wide.png	41ebd99fcc571c12cadb132a2f5f0d6fa4f43222e9b105471c75c86d8ed3bc8b	client-raw/41ebd99fcc571c12cadb132a2f5f0d6fa4f43222e9b105471c75c86d8ed3bc8b.png
0596_vfx011-screen-locator-world-scale1-reduced-wide.png	b182b0958cd57350bd21b9f3ea85c3edfb7ae0423a50d0d30516241b8c85e646	client-raw/b182b0958cd57350bd21b9f3ea85c3edfb7ae0423a50d0d30516241b8c85e646.png
0597_vfx011-screen-rank_maze_light-focused-scale1-reduced-wide.png	1164381dcb062160b277afdceae3dce49a7a634207bda25e8ad7b24f8db65e6d	client-raw/1164381dcb062160b277afdceae3dce49a7a634207bda25e8ad7b24f8db65e6d.png
0598_vfx011-screen-rank_maze_dark-focused-scale1-reduced-wide.png	8048ba2fc984f041af342f1070167922e970f0de5e1e70b861d758ecdeab06f2	client-raw/8048ba2fc984f041af342f1070167922e970f0de5e1e70b861d758ecdeab06f2.png
0599_vfx011-screen-power_selection-selected-scale1-reduced-wide.png	18d50e38e59c1eee856798b59c95e2e7b94419b19806800b6b9b2578e3a8b037	client-raw/18d50e38e59c1eee856798b59c95e2e7b94419b19806800b6b9b2578e3a8b037.png
0600_vfx011-screen-artifact_catalogue-selected-scale1-reduced-wide.png	33ef37146b599226fadb37dbadcc1401c9c238679506ac212ba920fbd168385d	client-raw/33ef37146b599226fadb37dbadcc1401c9c238679506ac212ba920fbd168385d.png
0601_vfx011-screen-artifact_catalogue-empty-scale1-reduced-wide.png	1bec0e889209d82b4865956b8afbd6b0f61ad98f6b747250080bdb1ed6c43079	client-raw/1bec0e889209d82b4865956b8afbd6b0f61ad98f6b747250080bdb1ed6c43079.png
0602_vfx011-screen-shadow_sword-selected-scale1-reduced-wide.png	31d81dab74f04aa2c97764812c5828cf39714197e35a5550902bbd240696d5f0	client-raw/31d81dab74f04aa2c97764812c5828cf39714197e35a5550902bbd240696d5f0.png
0603_vfx011-screen-grimoire_index-preview-scale1-reduced-wide.png	7f061905de5654b8546659f712598941019525f67105382cf09a09ddd605b37e	client-raw/7f061905de5654b8546659f712598941019525f67105382cf09a09ddd605b37e.png
0604_vfx011-screen-grimoire_index-empty-scale1-reduced-wide.png	0a98034ec49256c596f4b28fabada618692eec4434fa9063a6b7336208e6dadf	client-raw/0a98034ec49256c596f4b28fabada618692eec4434fa9063a6b7336208e6dadf.png
0605_vfx011-screen-rainbow_convergence-sevenfold-scale1-reduced-wide.png	134fdb2b47fb0bb7941524feaea345c3ef1bc04dc04c923568baa8fc77121ccd	client-raw/134fdb2b47fb0bb7941524feaea345c3ef1bc04dc04c923568baa8fc77121ccd.png
0606_vfx011-screen-reservoir_transfer-partial-scale1-reduced-wide.png	d3066e68babf6f39b891b1019f6dc5c4506f4029ef126f9217063e85335ad5f9	client-raw/d3066e68babf6f39b891b1019f6dc5c4506f4029ef126f9217063e85335ad5f9.png
0607_vfx011-screen-arcane_crucible-empty-scale1-reduced-wide.png	ed037073627b7eade8ae054df082b4ddace5a30d948fb5aa4e2759980298c895	client-raw/ed037073627b7eade8ae054df082b4ddace5a30d948fb5aa4e2759980298c895.png
0608_vfx011-screen-arcane_crucible-populated_darkness-scale1-reduced-wide.png	21699522f71e74b66baac540eba2b108f1d5b135dff71b29dcffc87f7ca05103	client-raw/21699522f71e74b66baac540eba2b108f1d5b135dff71b29dcffc87f7ca05103.png
0609_vfx011-screen-advancement_roots-skill-scale1-reduced-wide.png	1949f17df40e79bb3e362d77c84dff21dad6f25b109ac532665fcf2c329e3d93	client-raw/1949f17df40e79bb3e362d77c84dff21dad6f25b109ac532665fcf2c329e3d93.png
0610_vfx011-screen-teleport-default-scale1-reduced-narrow.png	c83211982fe770abc88fc2e372aa16fa717e0cbd0b76dc583265512af9c10928	client-raw/c83211982fe770abc88fc2e372aa16fa717e0cbd0b76dc583265512af9c10928.png
0611_vfx011-screen-teleport-artifact-scale1-reduced-narrow.png	8bf54f6ceb8279d0b58f31d2e767e26569fcc97c157349454f8b43df72a984a7	client-raw/8bf54f6ceb8279d0b58f31d2e767e26569fcc97c157349454f8b43df72a984a7.png
0612_vfx011-screen-locator-entity-scale1-reduced-narrow.png	4d3b28cc7368ad68271efe2ee45a3539c37ceadbb4b66324cc44dfda68bfcc44	client-raw/4d3b28cc7368ad68271efe2ee45a3539c37ceadbb4b66324cc44dfda68bfcc44.png
0613_vfx011-screen-locator-world-scale1-reduced-narrow.png	839025a57fd96df18e5dfde60a43f329866a8eaf5b3b843f405c838270c320c6	client-raw/839025a57fd96df18e5dfde60a43f329866a8eaf5b3b843f405c838270c320c6.png
0614_vfx011-screen-rank_maze_light-focused-scale1-reduced-narrow.png	c37e737f148c91424bce6d3e7d8bb9b26b2dd4d6410991e7b3fe02b20dda2008	client-raw/c37e737f148c91424bce6d3e7d8bb9b26b2dd4d6410991e7b3fe02b20dda2008.png
0615_vfx011-screen-rank_maze_dark-focused-scale1-reduced-narrow.png	8d6453527ff52228064153eafb6420c0bae48f797c58d59e07b15ffc7be7cc54	client-raw/8d6453527ff52228064153eafb6420c0bae48f797c58d59e07b15ffc7be7cc54.png
0616_vfx011-screen-power_selection-selected-scale1-reduced-narrow.png	d70eb32bfbce861cc931dfef2d01199db411f5c1430c29b5bbdb686f435f98da	client-raw/d70eb32bfbce861cc931dfef2d01199db411f5c1430c29b5bbdb686f435f98da.png
0617_vfx011-screen-artifact_catalogue-selected-scale1-reduced-narrow.png	fe94419770cf1bdd3b994f53000b438b289c8adcd49b254ec281bd21fce64d9b	client-raw/fe94419770cf1bdd3b994f53000b438b289c8adcd49b254ec281bd21fce64d9b.png
0618_vfx011-screen-artifact_catalogue-empty-scale1-reduced-narrow.png	8fb83c6907c6a90c66e016b7fa15916b2c028553f112db693b31f7d7a00f706a	client-raw/8fb83c6907c6a90c66e016b7fa15916b2c028553f112db693b31f7d7a00f706a.png
0619_vfx011-screen-shadow_sword-selected-scale1-reduced-narrow.png	559964b1c5fcebe2ebf8edca8d8f7e67b8ac0b155ad4d77d83778f11c655a828	client-raw/559964b1c5fcebe2ebf8edca8d8f7e67b8ac0b155ad4d77d83778f11c655a828.png
0620_vfx011-screen-grimoire_index-preview-scale1-reduced-narrow.png	2e2c33c92d37385a978048ccc2bdebd80379ed9c556858d0165d2d76d5d8ab13	client-raw/2e2c33c92d37385a978048ccc2bdebd80379ed9c556858d0165d2d76d5d8ab13.png
0621_vfx011-screen-grimoire_index-empty-scale1-reduced-narrow.png	ccc08b9abea51cf342272ec7253ff01b0ad33efb1f18a9c01efeb0cd81efc934	client-raw/ccc08b9abea51cf342272ec7253ff01b0ad33efb1f18a9c01efeb0cd81efc934.png
0622_vfx011-screen-rainbow_convergence-sevenfold-scale1-reduced-narrow.png	6d505e463c3a340ebed5f47140d7f62c5d92a2c09b2f85533927f091a467ca84	client-raw/6d505e463c3a340ebed5f47140d7f62c5d92a2c09b2f85533927f091a467ca84.png
0623_vfx011-screen-reservoir_transfer-partial-scale1-reduced-narrow.png	bd0eba4c1d6b7d1a1f105ba832e08cb1bb7dbe278b0f5a4ef621ebdfdb38dc44	client-raw/bd0eba4c1d6b7d1a1f105ba832e08cb1bb7dbe278b0f5a4ef621ebdfdb38dc44.png
0624_vfx011-screen-arcane_crucible-empty-scale1-reduced-narrow.png	2eec2b54569a808187dd45ce1c18931bd749d78e7082ed5ce3ace430462faf57	client-raw/2eec2b54569a808187dd45ce1c18931bd749d78e7082ed5ce3ace430462faf57.png
0625_vfx011-screen-arcane_crucible-populated_darkness-scale1-reduced-narrow.png	fa0a48f31daf9ffaede8fd2a1431e2f625d5e1b75a8d6e302f1ad6a146f89c99	client-raw/fa0a48f31daf9ffaede8fd2a1431e2f625d5e1b75a8d6e302f1ad6a146f89c99.png
0626_vfx011-screen-advancement_roots-skill-scale1-reduced-narrow.png	bd85c453d6fbe3fa6e48a07529a50198e2a1e3cc2cc20bffb9be67f3b8b8d877	client-raw/bd85c453d6fbe3fa6e48a07529a50198e2a1e3cc2cc20bffb9be67f3b8b8d877.png
0627_vfx011-screen-teleport-default-scale2-normal-wide.png	09e6fa39cfa6d7797275cb41891d1a4459450d683f4371377f29e605ef234f32	client-raw/09e6fa39cfa6d7797275cb41891d1a4459450d683f4371377f29e605ef234f32.png
0628_vfx011-screen-teleport-artifact-scale2-normal-wide.png	ecc79a34aef77ec3ece6f9831011844088f7a9e034ecbbb307fc0c15f72b6d01	client-raw/ecc79a34aef77ec3ece6f9831011844088f7a9e034ecbbb307fc0c15f72b6d01.png
0629_vfx011-screen-locator-entity-scale2-normal-wide.png	1125f5f96968f4e0699ecd67529b54a733ad8c17d49d1fa5aac61895f189b8cc	client-raw/1125f5f96968f4e0699ecd67529b54a733ad8c17d49d1fa5aac61895f189b8cc.png
0630_vfx011-screen-locator-world-scale2-normal-wide.png	40544b1b409394dbc5ced538f25a19c6a4678d986158d9ff2bf07b3f2f4f5b25	client-raw/40544b1b409394dbc5ced538f25a19c6a4678d986158d9ff2bf07b3f2f4f5b25.png
0631_vfx011-screen-rank_maze_light-focused-scale2-normal-wide.png	53188ddf252ae9b7fc8390a516b80a4df5354a0ea778b6894d9d7cf0aab0b46d	client-raw/53188ddf252ae9b7fc8390a516b80a4df5354a0ea778b6894d9d7cf0aab0b46d.png
0632_vfx011-screen-rank_maze_dark-focused-scale2-normal-wide.png	910dfb68f36e41aab510edf47963f40ee58dd68467000d5570d2f03f3ac4f395	client-raw/910dfb68f36e41aab510edf47963f40ee58dd68467000d5570d2f03f3ac4f395.png
0633_vfx011-screen-power_selection-selected-scale2-normal-wide.png	30236844b1621d11a8434fa8636036b3fd6d1da5f1686867c00dc536125062f8	client-raw/30236844b1621d11a8434fa8636036b3fd6d1da5f1686867c00dc536125062f8.png
0634_vfx011-screen-artifact_catalogue-selected-scale2-normal-wide.png	e86d5d0f0f42d9df97f53e9b16dd20e96f8157996d842187f142c9018f35a38f	client-raw/e86d5d0f0f42d9df97f53e9b16dd20e96f8157996d842187f142c9018f35a38f.png
0635_vfx011-screen-artifact_catalogue-empty-scale2-normal-wide.png	a0125d0dba7e8a11f75778746d2642812e52cd5484a295a49b8e5102990f60a5	client-raw/a0125d0dba7e8a11f75778746d2642812e52cd5484a295a49b8e5102990f60a5.png
0636_vfx011-screen-shadow_sword-selected-scale2-normal-wide.png	44281928816911e4d1b345eae0cb250a6647459750e336d6e35c5c3d882af3fe	client-raw/44281928816911e4d1b345eae0cb250a6647459750e336d6e35c5c3d882af3fe.png
0637_vfx011-screen-grimoire_index-preview-scale2-normal-wide.png	63a113f59626561b4812e7ca05a6cbbf3476d723979b8370c28010ff22b7fa9e	client-raw/63a113f59626561b4812e7ca05a6cbbf3476d723979b8370c28010ff22b7fa9e.png
0638_vfx011-screen-grimoire_index-empty-scale2-normal-wide.png	657c005631dea0cd0271910a3579e8ecd76e96736309a8f65df25c7abeb0e603	client-raw/657c005631dea0cd0271910a3579e8ecd76e96736309a8f65df25c7abeb0e603.png
0639_vfx011-screen-rainbow_convergence-sevenfold-scale2-normal-wide.png	eba7c76b69dda3b3d871a2c55c17feab223eab3b00b0986b1a2d371e80ae8986	client-raw/eba7c76b69dda3b3d871a2c55c17feab223eab3b00b0986b1a2d371e80ae8986.png
0640_vfx011-screen-reservoir_transfer-partial-scale2-normal-wide.png	4f6def8047f54914634075397876cca09940e7cbc8a8650607ae4c2d12d41b09	client-raw/4f6def8047f54914634075397876cca09940e7cbc8a8650607ae4c2d12d41b09.png
0641_vfx011-screen-arcane_crucible-empty-scale2-normal-wide.png	59110ca3e61e9b5b6f3455a671e6181cd72bc4b4e2bc844468312bbd82e433c0	client-raw/59110ca3e61e9b5b6f3455a671e6181cd72bc4b4e2bc844468312bbd82e433c0.png
0642_vfx011-screen-arcane_crucible-populated_darkness-scale2-normal-wide.png	cfea3029bbd7f86a93cc1a09b227bfe9b9d297d07cc3e4885fad09948184a077	client-raw/cfea3029bbd7f86a93cc1a09b227bfe9b9d297d07cc3e4885fad09948184a077.png
0643_vfx011-screen-advancement_roots-skill-scale2-normal-wide.png	7570f49250c5afe61e424794aa606417b15dc3bdad77eea908175c0f3486c7ce	client-raw/7570f49250c5afe61e424794aa606417b15dc3bdad77eea908175c0f3486c7ce.png
0644_vfx011-screen-teleport-default-scale2-normal-narrow.png	374edfdccc5b6f9621764cdf81e7ddeb06d9c81fd0758b14ab6182380f24def7	client-raw/374edfdccc5b6f9621764cdf81e7ddeb06d9c81fd0758b14ab6182380f24def7.png
0645_vfx011-screen-teleport-artifact-scale2-normal-narrow.png	2b112fe1b566a01743d7540b2c93c475e309a9b8299e05d6a1b039d45731aeac	client-raw/2b112fe1b566a01743d7540b2c93c475e309a9b8299e05d6a1b039d45731aeac.png
0646_vfx011-screen-locator-entity-scale2-normal-narrow.png	1644d00593c7a8d756a1f03ba7075b6891a96f80c7719cc94ebec876f35edd87	client-raw/1644d00593c7a8d756a1f03ba7075b6891a96f80c7719cc94ebec876f35edd87.png
0647_vfx011-screen-locator-world-scale2-normal-narrow.png	e7c32b4ac50fd2baba492a61e3ccc5f9e0fa0fa4746ad01f0dc4f3ff5a417038	client-raw/e7c32b4ac50fd2baba492a61e3ccc5f9e0fa0fa4746ad01f0dc4f3ff5a417038.png
0648_vfx011-screen-rank_maze_light-focused-scale2-normal-narrow.png	7d7b40ad865699c29fe1346b4ea73d2a33de790fcece4454e3f9a4018d88b6de	client-raw/7d7b40ad865699c29fe1346b4ea73d2a33de790fcece4454e3f9a4018d88b6de.png
0649_vfx011-screen-rank_maze_dark-focused-scale2-normal-narrow.png	be59fb5b0a81b2fb4b72a180ccc8e210c10056d3e15cf158f59f1e80063a872c	client-raw/be59fb5b0a81b2fb4b72a180ccc8e210c10056d3e15cf158f59f1e80063a872c.png
0650_vfx011-screen-power_selection-selected-scale2-normal-narrow.png	54b24d26b87594fd61b2ab1092126c1d65e3c3e7697da8d39b6302844be58427	client-raw/54b24d26b87594fd61b2ab1092126c1d65e3c3e7697da8d39b6302844be58427.png
0651_vfx011-screen-artifact_catalogue-selected-scale2-normal-narrow.png	17aeb819169465e1010bc336a545b9c2c573d292e0987ac3f1e4219fa4d593a9	client-raw/17aeb819169465e1010bc336a545b9c2c573d292e0987ac3f1e4219fa4d593a9.png
0652_vfx011-screen-artifact_catalogue-empty-scale2-normal-narrow.png	b37ce7c543b018b1415d1eba93481c0d4e236a5f311457ec40790ea07907fbcd	client-raw/b37ce7c543b018b1415d1eba93481c0d4e236a5f311457ec40790ea07907fbcd.png
0653_vfx011-screen-shadow_sword-selected-scale2-normal-narrow.png	5c55ff384acbb9c77e9e9f62895190b3f9e91f7509202bd40753a0df4bbe81df	client-raw/5c55ff384acbb9c77e9e9f62895190b3f9e91f7509202bd40753a0df4bbe81df.png
0654_vfx011-screen-grimoire_index-preview-scale2-normal-narrow.png	ebfa6e30745e0dc1f2e20cada1ec90debed10d47bdf46bebdf6358391e93df84	client-raw/ebfa6e30745e0dc1f2e20cada1ec90debed10d47bdf46bebdf6358391e93df84.png
0655_vfx011-screen-grimoire_index-empty-scale2-normal-narrow.png	00a6bf7326ebba88c1f88b330b464bb73f36150a5fa9282f97614d5593fbe4f6	client-raw/00a6bf7326ebba88c1f88b330b464bb73f36150a5fa9282f97614d5593fbe4f6.png
0656_vfx011-screen-rainbow_convergence-sevenfold-scale2-normal-narrow.png	e99ba1d457bab26af873cfad0724a57fd5494b8d8dfa67327b4225dafc3a4454	client-raw/e99ba1d457bab26af873cfad0724a57fd5494b8d8dfa67327b4225dafc3a4454.png
0657_vfx011-screen-reservoir_transfer-partial-scale2-normal-narrow.png	2bb9c98d1d826a7812253110cd58bb4e950fc7f934806c0d42c188b78784dcf1	client-raw/2bb9c98d1d826a7812253110cd58bb4e950fc7f934806c0d42c188b78784dcf1.png
0658_vfx011-screen-arcane_crucible-empty-scale2-normal-narrow.png	659a2d95372890c3b743b53e419dba7dfcc4d77e1f5a3d74045992e848e931f6	client-raw/659a2d95372890c3b743b53e419dba7dfcc4d77e1f5a3d74045992e848e931f6.png
0659_vfx011-screen-arcane_crucible-populated_darkness-scale2-normal-narrow.png	35382babcd544f3195b4ba1201740f413b19c5021e5e1bc14318af1caba56f4c	client-raw/35382babcd544f3195b4ba1201740f413b19c5021e5e1bc14318af1caba56f4c.png
0660_vfx011-screen-advancement_roots-skill-scale2-normal-narrow.png	8d97eafe707803ec3b421ebaca8c1f43788e6c6113664a5faa01f91f50573d6f	client-raw/8d97eafe707803ec3b421ebaca8c1f43788e6c6113664a5faa01f91f50573d6f.png
0661_vfx011-screen-teleport-default-scale2-reduced-wide.png	f4ed1c84022dbee4182bdfa931a2c3eaf2c29fafedb6261349bf66b8940ecdf7	client-raw/f4ed1c84022dbee4182bdfa931a2c3eaf2c29fafedb6261349bf66b8940ecdf7.png
0662_vfx011-screen-teleport-artifact-scale2-reduced-wide.png	da0bca67f25324484abe4e32b611109fc17682e914a8a9bcd50b46cb848886fc	client-raw/da0bca67f25324484abe4e32b611109fc17682e914a8a9bcd50b46cb848886fc.png
0663_vfx011-screen-locator-entity-scale2-reduced-wide.png	f1e376e05e2557900ab56a41ec4076a9ea2e8598133b2d88a56bd12da891cd2d	client-raw/f1e376e05e2557900ab56a41ec4076a9ea2e8598133b2d88a56bd12da891cd2d.png
0664_vfx011-screen-locator-world-scale2-reduced-wide.png	9565bff5cf8627989d2d54ddf9da850590111594a673a586312aa0cf16759ba8	client-raw/9565bff5cf8627989d2d54ddf9da850590111594a673a586312aa0cf16759ba8.png
0665_vfx011-screen-rank_maze_light-focused-scale2-reduced-wide.png	a6db172d61ce45ff1d1c44a102acb8c59163bc5ae90a314d42cf8b6ccac3f0c2	client-raw/a6db172d61ce45ff1d1c44a102acb8c59163bc5ae90a314d42cf8b6ccac3f0c2.png
0666_vfx011-screen-rank_maze_dark-focused-scale2-reduced-wide.png	8ba37bdcb8b8c63570da49b004e932baca16c5ebd71a3506a2d5a0cd9053d060	client-raw/8ba37bdcb8b8c63570da49b004e932baca16c5ebd71a3506a2d5a0cd9053d060.png
0667_vfx011-screen-power_selection-selected-scale2-reduced-wide.png	a5b06eb9ef73e256650db617cbffc2a5ab39148d2606bc531dfefc6e725f8957	client-raw/a5b06eb9ef73e256650db617cbffc2a5ab39148d2606bc531dfefc6e725f8957.png
0668_vfx011-screen-artifact_catalogue-selected-scale2-reduced-wide.png	8c154ad3dab9bf94f5251e5e14b452cf3071f0b446566ce276dc6bdfda5befd8	client-raw/8c154ad3dab9bf94f5251e5e14b452cf3071f0b446566ce276dc6bdfda5befd8.png
0669_vfx011-screen-artifact_catalogue-empty-scale2-reduced-wide.png	056359ee488e881b8f61e815be771272328c283508e3ab73e4ce3545e0f3900f	client-raw/056359ee488e881b8f61e815be771272328c283508e3ab73e4ce3545e0f3900f.png
0670_vfx011-screen-shadow_sword-selected-scale2-reduced-wide.png	0e9a42c613ef982bf0ef99a11c05bff0c0e7bc692ce13d0d156ec9a04354ba70	client-raw/0e9a42c613ef982bf0ef99a11c05bff0c0e7bc692ce13d0d156ec9a04354ba70.png
0671_vfx011-screen-grimoire_index-preview-scale2-reduced-wide.png	7d78bfba94035ebcb6999b0f34100f6b93395634c5bbc319330946cd7a4548f8	client-raw/7d78bfba94035ebcb6999b0f34100f6b93395634c5bbc319330946cd7a4548f8.png
0672_vfx011-screen-grimoire_index-empty-scale2-reduced-wide.png	7c502dc7ec114bdb061c63b78f90e655a963be68991fa1374fcee960329f1c37	client-raw/7c502dc7ec114bdb061c63b78f90e655a963be68991fa1374fcee960329f1c37.png
0673_vfx011-screen-rainbow_convergence-sevenfold-scale2-reduced-wide.png	4a712129f474dc9858f7ddcfe147090bb36d83c8c9b4ea0e4a6a3663e0d6bb9c	client-raw/4a712129f474dc9858f7ddcfe147090bb36d83c8c9b4ea0e4a6a3663e0d6bb9c.png
0674_vfx011-screen-reservoir_transfer-partial-scale2-reduced-wide.png	326ff464b96205e5c47c96485c0e6ae3a2c7392f44d7767a908c04ed1b09d2cd	client-raw/326ff464b96205e5c47c96485c0e6ae3a2c7392f44d7767a908c04ed1b09d2cd.png
0675_vfx011-screen-arcane_crucible-empty-scale2-reduced-wide.png	93c766eda88c200618508f690fbfac201336168a5ca60554d0bf57cc78aeff4f	client-raw/93c766eda88c200618508f690fbfac201336168a5ca60554d0bf57cc78aeff4f.png
0676_vfx011-screen-arcane_crucible-populated_darkness-scale2-reduced-wide.png	52254cefd46e000bbd32e2217efaf3900b42d206f0604a044ae4da26ebfdfcf1	client-raw/52254cefd46e000bbd32e2217efaf3900b42d206f0604a044ae4da26ebfdfcf1.png
0677_vfx011-screen-advancement_roots-skill-scale2-reduced-wide.png	652c23af4bc907fdd4eeefd81e0db0b8b27a7a8a22339814c10c29aa9ecf01da	client-raw/652c23af4bc907fdd4eeefd81e0db0b8b27a7a8a22339814c10c29aa9ecf01da.png
0678_vfx011-screen-teleport-default-scale2-reduced-narrow.png	1ae294ca0f9d43ee7afff8615c5fd3dd443d1437375eb91c685a940cdc826203	client-raw/1ae294ca0f9d43ee7afff8615c5fd3dd443d1437375eb91c685a940cdc826203.png
0679_vfx011-screen-teleport-artifact-scale2-reduced-narrow.png	44d7005f18ffb3e0b166fbba1d75ab7d6107f541bc3c697fbdc5ed3273775041	client-raw/44d7005f18ffb3e0b166fbba1d75ab7d6107f541bc3c697fbdc5ed3273775041.png
0680_vfx011-screen-locator-entity-scale2-reduced-narrow.png	61682ec17d0d44d898477e49002b2fb8de338f274cf6e29255fef7f538c23d99	client-raw/61682ec17d0d44d898477e49002b2fb8de338f274cf6e29255fef7f538c23d99.png
0681_vfx011-screen-locator-world-scale2-reduced-narrow.png	1c94f9eab6323ebdfb0171796b5bcc9b82329c419fb3b93d55fbe1fc5adeb458	client-raw/1c94f9eab6323ebdfb0171796b5bcc9b82329c419fb3b93d55fbe1fc5adeb458.png
0682_vfx011-screen-rank_maze_light-focused-scale2-reduced-narrow.png	bb31fe1e29cecd1d7484e83f5d695bae51193a7e29f62ba797f440d9629ec5ba	client-raw/bb31fe1e29cecd1d7484e83f5d695bae51193a7e29f62ba797f440d9629ec5ba.png
0683_vfx011-screen-rank_maze_dark-focused-scale2-reduced-narrow.png	33dd8c5de17595a83a110c858a1dde9bcda69885359f18358089a88f42e028a8	client-raw/33dd8c5de17595a83a110c858a1dde9bcda69885359f18358089a88f42e028a8.png
0684_vfx011-screen-power_selection-selected-scale2-reduced-narrow.png	99ec52732070621f451ece5a157600dfc86004e3e6761d81d367d1f72b0d3022	client-raw/99ec52732070621f451ece5a157600dfc86004e3e6761d81d367d1f72b0d3022.png
0685_vfx011-screen-artifact_catalogue-selected-scale2-reduced-narrow.png	edbfac3d21a2ca358c7297e1b55ceed31b6d1d7c51dedf271e0d5f3e460b8a1a	client-raw/edbfac3d21a2ca358c7297e1b55ceed31b6d1d7c51dedf271e0d5f3e460b8a1a.png
0686_vfx011-screen-artifact_catalogue-empty-scale2-reduced-narrow.png	af04a8842b49e48cc916bed5738f5fc985056a466f774391cff69e8c0352bb79	client-raw/af04a8842b49e48cc916bed5738f5fc985056a466f774391cff69e8c0352bb79.png
0687_vfx011-screen-shadow_sword-selected-scale2-reduced-narrow.png	e2eb0d32930918a0a03343d3849a6612258735963d07ccd5421e6555b6ad2590	client-raw/e2eb0d32930918a0a03343d3849a6612258735963d07ccd5421e6555b6ad2590.png
0688_vfx011-screen-grimoire_index-preview-scale2-reduced-narrow.png	789f60766ecd1ab1eb7643b7eda1666cc746b2cf16babfce5e09b6ec83f570f2	client-raw/789f60766ecd1ab1eb7643b7eda1666cc746b2cf16babfce5e09b6ec83f570f2.png
0689_vfx011-screen-grimoire_index-empty-scale2-reduced-narrow.png	bfd56416964523b12624c15e4f0c8051db4be0b050da593bbae3a4ad108235af	client-raw/bfd56416964523b12624c15e4f0c8051db4be0b050da593bbae3a4ad108235af.png
0690_vfx011-screen-rainbow_convergence-sevenfold-scale2-reduced-narrow.png	2b57f4dbe398d8e678e6d0d892a3c074538cd420fee9ca82a917355706654518	client-raw/2b57f4dbe398d8e678e6d0d892a3c074538cd420fee9ca82a917355706654518.png
0691_vfx011-screen-reservoir_transfer-partial-scale2-reduced-narrow.png	e7a3fd00ca37f680a6202c1d4b1ae6c908d13301f106dff1de779e5c5bab1810	client-raw/e7a3fd00ca37f680a6202c1d4b1ae6c908d13301f106dff1de779e5c5bab1810.png
0692_vfx011-screen-arcane_crucible-empty-scale2-reduced-narrow.png	ba2f582fe48762146009993f3334855b4bb77e53896745ed163153014b27685f	client-raw/ba2f582fe48762146009993f3334855b4bb77e53896745ed163153014b27685f.png
0693_vfx011-screen-arcane_crucible-populated_darkness-scale2-reduced-narrow.png	82ade658031623a5e2925aafc9a6a31f2ca6f222259cd083ac41ac001b8bf246	client-raw/82ade658031623a5e2925aafc9a6a31f2ca6f222259cd083ac41ac001b8bf246.png
0694_vfx011-screen-advancement_roots-skill-scale2-reduced-narrow.png	bff01d087d88106c0b6374c8bafc914f47f2836e072d26026972f0ad1852d9b7	client-raw/bff01d087d88106c0b6374c8bafc914f47f2836e072d26026972f0ad1852d9b7.png
0695_vfx011-screen-teleport-default-scale3-normal-wide.png	c3ab3003b349ad50ef050979dbc1aa800c0d1fa26cf5d876e8435e47ca2fd3d3	client-raw/c3ab3003b349ad50ef050979dbc1aa800c0d1fa26cf5d876e8435e47ca2fd3d3.png
0696_vfx011-screen-teleport-artifact-scale3-normal-wide.png	65edae7f4de29b1de50dcf8a5867484bd460b32862ffda8db248d958abda30be	client-raw/65edae7f4de29b1de50dcf8a5867484bd460b32862ffda8db248d958abda30be.png
0697_vfx011-screen-locator-entity-scale3-normal-wide.png	c6122adbd56b806e5c85005e9eb09ec89291c26eca6a7f55f2ed60a312cbf8aa	client-raw/c6122adbd56b806e5c85005e9eb09ec89291c26eca6a7f55f2ed60a312cbf8aa.png
0698_vfx011-screen-locator-world-scale3-normal-wide.png	d7dacf7145e73a5850a0b9c6b070a9e2f2e7ea2df97113be4148366247383585	client-raw/d7dacf7145e73a5850a0b9c6b070a9e2f2e7ea2df97113be4148366247383585.png
0699_vfx011-screen-rank_maze_light-focused-scale3-normal-wide.png	7d024b7c7e9baae4990d3c87a06186c29f30235a81bf241f07b44a31afcd7675	client-raw/7d024b7c7e9baae4990d3c87a06186c29f30235a81bf241f07b44a31afcd7675.png
0700_vfx011-screen-rank_maze_dark-focused-scale3-normal-wide.png	be5457ca50aef26dc6c3353e163e650b6d70df5ef048331574fb0830265186a9	client-raw/be5457ca50aef26dc6c3353e163e650b6d70df5ef048331574fb0830265186a9.png
0701_vfx011-screen-power_selection-selected-scale3-normal-wide.png	2ff5e6ef4343fed13f747b9278965ca9dc3c3cb51f4170d74fe7563c26bd7647	client-raw/2ff5e6ef4343fed13f747b9278965ca9dc3c3cb51f4170d74fe7563c26bd7647.png
0702_vfx011-screen-artifact_catalogue-selected-scale3-normal-wide.png	452a3c567170cc20fc53fbc4dccd03377ead0331e9e55e4a137caf88125d60b9	client-raw/452a3c567170cc20fc53fbc4dccd03377ead0331e9e55e4a137caf88125d60b9.png
0703_vfx011-screen-artifact_catalogue-empty-scale3-normal-wide.png	284bff3cf6cc71f7a3cbd6dae02aa04caddc9f6acd30028290fd328498ddc179	client-raw/284bff3cf6cc71f7a3cbd6dae02aa04caddc9f6acd30028290fd328498ddc179.png
0704_vfx011-screen-shadow_sword-selected-scale3-normal-wide.png	ad69a566148ed16764021d2f8222ad1c6862c4346591535b3b8a6d444158214f	client-raw/ad69a566148ed16764021d2f8222ad1c6862c4346591535b3b8a6d444158214f.png
0705_vfx011-screen-grimoire_index-preview-scale3-normal-wide.png	81ee53b29634a09fa0673bfafa4844f26cfa100b7926ebbf0dd14e33a44594a0	client-raw/81ee53b29634a09fa0673bfafa4844f26cfa100b7926ebbf0dd14e33a44594a0.png
0706_vfx011-screen-grimoire_index-empty-scale3-normal-wide.png	994583e91a2da84c0271a7781b8d139b6a9babdaf25ef976817f184c782de660	client-raw/994583e91a2da84c0271a7781b8d139b6a9babdaf25ef976817f184c782de660.png
0707_vfx011-screen-rainbow_convergence-sevenfold-scale3-normal-wide.png	c94a59e359229b81cf5e52422e2f87be6385ed17d46fb5d365501907185bcf5d	client-raw/c94a59e359229b81cf5e52422e2f87be6385ed17d46fb5d365501907185bcf5d.png
0708_vfx011-screen-reservoir_transfer-partial-scale3-normal-wide.png	29ffba502bce30fb9764e14aad332a3d4d2c52aeafa0b46e694cae8e75f2ee5c	client-raw/29ffba502bce30fb9764e14aad332a3d4d2c52aeafa0b46e694cae8e75f2ee5c.png
0709_vfx011-screen-arcane_crucible-empty-scale3-normal-wide.png	ce7206bf2be67a9ae39add1106e9e1630b1b77034aed5bb0a35e8329cae5ca8f	client-raw/ce7206bf2be67a9ae39add1106e9e1630b1b77034aed5bb0a35e8329cae5ca8f.png
0710_vfx011-screen-arcane_crucible-populated_darkness-scale3-normal-wide.png	70ebcd3e91df603acf5ebe966ca83b997cb5b69bb5ceb9942a878b748505ad1b	client-raw/70ebcd3e91df603acf5ebe966ca83b997cb5b69bb5ceb9942a878b748505ad1b.png
0711_vfx011-screen-advancement_roots-skill-scale3-normal-wide.png	f18cb980b4e8723ada926714e7022b4dda02c1b1a1814dc42856b5becb97342a	client-raw/f18cb980b4e8723ada926714e7022b4dda02c1b1a1814dc42856b5becb97342a.png
0712_vfx011-screen-teleport-default-scale3-normal-narrow.png	9e5f7aaf98113e5e96b35812774000cb85a8a686843a7549240f77979a27b0d6	client-raw/9e5f7aaf98113e5e96b35812774000cb85a8a686843a7549240f77979a27b0d6.png
0713_vfx011-screen-teleport-artifact-scale3-normal-narrow.png	7bebba6b1787679cf3a227e18af6590c290fc8ee53f3c95a6443828f28086f0b	client-raw/7bebba6b1787679cf3a227e18af6590c290fc8ee53f3c95a6443828f28086f0b.png
0714_vfx011-screen-locator-entity-scale3-normal-narrow.png	a9e3a825ff1019fd69cd4e20f27b44f11dfd1cb0442010acd1f94554ac9835e0	client-raw/a9e3a825ff1019fd69cd4e20f27b44f11dfd1cb0442010acd1f94554ac9835e0.png
0715_vfx011-screen-locator-world-scale3-normal-narrow.png	8059e70dd1602b8172633adece2187b5495cd6d18cf21acdfd7b414de6ad89fd	client-raw/8059e70dd1602b8172633adece2187b5495cd6d18cf21acdfd7b414de6ad89fd.png
0716_vfx011-screen-rank_maze_light-focused-scale3-normal-narrow.png	e99af9bee61e11d5e8e10d3878148c6d414b3bf6c049d136df8b32a07f3d12eb	client-raw/e99af9bee61e11d5e8e10d3878148c6d414b3bf6c049d136df8b32a07f3d12eb.png
0717_vfx011-screen-rank_maze_dark-focused-scale3-normal-narrow.png	25705936d6a1130505c6717e95344bbdd2c67f57e3a960da98b49a2a29ebf2d7	client-raw/25705936d6a1130505c6717e95344bbdd2c67f57e3a960da98b49a2a29ebf2d7.png
0718_vfx011-screen-power_selection-selected-scale3-normal-narrow.png	e165169e1efa5edc2b89477591459453fba37b426e804fff06b7e49ae1c399f2	client-raw/e165169e1efa5edc2b89477591459453fba37b426e804fff06b7e49ae1c399f2.png
0719_vfx011-screen-artifact_catalogue-selected-scale3-normal-narrow.png	9b34b3a98e33b4d0ea313d4539c66dbd5846ac9d714635129602c17ba38124b8	client-raw/9b34b3a98e33b4d0ea313d4539c66dbd5846ac9d714635129602c17ba38124b8.png
0720_vfx011-screen-artifact_catalogue-empty-scale3-normal-narrow.png	6e1cb4ee4004220f95116dcc4abcf00c9f8ec2df6e3bf95954e9c0b9fe48f74f	client-raw/6e1cb4ee4004220f95116dcc4abcf00c9f8ec2df6e3bf95954e9c0b9fe48f74f.png
0721_vfx011-screen-shadow_sword-selected-scale3-normal-narrow.png	e51386e3d4f7c8f9616e5c8e6e46208ae2540c7084cb2cb027bd1fcdea9d08fa	client-raw/e51386e3d4f7c8f9616e5c8e6e46208ae2540c7084cb2cb027bd1fcdea9d08fa.png
0722_vfx011-screen-grimoire_index-preview-scale3-normal-narrow.png	fb60365b5f92881d0925dcbb32508b9dd5a2c42afd81eab0c27df5f3f4566da9	client-raw/fb60365b5f92881d0925dcbb32508b9dd5a2c42afd81eab0c27df5f3f4566da9.png
0723_vfx011-screen-grimoire_index-empty-scale3-normal-narrow.png	aae3373e19d1f203c63b71ce763dbc17d9d1daa10e2b9f769012c984b58d478e	client-raw/aae3373e19d1f203c63b71ce763dbc17d9d1daa10e2b9f769012c984b58d478e.png
0724_vfx011-screen-rainbow_convergence-sevenfold-scale3-normal-narrow.png	b07c7c4c3913196071f67ebffd215e36928cc4aa667169822f333a0e51d23337	client-raw/b07c7c4c3913196071f67ebffd215e36928cc4aa667169822f333a0e51d23337.png
0725_vfx011-screen-reservoir_transfer-partial-scale3-normal-narrow.png	24e22f18cba9de6affa102de719ca20a0832500f142e2ad2a66675bdce49d668	client-raw/24e22f18cba9de6affa102de719ca20a0832500f142e2ad2a66675bdce49d668.png
0726_vfx011-screen-arcane_crucible-empty-scale3-normal-narrow.png	39d837c0d443ab16deff1f57a01ecc82b2b11f60c9fd3aed0a888eb95dd81a89	client-raw/39d837c0d443ab16deff1f57a01ecc82b2b11f60c9fd3aed0a888eb95dd81a89.png
0727_vfx011-screen-arcane_crucible-populated_darkness-scale3-normal-narrow.png	b8fc7d8454c6aab4523987afe0acd38a58107757995fe141a67183b136f7cba7	client-raw/b8fc7d8454c6aab4523987afe0acd38a58107757995fe141a67183b136f7cba7.png
0728_vfx011-screen-advancement_roots-skill-scale3-normal-narrow.png	078dea242440cda8f29fc726641e8ea8c84184273be689c66c3d4639424921ad	client-raw/078dea242440cda8f29fc726641e8ea8c84184273be689c66c3d4639424921ad.png
0729_vfx011-screen-teleport-default-scale3-reduced-wide.png	007f4dc76150d79546564d4dea4fb55e2b03af655a42ceb2a22ec2b621a0705b	client-raw/007f4dc76150d79546564d4dea4fb55e2b03af655a42ceb2a22ec2b621a0705b.png
0730_vfx011-screen-teleport-artifact-scale3-reduced-wide.png	df78a1ebef19452c39d405b193622645300500943aae0704ceb0ddd9a941a316	client-raw/df78a1ebef19452c39d405b193622645300500943aae0704ceb0ddd9a941a316.png
0731_vfx011-screen-locator-entity-scale3-reduced-wide.png	b3ef93bca2334e84d10cf68ce9248075976e38604c972ab63f5981d06a7e269d	client-raw/b3ef93bca2334e84d10cf68ce9248075976e38604c972ab63f5981d06a7e269d.png
0732_vfx011-screen-locator-world-scale3-reduced-wide.png	6a4b5de7d3f8ac759d216f14d86318f45cbae2d627e40e9a3d4ce28d571e1785	client-raw/6a4b5de7d3f8ac759d216f14d86318f45cbae2d627e40e9a3d4ce28d571e1785.png
0733_vfx011-screen-rank_maze_light-focused-scale3-reduced-wide.png	3dd1bd5fb8174044f4f1d2bfdf1d8c1b9984d4479081a35a56ffdf5a4a97fded	client-raw/3dd1bd5fb8174044f4f1d2bfdf1d8c1b9984d4479081a35a56ffdf5a4a97fded.png
0734_vfx011-screen-rank_maze_dark-focused-scale3-reduced-wide.png	7d01e9e5bf4536835055fd7714a7fa82e2d6f01782dcc584a3feca61db810bcb	client-raw/7d01e9e5bf4536835055fd7714a7fa82e2d6f01782dcc584a3feca61db810bcb.png
0735_vfx011-screen-power_selection-selected-scale3-reduced-wide.png	1a8d75bd290fcce7fa898899d4f27c85f9b149c5514269f0fcc01a8112821193	client-raw/1a8d75bd290fcce7fa898899d4f27c85f9b149c5514269f0fcc01a8112821193.png
0736_vfx011-screen-artifact_catalogue-selected-scale3-reduced-wide.png	56f52cb035255586cf23f406c99586cfe6edf6cafa84850faffa2103e3154952	client-raw/56f52cb035255586cf23f406c99586cfe6edf6cafa84850faffa2103e3154952.png
0737_vfx011-screen-artifact_catalogue-empty-scale3-reduced-wide.png	1758beea0cbfdb2d13634a0a1ed97bbb07572e78db932ddf3ff7d8eeda1218f6	client-raw/1758beea0cbfdb2d13634a0a1ed97bbb07572e78db932ddf3ff7d8eeda1218f6.png
0738_vfx011-screen-shadow_sword-selected-scale3-reduced-wide.png	fe7e2ff3189e7ca08f53ff96c4d4fcc1b61c164ee234a34c4532d92141592be5	client-raw/fe7e2ff3189e7ca08f53ff96c4d4fcc1b61c164ee234a34c4532d92141592be5.png
0739_vfx011-screen-grimoire_index-preview-scale3-reduced-wide.png	20409a45e4c882ad95c48fb1dbbe38ef14875ef2557340211a1e34e27f927fbf	client-raw/20409a45e4c882ad95c48fb1dbbe38ef14875ef2557340211a1e34e27f927fbf.png
0740_vfx011-screen-grimoire_index-empty-scale3-reduced-wide.png	39b0e3756ac158ad56a80f9cea3fc59040f4406e788016108106211ba347f743	client-raw/39b0e3756ac158ad56a80f9cea3fc59040f4406e788016108106211ba347f743.png
0741_vfx011-screen-rainbow_convergence-sevenfold-scale3-reduced-wide.png	54ee7fa3dbd1e465f40bdba4efb428b10cf4d44a3ccf4d930eef37b42f01cd18	client-raw/54ee7fa3dbd1e465f40bdba4efb428b10cf4d44a3ccf4d930eef37b42f01cd18.png
0742_vfx011-screen-reservoir_transfer-partial-scale3-reduced-wide.png	08d25060aaebb74386528e835065025cea2dce6a778f42fe9c3e1c12755f7a41	client-raw/08d25060aaebb74386528e835065025cea2dce6a778f42fe9c3e1c12755f7a41.png
0743_vfx011-screen-arcane_crucible-empty-scale3-reduced-wide.png	2a04357bfe9feabb14c4b3b06a3e9982e6468eeddf316429963827a6ee134332	client-raw/2a04357bfe9feabb14c4b3b06a3e9982e6468eeddf316429963827a6ee134332.png
0744_vfx011-screen-arcane_crucible-populated_darkness-scale3-reduced-wide.png	59ffbf3ec54da7371c6ea9b6ef5fbcb9698d12c171acc82039954623307ffbd4	client-raw/59ffbf3ec54da7371c6ea9b6ef5fbcb9698d12c171acc82039954623307ffbd4.png
0745_vfx011-screen-advancement_roots-skill-scale3-reduced-wide.png	170c991ac046b7253190eb103cc0c4b32aabc13181d4a2dcece5e5502a8f53e3	client-raw/170c991ac046b7253190eb103cc0c4b32aabc13181d4a2dcece5e5502a8f53e3.png
0746_vfx011-screen-teleport-default-scale3-reduced-narrow.png	f4cffa975be0ec0ca9667e4eb51c0ae41306184d9220d257641ec8572af4e035	client-raw/f4cffa975be0ec0ca9667e4eb51c0ae41306184d9220d257641ec8572af4e035.png
0747_vfx011-screen-teleport-artifact-scale3-reduced-narrow.png	7816fe1ff7e6455b5bd1738429ee28b1fac00153792ef67d6b82c83798c499eb	client-raw/7816fe1ff7e6455b5bd1738429ee28b1fac00153792ef67d6b82c83798c499eb.png
0748_vfx011-screen-locator-entity-scale3-reduced-narrow.png	c08770a77956b097f0c7b0fa4c0033fa900c40ab2b6325826eeea328e68a8439	client-raw/c08770a77956b097f0c7b0fa4c0033fa900c40ab2b6325826eeea328e68a8439.png
0749_vfx011-screen-locator-world-scale3-reduced-narrow.png	923db718a1ff43f6e212260e32b03866dc75a8cd5cdfb5c2f565101733e43b99	client-raw/923db718a1ff43f6e212260e32b03866dc75a8cd5cdfb5c2f565101733e43b99.png
0750_vfx011-screen-rank_maze_light-focused-scale3-reduced-narrow.png	c1b7b82027cb746b6d1ecda4ba105fe8077c066701e08ab6f64d7b5a472c6b8c	client-raw/c1b7b82027cb746b6d1ecda4ba105fe8077c066701e08ab6f64d7b5a472c6b8c.png
0751_vfx011-screen-rank_maze_dark-focused-scale3-reduced-narrow.png	b9f7c341dedc80625b27f93453d68956bcc61dbb65a5c2fc22a44cdf9615b8fc	client-raw/b9f7c341dedc80625b27f93453d68956bcc61dbb65a5c2fc22a44cdf9615b8fc.png
0752_vfx011-screen-power_selection-selected-scale3-reduced-narrow.png	21b319b1c1af5b2ddb12368b8eb48b1ad091f8d2e11135e19e102f471bfd73ac	client-raw/21b319b1c1af5b2ddb12368b8eb48b1ad091f8d2e11135e19e102f471bfd73ac.png
0753_vfx011-screen-artifact_catalogue-selected-scale3-reduced-narrow.png	1995baf5964168de6fc7b27c143120831b70a67a5b81ddbb6bc61871e05af585	client-raw/1995baf5964168de6fc7b27c143120831b70a67a5b81ddbb6bc61871e05af585.png
0754_vfx011-screen-artifact_catalogue-empty-scale3-reduced-narrow.png	91b675fb3c83e1bd1d07c4e49c876d314c25231250be17ea8d2e4eea3bb08ff1	client-raw/91b675fb3c83e1bd1d07c4e49c876d314c25231250be17ea8d2e4eea3bb08ff1.png
0755_vfx011-screen-shadow_sword-selected-scale3-reduced-narrow.png	718bd06a8020ccf5e868412a9cacdbdd44af770920d991b87a86776edd9dadd9	client-raw/718bd06a8020ccf5e868412a9cacdbdd44af770920d991b87a86776edd9dadd9.png
0756_vfx011-screen-grimoire_index-preview-scale3-reduced-narrow.png	f3ce43a5e9caadb596ad168293627fb170eaa0f2b3116abba9617cbc6c1857ba	client-raw/f3ce43a5e9caadb596ad168293627fb170eaa0f2b3116abba9617cbc6c1857ba.png
0757_vfx011-screen-grimoire_index-empty-scale3-reduced-narrow.png	e98b01b1c50fdaae7c61dc2fc10cdf4660106eeeb65b328d74974615a6ede895	client-raw/e98b01b1c50fdaae7c61dc2fc10cdf4660106eeeb65b328d74974615a6ede895.png
0758_vfx011-screen-rainbow_convergence-sevenfold-scale3-reduced-narrow.png	cd585f71f6e4554dc67bdbed7a95312116dfc880ef942b4715b17ec4a63b7f83	client-raw/cd585f71f6e4554dc67bdbed7a95312116dfc880ef942b4715b17ec4a63b7f83.png
0759_vfx011-screen-reservoir_transfer-partial-scale3-reduced-narrow.png	c82720e42c4c8b9acbd2156f1cec10e90ae924e5eb968576b585e83aa7ed8fa6	client-raw/c82720e42c4c8b9acbd2156f1cec10e90ae924e5eb968576b585e83aa7ed8fa6.png
0760_vfx011-screen-arcane_crucible-empty-scale3-reduced-narrow.png	ec6fce3b15384598107e9c846808948db98d6f5c20c5ae4a7fc2899eb1319052	client-raw/ec6fce3b15384598107e9c846808948db98d6f5c20c5ae4a7fc2899eb1319052.png
0761_vfx011-screen-arcane_crucible-populated_darkness-scale3-reduced-narrow.png	bd412337c544aaf8033044135de50b44176cf5f09575ec4b5c403f81aa18eda2	client-raw/bd412337c544aaf8033044135de50b44176cf5f09575ec4b5c403f81aa18eda2.png
0762_vfx011-screen-advancement_roots-skill-scale3-reduced-narrow.png	3f91354a1f96c6b5aee994adc2b3457b927380e5709f7c059b633ace8976b50c	client-raw/3f91354a1f96c6b5aee994adc2b3457b927380e5709f7c059b633ace8976b50c.png
0763_vfx011-screen-teleport-default-scale4-normal-wide.png	d33957712c36c00ec003945813fc9625614e15d27a1a88f9670eb7826235411d	client-raw/d33957712c36c00ec003945813fc9625614e15d27a1a88f9670eb7826235411d.png
0764_vfx011-screen-teleport-artifact-scale4-normal-wide.png	beb3e249359ed70722ce96673b9f2a6454e27ec98ca732b1b113ae18190aa2b1	client-raw/beb3e249359ed70722ce96673b9f2a6454e27ec98ca732b1b113ae18190aa2b1.png
0765_vfx011-screen-locator-entity-scale4-normal-wide.png	fd3828183c82f4a42e11ab93d4a898bde316051ff6c1d442e9f53e64566aed65	client-raw/fd3828183c82f4a42e11ab93d4a898bde316051ff6c1d442e9f53e64566aed65.png
0766_vfx011-screen-locator-world-scale4-normal-wide.png	e70ed578c12de6f206f4420383bf643bf62a153961b65f31196af2536ec6abf9	client-raw/e70ed578c12de6f206f4420383bf643bf62a153961b65f31196af2536ec6abf9.png
0767_vfx011-screen-rank_maze_light-focused-scale4-normal-wide.png	36c357c13985d8472d85e75deb7a03227c650d624ec81102e7fd44a5d8525412	client-raw/36c357c13985d8472d85e75deb7a03227c650d624ec81102e7fd44a5d8525412.png
0768_vfx011-screen-rank_maze_dark-focused-scale4-normal-wide.png	127d3b3d2aee0271778f481c1d4aa1c23dfececf68b319d94a0a93ec8c662047	client-raw/127d3b3d2aee0271778f481c1d4aa1c23dfececf68b319d94a0a93ec8c662047.png
0769_vfx011-screen-power_selection-selected-scale4-normal-wide.png	d99c989a8d8e1823eee6842830c3d02a209b7a03738696086910b6e9def9eb07	client-raw/d99c989a8d8e1823eee6842830c3d02a209b7a03738696086910b6e9def9eb07.png
0770_vfx011-screen-artifact_catalogue-selected-scale4-normal-wide.png	06085aeefcf0e8b8424fa8e50acb8ac94970818d4633e33eb8b6b084390a213d	client-raw/06085aeefcf0e8b8424fa8e50acb8ac94970818d4633e33eb8b6b084390a213d.png
0771_vfx011-screen-artifact_catalogue-empty-scale4-normal-wide.png	651733343786fc23447e3a5e2d47d6500301f5ddfd2540f20afa13915eb48da1	client-raw/651733343786fc23447e3a5e2d47d6500301f5ddfd2540f20afa13915eb48da1.png
0772_vfx011-screen-shadow_sword-selected-scale4-normal-wide.png	198e402ce740d4d52cbf46f81cfe3da94f874e2df8617ec1d2992d409d23976b	client-raw/198e402ce740d4d52cbf46f81cfe3da94f874e2df8617ec1d2992d409d23976b.png
0773_vfx011-screen-grimoire_index-preview-scale4-normal-wide.png	dd47c0d72f2d6c38b206369c92de44523ad9ab05d348c34b52d7f4b8dfda11d3	client-raw/dd47c0d72f2d6c38b206369c92de44523ad9ab05d348c34b52d7f4b8dfda11d3.png
0774_vfx011-screen-grimoire_index-empty-scale4-normal-wide.png	30b9eb82efae1da04b57ec154ad964c3cb9f1b3aba8361ed165472d44b578f2a	client-raw/30b9eb82efae1da04b57ec154ad964c3cb9f1b3aba8361ed165472d44b578f2a.png
0775_vfx011-screen-rainbow_convergence-sevenfold-scale4-normal-wide.png	050ad265a6438fde60b4e04583b48e2adf885e903c0083bd16e35f70d6e948eb	client-raw/050ad265a6438fde60b4e04583b48e2adf885e903c0083bd16e35f70d6e948eb.png
0776_vfx011-screen-reservoir_transfer-partial-scale4-normal-wide.png	dffd582b9f52fd76fa75f82d0621b5c5ebe819e66ba7bce42841b14262040489	client-raw/dffd582b9f52fd76fa75f82d0621b5c5ebe819e66ba7bce42841b14262040489.png
0777_vfx011-screen-arcane_crucible-empty-scale4-normal-wide.png	1d002dfbbcf626b090ce6133859c1a1c8a76388d0e87b6dda0a745337b19f4f0	client-raw/1d002dfbbcf626b090ce6133859c1a1c8a76388d0e87b6dda0a745337b19f4f0.png
0778_vfx011-screen-arcane_crucible-populated_darkness-scale4-normal-wide.png	a3056d8b8bc4f35886654453595cb369caf6e589e2e7237ce5de3c712bfaff37	client-raw/a3056d8b8bc4f35886654453595cb369caf6e589e2e7237ce5de3c712bfaff37.png
0779_vfx011-screen-advancement_roots-skill-scale4-normal-wide.png	ed1cde7441ccdda9fc56ff05a932e2791966d739cc99932751b960e15d16db3c	client-raw/ed1cde7441ccdda9fc56ff05a932e2791966d739cc99932751b960e15d16db3c.png
0780_vfx011-screen-teleport-default-scale4-normal-narrow.png	3c3c5d31c67c15ac410f25945de1c0558966e9608cd83de8a35998a336cdef2f	client-raw/3c3c5d31c67c15ac410f25945de1c0558966e9608cd83de8a35998a336cdef2f.png
0781_vfx011-screen-teleport-artifact-scale4-normal-narrow.png	bf39213e4fc5e88e2574f5ee5e9b7f3b19fa25afe45665b5a35cbce33642b51c	client-raw/bf39213e4fc5e88e2574f5ee5e9b7f3b19fa25afe45665b5a35cbce33642b51c.png
0782_vfx011-screen-locator-entity-scale4-normal-narrow.png	4e9575633a61f605a0aa9da318b076aca3f3a62a24b226a2a8c936885d5b68d8	client-raw/4e9575633a61f605a0aa9da318b076aca3f3a62a24b226a2a8c936885d5b68d8.png
0783_vfx011-screen-locator-world-scale4-normal-narrow.png	bdb7ad3fa03846cc7fa83d6f52582fe3195f37fcf27bf4f61b4ad3889240de08	client-raw/bdb7ad3fa03846cc7fa83d6f52582fe3195f37fcf27bf4f61b4ad3889240de08.png
0784_vfx011-screen-rank_maze_light-focused-scale4-normal-narrow.png	f2fb3588421120b13327305ad55989cb4502ab61d502391efb5ed16727aea96e	client-raw/f2fb3588421120b13327305ad55989cb4502ab61d502391efb5ed16727aea96e.png
0785_vfx011-screen-rank_maze_dark-focused-scale4-normal-narrow.png	15a135bd6fbff36b7b706d251ff5a2016fd235ba95ac9f367ae9b456a0fcec38	client-raw/15a135bd6fbff36b7b706d251ff5a2016fd235ba95ac9f367ae9b456a0fcec38.png
0786_vfx011-screen-power_selection-selected-scale4-normal-narrow.png	696e1a258f2d32ad32cabdb61f95dcf0c2ce22f20271b2f7fc2a7b188ae708dc	client-raw/696e1a258f2d32ad32cabdb61f95dcf0c2ce22f20271b2f7fc2a7b188ae708dc.png
0787_vfx011-screen-artifact_catalogue-selected-scale4-normal-narrow.png	947b7f80dbd75b44b89dbea0deda22be9f1f16f7232b6641c2d3fcf67378a282	client-raw/947b7f80dbd75b44b89dbea0deda22be9f1f16f7232b6641c2d3fcf67378a282.png
0788_vfx011-screen-artifact_catalogue-empty-scale4-normal-narrow.png	564be24f95a9c772d291bf62fcdff51726fe0d8d9d67f89c1ce4b02a60e5a3e9	client-raw/564be24f95a9c772d291bf62fcdff51726fe0d8d9d67f89c1ce4b02a60e5a3e9.png
0789_vfx011-screen-shadow_sword-selected-scale4-normal-narrow.png	63f316f169c5f4a51d254374065ba4e3c778dcd141b5c17346d589c265120a8f	client-raw/63f316f169c5f4a51d254374065ba4e3c778dcd141b5c17346d589c265120a8f.png
0790_vfx011-screen-grimoire_index-preview-scale4-normal-narrow.png	51d9c0caf10580ec9caac39f677867c1e6b7db3e859354b4763d69b521512afe	client-raw/51d9c0caf10580ec9caac39f677867c1e6b7db3e859354b4763d69b521512afe.png
0791_vfx011-screen-grimoire_index-empty-scale4-normal-narrow.png	d5a1d46ff8862a68b6d12c7eafccb229aa1a5cd60c15214cd69cfd0e885be11c	client-raw/d5a1d46ff8862a68b6d12c7eafccb229aa1a5cd60c15214cd69cfd0e885be11c.png
0792_vfx011-screen-rainbow_convergence-sevenfold-scale4-normal-narrow.png	877669111c31f59a1e277ff9755901c7ac7c593361a0d9b4cd51eb73db5897e0	client-raw/877669111c31f59a1e277ff9755901c7ac7c593361a0d9b4cd51eb73db5897e0.png
0793_vfx011-screen-reservoir_transfer-partial-scale4-normal-narrow.png	7223d94cb534a255a1a9ae7cd3c9b28138ef517b6560071b1c6e817d154036cb	client-raw/7223d94cb534a255a1a9ae7cd3c9b28138ef517b6560071b1c6e817d154036cb.png
0794_vfx011-screen-arcane_crucible-empty-scale4-normal-narrow.png	b8a74ffd976fb0413bc5b382bb8b068a4b085aa79c9192f364fb676d4060cd4a	client-raw/b8a74ffd976fb0413bc5b382bb8b068a4b085aa79c9192f364fb676d4060cd4a.png
0795_vfx011-screen-arcane_crucible-populated_darkness-scale4-normal-narrow.png	387f6649bdef3a15f997f5344e3f5bc176767442a007c1995be499a266f6c923	client-raw/387f6649bdef3a15f997f5344e3f5bc176767442a007c1995be499a266f6c923.png
0796_vfx011-screen-advancement_roots-skill-scale4-normal-narrow.png	4937251453d10b2c3817087646f0a16d18750fb4491c7ff65c66ac0b78b8d57c	client-raw/4937251453d10b2c3817087646f0a16d18750fb4491c7ff65c66ac0b78b8d57c.png
0797_vfx011-screen-teleport-default-scale4-reduced-wide.png	b5ee22c5f96cb5c2d2c40ca1d643a60ad91675a23b629346dae1f0c3525fbd0d	client-raw/b5ee22c5f96cb5c2d2c40ca1d643a60ad91675a23b629346dae1f0c3525fbd0d.png
0798_vfx011-screen-teleport-artifact-scale4-reduced-wide.png	f78d81e8982e07a54ee85fcd89760c9a22af06195d8d777d0f9094c6a0482dfe	client-raw/f78d81e8982e07a54ee85fcd89760c9a22af06195d8d777d0f9094c6a0482dfe.png
0799_vfx011-screen-locator-entity-scale4-reduced-wide.png	7cbd55a605d81bcdbf63d3a4f2cafb2bec1829d46d5e1a6355fb24d345a18ebb	client-raw/7cbd55a605d81bcdbf63d3a4f2cafb2bec1829d46d5e1a6355fb24d345a18ebb.png
0800_vfx011-screen-locator-world-scale4-reduced-wide.png	00c38cc02000ccf5a4a0a6a16d100f42a7692bd12dbac5b55294553abaec06f6	client-raw/00c38cc02000ccf5a4a0a6a16d100f42a7692bd12dbac5b55294553abaec06f6.png
0801_vfx011-screen-rank_maze_light-focused-scale4-reduced-wide.png	773be7134aec9d8a5686b43e2b16962c79b2436cfc7d81459d04fd06a37b291f	client-raw/773be7134aec9d8a5686b43e2b16962c79b2436cfc7d81459d04fd06a37b291f.png
0802_vfx011-screen-rank_maze_dark-focused-scale4-reduced-wide.png	971e6b9f270dffd9bc1c8846c374c61646d821fbb432820fa0e101968264555a	client-raw/971e6b9f270dffd9bc1c8846c374c61646d821fbb432820fa0e101968264555a.png
0803_vfx011-screen-power_selection-selected-scale4-reduced-wide.png	119375e730f41c88fc648300d0f4251068fdf2e2132481eb62370a3a133012a8	client-raw/119375e730f41c88fc648300d0f4251068fdf2e2132481eb62370a3a133012a8.png
0804_vfx011-screen-artifact_catalogue-selected-scale4-reduced-wide.png	224f244e023aa048fd0d5fa9b2c7ef929246867aec35c1386f79f2fabe1cfadd	client-raw/224f244e023aa048fd0d5fa9b2c7ef929246867aec35c1386f79f2fabe1cfadd.png
0805_vfx011-screen-artifact_catalogue-empty-scale4-reduced-wide.png	853f17d30e61dfda9245f4735c6f7c307db5ac0a226f3319762eea6ac88000fc	client-raw/853f17d30e61dfda9245f4735c6f7c307db5ac0a226f3319762eea6ac88000fc.png
0806_vfx011-screen-shadow_sword-selected-scale4-reduced-wide.png	3788b726b6917ecfa82c08611018b986f0cd3fc29b6de59e67bea26f99a80ac5	client-raw/3788b726b6917ecfa82c08611018b986f0cd3fc29b6de59e67bea26f99a80ac5.png
0807_vfx011-screen-grimoire_index-preview-scale4-reduced-wide.png	b4b07dc35d55c2d0cc5512e08c5d74aeac04e98e235a7edde7c2e4f3c3b67500	client-raw/b4b07dc35d55c2d0cc5512e08c5d74aeac04e98e235a7edde7c2e4f3c3b67500.png
0808_vfx011-screen-grimoire_index-empty-scale4-reduced-wide.png	264a1c8c5bff76ce3cbac0597b9d5f86e9970e5c96b216130e562262a270ebb4	client-raw/264a1c8c5bff76ce3cbac0597b9d5f86e9970e5c96b216130e562262a270ebb4.png
0809_vfx011-screen-rainbow_convergence-sevenfold-scale4-reduced-wide.png	de680b4eb36db159f897a2fc1aecfe42c099ad3226766fdad51439f74ae3ce31	client-raw/de680b4eb36db159f897a2fc1aecfe42c099ad3226766fdad51439f74ae3ce31.png
0810_vfx011-screen-reservoir_transfer-partial-scale4-reduced-wide.png	7fb1b865b1c87d8e4f2e252dddd6f06d030e3ba329554c8c9f4c304737f91014	client-raw/7fb1b865b1c87d8e4f2e252dddd6f06d030e3ba329554c8c9f4c304737f91014.png
0811_vfx011-screen-arcane_crucible-empty-scale4-reduced-wide.png	aaa8fe7a632a141bb62318c181399767645b4d7ffa8ebb4e4154ac7c5f08d07e	client-raw/aaa8fe7a632a141bb62318c181399767645b4d7ffa8ebb4e4154ac7c5f08d07e.png
0812_vfx011-screen-arcane_crucible-populated_darkness-scale4-reduced-wide.png	206644dc67278c9f5b27f2c0fdd4c474ba901c55401c604fd48299e5c53ff467	client-raw/206644dc67278c9f5b27f2c0fdd4c474ba901c55401c604fd48299e5c53ff467.png
0813_vfx011-screen-advancement_roots-skill-scale4-reduced-wide.png	7feff51dc549bca5aade0629f0795c3e3bb1ce70fd7186cb02cb8d07f25f6588	client-raw/7feff51dc549bca5aade0629f0795c3e3bb1ce70fd7186cb02cb8d07f25f6588.png
0814_vfx011-screen-teleport-default-scale4-reduced-narrow.png	a8ea00002bd078a9d2f931415d66d962ca569f62917a7062faba7ff6939aae10	client-raw/a8ea00002bd078a9d2f931415d66d962ca569f62917a7062faba7ff6939aae10.png
0815_vfx011-screen-teleport-artifact-scale4-reduced-narrow.png	d3504373bbdcaf0ca429fac757d9eecf801017b5030815ad1d16a051c663edec	client-raw/d3504373bbdcaf0ca429fac757d9eecf801017b5030815ad1d16a051c663edec.png
0816_vfx011-screen-locator-entity-scale4-reduced-narrow.png	97bedef4903c36399b21740db8e7fdd0a223fdb0b4f71009e24d7d66fd712ab6	client-raw/97bedef4903c36399b21740db8e7fdd0a223fdb0b4f71009e24d7d66fd712ab6.png
0817_vfx011-screen-locator-world-scale4-reduced-narrow.png	bc37940faeea7d18151ab3fa473979c7b66d25a726de7f2c5b364e7e19b5329f	client-raw/bc37940faeea7d18151ab3fa473979c7b66d25a726de7f2c5b364e7e19b5329f.png
0818_vfx011-screen-rank_maze_light-focused-scale4-reduced-narrow.png	3c24923c21ae2b4555236427b7fae1f6e009336774ff20c27cf8bafd7dd26f96	client-raw/3c24923c21ae2b4555236427b7fae1f6e009336774ff20c27cf8bafd7dd26f96.png
0819_vfx011-screen-rank_maze_dark-focused-scale4-reduced-narrow.png	b71d19b1d349bde97325dfccb851f3a9450fda00d6856e16d6ce6f75d14bba06	client-raw/b71d19b1d349bde97325dfccb851f3a9450fda00d6856e16d6ce6f75d14bba06.png
0820_vfx011-screen-power_selection-selected-scale4-reduced-narrow.png	f7b5686a1d3776e2b415a883aade5a09e1a1f95371ed8cb093248c8d767dbb94	client-raw/f7b5686a1d3776e2b415a883aade5a09e1a1f95371ed8cb093248c8d767dbb94.png
0821_vfx011-screen-artifact_catalogue-selected-scale4-reduced-narrow.png	71d3868b1787b93f8049bc7a58be24c44d64a7d71dd36ab5ae0454efa900eb53	client-raw/71d3868b1787b93f8049bc7a58be24c44d64a7d71dd36ab5ae0454efa900eb53.png
0822_vfx011-screen-artifact_catalogue-empty-scale4-reduced-narrow.png	c54d5607708e7db7c49f113f3f654b7d6e0b282e8cc35986a35a2c687a6ad604	client-raw/c54d5607708e7db7c49f113f3f654b7d6e0b282e8cc35986a35a2c687a6ad604.png
0823_vfx011-screen-shadow_sword-selected-scale4-reduced-narrow.png	d3e5c8004f793da41238dd3b875760fb2f37d33b4afa789c859c480deaeae5e3	client-raw/d3e5c8004f793da41238dd3b875760fb2f37d33b4afa789c859c480deaeae5e3.png
0824_vfx011-screen-grimoire_index-preview-scale4-reduced-narrow.png	a55f1a599c46f260420143526495ef9d20d41126ab21ab792dc848f0dd054288	client-raw/a55f1a599c46f260420143526495ef9d20d41126ab21ab792dc848f0dd054288.png
0825_vfx011-screen-grimoire_index-empty-scale4-reduced-narrow.png	e4b77a0e08903eb7ce58caa117e2b398307784f07e292ff7dab2d1ab57e94e38	client-raw/e4b77a0e08903eb7ce58caa117e2b398307784f07e292ff7dab2d1ab57e94e38.png
0826_vfx011-screen-rainbow_convergence-sevenfold-scale4-reduced-narrow.png	1f2ac76939bb5d33e3039d8052b7321746ebb2d324a8f5baf266673b1853f44e	client-raw/1f2ac76939bb5d33e3039d8052b7321746ebb2d324a8f5baf266673b1853f44e.png
0827_vfx011-screen-reservoir_transfer-partial-scale4-reduced-narrow.png	ef2adc5cc4182e310f26fe047dabcfc1a4682eb4e6e221897f5726ab0d01f968	client-raw/ef2adc5cc4182e310f26fe047dabcfc1a4682eb4e6e221897f5726ab0d01f968.png
0828_vfx011-screen-arcane_crucible-empty-scale4-reduced-narrow.png	1a6cd762bfa16055b21e55bf49b02bfef82cab29e5b52265e5444c718f1c368a	client-raw/1a6cd762bfa16055b21e55bf49b02bfef82cab29e5b52265e5444c718f1c368a.png
0829_vfx011-screen-arcane_crucible-populated_darkness-scale4-reduced-narrow.png	9ad48a58aff83afbc1cbb1d5fffecc34bf95f0d389fe8a4df30fa9f04aa4f0c2	client-raw/9ad48a58aff83afbc1cbb1d5fffecc34bf95f0d389fe8a4df30fa9f04aa4f0c2.png
0830_vfx011-screen-advancement_roots-skill-scale4-reduced-narrow.png	b4c12295e72fd5077507b00632a312593e83fdb7b8504e88e88349fc3932db82	client-raw/b4c12295e72fd5077507b00632a312593e83fdb7b8504e88e88349fc3932db82.png
0831_vfx011-screen-artifact_catalogue-hover-scale2-normal-wide.png	8efe64aa5993728f3e9df651bcbd85997ff4de5d99b60e8897f3e970abd9e2e6	client-raw/8efe64aa5993728f3e9df651bcbd85997ff4de5d99b60e8897f3e970abd9e2e6.png
0832_vfx011-screen-teleport-invalid_coordinates-scale2-normal-wide.png	930a04359e12cdf766ae11a8a9db2e1c9c34559004f08d091c9ed4a09a474219	client-raw/930a04359e12cdf766ae11a8a9db2e1c9c34559004f08d091c9ed4a09a474219.png
0833_vfx011-hud-combination-realm_dark-normal.png	c85645fab0c58f061a5f1e2847f754a4e46d42842814d0b09bdcf65cc6ef2abd	client-raw/c85645fab0c58f061a5f1e2847f754a4e46d42842814d0b09bdcf65cc6ef2abd.png
0834_vfx011-hud-combination-realm_dark-reduced.png	51e62a76cc7dccabc430567c9483192c842465cfe40d4c2628a57ee66d965b38	client-raw/51e62a76cc7dccabc430567c9483192c842465cfe40d4c2628a57ee66d965b38.png
0835_vfx011-hud-energy-normal-half1-normal.png	035b01e08c879e1bc54ae9c8537b90d47976598871e287dd7467febfdc7cb8cf	client-raw/035b01e08c879e1bc54ae9c8537b90d47976598871e287dd7467febfdc7cb8cf.png
0836_vfx011-hud-energy-normal-half2-normal.png	6ef1559f1ef16bc7e9495a7637b5e51a588556ffa13e0ece6f750a2657e58823	client-raw/6ef1559f1ef16bc7e9495a7637b5e51a588556ffa13e0ece6f750a2657e58823.png
0837_vfx011-hud-energy-normal-half3-normal.png	d78c2e11bebf70abb882dfaaa7b4c2d233d83a3dffa5ea6b937963a5fc0b4a03	client-raw/d78c2e11bebf70abb882dfaaa7b4c2d233d83a3dffa5ea6b937963a5fc0b4a03.png
0838_vfx011-hud-energy-normal-half4-normal.png	c736b582a21da419976a4f0f83aad8052f817155010f0100b4b3537e49c24217	client-raw/c736b582a21da419976a4f0f83aad8052f817155010f0100b4b3537e49c24217.png
0839_vfx011-hud-energy-normal-half5-normal.png	319dc537ad02d94ae9b011bed34a3adce1fbb673d0b4ef55fdca1048604fa253	client-raw/319dc537ad02d94ae9b011bed34a3adce1fbb673d0b4ef55fdca1048604fa253.png
0840_vfx011-hud-energy-normal-half6-normal.png	f74ecaf4814479318eb1605703b9c3f4ad36fdd9242747c9872d36a2faafce1a	client-raw/f74ecaf4814479318eb1605703b9c3f4ad36fdd9242747c9872d36a2faafce1a.png
0841_vfx011-hud-energy-normal-half7-normal.png	130b4dee8115efa6714472d5ebe88477a6ff120153cc5e9d7eaea7890b69737e	client-raw/130b4dee8115efa6714472d5ebe88477a6ff120153cc5e9d7eaea7890b69737e.png
0842_vfx011-hud-energy-normal-half8-normal.png	fc251af23d6396f21687f938fd7e3bf3e0416820948eb2f83e3fe59fb057eb87	client-raw/fc251af23d6396f21687f938fd7e3bf3e0416820948eb2f83e3fe59fb057eb87.png
0843_vfx011-hud-energy-normal-half9-normal.png	1d0325a43bad03dc11fb118611334fba15031c415bf9d3fe2ae77bf6a752d0af	client-raw/1d0325a43bad03dc11fb118611334fba15031c415bf9d3fe2ae77bf6a752d0af.png
0844_vfx011-hud-energy-normal-half10-normal.png	cffe1f6c2f3c977157641ccc9f25cdfe97033d7f0f882e62ed1f4977ddcdd302	client-raw/cffe1f6c2f3c977157641ccc9f25cdfe97033d7f0f882e62ed1f4977ddcdd302.png
0845_vfx011-hud-energy-normal-half11-normal.png	b3bd961965706858cc8e34974ebfe783c2acbf1281bdb2e5e15f487cd48942e4	client-raw/b3bd961965706858cc8e34974ebfe783c2acbf1281bdb2e5e15f487cd48942e4.png
0846_vfx011-hud-energy-normal-half12-normal.png	45236801f42417aaf9cfb7b30a83d4179dbb7bddd00b6a32deda5a1c6e531ff7	client-raw/45236801f42417aaf9cfb7b30a83d4179dbb7bddd00b6a32deda5a1c6e531ff7.png
0847_vfx011-hud-energy-normal-half13-normal.png	21b209647efacb70c84d00bb5917ed3211658e2ad40cd73bf2818720290eda5c	client-raw/21b209647efacb70c84d00bb5917ed3211658e2ad40cd73bf2818720290eda5c.png
0848_vfx011-hud-energy-normal-half14-normal.png	53522df8a7fb7ae4e670f7f31ba371589aa5713ef7cf12c28380714a05cc290b	client-raw/53522df8a7fb7ae4e670f7f31ba371589aa5713ef7cf12c28380714a05cc290b.png
0849_vfx011-hud-energy-normal-half15-normal.png	1d78cb71da6e5e967e070a4c2f51cdbaf93d5e1e1e7cc9efd3602bc926f3c118	client-raw/1d78cb71da6e5e967e070a4c2f51cdbaf93d5e1e1e7cc9efd3602bc926f3c118.png
0850_vfx011-hud-energy-normal-half16-normal.png	5efb6f960fc90e1192deec99cd5d67d47d5f316452c52ca6f11fc3395d8b2cb3	client-raw/5efb6f960fc90e1192deec99cd5d67d47d5f316452c52ca6f11fc3395d8b2cb3.png
0851_vfx011-hud-energy-normal-half17-normal.png	dd5a817bbf3d4543449c9e10b7fe0d77cd52536e08bf9f79e343a0aebd25df6d	client-raw/dd5a817bbf3d4543449c9e10b7fe0d77cd52536e08bf9f79e343a0aebd25df6d.png
0852_vfx011-hud-energy-normal-half18-normal.png	ca810b906663edac9801cc24710757f14624ee87621fab98f1aaca0d06a6e6a8	client-raw/ca810b906663edac9801cc24710757f14624ee87621fab98f1aaca0d06a6e6a8.png
0853_vfx011-hud-energy-normal-half19-normal.png	9f509e2352b4e3b1075479028077a8340ff0dec892524077835a5860a46d7f39	client-raw/9f509e2352b4e3b1075479028077a8340ff0dec892524077835a5860a46d7f39.png
0854_vfx011-hud-energy-normal-half20-normal.png	4487cedee85130caf41109d06994179032a3b923ad8c877d532ed9d052f3d197	client-raw/4487cedee85130caf41109d06994179032a3b923ad8c877d532ed9d052f3d197.png
0855_vfx011-hud-energy-empty-half0-normal.png	272644210c335704f82481cc6b2f227df33dcc48a13b3ba35af0e7a0c9a3174a	client-raw/272644210c335704f82481cc6b2f227df33dcc48a13b3ba35af0e7a0c9a3174a.png
0856_vfx011-hud-energy-dampened-half0-normal.png	6a6e8305eab7db81109148bf86e77634d1ad1195bb3df048b07227e7dd3a4fd3	client-raw/6a6e8305eab7db81109148bf86e77634d1ad1195bb3df048b07227e7dd3a4fd3.png
0857_vfx011-hud-energy-dampened-half1-normal.png	ed8e704d0c4f55f39fbd89a46b799c7248156ae12f162e387bb04f481f625bab	client-raw/ed8e704d0c4f55f39fbd89a46b799c7248156ae12f162e387bb04f481f625bab.png
0858_vfx011-hud-energy-dampened-half2-normal.png	93adddcd1b4d61a1fe4a5c1154ce21cd46a4197800009b64234bb88eef113798	client-raw/93adddcd1b4d61a1fe4a5c1154ce21cd46a4197800009b64234bb88eef113798.png
0859_vfx011-hud-energy-dampened-half3-normal.png	ff419fe23d3729a17a6e370ce159847b94ea958b568d120545321a4207b392d3	client-raw/ff419fe23d3729a17a6e370ce159847b94ea958b568d120545321a4207b392d3.png
0860_vfx011-hud-energy-dampened-half4-normal.png	4d42bfd6d84e611a67c3a7eee59117ef2dc9e03a507a914c7a933e77c1fa2bf9	client-raw/4d42bfd6d84e611a67c3a7eee59117ef2dc9e03a507a914c7a933e77c1fa2bf9.png
0861_vfx011-hud-energy-dampened-half5-normal.png	6f563d9ebadb50b304fe2ae0bff5e2bbac6a0fdef6366afd223616bee0f9f894	client-raw/6f563d9ebadb50b304fe2ae0bff5e2bbac6a0fdef6366afd223616bee0f9f894.png
0862_vfx011-hud-energy-dampened-half6-normal.png	6d4f87a831fb3f5dd704df2d53272381bc4a2b2c981f2ec3fea2abae3243412b	client-raw/6d4f87a831fb3f5dd704df2d53272381bc4a2b2c981f2ec3fea2abae3243412b.png
0863_vfx011-hud-energy-dampened-half7-normal.png	48d183d2d6c5ea56681585ab428eb85e61df0faa19bd2241ddaefa817075c4a1	client-raw/48d183d2d6c5ea56681585ab428eb85e61df0faa19bd2241ddaefa817075c4a1.png
0864_vfx011-hud-energy-dampened-half8-normal.png	c69ce6ffb4ea56489ff7e8c57416a6e59559b7b6aef5cc84078b9e5e410ba2e2	client-raw/c69ce6ffb4ea56489ff7e8c57416a6e59559b7b6aef5cc84078b9e5e410ba2e2.png
0865_vfx011-hud-energy-dampened-half9-normal.png	1672874c5ce79e01805a51d893764f837acb260dcf55d9715948985d1663f8ac	client-raw/1672874c5ce79e01805a51d893764f837acb260dcf55d9715948985d1663f8ac.png
0866_vfx011-hud-energy-dampened-half10-normal.png	c0e63eebb4736849cc27e8dadce3b9f129e1ad0de6592006ac7eb78fe773aed6	client-raw/c0e63eebb4736849cc27e8dadce3b9f129e1ad0de6592006ac7eb78fe773aed6.png
0867_vfx011-hud-energy-dampened-half11-normal.png	c35d511736cad5d80f51a08dd28cffe8d3f993c165de3fbd3dcf8d0bf0199fad	client-raw/c35d511736cad5d80f51a08dd28cffe8d3f993c165de3fbd3dcf8d0bf0199fad.png
0868_vfx011-hud-energy-dampened-half12-normal.png	019d9ee31bc654a5121996a2eb70e864ba2fb0da4392c52a3c69937c85331e1b	client-raw/019d9ee31bc654a5121996a2eb70e864ba2fb0da4392c52a3c69937c85331e1b.png
0869_vfx011-hud-energy-dampened-half13-normal.png	1362da86ab0577cb1f7d65feadba841a8621ce6d774e89965ed4ab5978ee9d7b	client-raw/1362da86ab0577cb1f7d65feadba841a8621ce6d774e89965ed4ab5978ee9d7b.png
0870_vfx011-hud-energy-dampened-half14-normal.png	09468991af03a0c777fdbb053889a3c113d3a2f87a97f8a4559b9038b4a45926	client-raw/09468991af03a0c777fdbb053889a3c113d3a2f87a97f8a4559b9038b4a45926.png
0871_vfx011-hud-energy-dampened-half15-normal.png	e68f6a8e177e8394b1c369c5e693a662af82f6e75cfe4af9688f0e07a85f62b6	client-raw/e68f6a8e177e8394b1c369c5e693a662af82f6e75cfe4af9688f0e07a85f62b6.png
0872_vfx011-hud-energy-dampened-half16-normal.png	da45ec5f41c3fba01d83f9a49be2d4666ef2f5e6c03eeecba9eea04db3e06c3d	client-raw/da45ec5f41c3fba01d83f9a49be2d4666ef2f5e6c03eeecba9eea04db3e06c3d.png
0873_vfx011-hud-energy-dampened-half17-normal.png	a28709afdca7f27071f8fb8522f9c980416ab6379cedde9fdb0c1dc32e412773	client-raw/a28709afdca7f27071f8fb8522f9c980416ab6379cedde9fdb0c1dc32e412773.png
0874_vfx011-hud-energy-dampened-half18-normal.png	67f3efd533a2aff654f190b124fc1516f938be7961e64eaf50addd600b7e8cfb	client-raw/67f3efd533a2aff654f190b124fc1516f938be7961e64eaf50addd600b7e8cfb.png
0875_vfx011-hud-energy-dampened-half19-normal.png	a764fe3f1549fc93ca35c8bf472c48a5cdccb645e1f7a815e3f812f3ca5ea3e4	client-raw/a764fe3f1549fc93ca35c8bf472c48a5cdccb645e1f7a815e3f812f3ca5ea3e4.png
0876_vfx011-hud-energy-dampened-half20-normal.png	a484c47f6f92ded0a0c381dd0b4d270da251533529321039dd6f3bde128744a5	client-raw/a484c47f6f92ded0a0c381dd0b4d270da251533529321039dd6f3bde128744a5.png
0877_vfx011-hud-energy-darkness-half1-normal.png	6323d07bf63bd6da0e440892576d6a22733fc71b37bd9258ec41c8da7b0369d7	client-raw/6323d07bf63bd6da0e440892576d6a22733fc71b37bd9258ec41c8da7b0369d7.png
0878_vfx011-hud-energy-darkness-half2-normal.png	c012fdfd2d2ae69af9a26acd41c3cf2aae5d823d0d28751340e07b1c63e91d87	client-raw/c012fdfd2d2ae69af9a26acd41c3cf2aae5d823d0d28751340e07b1c63e91d87.png
0879_vfx011-hud-energy-darkness-half3-normal.png	593e850d3e5495fb5e5dc5655c0cd029351c4fbdabc3e1d82eb487a28c21b3e7	client-raw/593e850d3e5495fb5e5dc5655c0cd029351c4fbdabc3e1d82eb487a28c21b3e7.png
0880_vfx011-hud-energy-darkness-half4-normal.png	40875070d0e062000604b638c5ac752d925bc7be0a248f4bf08dd490c3e93840	client-raw/40875070d0e062000604b638c5ac752d925bc7be0a248f4bf08dd490c3e93840.png
0881_vfx011-hud-energy-darkness-half5-normal.png	a61c26a877d23b91147b5ff045e29d3d6fc6d5384790c0d1487c1b0e72d1841a	client-raw/a61c26a877d23b91147b5ff045e29d3d6fc6d5384790c0d1487c1b0e72d1841a.png
0882_vfx011-hud-energy-darkness-half6-normal.png	b50dbd0de82a320f1e245e77036f7175d5783d735d882fd65b855e5de609ab1e	client-raw/b50dbd0de82a320f1e245e77036f7175d5783d735d882fd65b855e5de609ab1e.png
0883_vfx011-hud-energy-darkness-half7-normal.png	5249f9c681d8424ca3bdd84aa82849db1c12fa758d7155533e0f76094a574130	client-raw/5249f9c681d8424ca3bdd84aa82849db1c12fa758d7155533e0f76094a574130.png
0884_vfx011-hud-energy-darkness-half8-normal.png	e87e9efcdca6038f419d21f56da516767e6bc6072e96af14382801068446d146	client-raw/e87e9efcdca6038f419d21f56da516767e6bc6072e96af14382801068446d146.png
0885_vfx011-hud-energy-darkness-half9-normal.png	32518134803c0ffe3fbe0917aa1399c9f0c7063d32ad916fcf200bbb3dc7c835	client-raw/32518134803c0ffe3fbe0917aa1399c9f0c7063d32ad916fcf200bbb3dc7c835.png
0886_vfx011-hud-energy-darkness-half10-normal.png	3982dd5dbf66fa1c201730d60926de2cdaa94f19b4b847277bc87d45e371b887	client-raw/3982dd5dbf66fa1c201730d60926de2cdaa94f19b4b847277bc87d45e371b887.png
0887_vfx011-hud-energy-darkness-half11-normal.png	9f5dc811a8a0318f9e0cdaf2875de733824bd50db106dbedc11093999b64d560	client-raw/9f5dc811a8a0318f9e0cdaf2875de733824bd50db106dbedc11093999b64d560.png
0888_vfx011-hud-energy-darkness-half12-normal.png	90be0f4bd32f427eb660a59534c136909092ddf7118ff33ca31ecad6a183348f	client-raw/90be0f4bd32f427eb660a59534c136909092ddf7118ff33ca31ecad6a183348f.png
0889_vfx011-hud-energy-darkness-half13-normal.png	724e907c3bfb310f1ea1aaee24a5076ab841c534a46962f22a338dc1c22336fb	client-raw/724e907c3bfb310f1ea1aaee24a5076ab841c534a46962f22a338dc1c22336fb.png
0890_vfx011-hud-energy-darkness-half14-normal.png	b66e6837e55680ce39511e881809fce982de5d50c758386a37c13dde4ef3d96f	client-raw/b66e6837e55680ce39511e881809fce982de5d50c758386a37c13dde4ef3d96f.png
0891_vfx011-hud-energy-darkness-half15-normal.png	8ed3eb76b3ebf420834a5c97460173ca75194d2b6b432c04a076d94ee128c241	client-raw/8ed3eb76b3ebf420834a5c97460173ca75194d2b6b432c04a076d94ee128c241.png
0892_vfx011-hud-energy-darkness-half16-normal.png	9b2463b54f54e0a9b13fdb4ebbb472b86e38800dbb957fec82be85cc62c891b1	client-raw/9b2463b54f54e0a9b13fdb4ebbb472b86e38800dbb957fec82be85cc62c891b1.png
0893_vfx011-hud-energy-darkness-half17-normal.png	09cb33b59e0afc9d8aca0a57eaaec1bb8234cb98a0671d080b7a788d1142c93a	client-raw/09cb33b59e0afc9d8aca0a57eaaec1bb8234cb98a0671d080b7a788d1142c93a.png
0894_vfx011-hud-energy-darkness-half18-normal.png	0468ea9639cb3b85d230e3b2caf554b6d2c208e7b6ae6ec8ad64dd8e1051031c	client-raw/0468ea9639cb3b85d230e3b2caf554b6d2c208e7b6ae6ec8ad64dd8e1051031c.png
0895_vfx011-hud-energy-darkness-half19-normal.png	177cd45397bf9e3393d389f1f63be7538cd7b8e580c16eedd79215ac7782cfd9	client-raw/177cd45397bf9e3393d389f1f63be7538cd7b8e580c16eedd79215ac7782cfd9.png
0896_vfx011-hud-energy-darkness-half20-normal.png	440393e43ced32eb9dcea8155410ec01afcfbf996d5033f12d86453299f8a66d	client-raw/440393e43ced32eb9dcea8155410ec01afcfbf996d5033f12d86453299f8a66d.png
0897_vfx011-hud-energy-projection-half1-normal.png	daf8494c4e486c5a9b51e9d39eb8e5ab6f1209627e0d9882a0cf6bedf7ea8277	client-raw/daf8494c4e486c5a9b51e9d39eb8e5ab6f1209627e0d9882a0cf6bedf7ea8277.png
0898_vfx011-hud-energy-projection-half2-normal.png	046752ea8d70e7d535d1f0e080ec9d6006a9c58d346c33d7d87d44906e921a9d	client-raw/046752ea8d70e7d535d1f0e080ec9d6006a9c58d346c33d7d87d44906e921a9d.png
0899_vfx011-hud-energy-projection-half3-normal.png	b5c856f5e376ccc3502453e999e909ba9f435a8279015ee0a1ad37478c9470b7	client-raw/b5c856f5e376ccc3502453e999e909ba9f435a8279015ee0a1ad37478c9470b7.png
0900_vfx011-hud-energy-projection-half4-normal.png	24c55144bcb100a6abf95a6222ee1e555091352f9dace87cd707303ce2273b64	client-raw/24c55144bcb100a6abf95a6222ee1e555091352f9dace87cd707303ce2273b64.png
0901_vfx011-hud-energy-projection-half5-normal.png	426815c12c1b19726e7dca1ca0e1d72476d8bc587d97bf54daf567bfeaa5c176	client-raw/426815c12c1b19726e7dca1ca0e1d72476d8bc587d97bf54daf567bfeaa5c176.png
0902_vfx011-hud-energy-projection-half6-normal.png	141ae36fc44291607fb8354fc5979a5bfa5f45ec02b277e5a1cae511e0e87ca1	client-raw/141ae36fc44291607fb8354fc5979a5bfa5f45ec02b277e5a1cae511e0e87ca1.png
0903_vfx011-hud-energy-projection-half7-normal.png	14371a69dad6518b222e6416c57b435174321a4be580900021555355d88ee949	client-raw/14371a69dad6518b222e6416c57b435174321a4be580900021555355d88ee949.png
0904_vfx011-hud-energy-projection-half8-normal.png	e14d3c31873c2ebad10c3d20251bdf0238c0e255d7e0fd4e92ae191d141fd10a	client-raw/e14d3c31873c2ebad10c3d20251bdf0238c0e255d7e0fd4e92ae191d141fd10a.png
0905_vfx011-hud-energy-projection-half9-normal.png	c750b95ea8c718837f215e30734bac7e447e979703b02ad3566b322a4da60717	client-raw/c750b95ea8c718837f215e30734bac7e447e979703b02ad3566b322a4da60717.png
0906_vfx011-hud-energy-projection-half10-normal.png	a3549be6ff87f24c3238c2e4eb40aec560eafbcc8bca2bed32bf3d9297bd9a6f	client-raw/a3549be6ff87f24c3238c2e4eb40aec560eafbcc8bca2bed32bf3d9297bd9a6f.png
0907_vfx011-hud-energy-projection-half11-normal.png	9d4b65ee8c5a604c5a3aeb173caf16d4f5b7435d83a3ff21ca65a3ac0c54e4b6	client-raw/9d4b65ee8c5a604c5a3aeb173caf16d4f5b7435d83a3ff21ca65a3ac0c54e4b6.png
0908_vfx011-hud-energy-projection-half12-normal.png	6f20a191322af8b87b0a84f541a78cc6f8a7838877a811c900848a94dcf002b1	client-raw/6f20a191322af8b87b0a84f541a78cc6f8a7838877a811c900848a94dcf002b1.png
0909_vfx011-hud-energy-projection-half13-normal.png	86c6e7e5edf14f4c94954648b93d26dd07b81441e4714e854aef5d5042ae61b0	client-raw/86c6e7e5edf14f4c94954648b93d26dd07b81441e4714e854aef5d5042ae61b0.png
0910_vfx011-hud-energy-projection-half14-normal.png	b0fa5d0167e23299ef96bded641143f0f346bc8aef5d95ec4f99a57f72ce7e84	client-raw/b0fa5d0167e23299ef96bded641143f0f346bc8aef5d95ec4f99a57f72ce7e84.png
0911_vfx011-hud-energy-projection-half15-normal.png	e2b4917afa9978cef398ad04a4f2acd08c1a558cb4955fcc83dbc7907eb7b1d6	client-raw/e2b4917afa9978cef398ad04a4f2acd08c1a558cb4955fcc83dbc7907eb7b1d6.png
0912_vfx011-hud-energy-projection-half16-normal.png	84c9cd70c660bdc90d13bbd5637a307bd461efee9b16e76dbc9ed3ed4a940f91	client-raw/84c9cd70c660bdc90d13bbd5637a307bd461efee9b16e76dbc9ed3ed4a940f91.png
0913_vfx011-hud-energy-projection-half17-normal.png	d460207bb716c828e9aa06cf9cc9979bce9884fae405a724d597ca235b409f71	client-raw/d460207bb716c828e9aa06cf9cc9979bce9884fae405a724d597ca235b409f71.png
0914_vfx011-hud-energy-projection-half18-normal.png	6683e210e00dbf98b4f208904d184e7382d7c7fe2cb4f9b17e96f8f7253a8c0c	client-raw/6683e210e00dbf98b4f208904d184e7382d7c7fe2cb4f9b17e96f8f7253a8c0c.png
0915_vfx011-hud-energy-projection-half19-normal.png	f57a6780622ed7522c53f3803575e95e74dfbcefd2501e587b68c4210f8a9520	client-raw/f57a6780622ed7522c53f3803575e95e74dfbcefd2501e587b68c4210f8a9520.png
0916_vfx011-hud-energy-projection-half20-normal.png	0b0850db3cacba90fe487ca031ed69a72e4b28471180f8b212f6d2c2c78b56ea	client-raw/0b0850db3cacba90fe487ca031ed69a72e4b28471180f8b212f6d2c2c78b56ea.png
0917_vfx011-hud-combination-slots_cooldowns-normal.png	6b2ffebec732cb2bb7221e268d0609c52e7c0b9eae4d6eded93a8d5d05c875b2	client-raw/6b2ffebec732cb2bb7221e268d0609c52e7c0b9eae4d6eded93a8d5d05c875b2.png
0918_vfx011-hud-combination-shadow_active-normal.png	1ab4ecd13ccf2c20f1d8d09fc7106db2fb2e54fe99f725c0258dcd20d906927b	client-raw/1ab4ecd13ccf2c20f1d8d09fc7106db2fb2e54fe99f725c0258dcd20d906927b.png
0919_vfx011-hud-combination-shadow_recall-normal.png	897d5b0ef6cf201fbf921a6cfb16142b41e35974ab2d9fbce4c617dee624a345	client-raw/897d5b0ef6cf201fbf921a6cfb16142b41e35974ab2d9fbce4c617dee624a345.png
0920_vfx011-hud-combination-astral-normal.png	e4fc57f159b2a6363b28599457e671bc9cc545d9cc3714e977b0d9f9c9a0318b	client-raw/e4fc57f159b2a6363b28599457e671bc9cc545d9cc3714e977b0d9f9c9a0318b.png
0921_vfx011-hud-combination-vanilla_low_health-normal.png	d7f6c5c750153b8ba9bab26049a865a7fa31efa799e7590f87b9f287da454e96	client-raw/d7f6c5c750153b8ba9bab26049a865a7fa31efa799e7590f87b9f287da454e96.png
0922_vfx011-hud-combination-vanilla_armor-normal.png	cc2a254ee5099378b2dc1ad857ed7be4795eb76cb5e5b799ff1d7954b5dc127c	client-raw/cc2a254ee5099378b2dc1ad857ed7be4795eb76cb5e5b799ff1d7954b5dc127c.png
0923_vfx011-hud-combination-vanilla_air-normal.png	788456095e4a88568c5355de552059594935c553a70c2fb52489e6e59cf55182	client-raw/788456095e4a88568c5355de552059594935c553a70c2fb52489e6e59cf55182.png
0924_vfx011-hud-combination-vanilla_mount-normal.png	260dffab05111dd33577618b2f90874b6856eb740a58fd0d3f6d3928558fadac	client-raw/260dffab05111dd33577618b2f90874b6856eb740a58fd0d3f6d3928558fadac.png
0925_vfx011-hud-combination-vanilla_spectator-normal.png	4e01eb6584d2f38900c7820a44f376078c8e1453bc86bcb84f5ac68649305671	client-raw/4e01eb6584d2f38900c7820a44f376078c8e1453bc86bcb84f5ac68649305671.png
0926_vfx011-hud-energy-normal-half1-reduced.png	22c06b008c93f525b75d71a726874b68f5ce2cf60bb42564b8fded485febcb39	client-raw/22c06b008c93f525b75d71a726874b68f5ce2cf60bb42564b8fded485febcb39.png
0927_vfx011-hud-energy-normal-half2-reduced.png	914f1def5c8a87e2cf634c97fc6cafa0f31a0d861b7450a7774514604dc498e4	client-raw/914f1def5c8a87e2cf634c97fc6cafa0f31a0d861b7450a7774514604dc498e4.png
0928_vfx011-hud-energy-normal-half3-reduced.png	d2a7706772418613de5101a0dfe66cf86a45631a7332f5b63fd2452f42a7bdfa	client-raw/d2a7706772418613de5101a0dfe66cf86a45631a7332f5b63fd2452f42a7bdfa.png
0929_vfx011-hud-energy-normal-half4-reduced.png	1181bcab04fffa6dd82bec12ba097816aa864e99e901fefbd17abdbebbdd16e1	client-raw/1181bcab04fffa6dd82bec12ba097816aa864e99e901fefbd17abdbebbdd16e1.png
0930_vfx011-hud-energy-normal-half5-reduced.png	92b4b92a2665fa51a96241735e829c63240add4e2e82a9356cbabc69aa6ee1c4	client-raw/92b4b92a2665fa51a96241735e829c63240add4e2e82a9356cbabc69aa6ee1c4.png
0931_vfx011-hud-energy-normal-half6-reduced.png	69cfaacfeee4d7692e6124ccb8b55a79087554f8843f9c5f027cd471c88c352d	client-raw/69cfaacfeee4d7692e6124ccb8b55a79087554f8843f9c5f027cd471c88c352d.png
0932_vfx011-hud-energy-normal-half7-reduced.png	52ced28aff2e55cd1b9d04f77e0415123e43d9601e4b0a8f8d0d489a69bb7ce3	client-raw/52ced28aff2e55cd1b9d04f77e0415123e43d9601e4b0a8f8d0d489a69bb7ce3.png
0933_vfx011-hud-energy-normal-half8-reduced.png	5d821c7854a68448da04fc491867922f34e9f2f9ee10d60977edf7b1fa432cc5	client-raw/5d821c7854a68448da04fc491867922f34e9f2f9ee10d60977edf7b1fa432cc5.png
0934_vfx011-hud-energy-normal-half9-reduced.png	e492776a3b35750a98a9aafb68645abe45ce5f9195f7d8e9be98e67e0394da33	client-raw/e492776a3b35750a98a9aafb68645abe45ce5f9195f7d8e9be98e67e0394da33.png
0935_vfx011-hud-energy-normal-half10-reduced.png	10744c5409378ed8446049775c53ac8a9045ef9bb6719378dbfc1fc061b4bb3e	client-raw/10744c5409378ed8446049775c53ac8a9045ef9bb6719378dbfc1fc061b4bb3e.png
0936_vfx011-hud-energy-normal-half11-reduced.png	d64e9825f3323b9353789ee9dd1b9ad67056c86ea313d972bb81707bbb5f2f8a	client-raw/d64e9825f3323b9353789ee9dd1b9ad67056c86ea313d972bb81707bbb5f2f8a.png
0937_vfx011-hud-energy-normal-half12-reduced.png	4dac9a9672929dcecbde06949e2dfcadc1137c70404be5399b07d43b0e854aa5	client-raw/4dac9a9672929dcecbde06949e2dfcadc1137c70404be5399b07d43b0e854aa5.png
0938_vfx011-hud-energy-normal-half13-reduced.png	03cb74086e42cbe5abb607a807d4af9d554bbaf83feb15d12fb61dfb05320c7d	client-raw/03cb74086e42cbe5abb607a807d4af9d554bbaf83feb15d12fb61dfb05320c7d.png
0939_vfx011-hud-energy-normal-half14-reduced.png	604c7f924422f48f6ee9eb5d0ba89e3b796ebdf95c54b65d24ff856804305c7d	client-raw/604c7f924422f48f6ee9eb5d0ba89e3b796ebdf95c54b65d24ff856804305c7d.png
0940_vfx011-hud-energy-normal-half15-reduced.png	acb6ec1078ae96570ca39637dec3a88eed09204a66c80120fd01aaacfec81aa6	client-raw/acb6ec1078ae96570ca39637dec3a88eed09204a66c80120fd01aaacfec81aa6.png
0941_vfx011-hud-energy-normal-half16-reduced.png	d6a56ae797f560374b922d22e32a308a37eef3f46393c0d3bce4c68da63efe04	client-raw/d6a56ae797f560374b922d22e32a308a37eef3f46393c0d3bce4c68da63efe04.png
0942_vfx011-hud-energy-normal-half17-reduced.png	510854a58c1e14cf4f7ebbca5ab695be10156204cfa0ae05da7e267db4511cee	client-raw/510854a58c1e14cf4f7ebbca5ab695be10156204cfa0ae05da7e267db4511cee.png
0943_vfx011-hud-energy-normal-half18-reduced.png	e071060b53c81be849bb2d5e08d8ad4acd27f55afa26bd84ff55db98d78b67d2	client-raw/e071060b53c81be849bb2d5e08d8ad4acd27f55afa26bd84ff55db98d78b67d2.png
0944_vfx011-hud-energy-normal-half19-reduced.png	c7ac0bff5672a2bed4a330db16e523c5fbc4a44e3f2cacdc5966e95fce50dd46	client-raw/c7ac0bff5672a2bed4a330db16e523c5fbc4a44e3f2cacdc5966e95fce50dd46.png
0945_vfx011-hud-energy-normal-half20-reduced.png	c204ee769120d1fd53adb409411aed32015021d602620f95c3b8ebdb905edcec	client-raw/c204ee769120d1fd53adb409411aed32015021d602620f95c3b8ebdb905edcec.png
0946_vfx011-hud-energy-empty-half0-reduced.png	ce937cf667a13446fdb17495f1f71ef6db074a076ae28bce5defc5c1d3439df8	client-raw/ce937cf667a13446fdb17495f1f71ef6db074a076ae28bce5defc5c1d3439df8.png
0947_vfx011-hud-energy-dampened-half0-reduced.png	4718ed89c60e2504d83692290e1c27598f4c20b96a29d69eb57575b231fb4400	client-raw/4718ed89c60e2504d83692290e1c27598f4c20b96a29d69eb57575b231fb4400.png
0948_vfx011-hud-energy-dampened-half1-reduced.png	e7a18db3ff45827c76d4b0720785080cc476e3ce4f0e29b62a10c50316e45197	client-raw/e7a18db3ff45827c76d4b0720785080cc476e3ce4f0e29b62a10c50316e45197.png
0949_vfx011-hud-energy-dampened-half2-reduced.png	2b31f31a3e522165d432c027b15de90f6109b33a7381d483ab086d0c554e2cc3	client-raw/2b31f31a3e522165d432c027b15de90f6109b33a7381d483ab086d0c554e2cc3.png
0950_vfx011-hud-energy-dampened-half3-reduced.png	f6d8c34f578de7eba710bfebb9968fe329592ec0479aab19c607f0bb5bd662f7	client-raw/f6d8c34f578de7eba710bfebb9968fe329592ec0479aab19c607f0bb5bd662f7.png
0951_vfx011-hud-energy-dampened-half4-reduced.png	8c9c526778b5accb02bd3e1f66981fcf50ee2d8492e243709f79a1577405aa99	client-raw/8c9c526778b5accb02bd3e1f66981fcf50ee2d8492e243709f79a1577405aa99.png
0952_vfx011-hud-energy-dampened-half5-reduced.png	f5d4f0b4cd4f99dcceaa75f26b3b1d3399e10f5af2c6c8d7c57c36d18002a707	client-raw/f5d4f0b4cd4f99dcceaa75f26b3b1d3399e10f5af2c6c8d7c57c36d18002a707.png
0953_vfx011-hud-energy-dampened-half6-reduced.png	c804220dbccb8a996c5963f4694c212930603b7fa161320a51cf5d9a82d0015b	client-raw/c804220dbccb8a996c5963f4694c212930603b7fa161320a51cf5d9a82d0015b.png
0954_vfx011-hud-energy-dampened-half7-reduced.png	b6e044ec6522058055a0006d3979d07b1d0d9f5548a26b06890eaf4bed715242	client-raw/b6e044ec6522058055a0006d3979d07b1d0d9f5548a26b06890eaf4bed715242.png
0955_vfx011-hud-energy-dampened-half8-reduced.png	f8c271a5ae4280ed3dc63aea3d8d84d05113c26ca6c2ee1e55565d76bb21dfc9	client-raw/f8c271a5ae4280ed3dc63aea3d8d84d05113c26ca6c2ee1e55565d76bb21dfc9.png
0956_vfx011-hud-energy-dampened-half9-reduced.png	5881b7be68711419b6053790892dd634d489985244ba984bd4f378c6b8bc61e4	client-raw/5881b7be68711419b6053790892dd634d489985244ba984bd4f378c6b8bc61e4.png
0957_vfx011-hud-energy-dampened-half10-reduced.png	3713b1a9080f8f3ac100c5eee571877face2412270b68ca00392245eb6c7769a	client-raw/3713b1a9080f8f3ac100c5eee571877face2412270b68ca00392245eb6c7769a.png
0958_vfx011-hud-energy-dampened-half11-reduced.png	cc2f6ac1fe381d027f2f00c022c2e69334201bf4aa29fa1f425bff3058836e42	client-raw/cc2f6ac1fe381d027f2f00c022c2e69334201bf4aa29fa1f425bff3058836e42.png
0959_vfx011-hud-energy-dampened-half12-reduced.png	ec199e93b73040bda24ed14800f4919994d2c40e79612f563435ef518d5ff1ae	client-raw/ec199e93b73040bda24ed14800f4919994d2c40e79612f563435ef518d5ff1ae.png
0960_vfx011-hud-energy-dampened-half13-reduced.png	c83bf7fc37bc071749a4833a79fb6196bdb67f4dc8e65bf8b9420be6f8ba9254	client-raw/c83bf7fc37bc071749a4833a79fb6196bdb67f4dc8e65bf8b9420be6f8ba9254.png
0961_vfx011-hud-energy-dampened-half14-reduced.png	b24f71560864cb330de1fc49dc1d872dbe0048b3244fcea1aec6a9654e1ec4b9	client-raw/b24f71560864cb330de1fc49dc1d872dbe0048b3244fcea1aec6a9654e1ec4b9.png
0962_vfx011-hud-energy-dampened-half15-reduced.png	45087aaa88f973750b20b6199fcc764b3e5a640dafaff713e6f6f6019f927cc9	client-raw/45087aaa88f973750b20b6199fcc764b3e5a640dafaff713e6f6f6019f927cc9.png
0963_vfx011-hud-energy-dampened-half16-reduced.png	90f426f6cbfda620d4d6dbcd8fb63af9f75208cf5ed91d0d1d9b769e2d6ee5d1	client-raw/90f426f6cbfda620d4d6dbcd8fb63af9f75208cf5ed91d0d1d9b769e2d6ee5d1.png
0964_vfx011-hud-energy-dampened-half17-reduced.png	34dc8318884ee401275c2238ac2cb92fa3ab2e56ab7b87c544314a3e029d4745	client-raw/34dc8318884ee401275c2238ac2cb92fa3ab2e56ab7b87c544314a3e029d4745.png
0965_vfx011-hud-energy-dampened-half18-reduced.png	4aa80c7fb8955e85463b6eb575e5050e737e38f320a828acde54e6aca3e7a1e8	client-raw/4aa80c7fb8955e85463b6eb575e5050e737e38f320a828acde54e6aca3e7a1e8.png
0966_vfx011-hud-energy-dampened-half19-reduced.png	4f20a10fb221deedffd0b5dde10dad15c3a4ada1c2d017690345a019edab4d30	client-raw/4f20a10fb221deedffd0b5dde10dad15c3a4ada1c2d017690345a019edab4d30.png
0967_vfx011-hud-energy-dampened-half20-reduced.png	dd8e8c13cdac2cfb3816179002bd34cf62643c8eaa12a16a675c79ad7e552e03	client-raw/dd8e8c13cdac2cfb3816179002bd34cf62643c8eaa12a16a675c79ad7e552e03.png
0968_vfx011-hud-energy-darkness-half1-reduced.png	486ea97408de1ad125082966b50a40b5bdef53a3ff9b8b2535a91e52219cadb4	client-raw/486ea97408de1ad125082966b50a40b5bdef53a3ff9b8b2535a91e52219cadb4.png
0969_vfx011-hud-energy-darkness-half2-reduced.png	d36bda38e9354ba09324b200632f745de39261e094a9d639d8eaf56ca0a8e016	client-raw/d36bda38e9354ba09324b200632f745de39261e094a9d639d8eaf56ca0a8e016.png
0970_vfx011-hud-energy-darkness-half3-reduced.png	609dcc2e09bca892e8ae005364d6546aefca456c8ccc2a75062957f982e42e07	client-raw/609dcc2e09bca892e8ae005364d6546aefca456c8ccc2a75062957f982e42e07.png
0971_vfx011-hud-energy-darkness-half4-reduced.png	a277002ed2564f72ff50d6196a6b2f4cf4a34cfa92242181283fc6a3c628190d	client-raw/a277002ed2564f72ff50d6196a6b2f4cf4a34cfa92242181283fc6a3c628190d.png
0972_vfx011-hud-energy-darkness-half5-reduced.png	0e28b78ef174866f0100f6561b62f8e31253319472e9520a34e1a801be0baa2f	client-raw/0e28b78ef174866f0100f6561b62f8e31253319472e9520a34e1a801be0baa2f.png
0973_vfx011-hud-energy-darkness-half6-reduced.png	2e0516321d22bc708ebc1cd7de5a535a3dea78d4ddf8bb581c1b0db4986d7bd6	client-raw/2e0516321d22bc708ebc1cd7de5a535a3dea78d4ddf8bb581c1b0db4986d7bd6.png
0974_vfx011-hud-energy-darkness-half7-reduced.png	4fae2e384f8434823388676a45467d4a55003bc9343ebc675252a3ea693df9c2	client-raw/4fae2e384f8434823388676a45467d4a55003bc9343ebc675252a3ea693df9c2.png
0975_vfx011-hud-energy-darkness-half8-reduced.png	db01fd127cd00157c7d5ad5d70e764665883e0bc08d23f1f2d8cde70cb94f978	client-raw/db01fd127cd00157c7d5ad5d70e764665883e0bc08d23f1f2d8cde70cb94f978.png
0976_vfx011-hud-energy-darkness-half9-reduced.png	67b0866b0d1e190038d0b87edf45a4b7a8640bb4afb4a5358dd53f7fff90f410	client-raw/67b0866b0d1e190038d0b87edf45a4b7a8640bb4afb4a5358dd53f7fff90f410.png
0977_vfx011-hud-energy-darkness-half10-reduced.png	08068a77aaca8db8f759f1da8d8ae287baf967475ce15d455bdc9cf7fb281a88	client-raw/08068a77aaca8db8f759f1da8d8ae287baf967475ce15d455bdc9cf7fb281a88.png
0978_vfx011-hud-energy-darkness-half11-reduced.png	caa2c8c7290a61fc79a093befb2a49491d02d84c8cd354571f78038314e4bb9b	client-raw/caa2c8c7290a61fc79a093befb2a49491d02d84c8cd354571f78038314e4bb9b.png
0979_vfx011-hud-energy-darkness-half12-reduced.png	82875b35e4d8fe9ca3e9a3e8eae78ae1ab9d5d27629cc91dfe423a8993142659	client-raw/82875b35e4d8fe9ca3e9a3e8eae78ae1ab9d5d27629cc91dfe423a8993142659.png
0980_vfx011-hud-energy-darkness-half13-reduced.png	2e8af395f4aa94fc3ae2b55fe8844bd1e057a78b6fd675165c05f48525bd312d	client-raw/2e8af395f4aa94fc3ae2b55fe8844bd1e057a78b6fd675165c05f48525bd312d.png
0981_vfx011-hud-energy-darkness-half14-reduced.png	2105740a4688dc261c1a91aaafd0f6d32b53d779491f163a2f7c49a577193ed6	client-raw/2105740a4688dc261c1a91aaafd0f6d32b53d779491f163a2f7c49a577193ed6.png
0982_vfx011-hud-energy-darkness-half15-reduced.png	bc7f98a1100cd32944109eb22ed051e8ab7d7bed2d604a9d19a2960e16da389d	client-raw/bc7f98a1100cd32944109eb22ed051e8ab7d7bed2d604a9d19a2960e16da389d.png
0983_vfx011-hud-energy-darkness-half16-reduced.png	edd6b82d917ad5765cf3ba5f9136e5c8687079ce0c4ba2f157f4d47c02caf845	client-raw/edd6b82d917ad5765cf3ba5f9136e5c8687079ce0c4ba2f157f4d47c02caf845.png
0984_vfx011-hud-energy-darkness-half17-reduced.png	b514a48258b9b3ad73a69c36c49eb1cea34e6204c3986a0b94a6e382287d8ba2	client-raw/b514a48258b9b3ad73a69c36c49eb1cea34e6204c3986a0b94a6e382287d8ba2.png
0985_vfx011-hud-energy-darkness-half18-reduced.png	8419454ca69e03ca8162707765dcc7988f916d8161b9598c260ec674fbf9cf9b	client-raw/8419454ca69e03ca8162707765dcc7988f916d8161b9598c260ec674fbf9cf9b.png
0986_vfx011-hud-energy-darkness-half19-reduced.png	6356dfbcf8ec46aed63c4cf6ec03daa24e6e782bdbe73c00153ce4ed220856dd	client-raw/6356dfbcf8ec46aed63c4cf6ec03daa24e6e782bdbe73c00153ce4ed220856dd.png
0987_vfx011-hud-energy-darkness-half20-reduced.png	e4149d34400cc340dbe2b6a49723ce50b4ee3e12c50da21f668c70773ce89936	client-raw/e4149d34400cc340dbe2b6a49723ce50b4ee3e12c50da21f668c70773ce89936.png
0988_vfx011-hud-energy-projection-half1-reduced.png	95e69c115ea62a7a0ae3078aa55df81b478e530413f1e6573d9ef4bb9478d9e5	client-raw/95e69c115ea62a7a0ae3078aa55df81b478e530413f1e6573d9ef4bb9478d9e5.png
0989_vfx011-hud-energy-projection-half2-reduced.png	0b52b919106095680363a22f03676152ce7ac216dfc7a186bf420495e4d0d39e	client-raw/0b52b919106095680363a22f03676152ce7ac216dfc7a186bf420495e4d0d39e.png
0990_vfx011-hud-energy-projection-half3-reduced.png	6c5c3e832888a54ba3c907558f4348c875abe74b40ece8e29b528a6f2acc379f	client-raw/6c5c3e832888a54ba3c907558f4348c875abe74b40ece8e29b528a6f2acc379f.png
0991_vfx011-hud-energy-projection-half4-reduced.png	3445e862fffc827834b825ccf73ecd50b055dd6da81a227b1fa47fe4a5cefd6c	client-raw/3445e862fffc827834b825ccf73ecd50b055dd6da81a227b1fa47fe4a5cefd6c.png
0992_vfx011-hud-energy-projection-half5-reduced.png	1e5f993cad1e1e3934fe1b53a99da86ad048a9d12697a260ff3f62b337a00098	client-raw/1e5f993cad1e1e3934fe1b53a99da86ad048a9d12697a260ff3f62b337a00098.png
0993_vfx011-hud-energy-projection-half6-reduced.png	29426e0ce877a4376b3ade8f107a4f070078c151af884c50580f2e5e2136d15f	client-raw/29426e0ce877a4376b3ade8f107a4f070078c151af884c50580f2e5e2136d15f.png
0994_vfx011-hud-energy-projection-half7-reduced.png	1dba1eddd9fbbc2d39f017a5f6b52e1daac680d2b512b91fa3fac3420101a006	client-raw/1dba1eddd9fbbc2d39f017a5f6b52e1daac680d2b512b91fa3fac3420101a006.png
0995_vfx011-hud-energy-projection-half8-reduced.png	5891da18319ff18c61bb57d367ce824b4c0d39f61e39b13558e76e887cc227df	client-raw/5891da18319ff18c61bb57d367ce824b4c0d39f61e39b13558e76e887cc227df.png
0996_vfx011-hud-energy-projection-half9-reduced.png	a6257ec296779b4031bab739bc1c69763dc7ddc6ea20f37b555e2edd51418857	client-raw/a6257ec296779b4031bab739bc1c69763dc7ddc6ea20f37b555e2edd51418857.png
0997_vfx011-hud-energy-projection-half10-reduced.png	42ea8f51bce0d47b9ed620db0e305e7f2d1b6cd4f7422dde657dc45dd72cc76c	client-raw/42ea8f51bce0d47b9ed620db0e305e7f2d1b6cd4f7422dde657dc45dd72cc76c.png
0998_vfx011-hud-energy-projection-half11-reduced.png	e93e6831623d9bc540baf2724268f6bf7bce86a76c9fbb85b5a974db34e824b8	client-raw/e93e6831623d9bc540baf2724268f6bf7bce86a76c9fbb85b5a974db34e824b8.png
0999_vfx011-hud-energy-projection-half12-reduced.png	55726f265231571bd32f41bcd9ea4f1610f5e4cdb1047e2e558a04b98e0ff607	client-raw/55726f265231571bd32f41bcd9ea4f1610f5e4cdb1047e2e558a04b98e0ff607.png
1000_vfx011-hud-energy-projection-half13-reduced.png	8412eee05a08b866b75d4d73c54a7e6fb198f61c80d925a290fe4bd8ba62e43a	client-raw/8412eee05a08b866b75d4d73c54a7e6fb198f61c80d925a290fe4bd8ba62e43a.png
1001_vfx011-hud-energy-projection-half14-reduced.png	5b61471c2ede5fefd6ac323b36404527d18830075644e72bd1f49fc6c603019c	client-raw/5b61471c2ede5fefd6ac323b36404527d18830075644e72bd1f49fc6c603019c.png
1002_vfx011-hud-energy-projection-half15-reduced.png	db74cb55db86b6125a8b08bdb3b06b0cac00c284b723d34c55152cf6d473b8be	client-raw/db74cb55db86b6125a8b08bdb3b06b0cac00c284b723d34c55152cf6d473b8be.png
1003_vfx011-hud-energy-projection-half16-reduced.png	dd90df4c8479e3a4a9adbb4880826ac428d6f84886597e122e8cc028d8ed7830	client-raw/dd90df4c8479e3a4a9adbb4880826ac428d6f84886597e122e8cc028d8ed7830.png
1004_vfx011-hud-energy-projection-half17-reduced.png	98a9dc6c6d9076e35eafc5cb32391b57dacf924a99d9daab97b351c52f95780f	client-raw/98a9dc6c6d9076e35eafc5cb32391b57dacf924a99d9daab97b351c52f95780f.png
1005_vfx011-hud-energy-projection-half18-reduced.png	4c21f2cf3b1b5c1c10817149ef0873542c119441c2ed763ccfb825ee4aaeb535	client-raw/4c21f2cf3b1b5c1c10817149ef0873542c119441c2ed763ccfb825ee4aaeb535.png
1006_vfx011-hud-energy-projection-half19-reduced.png	e5c7719829bbfb9b6a45ed13068535b2255645beb644e047cb2ba89acddb3375	client-raw/e5c7719829bbfb9b6a45ed13068535b2255645beb644e047cb2ba89acddb3375.png
1007_vfx011-hud-energy-projection-half20-reduced.png	3263f4e289067bb8b7eae2907bcff65e41443a9cc4e8c8b03b70692d0c6e9d2f	client-raw/3263f4e289067bb8b7eae2907bcff65e41443a9cc4e8c8b03b70692d0c6e9d2f.png
1008_vfx011-hud-combination-slots_cooldowns-reduced.png	a05ad951dd7a967a1f0b91a159ba749b5373879a34e9291ce39458b5a78d3b07	client-raw/a05ad951dd7a967a1f0b91a159ba749b5373879a34e9291ce39458b5a78d3b07.png
1009_vfx011-hud-combination-shadow_active-reduced.png	1c036de57856aae124269eddbc6f0e38f21ce7e55081961970c445122815df32	client-raw/1c036de57856aae124269eddbc6f0e38f21ce7e55081961970c445122815df32.png
1010_vfx011-hud-combination-shadow_recall-reduced.png	069325ba06ff7c6dba81f826d836aaa7149c1e59d6a0c08e36d1ca55774ea51c	client-raw/069325ba06ff7c6dba81f826d836aaa7149c1e59d6a0c08e36d1ca55774ea51c.png
1011_vfx011-hud-combination-astral-reduced.png	d02d90f78e03c7934b3559003d5683b71776e2d84a6c079cf65310f7a76bdca4	client-raw/d02d90f78e03c7934b3559003d5683b71776e2d84a6c079cf65310f7a76bdca4.png
1012_vfx011-hud-combination-vanilla_low_health-reduced.png	54831e9a612e1236690eb956cb0e9d216c8e0e59826aa4a061fe865dd159fdb1	client-raw/54831e9a612e1236690eb956cb0e9d216c8e0e59826aa4a061fe865dd159fdb1.png
1013_vfx011-hud-combination-vanilla_armor-reduced.png	9c6089e1f33f155335880086aab30a5743ad0ae2dc0e32af11f64b052f6cd01b	client-raw/9c6089e1f33f155335880086aab30a5743ad0ae2dc0e32af11f64b052f6cd01b.png
1014_vfx011-hud-combination-vanilla_air-reduced.png	ab2eb2ed41f15d5a19d9aac5cfd6f5abee1065cb70f3240b7f37f813aff56aa7	client-raw/ab2eb2ed41f15d5a19d9aac5cfd6f5abee1065cb70f3240b7f37f813aff56aa7.png
1015_vfx011-hud-combination-vanilla_mount-reduced.png	fe31c4f100833c7f754b1524c877b1651a510667c79a24b8acb152f237c1a4e3	client-raw/fe31c4f100833c7f754b1524c877b1651a510667c79a24b8acb152f237c1a4e3.png
1016_vfx011-hud-combination-vanilla_spectator-reduced.png	0e4283caea08d6abf2435a6a0359372ef96324a0038c36150a614918a5977d67	client-raw/0e4283caea08d6abf2435a6a0359372ef96324a0038c36150a614918a5977d67.png
1017_vfx011-gameplay-first_person-solstice.png	d0ddd3422f82d25e0ce703bc5f2051522ef8d00bfa80be024cbc30dcd63090d8	client-raw/d0ddd3422f82d25e0ce703bc5f2051522ef8d00bfa80be024cbc30dcd63090d8.png
1018_vfx011-gameplay-third_person-solstice.png	cdf131f6fa8c86e205a5802ea03bcee3012223727494412fbbf3b41bac793f49	client-raw/cdf131f6fa8c86e205a5802ea03bcee3012223727494412fbbf3b41bac793f49.png
1019_vfx011-boss-light_herald-progress72.png	10eb92be11329a7c301c2bc34ca7f7e5620864dd0e17bcf572cec6f492e4a1dc	client-raw/10eb92be11329a7c301c2bc34ca7f7e5620864dd0e17bcf572cec6f492e4a1dc.png
1020_vfx011-boss-dark_herald-progress38.png	8322cce91108c806d99f236b816b4a0aa66ef688769cc8f225e6f8853c3d9957	client-raw/8322cce91108c806d99f236b816b4a0aa66ef688769cc8f225e6f8853c3d9957.png
1021_vfx011-boss-first_vessel-opening-progress90.png	8a79a94dad7c60130acfa28dd50915bfdb7e95a7ccb57058cff8b365a92b1e02	client-raw/8a79a94dad7c60130acfa28dd50915bfdb7e95a7ccb57058cff8b365a92b1e02.png
1022_vfx011-boss-first_vessel-unbound-progress52.png	b419a9bdf3647a0ea503b10e29d3dad94a858c9263648e62b02c1ab8feb57363	client-raw/b419a9bdf3647a0ea503b10e29d3dad94a858c9263648e62b02c1ab8feb57363.png
1023_vfx011-boss-first_vessel-last_covenant-progress14.png	26855543ed29d2ff610a5fc243e951a42c521076581b8d67d65d8b070b8e3f2b	client-raw/26855543ed29d2ff610a5fc243e951a42c521076581b8d67d65d8b070b8e3f2b.png
