kind	id	sha256	verdict	notes
asset_page	pixels-checker-000.png	7bb28113068a78da97e0730e2e76ef49749d897614f364b6efe8a7522934460c	PASS	Manually reviewed complete uncropped light/dark/checker frame-mip page; structural/pixel evidence only
asset_page	pixels-checker-001.png	e29ed3eb792d302405e8929b607a96c75f81fecf762d6f523b49c2f6c9c91caa	PASS	Manually reviewed complete uncropped light/dark/checker frame-mip page; structural/pixel evidence only
asset_page	pixels-checker-002.png	d93ad5d6a5bc7aa2408a783ca3a6d3780a442beea682ec0c8e96fe84141e8067	PASS	Manually reviewed complete uncropped light/dark/checker frame-mip page; structural/pixel evidence only
asset_page	pixels-checker-003.png	6f5e1260c110b79d88b801b46762433a84698273fdacce22c5531f5f503c3848	PASS	Manually reviewed complete uncropped light/dark/checker frame-mip page; structural/pixel evidence only
asset_page	pixels-checker-004.png	66c1ca70f77c6cb41779ec1a4f9ccd2499c576774655b1c8e958caab5c393b76	PASS	Manually reviewed complete uncropped light/dark/checker frame-mip page; structural/pixel evidence only
asset_page	pixels-checker-005.png	965e254bb8bf059c2bcbad1fa92daab77b37894ced3af857920b8dda162788e2	PASS	Manually reviewed complete uncropped light/dark/checker frame-mip page; structural/pixel evidence only
asset_page	pixels-checker-006.png	c578c0ee7141695a32e1831b0de59b7b644aac084e4c593a92c3a980fb0fdd8a	PASS	Manually reviewed complete uncropped light/dark/checker frame-mip page; structural/pixel evidence only
asset_page	pixels-checker-007.png	740d24774fda8d69e88d6fdd49d5ed21a9c2f91135affa30ae2092aeb40d550e	PASS	Manually reviewed complete uncropped light/dark/checker frame-mip page; structural/pixel evidence only
asset_page	pixels-checker-008.png	af2ae37ec6049af91f02bfb9d564f01d8acd2fd60273aaaddc94e35d2de9c657	PASS	Manually reviewed complete uncropped light/dark/checker frame-mip page; structural/pixel evidence only
asset_page	pixels-checker-009.png	158c9569f6a3d38e07e29d063e4afa843dc42f35822d7cd9b09d3a7c35e29e5b	PASS	Manually reviewed complete uncropped light/dark/checker frame-mip page; structural/pixel evidence only
asset_page	pixels-checker-010.png	85d70940724bc328aa75b0de3920c8203bcd9124d67f70146476addf6985c1ce	PASS	Manually reviewed complete uncropped light/dark/checker frame-mip page; structural/pixel evidence only
asset_page	pixels-checker-011.png	dd1f3a82b2bfa1b3daa9d5fda490567a5b331471f9c2ff93d5b12b18d774f268	PASS	Manually reviewed complete uncropped light/dark/checker frame-mip page; structural/pixel evidence only
asset_page	pixels-checker-012.png	ed17e19dcafce2db0e0518d7ece4663d2208bd2c710f4d4227239fa4e4affca0	PASS	Manually reviewed complete uncropped light/dark/checker frame-mip page; structural/pixel evidence only
asset_page	pixels-checker-013.png	052a7ec19039f643989a5ae19169bf3a1ddb28b52ec68950edf94c2f97ea8064	PASS	Manually reviewed complete uncropped light/dark/checker frame-mip page; structural/pixel evidence only
asset_page	pixels-checker-014.png	bdc8bfa020f3d1dab9e7461f194ecc38e6045fe4882d72338a6600a1384efc9c	PASS	Manually reviewed complete uncropped light/dark/checker frame-mip page; structural/pixel evidence only
asset_page	pixels-checker-015.png	6e9dbfae5467d5c9c44bc84d3de1fa43d1b20d4daa2d96df6c30e807438140fa	PASS	Manually reviewed complete uncropped light/dark/checker frame-mip page; structural/pixel evidence only
asset_page	pixels-checker-016.png	2fc069e77143a6170c755c267742b6cb537c2efa3cde6874f578d2f0b917005b	PASS	Manually reviewed complete uncropped light/dark/checker frame-mip page; structural/pixel evidence only
asset_page	pixels-checker-017.png	b878c35d0753344bcbf1e0a3937812dbd254fbed658188618987b621b442b83b	PASS	Manually reviewed complete uncropped light/dark/checker frame-mip page; structural/pixel evidence only
asset_page	pixels-checker-018.png	e8b7df6a2b7af4801bb45a489dff93e1d9fff3bcb6268914dff649ef14b8c55e	PASS	Manually reviewed complete uncropped light/dark/checker frame-mip page; structural/pixel evidence only
asset_page	pixels-checker-019.png	b1f31bfc1d24df11593f306805407a8ae4eaba910aa0f58d6c4609558341b924	PASS	Manually reviewed complete uncropped light/dark/checker frame-mip page; structural/pixel evidence only
asset_page	pixels-checker-020.png	a0b16fb23c4f6eb01cd30f30156dcc6773573e8da5ddbce623ebca5688b0f767	PASS	Manually reviewed complete uncropped light/dark/checker frame-mip page; structural/pixel evidence only
asset_page	pixels-checker-021.png	744a8d08e10c0dc3947c878880ce54c39f2105b6ea0f5a10904ee8a438a60a48	PASS	Manually reviewed complete uncropped light/dark/checker frame-mip page; structural/pixel evidence only
asset_page	pixels-checker-022.png	0965ea740bd36040bc9eb3f53b3d3314c94f1267bc64305b909d28469b280120	PASS	Manually reviewed complete uncropped light/dark/checker frame-mip page; structural/pixel evidence only
asset_page	pixels-checker-023.png	550ac0e12d1aa2444d538f1e30edaf605204fbbd79d9799c0cdae8dc827be7b3	PASS	Manually reviewed complete uncropped light/dark/checker frame-mip page; structural/pixel evidence only
asset_page	pixels-checker-024.png	4fbbfb3b32200cdb84d4a4168c59a15f97391ceb96ad72503d3e49d4976a4e8a	PASS	Manually reviewed complete uncropped light/dark/checker frame-mip page; structural/pixel evidence only
asset_page	pixels-checker-025.png	3a8df63510b7c5b5abc46c7b9f90c25af7d8993ac625ca123526a6d7cc99123b	PASS	Manually reviewed complete uncropped light/dark/checker frame-mip page; structural/pixel evidence only
asset_page	pixels-checker-026.png	8c7d90861c73e8256045b98bda92f149bf98032974a0c3fe695a9a76cf8ed159	PASS	Manually reviewed complete uncropped light/dark/checker frame-mip page; structural/pixel evidence only
asset_page	pixels-checker-027.png	6cddb111f1a8702de5ecaa23d4e4332e13ddb970ca199fcc81a0806134c01327	PASS	Manually reviewed complete uncropped light/dark/checker frame-mip page; structural/pixel evidence only
asset_page	pixels-checker-028.png	b577bab4d9aad8c5398ce25feaf760d75168343e8041815dd082e25af7334076	PASS	Manually reviewed complete uncropped light/dark/checker frame-mip page; structural/pixel evidence only
asset_page	pixels-checker-029.png	b34cb42d5d069f04aa3e2cde020b9814083b736a3a85cf20ee86039d4586fd03	PASS	Manually reviewed complete uncropped light/dark/checker frame-mip page; structural/pixel evidence only
asset_page	pixels-dark-000.png	45e2370304e1d8544c25f34143b283aaf240718faf7f6405502174a2a7557812	PASS	Manually reviewed complete uncropped light/dark/checker frame-mip page; structural/pixel evidence only
asset_page	pixels-dark-001.png	54c685d946769427a04dc1f97c0f561e77d6faed8fe74183436847f48787f062	PASS	Manually reviewed complete uncropped light/dark/checker frame-mip page; structural/pixel evidence only
asset_page	pixels-dark-002.png	26c47df2c20d89eec24a18b2e9546da61a2e38e3220ea07d148df5dee35806d8	PASS	Manually reviewed complete uncropped light/dark/checker frame-mip page; structural/pixel evidence only
asset_page	pixels-dark-003.png	f42fe9d84b76594b974fa9fddf9047611bf98bed20b9d1552547b5608bcfd708	PASS	Manually reviewed complete uncropped light/dark/checker frame-mip page; structural/pixel evidence only
asset_page	pixels-dark-004.png	76686e4c33a7d43aa51b08a559058155b846116e7df75843f0622b5376b6a538	PASS	Manually reviewed complete uncropped light/dark/checker frame-mip page; structural/pixel evidence only
asset_page	pixels-dark-005.png	1f1f30af0ce9387c94783811fe60992d59f12e86a136976fbbb499867bf0c374	PASS	Manually reviewed complete uncropped light/dark/checker frame-mip page; structural/pixel evidence only
asset_page	pixels-dark-006.png	600cdf3f05411f505fe5d91960ddd47f0b3a8f52ece770c3fe82f3ce514cc98a	PASS	Manually reviewed complete uncropped light/dark/checker frame-mip page; structural/pixel evidence only
asset_page	pixels-dark-007.png	791cb463ec4961bf2a9797970f8cce7ca78c51d5d9e8fd202ee52768d379381a	PASS	Manually reviewed complete uncropped light/dark/checker frame-mip page; structural/pixel evidence only
asset_page	pixels-dark-008.png	ec904824988147d96f57bdaec6fdbc002f6ba30442d3ae4bcdb5ba51f244dfd2	PASS	Manually reviewed complete uncropped light/dark/checker frame-mip page; structural/pixel evidence only
asset_page	pixels-dark-009.png	cc76d5146e9b04fc787f4467bf0a69b507ae35d34a5823a4cc39c5795ffbf0c4	PASS	Manually reviewed complete uncropped light/dark/checker frame-mip page; structural/pixel evidence only
asset_page	pixels-dark-010.png	0bc3f58962f24cc6d92da069b0e4ec5cdba5861b55800d5c51ec360c22b180e2	PASS	Manually reviewed complete uncropped light/dark/checker frame-mip page; structural/pixel evidence only
asset_page	pixels-dark-011.png	eb0a52dab1631f6836578edb1c81bf66930cc1019e4e4ef1166ccee0428938b2	PASS	Manually reviewed complete uncropped light/dark/checker frame-mip page; structural/pixel evidence only
asset_page	pixels-dark-012.png	29d56839c80861b544f61cdb5f72300bf2feaf261cb56fd55a7026961a3f3e8f	PASS	Manually reviewed complete uncropped light/dark/checker frame-mip page; structural/pixel evidence only
asset_page	pixels-dark-013.png	3e382153f3b9f8ff5986af996e98483520e530526abfe220161a694ba8bd7e69	PASS	Manually reviewed complete uncropped light/dark/checker frame-mip page; structural/pixel evidence only
asset_page	pixels-dark-014.png	7ee66a5bf63c92340b1ca08d5141c8e21d6bd8d4bfd4f4f34a2e2cebe3a8df1b	PASS	Manually reviewed complete uncropped light/dark/checker frame-mip page; structural/pixel evidence only
asset_page	pixels-dark-015.png	b01b1d8995f6b1863278142627c5ab76cad031b049906e1a757437b4fe7a1598	PASS	Manually reviewed complete uncropped light/dark/checker frame-mip page; structural/pixel evidence only
asset_page	pixels-dark-016.png	f4d65d4d9b193e507668fd9ac99dbec2b9fcaad2d843266c524488fbb2ad7fe1	PASS	Manually reviewed complete uncropped light/dark/checker frame-mip page; structural/pixel evidence only
asset_page	pixels-dark-017.png	146ba58fa60b83014a9aede16e9aa47a2e75b200b72df21b043e409d67131511	PASS	Manually reviewed complete uncropped light/dark/checker frame-mip page; structural/pixel evidence only
asset_page	pixels-dark-018.png	956010a6bd739b8f1562fe0e5c066c08aa3de3fa71693725708f3151dd9207c2	PASS	Manually reviewed complete uncropped light/dark/checker frame-mip page; structural/pixel evidence only
asset_page	pixels-dark-019.png	eb7ef580b24129700be88c7497eca9f5e7aa5a0fbfa85802852c79e2b46718a4	PASS	Manually reviewed complete uncropped light/dark/checker frame-mip page; structural/pixel evidence only
asset_page	pixels-dark-020.png	da7cf90ce7e82bf7e51d85ad8b2f1bfb84182f8c81315e3891f55aff286de758	PASS	Manually reviewed complete uncropped light/dark/checker frame-mip page; structural/pixel evidence only
asset_page	pixels-dark-021.png	27c0967bbbea18bd3947b86cacf4fe9e29230dcfba519c09491c0ae0acc171c2	PASS	Manually reviewed complete uncropped light/dark/checker frame-mip page; structural/pixel evidence only
asset_page	pixels-dark-022.png	8d1aa66854c9dd43f9e2bf5bb866d9e18a9d8752874e2ca407083cb313edb8a5	PASS	Manually reviewed complete uncropped light/dark/checker frame-mip page; structural/pixel evidence only
asset_page	pixels-dark-023.png	a11421ecfda608c1fbad6344bac2c4f92fcf86ac31b8093925f62e51b8e5a52c	PASS	Manually reviewed complete uncropped light/dark/checker frame-mip page; structural/pixel evidence only
asset_page	pixels-dark-024.png	b1e5a2812c9c292dc45dc4ba5e96c22e9a274c08c59cf8a251fd5f846e5c8a6d	PASS	Manually reviewed complete uncropped light/dark/checker frame-mip page; structural/pixel evidence only
asset_page	pixels-dark-025.png	727415471c12ea17909510a3ac3acc265151c25560c017d34ca36d6b4acc93c1	PASS	Manually reviewed complete uncropped light/dark/checker frame-mip page; structural/pixel evidence only
asset_page	pixels-dark-026.png	01e2291c3891ebfc1805be0356de441055065bcebaffa6e8e494decc7b995242	PASS	Manually reviewed complete uncropped light/dark/checker frame-mip page; structural/pixel evidence only
asset_page	pixels-dark-027.png	fc4a1dab74db16dc8076949017242820a9c26003f499e087b4b54fde3d10d2e7	PASS	Manually reviewed complete uncropped light/dark/checker frame-mip page; structural/pixel evidence only
asset_page	pixels-dark-028.png	acdcfde3d88625072cdec304d739a346a02a37bbeadeb7d90fe5414b302c0e29	PASS	Manually reviewed complete uncropped light/dark/checker frame-mip page; structural/pixel evidence only
asset_page	pixels-dark-029.png	aa1f7ccd689e65bc4cd5cca9c97a447d823a57ac165c9958be84c68ae3cffb4f	PASS	Manually reviewed complete uncropped light/dark/checker frame-mip page; structural/pixel evidence only
asset_page	pixels-light-000.png	fbca7d9cafe40489790f2d88635adfbdfc4b7163bc1307cdcb78a5ad2c64d1a7	PASS	Manually reviewed complete uncropped light/dark/checker frame-mip page; structural/pixel evidence only
asset_page	pixels-light-001.png	0390e28abf9dc1b840f045571b23cfa2b7e46b9f3ae2492d2fdd045a0654c1bf	PASS	Manually reviewed complete uncropped light/dark/checker frame-mip page; structural/pixel evidence only
asset_page	pixels-light-002.png	b4d9248a0e5420323d2537873c99caef21d378f8569c55d516dec5dd9505891a	PASS	Manually reviewed complete uncropped light/dark/checker frame-mip page; structural/pixel evidence only
asset_page	pixels-light-003.png	f836ec00acb13af94119640f5f9fe19b2faa4c36ec8aeb007c9da22513858d16	PASS	Manually reviewed complete uncropped light/dark/checker frame-mip page; structural/pixel evidence only
asset_page	pixels-light-004.png	e4dc1b18635153e4ce1eced63ad0eb036c4e6c73b01029fcf86306e93fc7ce73	PASS	Manually reviewed complete uncropped light/dark/checker frame-mip page; structural/pixel evidence only
asset_page	pixels-light-005.png	aebf234e368978e904320377c364277275fb79057e0200c758b0d9a2de3f25f3	PASS	Manually reviewed complete uncropped light/dark/checker frame-mip page; structural/pixel evidence only
asset_page	pixels-light-006.png	0def9e3c8258324137092ae6afe746f2026c8f1177a0b6c05622a954c2a0dd9b	PASS	Manually reviewed complete uncropped light/dark/checker frame-mip page; structural/pixel evidence only
asset_page	pixels-light-007.png	c3980e76e7fb591f743bcbbfffa8b021340208f216f70074a02295cb04e79759	PASS	Manually reviewed complete uncropped light/dark/checker frame-mip page; structural/pixel evidence only
asset_page	pixels-light-008.png	45109ee0e914836b10a70ef6457db6459856e653b55419050933e8cf0c9d38ac	PASS	Manually reviewed complete uncropped light/dark/checker frame-mip page; structural/pixel evidence only
asset_page	pixels-light-009.png	4df98692b6776c559aad28b1c2f3142ffaada8a66bf6811e83c7215136da8767	PASS	Manually reviewed complete uncropped light/dark/checker frame-mip page; structural/pixel evidence only
asset_page	pixels-light-010.png	9ed7b457bd233d144507eebd64ac29d4362276c0d7d17bfd4fc56932f2e3098c	PASS	Manually reviewed complete uncropped light/dark/checker frame-mip page; structural/pixel evidence only
asset_page	pixels-light-011.png	e42bf766ec15c8c0364840a60b889be9414eb359b61c4a2919d5abce075bb99a	PASS	Manually reviewed complete uncropped light/dark/checker frame-mip page; structural/pixel evidence only
asset_page	pixels-light-012.png	fcbcdd14ab6000ad41b15835299d02ee87226bc0d9e43a830c802f541ea7ed85	PASS	Manually reviewed complete uncropped light/dark/checker frame-mip page; structural/pixel evidence only
asset_page	pixels-light-013.png	c1121e74159bd1ab35659aff7a22554f72860a14c4d58955f130dcf5e335fd37	PASS	Manually reviewed complete uncropped light/dark/checker frame-mip page; structural/pixel evidence only
asset_page	pixels-light-014.png	d93db2cfc90aa2bfe2b02c5668a02a2ada6ef472d7a1efaa47540b5bac23aa8d	PASS	Manually reviewed complete uncropped light/dark/checker frame-mip page; structural/pixel evidence only
asset_page	pixels-light-015.png	fc3de15172acc648cf46b5f80a935924ffbcbc0b0bd5519e17df8aba97d1dacb	PASS	Manually reviewed complete uncropped light/dark/checker frame-mip page; structural/pixel evidence only
asset_page	pixels-light-016.png	07740c4956764a01e8770189506e47c6a1f9bd699ea8385bb3291a11dc2ca2ea	PASS	Manually reviewed complete uncropped light/dark/checker frame-mip page; structural/pixel evidence only
asset_page	pixels-light-017.png	a348ea705d9d36fe61200f4cf74c86d60972527a4e29897dde387e1e3aa92fe5	PASS	Manually reviewed complete uncropped light/dark/checker frame-mip page; structural/pixel evidence only
asset_page	pixels-light-018.png	a7ea1d849489f5d0ca857de3cdb32607fe59ee6dc29e2aba0520c7ae3100ded8	PASS	Manually reviewed complete uncropped light/dark/checker frame-mip page; structural/pixel evidence only
asset_page	pixels-light-019.png	6cbfc22424c9fbe0b8f19864be77284edabb7988a79ed7b2565413ef829228b4	PASS	Manually reviewed complete uncropped light/dark/checker frame-mip page; structural/pixel evidence only
asset_page	pixels-light-020.png	e50967a5dd8ab0fb8df7eccb28566e93d67d9e955fc6854807dc454362bdfdba	PASS	Manually reviewed complete uncropped light/dark/checker frame-mip page; structural/pixel evidence only
asset_page	pixels-light-021.png	fa26b59ba1473b10cd32c9db21f483e0856623fd96f50f6866b0864f99748a43	PASS	Manually reviewed complete uncropped light/dark/checker frame-mip page; structural/pixel evidence only
asset_page	pixels-light-022.png	7e4344b672387e217f4f19fd0bb0063e0c386ed5405d474c16748a582b1c7273	PASS	Manually reviewed complete uncropped light/dark/checker frame-mip page; structural/pixel evidence only
asset_page	pixels-light-023.png	59d2b653b1940fea4f4974fc16b965a11ef4c46bd2ea5c770b12fc45c5fffc95	PASS	Manually reviewed complete uncropped light/dark/checker frame-mip page; structural/pixel evidence only
asset_page	pixels-light-024.png	0b0280517c543e1f35b38574ca708f4dfcde81e013bfc88a3cf32da211684790	PASS	Manually reviewed complete uncropped light/dark/checker frame-mip page; structural/pixel evidence only
asset_page	pixels-light-025.png	6b2f62169f383d19b4e892439ef4fb33133a3ec5b992c0ca304abe4bbb1e201f	PASS	Manually reviewed complete uncropped light/dark/checker frame-mip page; structural/pixel evidence only
asset_page	pixels-light-026.png	1d5250de00d060e5f895b817183eff925366096bb70d0ea30f2197261e5c71c7	PASS	Manually reviewed complete uncropped light/dark/checker frame-mip page; structural/pixel evidence only
asset_page	pixels-light-027.png	d967772df519ad391654761801b84f84d063ec9f747bd710ce5355e08851d8d2	PASS	Manually reviewed complete uncropped light/dark/checker frame-mip page; structural/pixel evidence only
asset_page	pixels-light-028.png	1436b291c2f5303bb4644c567933c27d2f5ef63e877f9187cca2e241a764cbdc	PASS	Manually reviewed complete uncropped light/dark/checker frame-mip page; structural/pixel evidence only
asset_page	pixels-light-029.png	65a508c3ffcba96e4572e6f111d245bb69598004b4d9c3c09ff6155fd1f0412b	PASS	Manually reviewed complete uncropped light/dark/checker frame-mip page; structural/pixel evidence only
asset_source	blockstates/amethyst_ward.json	4c823ebbcfa900cad812b37daabe93f9772a4a277f824d7d526d8c34649dccbd	PASS	Manually accepted resolved graph/schema contract; no pixel surface applies
asset_source	blockstates/arcane_crucible.json	29dec835b13126b21aa7b7feca5fde2c7add6a53e7882fa4419b80c795c283bf	PASS	Manually accepted resolved graph/schema contract; no pixel surface applies
asset_source	blockstates/darkness.json	9a3e8bb90dd6e5d773282af98ce69b181fdf62c1f3c43bd72c818c7558b63dfe	PASS	Manually accepted resolved graph/schema contract; no pixel surface applies
asset_source	blockstates/pure_light.json	c4375fe29f91fee9419696165be9c06a9e00054200158854eb534bd17894c068	PASS	Manually accepted resolved graph/schema contract; no pixel surface applies
asset_source	icon.png	00ea24abeb49b0be46db04a7f112a02eaef935ef6f2beee24f1e5386fbea552a	PASS	Manually reviewed all frame/mip page locations; structural/pixel evidence only
asset_source	items/amethyst_greatblade.json	8a7efc31e4142cce6a3ec15dbe097f750f89381e1b0f70ec30bbe9460b23ee0b	PASS	Manually accepted resolved graph/schema contract; no pixel surface applies
asset_source	items/amethyst_greatpick.json	0c65215994072c4a3f3af8c7be8f59b8573f5a4ac9a79c774ed750032fea0558	PASS	Manually accepted resolved graph/schema contract; no pixel surface applies
asset_source	items/amethyst_greatshovel.json	0aa1d48a348fe982d78b3c4fc45512313d18158797de03440eade9a4b886401c	PASS	Manually accepted resolved graph/schema contract; no pixel surface applies
asset_source	items/amethyst_ward.json	17db6b6fb565a95bf214116709e36cc6eaa03c9a6603eb17c6c126fac0343d7f	PASS	Manually accepted resolved graph/schema contract; no pixel surface applies
asset_source	items/ancient_greatslab.json	442f7856446343e05aee80085797b03220397fb089884cbe0ef67efc8385ec2d	PASS	Manually accepted resolved graph/schema contract; no pixel surface applies
asset_source	items/arcane_crucible.json	2ba1e25f651d10f1bb5ffc11475d3abb856ab8d4bb3c9f613f5be33115655e5c	PASS	Manually accepted resolved graph/schema contract; no pixel surface applies
asset_source	items/azure_dagger.json	be45473093b279f6346b04303e96c2d4f88517d1124640701b8bb07a56587e1e	PASS	Manually accepted resolved graph/schema contract; no pixel surface applies
asset_source	items/azure_greataxe.json	785240611405c7e73f83a3ac61161062c3373f1c5a281b0dbad558ec11415b99	PASS	Manually accepted resolved graph/schema contract; no pixel surface applies
asset_source	items/azure_greatsword.json	722c8f982f810ebfbaf03b5a0017bb8eea14be1881c9240e34455111d7ce720d	PASS	Manually accepted resolved graph/schema contract; no pixel surface applies
asset_source	items/azure_pickaxe.json	c39c09317011c3a590f186448f2aec29ab8a72252780e4fe113d72a7785eb867	PASS	Manually accepted resolved graph/schema contract; no pixel surface applies
asset_source	items/azure_sabre.json	1207b87e3e5b109f860e8011c285568191778e665908265072026f2162741eb3	PASS	Manually accepted resolved graph/schema contract; no pixel surface applies
asset_source	items/azure_scythe.json	ac8c73afe6584d75ca781570938151fc732e888f22107980ccde342338485e54	PASS	Manually accepted resolved graph/schema contract; no pixel surface applies
asset_source	items/azure_shovel.json	3a355c55287fe890a02fb1cd5942d1968cee7051d7d0b8b7f5e811d4ece2afa8	PASS	Manually accepted resolved graph/schema contract; no pixel surface applies
asset_source	items/berserkers_cleaver.json	59a3514c330e4a09315869235a9e13868f97001ed995caf023ac5d275cfb4eb9	PASS	Manually accepted resolved graph/schema contract; no pixel surface applies
asset_source	items/berserkers_greataxe.json	7c5bf54b53b0a69c286b252de3f3501449f2ede5d5c386154880d940d074f330	PASS	Manually accepted resolved graph/schema contract; no pixel surface applies
asset_source	items/black_iron_clobberer.json	3c01b85181a81376a3843f746719759f29d739ffe4cf2272e3ac449d4e3019e0	PASS	Manually accepted resolved graph/schema contract; no pixel surface applies
asset_source	items/black_iron_greataxe.json	dee147f5b1eb8f780568143e203db845cdc2b8d0debd8144bf7ba89854eac65c	PASS	Manually accepted resolved graph/schema contract; no pixel surface applies
asset_source	items/black_iron_greatsword.json	0f2e5e65e4bb73a70d1fd4463697107122fe068271729d47892949b1c4c30582	PASS	Manually accepted resolved graph/schema contract; no pixel surface applies
asset_source	items/blue_crystal.json	fef7a3dc624f005a57c7f94375ff0cb85c28f34ff798718abcc4cdc70a709ab6	PASS	Manually accepted resolved graph/schema contract; no pixel surface applies
asset_source	items/calamity_blade.json	342f3b8ed70bcc8666722cbfb6fa936bc946c930f389e3f58b45602eceb5ff4b	PASS	Manually accepted resolved graph/schema contract; no pixel surface applies
asset_source	items/claymore.json	98157d3f8977541b88c5697296cf63f3ce6916c39c1f934fec4d7013884c6673	PASS	Manually accepted resolved graph/schema contract; no pixel surface applies
asset_source	items/crescent_greataxe.json	7f3ff841278e88066a1c5d493ca28cba918bf2e95e0373d73f28a3d5779ad855	PASS	Manually accepted resolved graph/schema contract; no pixel surface applies
asset_source	items/crimson_cleaver.json	b3e0c896652ebc788c5ff0bb8bccc459feeb1901ca90cafa66105126589490d3	PASS	Manually accepted resolved graph/schema contract; no pixel surface applies
asset_source	items/crystal_frostblade.json	e5279af32ad3916f07b4b68e2a50607fffd27841d0809cba3b4408dfa4af2a03	PASS	Manually accepted resolved graph/schema contract; no pixel surface applies
asset_source	items/crystal_frostscythe.json	a61fa52855a9711a840d8ccf9858f146249f43101e8c24a97a18a8b63d399750	PASS	Manually accepted resolved graph/schema contract; no pixel surface applies
asset_source	items/dark_crystal.json	bace69a6a98577ce5a3ff07c0925c34b28d8cb026e2642c1b25568e5ba9363a5	PASS	Manually accepted resolved graph/schema contract; no pixel surface applies
asset_source	items/dark_herald_spawn_egg.json	b5d42e32cde2c0af85d5314389925a7121782ae0efba3b7750bb25eaa713cea3	PASS	Manually accepted resolved graph/schema contract; no pixel surface applies
asset_source	items/darkness.json	c9901d13d5f19f1ff3e8fd883db8b9b9b01ce61b834c9a05b8a2b7b59b756c2f	PASS	Manually accepted resolved graph/schema contract; no pixel surface applies
asset_source	items/darkness_creature_spawn_egg.json	47e6ae4e7f5f65a9c272ce72afb9eabcfc34080d5cdf00a3db0c125e58a1bbb4	PASS	Manually accepted resolved graph/schema contract; no pixel surface applies
asset_source	items/demonic_sword.json	e50cd0231a95978240edf50a9b19c06400b0dbeb838eb25c047b0c51aa09b595	PASS	Manually accepted resolved graph/schema contract; no pixel surface applies
asset_source	items/demons_blood_blade.json	afc1728e2cff7e643d5b34d08438527091c7372556d201471e5d2b12e4b03308	PASS	Manually accepted resolved graph/schema contract; no pixel surface applies
asset_source	items/demons_blood_pick.json	9af6ce97120ed0f83254dc76dcf49a9befd8d2fb4b87e21752ae74ac5a61139b	PASS	Manually accepted resolved graph/schema contract; no pixel surface applies
asset_source	items/demons_blood_shovel.json	5b24e133742ce9aba63428ad26813f3941363b4b7c83efeaf6192f8f678bff14	PASS	Manually accepted resolved graph/schema contract; no pixel surface applies
asset_source	items/demonslayers_greatsword.json	c6066dcd07c17b7d59d3c1941224c76bad6252932328f7c46259ef6ac319b2ab	PASS	Manually accepted resolved graph/schema contract; no pixel surface applies
asset_source	items/dragon_sword.json	347aa0077e1776dc1d0e3f065d791cfbb5217de8e1a52f0d031ba79c4d9f1cc7	PASS	Manually accepted resolved graph/schema contract; no pixel surface applies
asset_source	items/emerald_greatcleaver.json	4fca3bb52321c172ebc4b45e482a8cbd5930495cd78de055fa52ff2eceb8190d	PASS	Manually accepted resolved graph/schema contract; no pixel surface applies
asset_source	items/ethereal_frostblade.json	c94c3821ab739eda85d78ea571f056676139f7d5cafad2a797edf8c8d37b33f9	PASS	Manually accepted resolved graph/schema contract; no pixel surface applies
asset_source	items/first_vessel_spawn_egg.json	6a73394cbb7ae7cbe4b2a41fcf63b77d45a9fd8e942bafafce6f41bac2a0a444	PASS	Manually accepted resolved graph/schema contract; no pixel surface applies
asset_source	items/flamberge.json	f69356c1d3de9842f7281a49e375cb7d806afece76633347741111872287981a	PASS	Manually accepted resolved graph/schema contract; no pixel surface applies
asset_source	items/gilded_phoenix_greataxe.json	2bb2cfa02d0704b3db465cabb5a2372ca461430f2221874eee5aa4d3f890ef7a	PASS	Manually accepted resolved graph/schema contract; no pixel surface applies
asset_source	items/gloomsteel_greataxe.json	6ac1e2b8d8efd8c08f5ee3a892ece9c8b73915bab64c88543b89bb7fb96e5cd7	PASS	Manually accepted resolved graph/schema contract; no pixel surface applies
asset_source	items/gloomsteel_katana.json	be5e83eb17abbd14c4ffe6d1a61a096247fd9f6cf71d21c433dc045905e55026	PASS	Manually accepted resolved graph/schema contract; no pixel surface applies
asset_source	items/gloomsteel_knife.json	45be105ba4b0546300ba2c4c8037d086ca540207920b20bc977249ebcc3a7236	PASS	Manually accepted resolved graph/schema contract; no pixel surface applies
asset_source	items/grand_claymore.json	d04c23ba0e326828a5b630f31fb003bdbc9b60377af1c3b4926e1c34dc0a7b49	PASS	Manually accepted resolved graph/schema contract; no pixel surface applies
asset_source	items/green_crystal.json	719bbea9f0f66547057fd869f4451dbb5fd840868b8ab9a3b447277765ba145f	PASS	Manually accepted resolved graph/schema contract; no pixel surface applies
asset_source	items/heavenly_partisan.json	20f74634338fa51b9002b631bcd271a6da36fce2d51739619e39750d46cf16ab	PASS	Manually accepted resolved graph/schema contract; no pixel surface applies
asset_source	items/imported_artifact_ammolite.json	28f21131be28ebd5d06628e0f9203b08b37bbbeaafaa8bfe91f48875baa9005c	PASS	Manually accepted resolved graph/schema contract; no pixel surface applies
asset_source	items/imported_artifact_amulet.json	86923fc9d476a8a0142704928c821a931bb4802fd83e8d054a9414794cee9cd9	PASS	Manually accepted resolved graph/schema contract; no pixel surface applies
asset_source	items/imported_artifact_beating_heart.json	81230943b2cd0f94f78cb79171cb7d2d838da64003158f4e286c39d752b91d2f	PASS	Manually accepted resolved graph/schema contract; no pixel surface applies
asset_source	items/imported_artifact_blackpearl.json	19f7b0da58eee677ddeffb8d849f6b71f8729c714d44902fb36e58f537a69537	PASS	Manually accepted resolved graph/schema contract; no pixel surface applies
asset_source	items/imported_artifact_bloodstone.json	feb5958cd63fc186a6d76db2d185790e4f479f417c90f8e43d55629b4159c1ae	PASS	Manually accepted resolved graph/schema contract; no pixel surface applies
asset_source	items/imported_artifact_bonefigurine.json	d4dbcc793358cd123c5e358cf0bc2f207686c1042477829489da536fe4dea180	PASS	Manually accepted resolved graph/schema contract; no pixel surface applies
asset_source	items/imported_artifact_bound_runestone_active_1.json	5589e0688211284b1bf2dfb81bfd6bb6c85a94d9545beea95f33013c314e4d7d	PASS	Manually accepted resolved graph/schema contract; no pixel surface applies
asset_source	items/imported_artifact_bound_runestone_active_2.json	355612e2fb6cccbf65b9f79293741e90c36091a9d5669ec8cf2cd82bc4aebaf4	PASS	Manually accepted resolved graph/schema contract; no pixel surface applies
asset_source	items/imported_artifact_bound_runestone_active_3.json	8c722862b92021ee6c61d34de44a686c9373335d57f3473c73bb518233a7c90b	PASS	Manually accepted resolved graph/schema contract; no pixel surface applies
asset_source	items/imported_artifact_bound_runestone_inert_1.json	7e50c650f126c06b61aecadc4a0590abe2fa98a0ee516ccf1cdbe6494ee9c9bd	PASS	Manually accepted resolved graph/schema contract; no pixel surface applies
asset_source	items/imported_artifact_bound_runestone_inert_2.json	9e4fc83afa39b2f11083c0b21cf9877256819d47d1c9577ed858d2dccc7d11c4	PASS	Manually accepted resolved graph/schema contract; no pixel surface applies
asset_source	items/imported_artifact_bound_runestone_inert_3.json	77971f01bae618e555a294bf0ce6c669ae946bac2d0c77866e5546a89d1ec189	PASS	Manually accepted resolved graph/schema contract; no pixel surface applies
asset_source	items/imported_artifact_bowl.json	fa11b46ad5d871f47491c9d8328e12d1a1f18b7aa0cb29c11f2329b247ce9645	PASS	Manually accepted resolved graph/schema contract; no pixel surface applies
asset_source	items/imported_artifact_bullion.json	c9d61d1530665ec15b0f482e199f8653a2a810e87d3bc7632d55c5be389672b6	PASS	Manually accepted resolved graph/schema contract; no pixel surface applies
asset_source	items/imported_artifact_coins.json	275b5ef817885c2084d54a00376fdf888a6e0f555a61832e24e2b71d4dde022b	PASS	Manually accepted resolved graph/schema contract; no pixel surface applies
asset_source	items/imported_artifact_corroded_copper_ring.json	070bc18c282d3417c08e7c71952a48b2ba50a47c9b7d807497916266cce4c05a	PASS	Manually accepted resolved graph/schema contract; no pixel surface applies
asset_source	items/imported_artifact_dark_bone_figurine.json	65f59539ec35ce9c0bf5de1df6a7f12632d1cf1a13702c9bf4cf5d1910023d15	PASS	Manually accepted resolved graph/schema contract; no pixel surface applies
asset_source	items/imported_artifact_diamond_ring.json	85559e16433e830a303ca17761f9c2e1ec155245e35cf19b11db99f9e951d409	PASS	Manually accepted resolved graph/schema contract; no pixel surface applies
asset_source	items/imported_artifact_dripping_orb_1.json	5494a3dbe1d3ff3cfa0b588e06d19e5acda2e654143c7fbffef5f64244a81af8	PASS	Manually accepted resolved graph/schema contract; no pixel surface applies
asset_source	items/imported_artifact_dripping_orb_2.json	7834a39c39427a1005940115e444150d445aeeb1c8ff233ba6c2ad6ed5e6cbe8	PASS	Manually accepted resolved graph/schema contract; no pixel surface applies
asset_source	items/imported_artifact_emerald_ring.json	c0bcbf0620902c39986f1852265429c0a3c56f4fff0b300fe4509db38f508b9f	PASS	Manually accepted resolved graph/schema contract; no pixel surface applies
asset_source	items/imported_artifact_emperyeanjewel.json	0abfa942708459055f3531c8f87ad9d2d1f6310355102f5c077e08b5bc618ae2	PASS	Manually accepted resolved graph/schema contract; no pixel surface applies
asset_source	items/imported_artifact_flute.json	2837e9c315403c7343b4b8fce8eeb568dd5085f9c012e3ff4c852f4ec5162369	PASS	Manually accepted resolved graph/schema contract; no pixel surface applies
asset_source	items/imported_artifact_ghoul_heart.json	c5bd5f41e73a1d22cadb86cdfa2b7622d909dadabedfbf2123a005634799b0c0	PASS	Manually accepted resolved graph/schema contract; no pixel surface applies
asset_source	items/imported_artifact_heart_mechanism.json	a8bf6102699c9b1b1d1bb734862be6dba4edd4317e21f3e5d4eb376fe4195aab	PASS	Manually accepted resolved graph/schema contract; no pixel surface applies
asset_source	items/imported_artifact_lodestone.json	47452c338f8be43ac236a9a328a10332e760a109928b5745b5712f24b12d6faf	PASS	Manually accepted resolved graph/schema contract; no pixel surface applies
asset_source	items/imported_artifact_malignember.json	1e94c9208511a8b2d98d7bccae60e08755a95b1586f673ccae61bc83bf39b716	PASS	Manually accepted resolved graph/schema contract; no pixel surface applies
asset_source	items/imported_artifact_oddstone.json	f1f4713a5980a981e7d6fcc7cb8e19dcc8c76d7702ed7ef3963c34b4d1f8f725	PASS	Manually accepted resolved graph/schema contract; no pixel surface applies
asset_source	items/imported_artifact_philosopherstone.json	03bf18bcc3a068b6eaca3015217f5db75d40e769130c36451cfe0bb15c6db7ee	PASS	Manually accepted resolved graph/schema contract; no pixel surface applies
asset_source	items/imported_artifact_plain_copper_ring.json	004f46d89761333fb36099e10a02b86a71e12e46cada87b18ceb7d02f4fd5c93	PASS	Manually accepted resolved graph/schema contract; no pixel surface applies
asset_source	items/imported_artifact_ritualdagger.json	28af41064bc7453c3da9c37903ad45059b94febab9a20366f475f625b8f9a2b9	PASS	Manually accepted resolved graph/schema contract; no pixel surface applies
asset_source	items/imported_artifact_runestone_back.json	9556e970c9ab6cf27b52d270b6b33c02b083fe32b257d77ff324e481a12c7ff8	PASS	Manually accepted resolved graph/schema contract; no pixel surface applies
asset_source	items/imported_artifact_runestone_dark_inscribed_large.json	5edf7ee670913dc66c4e41ca0002397756a9db95ceff1ad3edca9d19c00b6b78	PASS	Manually accepted resolved graph/schema contract; no pixel surface applies
asset_source	items/imported_artifact_runestone_dark_inscribed_medium.json	57e545eeed40119395b30fd62f553eb104ba3517b7ce582cb5863f7f2327153f	PASS	Manually accepted resolved graph/schema contract; no pixel surface applies
asset_source	items/imported_artifact_runestone_dark_inscribed_small.json	b9cac0ae1d2c69a7837f3350677bc6493ebe653387fb10c69a75f333e4d16fb5	PASS	Manually accepted resolved graph/schema contract; no pixel surface applies
asset_source	items/imported_artifact_runestone_dark_inscribed_tiny.json	6c1f8cd22627baef4c9e2b89d83e56fcb9333d614793165f5e3a6f55f9f815a3	PASS	Manually accepted resolved graph/schema contract; no pixel surface applies
asset_source	items/imported_artifact_runestone_dark_large.json	99080d9f38641878c015b9cf1fb1b142ba166d0ebfb71634e16c709f59fff745	PASS	Manually accepted resolved graph/schema contract; no pixel surface applies
asset_source	items/imported_artifact_runestone_dark_medium.json	22fa4c94a8c5a3aff459f5f92584967f1b56602b758abaa80b4f8decc1ec80e0	PASS	Manually accepted resolved graph/schema contract; no pixel surface applies
asset_source	items/imported_artifact_runestone_dark_small.json	ca081d2422d9a8142cc9b93bc7c6b1a13e575b15b861c0dc7244c79d71770063	PASS	Manually accepted resolved graph/schema contract; no pixel surface applies
asset_source	items/imported_artifact_runestone_dark_tiny.json	9b92c5f240d7cfe6013dcd2c9fc45c63b634a8b9c5506d064082e92b05c95a46	PASS	Manually accepted resolved graph/schema contract; no pixel surface applies
asset_source	items/imported_artifact_runestone_frigid.json	cccb505275a8c64bd3df5e3c16fd8c1a4241f2ccc3ded79e6b204c05bf49e143	PASS	Manually accepted resolved graph/schema contract; no pixel surface applies
asset_source	items/imported_artifact_runestone_inert.json	5864486a2ef75c6d1b40aec8efa31a0d67146ef2869c05e30d980743b2d27918	PASS	Manually accepted resolved graph/schema contract; no pixel surface applies
asset_source	items/imported_artifact_runestone_overlay_0.json	5e11537d06c690029199035f2892b86a52a31498fbf8d12e758761b85921f2cb	PASS	Manually accepted resolved graph/schema contract; no pixel surface applies
asset_source	items/imported_artifact_runestone_overlay_1.json	0f95aaadb043ebd99a70d79eb31e8b48b1a9574567fbfb2e97ec40f3a7478f3b	PASS	Manually accepted resolved graph/schema contract; no pixel surface applies
asset_source	items/imported_artifact_runestone_overlay_10.json	83eea73925b5ccea41058772a888fbc1e4bbadca2638134da5f0803686f3a67a	PASS	Manually accepted resolved graph/schema contract; no pixel surface applies
asset_source	items/imported_artifact_runestone_overlay_2.json	211faa39df90bed7d68cfdbac6f1220e420d842233ec52535bfa4186faa2b1c3	PASS	Manually accepted resolved graph/schema contract; no pixel surface applies
asset_source	items/imported_artifact_runestone_overlay_3.json	260487a90838e4f8332dbfe45e2728b75513e8a64b70808a69742ba63a40a843	PASS	Manually accepted resolved graph/schema contract; no pixel surface applies
asset_source	items/imported_artifact_runestone_overlay_4.json	9e8dab1d9c9aa23382dba7e247865db54cf0e131e56d730b79d1dd0fcacc15bd	PASS	Manually accepted resolved graph/schema contract; no pixel surface applies
asset_source	items/imported_artifact_runestone_overlay_5.json	9c9997f4b8b893e4496ab06694eff738459113ac5e3bb94b9ec367094ed11fd6	PASS	Manually accepted resolved graph/schema contract; no pixel surface applies
asset_source	items/imported_artifact_runestone_overlay_6.json	cced327bd4356d82b12400e389b89e03e950538875581ba753373b0c02b15700	PASS	Manually accepted resolved graph/schema contract; no pixel surface applies
asset_source	items/imported_artifact_runestone_overlay_7.json	b33f25e53df1c9c2863051949e9cc6b0ea7a64207f2050ee00273ae67463a4f4	PASS	Manually accepted resolved graph/schema contract; no pixel surface applies
asset_source	items/imported_artifact_runestone_overlay_8.json	5117832c98a77716f468c28e296baf3a7cefcb3c82c5487f0f6d1bd240bbc689	PASS	Manually accepted resolved graph/schema contract; no pixel surface applies
asset_source	items/imported_artifact_runestone_overlay_9.json	b4145fb9ff437abbbee460b67badc5e5e2ba4ec4f03519d802d8ce7bf15d9867	PASS	Manually accepted resolved graph/schema contract; no pixel surface applies
asset_source	items/imported_artifact_smallpot.json	c7018f4b85cc353da8c618bb629659ec476167bbb7885f0452a0df95901d6c44	PASS	Manually accepted resolved graph/schema contract; no pixel surface applies
asset_source	items/imported_artifact_soulmatrix.json	781b2534aeaac379fe67bd5ff962296dee3d0d09780bffc3870876955967dd65	PASS	Manually accepted resolved graph/schema contract; no pixel surface applies
asset_source	items/imported_artifact_soulstone_large.json	9612756f0ea8420de6dd79daae34545ec73878d44662cc884364f7bbc5bb1b78	PASS	Manually accepted resolved graph/schema contract; no pixel surface applies
asset_source	items/imported_artifact_soulstone_large_inert.json	31638f392ee82b45e255be122bd1dda81943c5cc1ca73e3909d40c51a26c3069	PASS	Manually accepted resolved graph/schema contract; no pixel surface applies
asset_source	items/imported_artifact_soulstone_medium.json	a9be14d1bb32ff2b7769c8d5d46811a862036e9e53f802773180b427287a829a	PASS	Manually accepted resolved graph/schema contract; no pixel surface applies
asset_source	items/imported_artifact_soulstone_medium_inert.json	33b274657257fc1e3e6c0cc42553b5bd6e41778831860dcec52b54b1c6c7b759	PASS	Manually accepted resolved graph/schema contract; no pixel surface applies
asset_source	items/imported_artifact_soulstone_small.json	824ecf2c3318e72d1b1b8f75ac19e3bbf722bf86df839a3b27a31a1ca157fdc3	PASS	Manually accepted resolved graph/schema contract; no pixel surface applies
asset_source	items/imported_artifact_soulstone_small_inert.json	54954f06d82564fe90a6673968962422e6a2fba34c525b537cf4c0d33421fdaa	PASS	Manually accepted resolved graph/schema contract; no pixel surface applies
asset_source	items/imported_artifact_star.json	edcc2ebe87552ae66f7bf1ce4f3207817de399d9ef7613745a7fbadeaafda506	PASS	Manually accepted resolved graph/schema contract; no pixel surface applies
asset_source	items/imported_artifact_star_animated.json	412698903d70aadbc2ec0220d7805d8f24d15734d4a601117a971eb036cbf648	PASS	Manually accepted resolved graph/schema contract; no pixel surface applies
asset_source	items/imported_artifact_trilobite_fossil.json	f11e61ea20ee7266adaa6eb3129e0f6031a86082dcad5497194adecb25a5fbe9	PASS	Manually accepted resolved graph/schema contract; no pixel surface applies
asset_source	items/imported_artifact_trilobitefossil.json	e257cb9b7bba926997709e59a2462510fc14e0736103b7905d8b695c6a98c451	PASS	Manually accepted resolved graph/schema contract; no pixel surface applies
asset_source	items/imported_artifact_woodheart.json	45f20b238a66a985a18aed2f318ac499d86b592be1acb001263b09e48e25ae0c	PASS	Manually accepted resolved graph/schema contract; no pixel surface applies
asset_source	items/imported_blood_salts_2.json	8a1fbc11be278a0224afd70a52438c0d6e7088714b5f398944bb0913b6a7ef7a	PASS	Manually accepted resolved graph/schema contract; no pixel surface applies
asset_source	items/imported_book_grimoire_abyssal.json	54458bd508e20eff2a996569599ba971410c1a7eedf9617973ca1da0c735e17f	PASS	Manually accepted resolved graph/schema contract; no pixel surface applies
asset_source	items/imported_book_grimoire_blight.json	9bfe73a40a488de58f2839e8929e8e9f374dbbdf34d9bb3e44567b9d4343ab45	PASS	Manually accepted resolved graph/schema contract; no pixel surface applies
asset_source	items/imported_book_grimoire_celestial.json	802ae91693881bf754f66de6b2337af8ff394861038e22574da0583c0f3778ab	PASS	Manually accepted resolved graph/schema contract; no pixel surface applies
asset_source	items/imported_book_grimoire_deep.json	6c6fd6cb0675f68144e9321af2883c94171f4fddb18648ebfa66f0aba6656509	PASS	Manually accepted resolved graph/schema contract; no pixel surface applies
asset_source	items/imported_book_grimoire_infernal.json	e2621c28eb3e2c0419fb770014e931358b8a97da4709f06458137715dc64c3b6	PASS	Manually accepted resolved graph/schema contract; no pixel surface applies
asset_source	items/imported_book_grimoire_recolor.json	53d1ef3459dead857e52d545817fafce2f1d3a408264b37aff54b5cf18d50f7c	PASS	Manually accepted resolved graph/schema contract; no pixel surface applies
asset_source	items/imported_book_grimoire_recolor_overlay_abyssal.json	19d78163ac82fe05927f8c2f7b4f1836645309fb161706cd44386f6fc88b9a33	PASS	Manually accepted resolved graph/schema contract; no pixel surface applies
asset_source	items/imported_book_grimoire_recolor_overlay_blight.json	03ca159ef12164e0dcbc6fb530e80ab45a2f127fcd7009cb3c6de385f583deef	PASS	Manually accepted resolved graph/schema contract; no pixel surface applies
asset_source	items/imported_book_grimoire_recolor_overlay_celestial.json	be65eb7333233058dd6307ecbb28bfa3fa3dc4426fbab00725a3b135ed3a8a35	PASS	Manually accepted resolved graph/schema contract; no pixel surface applies
asset_source	items/imported_book_grimoire_recolor_overlay_deep.json	dba5f0102b8e89eeb564c0c43662ebee696cd1d18cb928cf3752088fbd71e935	PASS	Manually accepted resolved graph/schema contract; no pixel surface applies
asset_source	items/imported_book_grimoire_recolor_overlay_infernal.json	8d6ccff256f5e6e1f732d2e4aa7fd25a5bc0d68e3af5de3a7c67a8bde7bf7573	PASS	Manually accepted resolved graph/schema contract; no pixel surface applies
asset_source	items/imported_book_grimoire_recolor_overlay_wild.json	10d59e886501e2af318cbd1849c757717b357a4ec8e2944628282b7ca4c44c62	PASS	Manually accepted resolved graph/schema contract; no pixel surface applies
asset_source	items/imported_book_grimoire_wild.json	5531df7c04b0ad6611e346f48cd5b9ce0f53eba46746120dc7b5c1bd078c8352	PASS	Manually accepted resolved graph/schema contract; no pixel surface applies
asset_source	items/imported_book_page_written.json	8fd0635729db2ea175a2574988e83a7085b94997ee46248b95ecb1c0ebaed228	PASS	Manually accepted resolved graph/schema contract; no pixel surface applies
asset_source	items/imported_book_tattered.json	2c728e52459e43f84393a3e17fb3cd444a5617388d0d8f18c5e00af633a9bd7e	PASS	Manually accepted resolved graph/schema contract; no pixel surface applies
asset_source	items/imported_device_miniportal.json	8497faedf4ea704198dadbebdc277a2cd61417ae9549c0e1d701768cce87e531	PASS	Manually accepted resolved graph/schema contract; no pixel surface applies
asset_source	items/imported_device_miniportal_active.json	038f84469f9ee46585d591775edcd0b176a7aa3786c75f8fc26e3b4ba5f99220	PASS	Manually accepted resolved graph/schema contract; no pixel surface applies
asset_source	items/imported_food_apple_green.json	4fb7cfe27530f02f453ad711040e16dd7434a7b36cfa61948e285773b3fc588d	PASS	Manually accepted resolved graph/schema contract; no pixel surface applies
asset_source	items/imported_food_apple_wormy.json	b01b9ef0ccb596fcabb45173afc0499b1df7f20ce100a02266377252d15b12cb	PASS	Manually accepted resolved graph/schema contract; no pixel surface applies
asset_source	items/imported_food_apple_wormy_2.json	0f358ba4d6e16726b92ee750440eba6d0b271d603fdb0f09eeebc4003a4d1a28	PASS	Manually accepted resolved graph/schema contract; no pixel surface applies
asset_source	items/imported_food_bacon_cooked.json	1ec9c2fc857416a631e80aaba5a962133c8f4fe84b1c6e77cae4571e1157ffd7	PASS	Manually accepted resolved graph/schema contract; no pixel surface applies
asset_source	items/imported_food_bacon_raw.json	03e09b22ea586a54377e3131697b7db6dffb1c9be55898d3992e2bc3212c0021	PASS	Manually accepted resolved graph/schema contract; no pixel surface applies
asset_source	items/imported_food_beans.json	5b5ea84ad2d8a31ad08a87ee893f24ae34d5ba3a9f0ecec74cb3e8940dc355aa	PASS	Manually accepted resolved graph/schema contract; no pixel surface applies
asset_source	items/imported_food_beet.json	c903dec71d6d0f96dec83d5562a98e0483b857b892e37d08f4bb7051613f7a99	PASS	Manually accepted resolved graph/schema contract; no pixel surface applies
asset_source	items/imported_food_billberry.json	5931f3021f1e1d51f47891a502853d65f0bd9a7526e340a9c8b6d91dacb17da1	PASS	Manually accepted resolved graph/schema contract; no pixel surface applies
asset_source	items/imported_food_blackberry.json	3d5fc3eb0643b7327240b5f0948f040035243b8d1f48a560b54e864ef0e56f3e	PASS	Manually accepted resolved graph/schema contract; no pixel surface applies
asset_source	items/imported_food_blueberries.json	15ff3d4e0be52ce3d315d2092ebcb043d45cc162a0af677fbad3b4d7ffd6976b	PASS	Manually accepted resolved graph/schema contract; no pixel surface applies
asset_source	items/imported_food_bread_big.json	9f80b0e117a24565224352e8fe3701b3587a7308700707dd7161512473d25c3b	PASS	Manually accepted resolved graph/schema contract; no pixel surface applies
asset_source	items/imported_food_cabbage.json	0bf3c23b4f9638ec021bf602b709c2a35df801cc598b05644cbfdf52b75b24c5	PASS	Manually accepted resolved graph/schema contract; no pixel surface applies
asset_source	items/imported_food_chickpeas.json	ce069f8745576c5e049bc6f04ec55c91625d72d190ea4c83336b72d4f2c2042a	PASS	Manually accepted resolved graph/schema contract; no pixel surface applies
asset_source	items/imported_food_coconut_normal.json	0d417355d8c43a04b3dbec7cdc1504ff0a68402fbf73750ae16a5b2b9299e180	PASS	Manually accepted resolved graph/schema contract; no pixel surface applies
asset_source	items/imported_food_coconut_opened.json	e51ecf905053e0df5127fc1a1a39f2680f01017ebde2db0c3f032149006f0023	PASS	Manually accepted resolved graph/schema contract; no pixel surface applies
asset_source	items/imported_food_coconut_straw.json	b71d2c8cd58256aba20eeee82ad0581c4d6bc4eae06005b4fe9dfd0bcac5baa4	PASS	Manually accepted resolved graph/schema contract; no pixel surface applies
asset_source	items/imported_food_cranberries.json	6bba568c5b43c72f169f49b665881bf6a642d55b17be3ddf221b70689977b7b3	PASS	Manually accepted resolved graph/schema contract; no pixel surface applies
asset_source	items/imported_food_fig.json	68e6529b3b681c041fb29fbc620d139379d53e61049d6f339a805508932a57ea	PASS	Manually accepted resolved graph/schema contract; no pixel surface applies
asset_source	items/imported_food_fish_fillet_cooked.json	682d001f1cbb10b1787d9f407d747cee710784d7cad5d062aac69340fb5a18b4	PASS	Manually accepted resolved graph/schema contract; no pixel surface applies
asset_source	items/imported_food_fish_fillet_raw.json	535e8c82b897e2e691ad42e0cc4c3d8b0525c76fac9a6efa386ab6f324238627	PASS	Manually accepted resolved graph/schema contract; no pixel surface applies
asset_source	items/imported_food_fish_fillet_smoked.json	4de8a8bfb9a65b2e2d959c91c159fe4907029999f40a971df112f06dfe70c86b	PASS	Manually accepted resolved graph/schema contract; no pixel surface applies
asset_source	items/imported_food_fisherberries.json	279be3c2505f0554cb5cf896b0c9d93ba0533e3a297f562a581aaca690815339	PASS	Manually accepted resolved graph/schema contract; no pixel surface applies
asset_source	items/imported_food_garlic.json	37f05019cf9340b56d5b2d1e45d43d4395f4a6e835f4c441cc641ecbf92690b3	PASS	Manually accepted resolved graph/schema contract; no pixel surface applies
asset_source	items/imported_food_grapes.json	b64c9fb3768a4a5620657ef203b7984d035a2ab062071589419019d6caa639ec	PASS	Manually accepted resolved graph/schema contract; no pixel surface applies
asset_source	items/imported_food_jerky.json	21a3e755ec5190e2105b1d7a460f43561a0ee52be57806e9338eead99ab9866d	PASS	Manually accepted resolved graph/schema contract; no pixel surface applies
asset_source	items/imported_food_leek.json	1f5fcadde98c71c9ca75e112d0f4d4dff7397811fb83edc4acf99732f3d4a160	PASS	Manually accepted resolved graph/schema contract; no pixel surface applies
asset_source	items/imported_food_lentils.json	3e96f4c3ea4f35fe3365db8798f1eb094a744ad146f545cb8c88a7ea53e1e9b6	PASS	Manually accepted resolved graph/schema contract; no pixel surface applies
asset_source	items/imported_food_lettuce.json	bf74414c23c93bd6249aff81d1ef7c675d80f6e3524463578cef6d4cd91283df	PASS	Manually accepted resolved graph/schema contract; no pixel surface applies
asset_source	items/imported_food_muckroot.json	041edeba2be1af3f0a68c529eeeb2248b3d44cb722017f875b4aa76cdc15d0b1	PASS	Manually accepted resolved graph/schema contract; no pixel surface applies
asset_source	items/imported_food_mulberries.json	eebb3829af9bccc814be96a6c39e2cb2e374e9a11f5284912ba3d9fa955a5ce9	PASS	Manually accepted resolved graph/schema contract; no pixel surface applies
asset_source	items/imported_food_mungbean.json	e6509f7b44ad07701f16baa00c55a991bb13de3e66eb4017f5889303565d9669	PASS	Manually accepted resolved graph/schema contract; no pixel surface applies
asset_source	items/imported_food_onion.json	1df54960165cd49f6024fa7663df72abb12d3f67145e8df52422bee1f76ddc4d	PASS	Manually accepted resolved graph/schema contract; no pixel surface applies
asset_source	items/imported_food_pantao.json	dc6420fbec5e8bce5e6bdbb1d4ed1c386644c3340eec8044d522d28dc0cb0b2f	PASS	Manually accepted resolved graph/schema contract; no pixel surface applies
asset_source	items/imported_food_pepper.json	1e68fb7573d57c9bfe4ffb07a0c154a4bf522dc305e8b3b8deaf4f150de67c80	PASS	Manually accepted resolved graph/schema contract; no pixel surface applies
asset_source	items/imported_food_prickleberries.json	55f3bfd6db6f83492d81ed402498a0dd83c13c94e0a6c659adc6bf5538bb4a31	PASS	Manually accepted resolved graph/schema contract; no pixel surface applies
asset_source	items/imported_food_radish.json	7f5bc93e132e80e669ee264b48c5c23a14b1859ac13cc94dcfb54cf11249241f	PASS	Manually accepted resolved graph/schema contract; no pixel surface applies
asset_source	items/imported_food_raspberries.json	bb1536bfa046343c430de2c492503d23bab519303d322c99f19bdeec54ddfbc3	PASS	Manually accepted resolved graph/schema contract; no pixel surface applies
asset_source	items/imported_food_redbeans.json	68b4e3235e3b2aa9aa23bea3d0d3139211d9bf40cdc5d06d1c95a1b0b2db284f	PASS	Manually accepted resolved graph/schema contract; no pixel surface applies
asset_source	items/imported_food_salmon_fillet_cooked.json	bd443d03f0f4d8708658330f5e3bd1cb31976f44bc1c727406d9825d6b221d03	PASS	Manually accepted resolved graph/schema contract; no pixel surface applies
asset_source	items/imported_food_salmon_fillet_raw.json	b984378afae362ce0834e93e2aae3a0268c4fd1bf34cb214234f9afa47adab9b	PASS	Manually accepted resolved graph/schema contract; no pixel surface applies
asset_source	items/imported_food_salmon_fillet_smoked.json	605b33b964ac429707b6f7e923ba98050fc4a1e074da9cd68bd9cb50ddb8166d	PASS	Manually accepted resolved graph/schema contract; no pixel surface applies
asset_source	items/imported_food_sausage_cooked.json	7bb50ac9e7e79aa99c5da6a37df0babf4e7ee4a9d0423fb63339472e8abbbcf1	PASS	Manually accepted resolved graph/schema contract; no pixel surface applies
asset_source	items/imported_food_sausage_raw.json	b741929409ea8470c00bdf3cdbd04a2f626a5708fdc128234f626803b04c8f63	PASS	Manually accepted resolved graph/schema contract; no pixel surface applies
asset_source	items/imported_food_silver_pear.json	74cb73992b4be98e4301bed6afdc48ccaea1a3842b9aaaac4546a478e1c0e67d	PASS	Manually accepted resolved graph/schema contract; no pixel surface applies
asset_source	items/imported_food_slab_beef_cooked.json	2513f3a7a6a7e13c09b9f86bd7cae8ef884f32df00a5b756f80c4c0eb89ec487	PASS	Manually accepted resolved graph/schema contract; no pixel surface applies
asset_source	items/imported_food_slab_beef_raw.json	2519e23adedbedc1342becaf9245f02030c2889a90b1047d49ed39199b672480	PASS	Manually accepted resolved graph/schema contract; no pixel surface applies
asset_source	items/imported_food_slab_beef_salted.json	9219aede4d9cbc9e3bc52eeae2a4bf177fc3a66e795b28a160759de1ad39b659	PASS	Manually accepted resolved graph/schema contract; no pixel surface applies
asset_source	items/imported_food_slab_cheval_cooked.json	8eb517f35b3c32aca504ca806bd20fdd2daa5c725aaf9bc439476cd230ff8373	PASS	Manually accepted resolved graph/schema contract; no pixel surface applies
asset_source	items/imported_food_slab_cheval_raw.json	5001734d3d8dcb02b61b6448301e090fc2de85e8ba7d8ca06b7d0909f367c2e4	PASS	Manually accepted resolved graph/schema contract; no pixel surface applies
asset_source	items/imported_food_slab_cheval_salted.json	53cd229a1b81c20335cc66c7be4fdcb41e97a22cf32368a2d16a4fabdb135a65	PASS	Manually accepted resolved graph/schema contract; no pixel surface applies
asset_source	items/imported_food_slab_mooshroom_cooked.json	1b62407e5f0cb47db594e7563375efe08647e46865f6fe22ce92ee09a234f140	PASS	Manually accepted resolved graph/schema contract; no pixel surface applies
asset_source	items/imported_food_slab_mooshroom_raw.json	386824afada66fc01fbe9375ee00113e05f603c3e5bae64336342ff1facf2733	PASS	Manually accepted resolved graph/schema contract; no pixel surface applies
asset_source	items/imported_food_slab_pork_cooked.json	391f3db11793d87c347da3d71eb3594e8cf80b86cd2dec38a8263fbaaac6bb35	PASS	Manually accepted resolved graph/schema contract; no pixel surface applies
asset_source	items/imported_food_slab_pork_raw.json	5bafe40d4db3fb7fb8c4ba9d57b0cfa91a71d93c45d319f45657d7a5bd8decf6	PASS	Manually accepted resolved graph/schema contract; no pixel surface applies
asset_source	items/imported_food_slab_pork_salted.json	2013ac109b0f9a8603f8bcf88a078e1f3583e91d13a937888a248eaca33a4198	PASS	Manually accepted resolved graph/schema contract; no pixel surface applies
asset_source	items/imported_food_slice_cantaloupe.json	6217fbdcf081042852cd3575d0c8e6efce8c8ef39a97ad8429ce897555f7dbfe	PASS	Manually accepted resolved graph/schema contract; no pixel surface applies
asset_source	items/imported_food_slice_honeydew.json	8a91ab339a4de46818b7d3bc8de596632b30583f9698ddee0bb3c8d930310dc3	PASS	Manually accepted resolved graph/schema contract; no pixel surface applies
asset_source	items/imported_food_slice_hornedmelon.json	0ac489bd8b193fb32ff82d8e286f4ed710a3e69062915608359d9807a5d33aa9	PASS	Manually accepted resolved graph/schema contract; no pixel surface applies
asset_source	items/imported_food_slice_squash.json	2972b875652b794cbe1b3a130da409b1970d8d1ef95582be1fcbf43c7fe05ae0	PASS	Manually accepted resolved graph/schema contract; no pixel surface applies
asset_source	items/imported_food_slice_wintermelon.json	6cf0bb340e7a00040700ee9e13503f8712053015e7c333de8df51002f2198e94	PASS	Manually accepted resolved graph/schema contract; no pixel surface applies
asset_source	items/imported_food_spinach.json	a7d518dab8410c2bda1adc72e3baa4f2973131e5ce66d8c6a34725a7066c0a08	PASS	Manually accepted resolved graph/schema contract; no pixel surface applies
asset_source	items/imported_food_stew_sweetpod.json	d6f440ab7c090c2b162567ea9b1152d2c9847455b937aa647e4609b864342261	PASS	Manually accepted resolved graph/schema contract; no pixel surface applies
asset_source	items/imported_food_strawberries.json	d31cd02db5209ca02d9b969411fd49ad02ecedb4ad8d484f2910c6c443b2d0c4	PASS	Manually accepted resolved graph/schema contract; no pixel surface applies
asset_source	items/imported_food_sunberries.json	63ce88ab46dcbd415700b3e54e9aa06172dc551ae49b11eaac83faf24fdae02d	PASS	Manually accepted resolved graph/schema contract; no pixel surface applies
asset_source	items/imported_food_sweetpod.json	bc200fb2ac1d755bb137456bc04616042aa9a43b27fe23aca39c4dbd5e7557e3	PASS	Manually accepted resolved graph/schema contract; no pixel surface applies
asset_source	items/imported_food_tomato.json	3c2e6e60409b22c3d5a73ca1cbb418ca6d524defdb4f4317e7a99b3b6765ce59	PASS	Manually accepted resolved graph/schema contract; no pixel surface applies
asset_source	items/imported_food_uradbean.json	63a71ace49d10c80dd502b00305b0e54a57efdddeb0bc1eca6ee172920ac13c4	PASS	Manually accepted resolved graph/schema contract; no pixel surface applies
asset_source	items/imported_food_wisdomfruit.json	0a2908907cc951259197172fd1b5a9d82773da44c742ca07df4091d96c848e16	PASS	Manually accepted resolved graph/schema contract; no pixel surface applies
asset_source	items/imported_magic_essence_blood_dust.json	2fdc718ae1580f78efc01040764f7a3947594a1c06e7a9b95e9839a1d6174897	PASS	Manually accepted resolved graph/schema contract; no pixel surface applies
asset_source	items/imported_magic_essence_sacred_dust.json	d4daa055c0c935197c243998cf4f06b0ccd962837dea0829bceee50c81f9cace	PASS	Manually accepted resolved graph/schema contract; no pixel surface applies
asset_source	items/imported_magic_essence_soul_dust.json	57c5c0c8af9cb683681437b9b4833d98dfa2ceb4a529c1fc3d0cb7086dfb9200	PASS	Manually accepted resolved graph/schema contract; no pixel surface applies
asset_source	items/indigo_crystal.json	8ddf62c91edfdddeb79f1e439935146ef9b0336cde49fe9b449c7d615d2a53b5	PASS	Manually accepted resolved graph/schema contract; no pixel surface applies
asset_source	items/infected_rainbow_crystal.json	55c8e24ff8aaf0f3800e4669ea3bc9023dbee75a31de0832cb87c8a5d2473e13	PASS	Manually accepted resolved graph/schema contract; no pixel surface applies
asset_source	items/iron_battle_axe.json	b25137094f18c799e4bb6e3a2a1921c10ff3de78b4977c37209d6740322f4930	PASS	Manually accepted resolved graph/schema contract; no pixel surface applies
asset_source	items/iron_broadsword.json	d8b67e1f694424943923ec27677e5432f37a00eec8421c9b1b4f7b0355bc49ca	PASS	Manually accepted resolved graph/schema contract; no pixel surface applies
asset_source	items/iron_dagger.json	51a39bb7779f7c236b6f2e1fff4b81174a80f4e262725d9ec6a75c72f10d4d9f	PASS	Manually accepted resolved graph/schema contract; no pixel surface applies
asset_source	items/iron_greataxe.json	05f462feafb1bdbbf61b83665318692d14198c3f4c8004aef403c6b02f9d31d6	PASS	Manually accepted resolved graph/schema contract; no pixel surface applies
asset_source	items/iron_halberd.json	b39d54787c704d926963d524eb152da03f8aa5d015c621994a7050a1e37fb67e	PASS	Manually accepted resolved graph/schema contract; no pixel surface applies
asset_source	items/iron_hay_sickle.json	69f7d4b8c2ce58251e2892f33f91d4d02ca8a83c6b0958fe2751f7614fa77255	PASS	Manually accepted resolved graph/schema contract; no pixel surface applies
asset_source	items/iron_mace.json	2ee4d0c79681d80087b7ad3eec13a9077e3aca74a5140e8c57c1b2955e1b4df1	PASS	Manually accepted resolved graph/schema contract; no pixel surface applies
asset_source	items/iron_polearm.json	03d1ee0837be2608806ce1e14a5490d6aa9f84b55d1e5410942c624300605820	PASS	Manually accepted resolved graph/schema contract; no pixel surface applies
asset_source	items/iron_sai.json	b49b2063389ccfa69b4b1093066c02be50c6f1b798f0646591b1da6c584c2965	PASS	Manually accepted resolved graph/schema contract; no pixel surface applies
asset_source	items/light_crystal.json	f1edc9506f37130669b945092f4c56bbb817dc76a280dab21eadcdc840068632	PASS	Manually accepted resolved graph/schema contract; no pixel surface applies
asset_source	items/light_herald_spawn_egg.json	bf531dae61052c15b4ed2fde2c48fa20af9afeb1aac73c96b616bbf42ea72a0e	PASS	Manually accepted resolved graph/schema contract; no pixel surface applies
asset_source	items/lycanbane.json	7050e820b722c0ebd7a90f3364bce603076265cc6a5431d818e85ba4e661d499	PASS	Manually accepted resolved graph/schema contract; no pixel surface applies
asset_source	items/moonlight.json	b40bf210652fae7345e02baeb3675380779951a19430e551475a905ff46123aa	PASS	Manually accepted resolved graph/schema contract; no pixel surface applies
asset_source	items/nature_sword.json	96222996c4af37a67ae55e480d5356449a34ecfaa98fef5ccea15af9ff732a43	PASS	Manually accepted resolved graph/schema contract; no pixel surface applies
asset_source	items/nocturne.json	0bb119070c0b6f4fccfedf22a805d4a6271d09e4b5915259bd39fd2dd1e0f836	PASS	Manually accepted resolved graph/schema contract; no pixel surface applies
asset_source	items/oculus.json	170329e461c80517ecd271adf6d607754a994e467f645e746a3128a35c464ef4	PASS	Manually accepted resolved graph/schema contract; no pixel surface applies
asset_source	items/orange_crystal.json	4dd49e7d529f4ae5a12323d4af453e779521099991924415eb93cfc260a5e885	PASS	Manually accepted resolved graph/schema contract; no pixel surface applies
asset_source	items/phantomguard_greatsword.json	66da3d317b5117179cc28cdf7426bf13024e5e4734168f70e211c0c45539c4c4	PASS	Manually accepted resolved graph/schema contract; no pixel surface applies
asset_source	items/phantomguard_partisan.json	54961e5e16702178640fa47f2b527de688a6c97b4148bcca890eee963db72fe2	PASS	Manually accepted resolved graph/schema contract; no pixel surface applies
asset_source	items/piercer.json	c561768211dc77a334d5793499c9ff79c1f61b9833325c332c2e7e0af90df906	PASS	Manually accepted resolved graph/schema contract; no pixel surface applies
asset_source	items/power_test_actor_spawn_egg.json	c9f21472ca5881e5c7756cb8f21a19ca61ac5959c24d2e267c9cef962e54f8f3	PASS	Manually accepted resolved graph/schema contract; no pixel surface applies
asset_source	items/pure_light.json	811d2362e9669e0f31bb418611dac738223fc886eeefb00458dd4f854501dbce	PASS	Manually accepted resolved graph/schema contract; no pixel surface applies
asset_source	items/radiant_sentinel_spawn_egg.json	f8576d070e64a94ad9f2002d91b9dc56d661e8ee03c2fc9f056e04e382e9a612	PASS	Manually accepted resolved graph/schema contract; no pixel surface applies
asset_source	items/rainbow_crystal.json	f94e279ea93fe1c5e9c3be0bbd880d9b318c4a13ed6d0476d10bd713969fc6b3	PASS	Manually accepted resolved graph/schema contract; no pixel surface applies
asset_source	items/ravenous_blade.json	cecf70d011e2cc1c632b918d92ea87e986e590af38989cf6b3d8cde95dacc5e8	PASS	Manually accepted resolved graph/schema contract; no pixel surface applies
asset_source	items/red_crystal.json	7bf974849d6af73430d94995c03267c672a88cd93c068550658f6c74d858bc9b	PASS	Manually accepted resolved graph/schema contract; no pixel surface applies
asset_source	items/revenants_darkscepter.json	89a374c62138126e08fb0d575ffc14388c18f327ad5cd1d011d7c34b14a475e5	PASS	Manually accepted resolved graph/schema contract; no pixel surface applies
asset_source	items/revenants_gravecleaver.json	15552a77a29dc9d4bd27c3988b1bb6cee55bae47aed7cd35d8689545e6fd61a3	PASS	Manually accepted resolved graph/schema contract; no pixel surface applies
asset_source	items/revenants_gravescepter.json	ad89c86d1541977f90ccb609e6b62fb9d6fecc6ca74d79bdaf9ddefa66b5e722	PASS	Manually accepted resolved graph/schema contract; no pixel surface applies
asset_source	items/runic_piercer.json	9902d51f85cda51721113acf1bd84fb0cab674b01768fb72b8cb546373f1d871	PASS	Manually accepted resolved graph/schema contract; no pixel surface applies
asset_source	items/sacrificial_cleaver.json	c3933f6640a76bcb600ac01ab3e375df056f5228706af9816b4599ae60edeca7	PASS	Manually accepted resolved graph/schema contract; no pixel surface applies
asset_source	items/skeleton_axe.json	307a4735259243113ba3e8d782371433d1215a1ff26e31205f747addc5b2f0b4	PASS	Manually accepted resolved graph/schema contract; no pixel surface applies
asset_source	items/solstice.json	1cb1d25bc9d0707fd1987f8e7c10a8f6a4e54cef53d2ed16a520ec950f9e20a3	PASS	Manually accepted resolved graph/schema contract; no pixel surface applies
asset_source	items/spider_sword.json	da619faa101f55458cefb580c6f969dab4f5e5e77f9fc9067323f56c268a049e	PASS	Manually accepted resolved graph/schema contract; no pixel surface applies
asset_source	items/talonbrand.json	5a87fa0a4e928d938b6ba3e0d532a465bb78f692a45624d3025a59d270d8f26e	PASS	Manually accepted resolved graph/schema contract; no pixel surface applies
asset_source	items/talonpick.json	f46517efa77f1d2caacfe492c24b38984e054cd77956327a30d4a677f7fc15d6	PASS	Manually accepted resolved graph/schema contract; no pixel surface applies
asset_source	items/talonshovel.json	35e9574b5f156f8186bc4106dd2f261ba7dc704b83e03ac61731c20bce0b1217	PASS	Manually accepted resolved graph/schema contract; no pixel surface applies
asset_source	items/treacherous_axe.json	3bdde2971a5e11cd0a441c30ad192da8733bf8e6f82eeb491dcc5f194bab8e46	PASS	Manually accepted resolved graph/schema contract; no pixel surface applies
asset_source	items/treacherous_bludgeon.json	29b773ff2c1d3528f2b0bf9b612a8d22b13c4f1ae5204110d148d174eb26b35a	PASS	Manually accepted resolved graph/schema contract; no pixel surface applies
asset_source	items/treacherous_cleaver.json	7ad010b98bbbe9bb1c3087ec0b7d8d63e13c145cf30e00c1104521373c2cbf6a	PASS	Manually accepted resolved graph/schema contract; no pixel surface applies
asset_source	items/uchigatana.json	d93583d9edccf9fdd01afe8d1e8035a6c577f588398a76969789ca771eaacdc9	PASS	Manually accepted resolved graph/schema contract; no pixel surface applies
asset_source	items/vaelith.json	573bed7f79f02b799a530760d8482708b4d1403a0dd183047d1094c1a91ba82c	PASS	Manually accepted resolved graph/schema contract; no pixel surface applies
asset_source	items/valhakyra.json	63645f6dcf1ecf554b34a8c5ad71fc758691f1a27fd37fa82daf6d711f8b06c7	PASS	Manually accepted resolved graph/schema contract; no pixel surface applies
asset_source	items/vengeance_blade.json	8e3eb9ff2bdb2d284dad007d8cd7cdb4387e26e862b114b446747ee3fba27e1d	PASS	Manually accepted resolved graph/schema contract; no pixel surface applies
asset_source	items/vesper.json	e7d9f54c601da1d0fd36fbd457a067043231279622f14dc245c6f39a4f4c06df	PASS	Manually accepted resolved graph/schema contract; no pixel surface applies
asset_source	items/vindicator.json	27458e90143eee006782e28d763dca7ad85697c499a2fc3f20d7f395b1284f42	PASS	Manually accepted resolved graph/schema contract; no pixel surface applies
asset_source	items/violet_crystal.json	04604023f0a0435ecf75b57e4ec083c812b0a58d7c8432bf5362bfb0adda7f12	PASS	Manually accepted resolved graph/schema contract; no pixel surface applies
asset_source	items/viridian_greataxe.json	a29c5e7bf03876fc8b31540dc97a9c8fb1e0b1d4df5a26c381346a0bdcaba79c	PASS	Manually accepted resolved graph/schema contract; no pixel surface applies
asset_source	items/viridian_pickaxe.json	8783b53710d768d46805d11b1971635ab5657585c660bee896f82d1eff9a9d49	PASS	Manually accepted resolved graph/schema contract; no pixel surface applies
asset_source	items/viridian_shovel.json	c8087c9b8747c06531bd78923097b6c19d142168fd41115efb586f1146b2aec1	PASS	Manually accepted resolved graph/schema contract; no pixel surface applies
asset_source	items/void_oculus.json	1a20e40fc7a484384eed904a25f41ed28f5f875877130ff20765fdd838f0787e	PASS	Manually accepted resolved graph/schema contract; no pixel surface applies
asset_source	items/windreaper.json	4b22d904fd7c2bc282818084dd2cca694dafab3a8d376501df81e1cbb0a44db9	PASS	Manually accepted resolved graph/schema contract; no pixel surface applies
asset_source	items/winterthorn.json	98730b460456279ade06ee7d30c9996bfd62d52656a89025bebae1a863bbb583	PASS	Manually accepted resolved graph/schema contract; no pixel surface applies
asset_source	items/wooden_bludgeon.json	6018e777c36088001eb66a66ae779f6660889e95633f6631ddc6bf7cf5f34464	PASS	Manually accepted resolved graph/schema contract; no pixel surface applies
asset_source	items/wooden_tonfa.json	ba48894030122b55fe7eb544be380d0e93c7b6e52ef3478cce277135c57531d2	PASS	Manually accepted resolved graph/schema contract; no pixel surface applies
asset_source	items/yellow_crystal.json	da8c632460cd9a7894f68bd0c878291785ddfbe7bbc1de4b4811dee7c8c74fbb	PASS	Manually accepted resolved graph/schema contract; no pixel surface applies
asset_source	items/zenith.json	b7fa9b3f9cf8e0e13894e62aa7fc5760cb4c375fd4811ce279ccf61707df2341	PASS	Manually accepted resolved graph/schema contract; no pixel surface applies
asset_source	lang/en_us.json	6b83f7784d050929fab48471828a5f423308573304a7384d50e2e2f622a808e4	PASS	Manually accepted resolved graph/schema contract; no pixel surface applies
asset_source	models/block/amethyst_ward.json	ec18f4c15589210b392233a7d721be93f8f09cd4e760282285fbb8e70f2b9b93	PASS	Manually accepted resolved graph/schema contract; no pixel surface applies
asset_source	models/block/amethyst_ward_powered.json	e82316d2c639438d73e8012bbe91040878aef58f037df899d0da90943b61950b	PASS	Manually accepted resolved graph/schema contract; no pixel surface applies
asset_source	models/block/arcane_crucible.json	7590e3936646626b46b3f6eb9b95ede6a21e742f6d79c89db685b65d872dd071	PASS	Manually accepted resolved graph/schema contract; no pixel surface applies
asset_source	models/block/arcane_crucible_active.json	5474925830ba09d0be04ff8d4483057925fc95fcfcfbed1754784928fd6db4cb	PASS	Manually accepted resolved graph/schema contract; no pixel surface applies
asset_source	models/block/darkness.json	9ac7f87cddf90c81b7af454825d8a2d8e1534a997f28c2fb58340ab6c131a7ee	PASS	Manually accepted resolved graph/schema contract; no pixel surface applies
asset_source	models/block/pure_light.json	52939669700eac75f83fb4e656b09f8a34e8557709a4b2f85fd36baec57813c3	PASS	Manually accepted resolved graph/schema contract; no pixel surface applies
asset_source	models/item/amethyst_greatblade.json	241e2fbcba8fc78e6bc09afa148c527646f34d866c611e32b9a2c4c316f47294	PASS	Manually accepted resolved graph/schema contract; no pixel surface applies
asset_source	models/item/amethyst_greatpick.json	550c5872599bfa3225f933fa4d5465053fc213d7274013c92401256e0575131c	PASS	Manually accepted resolved graph/schema contract; no pixel surface applies
asset_source	models/item/amethyst_greatshovel.json	916d82697623784d1af31da7762b21e385173f42c1985eb55bfeec46eae957dc	PASS	Manually accepted resolved graph/schema contract; no pixel surface applies
asset_source	models/item/amethyst_ward.json	17ec4c168f86a24f6c073d918db5bd235595d24e15c2fa78bef3fe05ac39c53a	PASS	Manually accepted resolved graph/schema contract; no pixel surface applies
asset_source	models/item/ancient_greatslab.json	b492f5d7b37ee367eb4555ae6a79672ffa1894a7fb8bfb0572c561d3844c60c5	PASS	Manually accepted resolved graph/schema contract; no pixel surface applies
asset_source	models/item/arcane_crucible.json	9d59a2e0d45ddd09365fc3d8a5b01febca7796a82aae553059210025a1af0dd7	PASS	Manually accepted resolved graph/schema contract; no pixel surface applies
asset_source	models/item/azure_dagger.json	8460cc3dc0bcf7d1e1e151be22c19c7115dfaa5e112d52ec121326ad1523bf88	PASS	Manually accepted resolved graph/schema contract; no pixel surface applies
asset_source	models/item/azure_greataxe.json	b27f21d322d0a757af90e71d16c172c5a76942a6caf69996bc9f6058d2b0d6bd	PASS	Manually accepted resolved graph/schema contract; no pixel surface applies
asset_source	models/item/azure_greatsword.json	613e9db6d4d89f3da64919b126a8c7f0dcf9da42f54d98dc996b58d524fc769c	PASS	Manually accepted resolved graph/schema contract; no pixel surface applies
asset_source	models/item/azure_pickaxe.json	1e09b1e3034e750429cacb2f0d79c396fac5bb9df62b309e87ae08d119ba0df5	PASS	Manually accepted resolved graph/schema contract; no pixel surface applies
asset_source	models/item/azure_sabre.json	00c4d44f1031cdbe3c3f6e6d802f7219b2bb14101559d48e7d87cd4f867de042	PASS	Manually accepted resolved graph/schema contract; no pixel surface applies
asset_source	models/item/azure_scythe.json	106512fbfe0733e0581f00f741bb73aba56f7be0d3e66745b5e63abfc9688cfa	PASS	Manually accepted resolved graph/schema contract; no pixel surface applies
asset_source	models/item/azure_shovel.json	893287c3660332ed84e5038ae052c7ebd1e2d701335b3f6b4761316d4c516e08	PASS	Manually accepted resolved graph/schema contract; no pixel surface applies
asset_source	models/item/berserkers_cleaver.json	a41ec6f3f769e8a9259ebe479c3a5c573ed9af311f077d84f9887fb3b99347e8	PASS	Manually accepted resolved graph/schema contract; no pixel surface applies
asset_source	models/item/berserkers_greataxe.json	d329b425659955e1306de1f1d6b4191b6dd73be9f1154f83616ef01032a08108	PASS	Manually accepted resolved graph/schema contract; no pixel surface applies
asset_source	models/item/black_iron_clobberer.json	23d15d0e4349ae9d1949208dbcc85dc74689039a3f3b3916de57934115c30123	PASS	Manually accepted resolved graph/schema contract; no pixel surface applies
asset_source	models/item/black_iron_greataxe.json	1f3bbf9d02c10f598e4223d44ea4c5ce0728b02bc733701aafa1c111660c5f78	PASS	Manually accepted resolved graph/schema contract; no pixel surface applies
asset_source	models/item/black_iron_greatsword.json	d9ece1b964349d31f413e7d8c2caa9352d37d1828178734524c79b30d3bdb78b	PASS	Manually accepted resolved graph/schema contract; no pixel surface applies
asset_source	models/item/blue_crystal.json	af23bd00f066c308dacefd1505926a8269e769885fe860eb05170f25640126be	PASS	Manually accepted resolved graph/schema contract; no pixel surface applies
asset_source	models/item/calamity_blade.json	53f27959edf61b7e5148d4b857b9ea0c2e552df702a8ab3788c125bb39908b8a	PASS	Manually accepted resolved graph/schema contract; no pixel surface applies
asset_source	models/item/claymore.json	71f881fb823da08a15ee0feab9d9ca8b2557dfd174992baef6c732dd74c4680a	PASS	Manually accepted resolved graph/schema contract; no pixel surface applies
asset_source	models/item/crescent_greataxe.json	2a1d8a7b8f02bb812da6b2fbeb2d73d599284c13ed64f8529eeb5b8e9570183e	PASS	Manually accepted resolved graph/schema contract; no pixel surface applies
asset_source	models/item/crimson_cleaver.json	0914375c20015baa0aad953f64bda40fa4e560ee5cebb871d595d6f959a9768d	PASS	Manually accepted resolved graph/schema contract; no pixel surface applies
asset_source	models/item/crystal_frostblade.json	473e5ee9d0692d98779b6d82d9005c938ac422793db6e1f8b77c53b69d4bf34e	PASS	Manually accepted resolved graph/schema contract; no pixel surface applies
asset_source	models/item/crystal_frostscythe.json	f6d6c5df300df4c1e5995c9f0ec8df3204eee98f23bf17bf50a7b352822bee8f	PASS	Manually accepted resolved graph/schema contract; no pixel surface applies
asset_source	models/item/dark_crystal.json	e5e6d237f3acb6f373fbbab4cda9633cff736e51315bb42873ad848d925cb42e	PASS	Manually accepted resolved graph/schema contract; no pixel surface applies
asset_source	models/item/dark_herald_spawn_egg.json	86d3e1df86df08abc1a726c1cdbc13250e906c8c3c5fd3513da7e9d89973e704	PASS	Manually accepted resolved graph/schema contract; no pixel surface applies
asset_source	models/item/darkness.json	a8e458350b3bd451f7adb8556d24cfa8cf95db76aca63b1046af6258677c6768	PASS	Manually accepted resolved graph/schema contract; no pixel surface applies
asset_source	models/item/darkness_creature_spawn_egg.json	e6ff2050fa6f1bc2ef5d295606f91949b8e68ca600943b5d02a0259842f15596	PASS	Manually accepted resolved graph/schema contract; no pixel surface applies
asset_source	models/item/demonic_sword.json	57d7e4955b45f12c2ede5241c4f6f7b0a7cdcfd13b98376b3dd1e66772ed1617	PASS	Manually accepted resolved graph/schema contract; no pixel surface applies
asset_source	models/item/demons_blood_blade.json	37665014746e8c90a92b6785131757909bdc1660217f652e90450ca8375dff81	PASS	Manually accepted resolved graph/schema contract; no pixel surface applies
asset_source	models/item/demons_blood_pick.json	4c16eee97c8ad68540a91e41f8e5df6cad883974fdaf5052fef18a99ba4e40a9	PASS	Manually accepted resolved graph/schema contract; no pixel surface applies
asset_source	models/item/demons_blood_shovel.json	a8c3af5860ddc935364d234ca1a1029435eaedbde0c94798f7a745f315c004a9	PASS	Manually accepted resolved graph/schema contract; no pixel surface applies
asset_source	models/item/demonslayers_greatsword.json	44d004297f79129eb00dd7e0bc17db8596b20698d524ad3e09474a5b230bc597	PASS	Manually accepted resolved graph/schema contract; no pixel surface applies
asset_source	models/item/dragon_sword.json	77f630c592df0686699b2f9e9441a050aad9e0a6805b4c500d7dd82678c262a3	PASS	Manually accepted resolved graph/schema contract; no pixel surface applies
asset_source	models/item/emerald_greatcleaver.json	769694d0b39862ef584b230addd4ab15a5a73c6dce9ed39bf3fda79b4ffc8593	PASS	Manually accepted resolved graph/schema contract; no pixel surface applies
asset_source	models/item/ethereal_frostblade.json	0fe7128348903c8f3b68cd461cc4c4d0696d0ca943df2ab64cd9a1778734095d	PASS	Manually accepted resolved graph/schema contract; no pixel surface applies
asset_source	models/item/first_vessel_spawn_egg.json	55140da295f88fd0fc10bc3219be6b0b253df3615539927ad3aef396eeba6df3	PASS	Manually accepted resolved graph/schema contract; no pixel surface applies
asset_source	models/item/flamberge.json	dcdd30d70f8070c66d629b4004a5e6fa8de3b9ac3e1236e08063480f120e98ad	PASS	Manually accepted resolved graph/schema contract; no pixel surface applies
asset_source	models/item/gilded_phoenix_greataxe.json	63529c2e9a6b88aad9bea96ea5269a6c9434927999ace0f98614767c92a96726	PASS	Manually accepted resolved graph/schema contract; no pixel surface applies
asset_source	models/item/gloomsteel_greataxe.json	da59f0ba353468bff0b96d306435b3f7c571d34532caa641d1954a89a326f42c	PASS	Manually accepted resolved graph/schema contract; no pixel surface applies
asset_source	models/item/gloomsteel_katana.json	70941df80d62ccd048db7880891747cb43dcb3a5d9a702f5bc8b20fecdbc2b1d	PASS	Manually accepted resolved graph/schema contract; no pixel surface applies
asset_source	models/item/gloomsteel_knife.json	765677e9132046bed9586daf03ef28ac7b092d591fd5af6d759cfb9accca3068	PASS	Manually accepted resolved graph/schema contract; no pixel surface applies
asset_source	models/item/grand_claymore.json	cce9c6149aa346ecc0e931f33b3b895fbd0cdb367893b86e856bb18bc8f23596	PASS	Manually accepted resolved graph/schema contract; no pixel surface applies
asset_source	models/item/green_crystal.json	d29243ef2afc119ed8376f7ebd5a3d24cc5dd353eaba4f158279a427b3b46fcb	PASS	Manually accepted resolved graph/schema contract; no pixel surface applies
asset_source	models/item/heavenly_partisan.json	3d61e571d8d5bbc322561b5520a09707d3c8fcf7fb56fc79e51351cc0d50220c	PASS	Manually accepted resolved graph/schema contract; no pixel surface applies
asset_source	models/item/imported_artifact_ammolite.json	4755a3e3e2b84d69928d5ae492101d296d87ec94b86e6487ecd5ad4465fdfacc	PASS	Manually accepted resolved graph/schema contract; no pixel surface applies
asset_source	models/item/imported_artifact_amulet.json	27e8752564225ffe6e5441906e770f4ac9ce4c454e5e7478bf314aaaabe133ea	PASS	Manually accepted resolved graph/schema contract; no pixel surface applies
asset_source	models/item/imported_artifact_beating_heart.json	433b6efcbc89e97918549a24e236e0e54c08ae05033d153a2dd1f2aa6d98a9ac	PASS	Manually accepted resolved graph/schema contract; no pixel surface applies
asset_source	models/item/imported_artifact_blackpearl.json	3dac2376f70e79096230859e62af9b2eba494f97e93fbaeb95e438b992dfedc3	PASS	Manually accepted resolved graph/schema contract; no pixel surface applies
asset_source	models/item/imported_artifact_bloodstone.json	3fd75bfdb81f94c1ddcc599b52ebe133c2dcf41e9ccb2dff8cb0f8721d3a12a2	PASS	Manually accepted resolved graph/schema contract; no pixel surface applies
asset_source	models/item/imported_artifact_bonefigurine.json	1af901094540314c391e36ddc493c47c68426ea52a918ab1445c43eb635842ac	PASS	Manually accepted resolved graph/schema contract; no pixel surface applies
asset_source	models/item/imported_artifact_bound_runestone_active_1.json	415a1d8425be79724cbc1ab66a7d8f2425672a5948fc070e754d78dce4d3fe35	PASS	Manually accepted resolved graph/schema contract; no pixel surface applies
asset_source	models/item/imported_artifact_bound_runestone_active_2.json	c257a396565b4f3d7f129d813fecfb2f682d13e96f7553ea5bf909a8641bc4b2	PASS	Manually accepted resolved graph/schema contract; no pixel surface applies
asset_source	models/item/imported_artifact_bound_runestone_active_3.json	2e70e57dc8459524e9f6f1aa8a959bbd445fd9d748fb5ed5602c053a41c902d4	PASS	Manually accepted resolved graph/schema contract; no pixel surface applies
asset_source	models/item/imported_artifact_bound_runestone_inert_1.json	9b3285e06f6a8021c08887901c820183e982f2a5eab82f444b93fbd7762ae385	PASS	Manually accepted resolved graph/schema contract; no pixel surface applies
asset_source	models/item/imported_artifact_bound_runestone_inert_2.json	5269c74ba422560905c147acea1eb1fe2863be4e107336bdc8e92c7917b3d3f0	PASS	Manually accepted resolved graph/schema contract; no pixel surface applies
asset_source	models/item/imported_artifact_bound_runestone_inert_3.json	6497c886ba0a0db474fe311b13738d269c392aee0376de4f7aa0dd0751c4fc45	PASS	Manually accepted resolved graph/schema contract; no pixel surface applies
asset_source	models/item/imported_artifact_bowl.json	a8b8a26a2bc4a187e804bd6eadd6f691ff52071eadfdcb4e6d41d2a1a243aae5	PASS	Manually accepted resolved graph/schema contract; no pixel surface applies
asset_source	models/item/imported_artifact_bullion.json	d5656e7160d8c905980df5b1d9967b531dbffac52b3cd3488fc31457e8214431	PASS	Manually accepted resolved graph/schema contract; no pixel surface applies
asset_source	models/item/imported_artifact_coins.json	781c2a0e1b553f0e151e41cde20d95bc56b5f0b30e981fb19e69a35334349ad7	PASS	Manually accepted resolved graph/schema contract; no pixel surface applies
asset_source	models/item/imported_artifact_corroded_copper_ring.json	5e43e4b5d4c711ca77c01f7cc0bf6389114b63ec0e02893da1ecab4be2e71106	PASS	Manually accepted resolved graph/schema contract; no pixel surface applies
asset_source	models/item/imported_artifact_dark_bone_figurine.json	fe35d7897cb28f097bab1c5e9732692ae9d79db9d8ea2771559d4c3f71c3122a	PASS	Manually accepted resolved graph/schema contract; no pixel surface applies
asset_source	models/item/imported_artifact_diamond_ring.json	a6ad3c123f2bc3535df79d47c85289bf78e02b88bbf3dc6632242dfc5c34ed1e	PASS	Manually accepted resolved graph/schema contract; no pixel surface applies
asset_source	models/item/imported_artifact_dripping_orb_1.json	5a209ec04aec3338849ca3cf51ef696a49ae4a35914a395bfee83d1164640545	PASS	Manually accepted resolved graph/schema contract; no pixel surface applies
asset_source	models/item/imported_artifact_dripping_orb_2.json	0f78ea742654403639cdcc5112017d5d02a4b6534c5283a531e6d88e7532ca9d	PASS	Manually accepted resolved graph/schema contract; no pixel surface applies
asset_source	models/item/imported_artifact_emerald_ring.json	03ffe58d1bc985b3ff7dd13c2a96b27e34e9e3a580296b05477e14d65a55c4dc	PASS	Manually accepted resolved graph/schema contract; no pixel surface applies
asset_source	models/item/imported_artifact_emperyeanjewel.json	560824bf6cdd1f6596e2b3a7f6a733e973cf910be665f467d2064c044bffbf5c	PASS	Manually accepted resolved graph/schema contract; no pixel surface applies
asset_source	models/item/imported_artifact_flute.json	c950823a346c23939ef99256ca12000936fd068afffbb3afca80bef2d08fbaa4	PASS	Manually accepted resolved graph/schema contract; no pixel surface applies
asset_source	models/item/imported_artifact_ghoul_heart.json	9772879bfd47c21cce47782a3f35c023b9879877f701b431301bf9f6895e962e	PASS	Manually accepted resolved graph/schema contract; no pixel surface applies
asset_source	models/item/imported_artifact_heart_mechanism.json	736ac42aa11d8b474f2d0402d393a63c9ac10e0f770a9547e53e51e8eecec04d	PASS	Manually accepted resolved graph/schema contract; no pixel surface applies
asset_source	models/item/imported_artifact_lodestone.json	2381de8133e8e756d797dcf9329f7ad6176428c91c16ed4b033ba5cb2e8e2060	PASS	Manually accepted resolved graph/schema contract; no pixel surface applies
asset_source	models/item/imported_artifact_malignember.json	ca27f98626ffe18f86bbb98baf5b48795105c06d7b90c5c7000e309980af089a	PASS	Manually accepted resolved graph/schema contract; no pixel surface applies
asset_source	models/item/imported_artifact_oddstone.json	1cc60f6506f00546096bae72f452932b20f2738cac1834533a177796e642ded6	PASS	Manually accepted resolved graph/schema contract; no pixel surface applies
asset_source	models/item/imported_artifact_philosopherstone.json	3fc858263aa1d4101ac07123e9fcc5529d60f4ef6449d4a75c2c085f131d6c09	PASS	Manually accepted resolved graph/schema contract; no pixel surface applies
asset_source	models/item/imported_artifact_plain_copper_ring.json	582e556e68153425784d72e03a35cf0c60cac4665e0dd79eaab71ffd761e0daf	PASS	Manually accepted resolved graph/schema contract; no pixel surface applies
asset_source	models/item/imported_artifact_ritualdagger.json	77e97a3f42919a43fff7ea88b19dd51e5bd4ef29cf79d8321051675cbb06b2fa	PASS	Manually accepted resolved graph/schema contract; no pixel surface applies
asset_source	models/item/imported_artifact_runestone_back.json	2b0ca23672dd0d938c617df9faecf6e4c419d2154f171edac2b060809bde556f	PASS	Manually accepted resolved graph/schema contract; no pixel surface applies
asset_source	models/item/imported_artifact_runestone_dark_inscribed_large.json	3596b817f7a87c46998b685476d7ade2e022a43136a4a3478ec18244bcc1584c	PASS	Manually accepted resolved graph/schema contract; no pixel surface applies
asset_source	models/item/imported_artifact_runestone_dark_inscribed_medium.json	86a5d6817330da396628acd6b7efbd88170fd30a32b8d6dbdae1dc845c0c9af6	PASS	Manually accepted resolved graph/schema contract; no pixel surface applies
asset_source	models/item/imported_artifact_runestone_dark_inscribed_small.json	cf4423ff04a0f55acb8a416f9128a1a5b38cc221f565bbefbebfe51004b927dc	PASS	Manually accepted resolved graph/schema contract; no pixel surface applies
asset_source	models/item/imported_artifact_runestone_dark_inscribed_tiny.json	7e8379e05ae550ab5f9063d45821635d0813cca597e89efdd7e8540d7efdb9c5	PASS	Manually accepted resolved graph/schema contract; no pixel surface applies
asset_source	models/item/imported_artifact_runestone_dark_large.json	8e2b9544da97b67216999375086b8d409e50a03eadba93c97f0da585bc720ad7	PASS	Manually accepted resolved graph/schema contract; no pixel surface applies
asset_source	models/item/imported_artifact_runestone_dark_medium.json	80bcdcee8a9ebd5e03716c812b7065068ef3aabde9081e6c9a1a880cf562bbec	PASS	Manually accepted resolved graph/schema contract; no pixel surface applies
asset_source	models/item/imported_artifact_runestone_dark_small.json	cfe102fae6f3752b8eff2d67141bb1d89377a999687d4b37cfe90c301d8732ac	PASS	Manually accepted resolved graph/schema contract; no pixel surface applies
asset_source	models/item/imported_artifact_runestone_dark_tiny.json	0efbc524f19c586fa2aaf3e55787dab40cd04b694ec1248b6f44c2ecb76e1964	PASS	Manually accepted resolved graph/schema contract; no pixel surface applies
asset_source	models/item/imported_artifact_runestone_frigid.json	3f5789a1b7104c768e724df8ce2b65fdc6f097694f5943129057c90b575d5a5f	PASS	Manually accepted resolved graph/schema contract; no pixel surface applies
asset_source	models/item/imported_artifact_runestone_inert.json	246426b5377e1519f87b761f7b314da8d62de22b2d0e4b5813d03371acc2accd	PASS	Manually accepted resolved graph/schema contract; no pixel surface applies
asset_source	models/item/imported_artifact_runestone_overlay_0.json	29d510aca134bf2a4333631aa751bf81ccdf612168005717ae1da02b217b2c31	PASS	Manually accepted resolved graph/schema contract; no pixel surface applies
asset_source	models/item/imported_artifact_runestone_overlay_1.json	437d9a442d6c9965cbb9854c3f2face3aa3320422a8ff54721e84c52b08ca43a	PASS	Manually accepted resolved graph/schema contract; no pixel surface applies
asset_source	models/item/imported_artifact_runestone_overlay_10.json	751b86853712cd46ac11e433ae1f5321adc948b9bdb3823d9d1e98ea10f67128	PASS	Manually accepted resolved graph/schema contract; no pixel surface applies
asset_source	models/item/imported_artifact_runestone_overlay_2.json	0fa8a6e51b9bd1227ab84785c53421ea3b99d6b1914074beec1c29c29f716ec2	PASS	Manually accepted resolved graph/schema contract; no pixel surface applies
asset_source	models/item/imported_artifact_runestone_overlay_3.json	7f9a208ec002698f3cc0c23ae379fc3effb1e8ba3d30537b6275307ee8282418	PASS	Manually accepted resolved graph/schema contract; no pixel surface applies
asset_source	models/item/imported_artifact_runestone_overlay_4.json	a2edda884341b8740a2d55a65c6fb0b205c624abced1b6d50f52f5abeba87c0e	PASS	Manually accepted resolved graph/schema contract; no pixel surface applies
asset_source	models/item/imported_artifact_runestone_overlay_5.json	1b56cc85642ed03932788981b517953118d1539524368c953e09c38667f7c3bf	PASS	Manually accepted resolved graph/schema contract; no pixel surface applies
asset_source	models/item/imported_artifact_runestone_overlay_6.json	9007152ae0e46d969c8b00fcaaacd5c370e309ff972cc8c0af5fe546a6aaafeb	PASS	Manually accepted resolved graph/schema contract; no pixel surface applies
asset_source	models/item/imported_artifact_runestone_overlay_7.json	ae39c4abfc19e2d30b1d0fe0a655704f57ea11359b28f59063e035ec8acada59	PASS	Manually accepted resolved graph/schema contract; no pixel surface applies
asset_source	models/item/imported_artifact_runestone_overlay_8.json	50362f993296910d1293bf738a404f6e7788b989fcb4678cb43faa64ea512007	PASS	Manually accepted resolved graph/schema contract; no pixel surface applies
asset_source	models/item/imported_artifact_runestone_overlay_9.json	bd41e306cc1ae4c8be76a99d5a2d24675c251eb35aab2de7aecd71a43a5ad199	PASS	Manually accepted resolved graph/schema contract; no pixel surface applies
asset_source	models/item/imported_artifact_smallpot.json	4aa036dea40ad8dcd02fdc88230202403d3c423cd5757bdd881776ad8b437a0b	PASS	Manually accepted resolved graph/schema contract; no pixel surface applies
asset_source	models/item/imported_artifact_soulmatrix.json	bcee201433e905b777a500ede236fdd9459a530a0641163277f026eca0c94d25	PASS	Manually accepted resolved graph/schema contract; no pixel surface applies
asset_source	models/item/imported_artifact_soulstone_large.json	9698cd3a76da76333932cc846b1d38dcf38ba5ba5983553791b7cb110bfa3f98	PASS	Manually accepted resolved graph/schema contract; no pixel surface applies
asset_source	models/item/imported_artifact_soulstone_large_inert.json	f9ba8ff31331fd955fc458e3f99cbaf3b72b7e05491006e9f39fac6f6e1533e5	PASS	Manually accepted resolved graph/schema contract; no pixel surface applies
asset_source	models/item/imported_artifact_soulstone_medium.json	7f9bbd86670e041d0ee47b3432153300e4bfd2188c6880f89f01b526fec4e4fe	PASS	Manually accepted resolved graph/schema contract; no pixel surface applies
asset_source	models/item/imported_artifact_soulstone_medium_inert.json	97f804b7cbf9f59cb56e698993a607f539e753d42ff5645ddba11b4d76774490	PASS	Manually accepted resolved graph/schema contract; no pixel surface applies
asset_source	models/item/imported_artifact_soulstone_small.json	5dcad44f6a3f811dd1aeb192f8c1c61611cdcb3f229b71395fd5c7418745e755	PASS	Manually accepted resolved graph/schema contract; no pixel surface applies
asset_source	models/item/imported_artifact_soulstone_small_inert.json	60c51a35981e76bb07ff6b28d41cf33e4631c7801a37c4c2d5889bf2529c72b4	PASS	Manually accepted resolved graph/schema contract; no pixel surface applies
asset_source	models/item/imported_artifact_star.json	524eaf30b92094587755f32e4272dec4a46636681b63b063f59f6ac0414afe6e	PASS	Manually accepted resolved graph/schema contract; no pixel surface applies
asset_source	models/item/imported_artifact_star_animated.json	297c4561acbf40fa3029ac10b0275f38206814f4eb22e39160549df5354cd560	PASS	Manually accepted resolved graph/schema contract; no pixel surface applies
asset_source	models/item/imported_artifact_trilobite_fossil.json	304520644d665597b301a3d85b5091033d0f25f4cb7926780ec2edb2a7009aa7	PASS	Manually accepted resolved graph/schema contract; no pixel surface applies
asset_source	models/item/imported_artifact_trilobitefossil.json	ec075343ebb9eb200e329fd3b05bc0b278a81729f4cc6f6b947ef8a9de4bc40b	PASS	Manually accepted resolved graph/schema contract; no pixel surface applies
asset_source	models/item/imported_artifact_woodheart.json	84ec827d008fec847c18e325998c171c8ab189e9b453f30eac3289e6d2b3c1af	PASS	Manually accepted resolved graph/schema contract; no pixel surface applies
asset_source	models/item/imported_blood_salts_2.json	a022761d5a46ed41caea86250f69f278b7941b29dd3afd1a9e4cac6854a4310e	PASS	Manually accepted resolved graph/schema contract; no pixel surface applies
asset_source	models/item/imported_book_grimoire_abyssal.json	0c65c17918045467d62992bfd66c05013c02ae890ed59c765939d2e067c53806	PASS	Manually accepted resolved graph/schema contract; no pixel surface applies
asset_source	models/item/imported_book_grimoire_blight.json	45cf3af1595d64212fe08dad41b2b467a0c96aafa76a91d03d91ae03d3037ca3	PASS	Manually accepted resolved graph/schema contract; no pixel surface applies
asset_source	models/item/imported_book_grimoire_celestial.json	b073125f532ba4274bcdeeaae713d730766e7d4ee18e1db2cb3217af44dc4bd5	PASS	Manually accepted resolved graph/schema contract; no pixel surface applies
asset_source	models/item/imported_book_grimoire_deep.json	2e806ad226af8137751d52dbd3af4114f4eb54965495ad5ea6e3e8b7fe5be3a6	PASS	Manually accepted resolved graph/schema contract; no pixel surface applies
asset_source	models/item/imported_book_grimoire_infernal.json	f9df7776a25bbce14b9ba52a249531071b8807e11f285084484c18b24e2bca79	PASS	Manually accepted resolved graph/schema contract; no pixel surface applies
asset_source	models/item/imported_book_grimoire_recolor.json	fb1d36d384d2530285c60a42442406340920cecc8be6ed607adfeff501d4edef	PASS	Manually accepted resolved graph/schema contract; no pixel surface applies
asset_source	models/item/imported_book_grimoire_recolor_overlay_abyssal.json	68fb81e289477cd7a2084d0a2ae65a6a7eeb6cfd6a36b3e5611b94dacaecb62a	PASS	Manually accepted resolved graph/schema contract; no pixel surface applies
asset_source	models/item/imported_book_grimoire_recolor_overlay_blight.json	060b4eacb507be2e6077596c8db52095e9ae77f03717f109ac051b1c624ece01	PASS	Manually accepted resolved graph/schema contract; no pixel surface applies
asset_source	models/item/imported_book_grimoire_recolor_overlay_celestial.json	a8ea636908a82550de40c2ae90a64a3da033e2b3e28080d7f6cd94388a82acb4	PASS	Manually accepted resolved graph/schema contract; no pixel surface applies
asset_source	models/item/imported_book_grimoire_recolor_overlay_deep.json	3b4b094746105f4d6584058801e51a90a92feb8e1ad2e3b0f132712af306314a	PASS	Manually accepted resolved graph/schema contract; no pixel surface applies
asset_source	models/item/imported_book_grimoire_recolor_overlay_infernal.json	faa690108301bd31b93c90ba3a87a469a485c9197e3d4b11a7566197309c4ac4	PASS	Manually accepted resolved graph/schema contract; no pixel surface applies
asset_source	models/item/imported_book_grimoire_recolor_overlay_wild.json	40ffce8870546cbf243ddab79058059460e72d7dc9aa077a18aa9866e0bbdbf3	PASS	Manually accepted resolved graph/schema contract; no pixel surface applies
asset_source	models/item/imported_book_grimoire_wild.json	923c6508cb66884eb33602174a74af7b2b904e6b3174ef8585977975228e449a	PASS	Manually accepted resolved graph/schema contract; no pixel surface applies
asset_source	models/item/imported_book_page_written.json	a6ee3fe532264511c4ce602dfbb11481e228b79614a366bc0a804e9f9897499d	PASS	Manually accepted resolved graph/schema contract; no pixel surface applies
asset_source	models/item/imported_book_tattered.json	b8bfedff6b822c3d26a72e55a0f320b1cacc9025ab0e7c822f273f0c5d876411	PASS	Manually accepted resolved graph/schema contract; no pixel surface applies
asset_source	models/item/imported_device_miniportal.json	5d7eb903aed3313d53c488d5d639f8db432144b9521b8dfcc700115a0d47520e	PASS	Manually accepted resolved graph/schema contract; no pixel surface applies
asset_source	models/item/imported_device_miniportal_active.json	2a469ed2d60ea9c903488d333d29e6e44b8fb3b33133b02bf9ab67bdcafb0b32	PASS	Manually accepted resolved graph/schema contract; no pixel surface applies
asset_source	models/item/imported_food_apple_green.json	965c1886428e08a6e8088a622403964e8c51edeb420497d2a72a24baee894a64	PASS	Manually accepted resolved graph/schema contract; no pixel surface applies
asset_source	models/item/imported_food_apple_wormy.json	9381cd63c0dcbf8984c655b36494da329e73d757818c0ec20ab6327e6d8c032d	PASS	Manually accepted resolved graph/schema contract; no pixel surface applies
asset_source	models/item/imported_food_apple_wormy_2.json	dba78f398f97bd43cd2a27c23b1d6d819849ddc5a19fbb4e53d8ed7c1a4dd7c3	PASS	Manually accepted resolved graph/schema contract; no pixel surface applies
asset_source	models/item/imported_food_bacon_cooked.json	5d34a4180468d8cf3e707129abf87c754f39779d8af1e4c2525c16b911a2e6db	PASS	Manually accepted resolved graph/schema contract; no pixel surface applies
asset_source	models/item/imported_food_bacon_raw.json	5f9092868e9b9640e8930581bf706624473264bf6e1b71d71b7e015216078e1b	PASS	Manually accepted resolved graph/schema contract; no pixel surface applies
asset_source	models/item/imported_food_beans.json	9f91fcacad75d45d29f4303a4e8981fc7ca5261c4dd119ded32fe47a4a637af2	PASS	Manually accepted resolved graph/schema contract; no pixel surface applies
asset_source	models/item/imported_food_beet.json	ab3166576be2f0bf57c02e7501c43e960004745d6d9e27dba6f4c908d81a6977	PASS	Manually accepted resolved graph/schema contract; no pixel surface applies
asset_source	models/item/imported_food_billberry.json	4a99729de379ead9dabd2ab5457e59f095e7720ccb05b228ea5308ec63357cc2	PASS	Manually accepted resolved graph/schema contract; no pixel surface applies
asset_source	models/item/imported_food_blackberry.json	290b32caf20ac751e71f22b831a611327410abbf399f3cd06404d7b37a839850	PASS	Manually accepted resolved graph/schema contract; no pixel surface applies
asset_source	models/item/imported_food_blueberries.json	1f1e8da40619d5c9bd4a775617cded1aedfb331562ac789a7b73ae17a526238f	PASS	Manually accepted resolved graph/schema contract; no pixel surface applies
asset_source	models/item/imported_food_bread_big.json	cdd563990c0f344c5fe8ace575232121d4d0d1da7cf47f526415f755f76c10b0	PASS	Manually accepted resolved graph/schema contract; no pixel surface applies
asset_source	models/item/imported_food_cabbage.json	c6eb09bf937ac346d8cda0a93364dfa6682319f5c68fe742209524c92d585a0a	PASS	Manually accepted resolved graph/schema contract; no pixel surface applies
asset_source	models/item/imported_food_chickpeas.json	d8f7468241eaeda601617ac1267137d1f9d3de8f084096ab61c9ddbf653ea2fc	PASS	Manually accepted resolved graph/schema contract; no pixel surface applies
asset_source	models/item/imported_food_coconut_normal.json	a4bf9c2f33a8624376aa337ea9857958f32ba07517e777faf2f2a1509084c084	PASS	Manually accepted resolved graph/schema contract; no pixel surface applies
asset_source	models/item/imported_food_coconut_opened.json	0dea5debbd57fac3795a59f5ea23e253e2e07ab70107082b7b974d9937101ffc	PASS	Manually accepted resolved graph/schema contract; no pixel surface applies
asset_source	models/item/imported_food_coconut_straw.json	3a99c3b8bbdc6ef7372e9d374b6e99327fd7395d2e5fef2520e5a1edcabced23	PASS	Manually accepted resolved graph/schema contract; no pixel surface applies
asset_source	models/item/imported_food_cranberries.json	12f7aff6e61dc33d7fa1e6e0e2abed81edf3d93bfbd8657e00c1b42ee343dcaa	PASS	Manually accepted resolved graph/schema contract; no pixel surface applies
asset_source	models/item/imported_food_fig.json	c0890a93839bb0a0d3e6785944d6693236150ba5ec0b09bf9e04cbfc186c4c34	PASS	Manually accepted resolved graph/schema contract; no pixel surface applies
asset_source	models/item/imported_food_fish_fillet_cooked.json	3e295f1e401fff68523229873d454bc059ba7555c8ce4a3b52010da5250e2571	PASS	Manually accepted resolved graph/schema contract; no pixel surface applies
asset_source	models/item/imported_food_fish_fillet_raw.json	bb5357a06ffd2f5673f493e8ce656292fff035cc76da34e0d6dcebf7ac56f37c	PASS	Manually accepted resolved graph/schema contract; no pixel surface applies
asset_source	models/item/imported_food_fish_fillet_smoked.json	3f83a20d2df6a230ff5a94641836d2abaca0bdf95a4e02805eea214e8fd02891	PASS	Manually accepted resolved graph/schema contract; no pixel surface applies
asset_source	models/item/imported_food_fisherberries.json	b405684cdbd5fd57cd6142f9c6e54120e6d232c9e2010ee8f52ef54bb1c36250	PASS	Manually accepted resolved graph/schema contract; no pixel surface applies
asset_source	models/item/imported_food_garlic.json	f4187f034d245fe81fdd8dbc062ffeaf9d79c3c8347e82403ba02ae522884e36	PASS	Manually accepted resolved graph/schema contract; no pixel surface applies
asset_source	models/item/imported_food_grapes.json	9d7b4a975073f40d3f436ea0130943b1c2c752520ac1958e09a7dfe26b9ed9d8	PASS	Manually accepted resolved graph/schema contract; no pixel surface applies
asset_source	models/item/imported_food_jerky.json	e82565e112d059d6014bfa364623bf189c20815f21969731748b1f943bf28aa3	PASS	Manually accepted resolved graph/schema contract; no pixel surface applies
asset_source	models/item/imported_food_leek.json	9e8dcbcfa635a83fb311ea24755c5de1bb7556e87bb846213599b12d41c01d55	PASS	Manually accepted resolved graph/schema contract; no pixel surface applies
asset_source	models/item/imported_food_lentils.json	b6507d85fbdbfae8c8541c33c0140dfb3bb8740d9398d87f92d1435ea0985765	PASS	Manually accepted resolved graph/schema contract; no pixel surface applies
asset_source	models/item/imported_food_lettuce.json	21776342acee117921484606fcf41ffe6ad51010d14dc7f5bdd249086ba09f20	PASS	Manually accepted resolved graph/schema contract; no pixel surface applies
asset_source	models/item/imported_food_muckroot.json	0c65359565640de1aa0078224bd6fc8ea3c91f16e95ac77b29fd6a8bf73e847d	PASS	Manually accepted resolved graph/schema contract; no pixel surface applies
asset_source	models/item/imported_food_mulberries.json	900694275ed86dac56159b515f8b5137cfbaa84fab50a502f6fccd06dbacb364	PASS	Manually accepted resolved graph/schema contract; no pixel surface applies
asset_source	models/item/imported_food_mungbean.json	422eff4e0fa24f020c39fb6b2a6c0416a6d9301bdb8613695382f15b64e1b23b	PASS	Manually accepted resolved graph/schema contract; no pixel surface applies
asset_source	models/item/imported_food_onion.json	d65dc60ab2801b0ef02194acd4b3919c77160d328db1ea359ad1d976911673f2	PASS	Manually accepted resolved graph/schema contract; no pixel surface applies
asset_source	models/item/imported_food_pantao.json	56392b0f36ae24553c113144d8e38041c571c65ea70cfac0057ea57eaa1df8f7	PASS	Manually accepted resolved graph/schema contract; no pixel surface applies
asset_source	models/item/imported_food_pepper.json	7cde401c871392b08f24fd6d47114a1fb861ad9a494c1500b5a8d4f66df7ea64	PASS	Manually accepted resolved graph/schema contract; no pixel surface applies
asset_source	models/item/imported_food_prickleberries.json	54b9bd9fe46a67187840e0a853a68c47027b864d8a1dedcdc099eae49fddc39d	PASS	Manually accepted resolved graph/schema contract; no pixel surface applies
asset_source	models/item/imported_food_radish.json	120b4879b4a3f1d88c03dff3582d60e85b4d030b916c7bd46599151ef3cc28d0	PASS	Manually accepted resolved graph/schema contract; no pixel surface applies
asset_source	models/item/imported_food_raspberries.json	630812e34ac923c89e1eb57ff69d8b41da65fe85d89a4f517cf8787e6501667d	PASS	Manually accepted resolved graph/schema contract; no pixel surface applies
asset_source	models/item/imported_food_redbeans.json	7f6ecb738d7b6171ee1d376579315fc2cfeb1eee4aca98d7566ab31c94550ed5	PASS	Manually accepted resolved graph/schema contract; no pixel surface applies
asset_source	models/item/imported_food_salmon_fillet_cooked.json	07473d61dd46059dc54edb09c7509c7736be794c6805d1823e93dec35dccd892	PASS	Manually accepted resolved graph/schema contract; no pixel surface applies
asset_source	models/item/imported_food_salmon_fillet_raw.json	3c0d699ad9a640361f59e41db72f7e6500d513702183785b38378148f82d3b28	PASS	Manually accepted resolved graph/schema contract; no pixel surface applies
asset_source	models/item/imported_food_salmon_fillet_smoked.json	dbc5536bcff07312be62d9bd8c280e01293fe971837d83342b82f95a56688bc4	PASS	Manually accepted resolved graph/schema contract; no pixel surface applies
asset_source	models/item/imported_food_sausage_cooked.json	6fab62694ab6b05fa6d54cb3b77bf291acacce0fb017fbe3899f05aa12111b98	PASS	Manually accepted resolved graph/schema contract; no pixel surface applies
asset_source	models/item/imported_food_sausage_raw.json	5d5e8f4e28a01ed22d74e40ee3e8af623e1ff8e4c8b725089a6bcc7b51f82621	PASS	Manually accepted resolved graph/schema contract; no pixel surface applies
asset_source	models/item/imported_food_silver_pear.json	95aaff9a9dc2c293315d98ecd023f6a58e306b507337c1df0c41c9e1d5fcb7d6	PASS	Manually accepted resolved graph/schema contract; no pixel surface applies
asset_source	models/item/imported_food_slab_beef_cooked.json	ee5f6d5c3d3ef1d08c8940c6b5c8f9d81be612a3d6a70a3863898dc0e7d5e073	PASS	Manually accepted resolved graph/schema contract; no pixel surface applies
asset_source	models/item/imported_food_slab_beef_raw.json	bdbed4db3bb5a72e2db69a9618bede8a1c9e005e1451eb35e0a7292adbc67c93	PASS	Manually accepted resolved graph/schema contract; no pixel surface applies
asset_source	models/item/imported_food_slab_beef_salted.json	b7bdec14c00ec3bd7d91b9edb5657d49ae86ccc624ba224373784621f8f8a123	PASS	Manually accepted resolved graph/schema contract; no pixel surface applies
asset_source	models/item/imported_food_slab_cheval_cooked.json	a100724917e688cf017c8c48bc736a973bdd5d3fdab27ad43d5dcb6f76c874a6	PASS	Manually accepted resolved graph/schema contract; no pixel surface applies
asset_source	models/item/imported_food_slab_cheval_raw.json	20cd7e6d3c3b26c7a3cc096fce3e90fbf3f04457a361653f212cc0bb414ef61f	PASS	Manually accepted resolved graph/schema contract; no pixel surface applies
asset_source	models/item/imported_food_slab_cheval_salted.json	952dfd7f4837a77212204971abc542bdee58ea68d14bf496d1cf2ef8a6fd3d93	PASS	Manually accepted resolved graph/schema contract; no pixel surface applies
asset_source	models/item/imported_food_slab_mooshroom_cooked.json	a343a985be5e3f314d67aecb407dbc1b6c686dcad67536251e7a822200da973d	PASS	Manually accepted resolved graph/schema contract; no pixel surface applies
asset_source	models/item/imported_food_slab_mooshroom_raw.json	2535524a218a98c35a45189e623be333901a2de3647b86fd66148c87d2809857	PASS	Manually accepted resolved graph/schema contract; no pixel surface applies
asset_source	models/item/imported_food_slab_pork_cooked.json	078db70f937ce9132a11cf2077c9c7b67e2c1b5792d27e57b80e5a218233cb40	PASS	Manually accepted resolved graph/schema contract; no pixel surface applies
asset_source	models/item/imported_food_slab_pork_raw.json	18f3cfc8f23bb85b41ac5b42cb8de7629038a1a257ef9c751a48185bcd8d0f37	PASS	Manually accepted resolved graph/schema contract; no pixel surface applies
asset_source	models/item/imported_food_slab_pork_salted.json	b0909b6ce1135cafd46233dbcd20359f70491428760f92fa0b15df9f67027488	PASS	Manually accepted resolved graph/schema contract; no pixel surface applies
asset_source	models/item/imported_food_slice_cantaloupe.json	eed48bfb2c7230b04a4969387cddf6caa36e40041fc8efc3453a34b5c6be74a1	PASS	Manually accepted resolved graph/schema contract; no pixel surface applies
asset_source	models/item/imported_food_slice_honeydew.json	436aa58af5e19effc0e47679d5b0077fae61fdce8f6ab2e83f8e0a160a9df5dc	PASS	Manually accepted resolved graph/schema contract; no pixel surface applies
asset_source	models/item/imported_food_slice_hornedmelon.json	89532b379c663229de5476fb19f3bcc0f14c94e150f531c2d1fc523c79352b0b	PASS	Manually accepted resolved graph/schema contract; no pixel surface applies
asset_source	models/item/imported_food_slice_squash.json	a52f8a68c015486f0b627b5af4ebbadb1002306f7855b36fd1279d84face4900	PASS	Manually accepted resolved graph/schema contract; no pixel surface applies
asset_source	models/item/imported_food_slice_wintermelon.json	a53713a445d8da36368e30b5c3838d5dcc2a0001680f1232cc98991a887f7745	PASS	Manually accepted resolved graph/schema contract; no pixel surface applies
asset_source	models/item/imported_food_spinach.json	01920f49c3676454c9115f7dab7abbe8e46f7654226b5be5039e29588619e46f	PASS	Manually accepted resolved graph/schema contract; no pixel surface applies
asset_source	models/item/imported_food_stew_sweetpod.json	62924758c67602fcae39fe8c917670c82c705f356f12f8e743a8cf6c516693e1	PASS	Manually accepted resolved graph/schema contract; no pixel surface applies
asset_source	models/item/imported_food_strawberries.json	550b73fbf995df52fdd457f51224d55f746248bd9ae053196346c05070a91423	PASS	Manually accepted resolved graph/schema contract; no pixel surface applies
asset_source	models/item/imported_food_sunberries.json	0d9bcaa18ab3dc30b05cf5eab51f169ce23209c49e1996ae21e64ad367ce6c9b	PASS	Manually accepted resolved graph/schema contract; no pixel surface applies
asset_source	models/item/imported_food_sweetpod.json	cf7fb69af53b18eca8b46256059f96d9d816226fb3a731acf459c629acd42ff1	PASS	Manually accepted resolved graph/schema contract; no pixel surface applies
asset_source	models/item/imported_food_tomato.json	38eba70c46406b505752d10165bb8cb23527567836221d825d4e5b8adea08c00	PASS	Manually accepted resolved graph/schema contract; no pixel surface applies
asset_source	models/item/imported_food_uradbean.json	572de56565f1bda89dfeb78f38db20ce6366578d29e0831d11933154d327ea37	PASS	Manually accepted resolved graph/schema contract; no pixel surface applies
asset_source	models/item/imported_food_wisdomfruit.json	eabeaf0ed27087370075a38a743c905e3f5ad8adcc5642d6f44256f2eddf4233	PASS	Manually accepted resolved graph/schema contract; no pixel surface applies
asset_source	models/item/imported_magic_essence_blood_dust.json	060c176a8f89b7b87332e21e13aa78c7ec0ba54cf7dcf95ad7439b83e3d1b513	PASS	Manually accepted resolved graph/schema contract; no pixel surface applies
asset_source	models/item/imported_magic_essence_sacred_dust.json	19281bc029760b20ff8bfe58d6b22754a8cd97c86cca7f2c6e0744edb931e432	PASS	Manually accepted resolved graph/schema contract; no pixel surface applies
asset_source	models/item/imported_magic_essence_soul_dust.json	349ec9c3e26f81911a96aaa81c81f3e15089d04d646cdd98bf6be6cbf6f10c4f	PASS	Manually accepted resolved graph/schema contract; no pixel surface applies
asset_source	models/item/indigo_crystal.json	5e5adfbc42e1fa22673b837bad7a03af07cb4a1a154d37246f59f7b77405a691	PASS	Manually accepted resolved graph/schema contract; no pixel surface applies
asset_source	models/item/infected_rainbow_crystal.json	b417ca0442bb5f3cb1511c7f9df12400cbf12bc1c7e02ea7ae2838c684e66b45	PASS	Manually accepted resolved graph/schema contract; no pixel surface applies
asset_source	models/item/iron_battle_axe.json	78baed1aa0ebd1cb8da95a2c637cbf6c39f02c2f5d2bf06aea717c8c931697b7	PASS	Manually accepted resolved graph/schema contract; no pixel surface applies
asset_source	models/item/iron_broadsword.json	cef360aa52492e6d5e939912b26d576a953c285154adf5cc214f5c9f81e524f5	PASS	Manually accepted resolved graph/schema contract; no pixel surface applies
asset_source	models/item/iron_dagger.json	95ba9b8f02e033c49f76d4212881cbddf66323a2f81f8aab3cfbca6cda5706b5	PASS	Manually accepted resolved graph/schema contract; no pixel surface applies
asset_source	models/item/iron_greataxe.json	7458e643c09c56e6df4c4fe6685c107b26bbf0c3cb5d4787cdf645c3f65fc779	PASS	Manually accepted resolved graph/schema contract; no pixel surface applies
asset_source	models/item/iron_halberd.json	7ca5e004d0d1e73ed25eea99c13d2a634313457c40753c22a70009132390edda	PASS	Manually accepted resolved graph/schema contract; no pixel surface applies
asset_source	models/item/iron_hay_sickle.json	f278c8d1c071bc1fb2d59a1a08e3c919bdc5a00b3f88e0d0ed3c8c7882198174	PASS	Manually accepted resolved graph/schema contract; no pixel surface applies
asset_source	models/item/iron_mace.json	aed2064c3060abbc916ebd6ae7133c543681f5653598e1b6b392e5c7450b937e	PASS	Manually accepted resolved graph/schema contract; no pixel surface applies
asset_source	models/item/iron_polearm.json	d1c2a5cfec826dc209ebf72c658370d2020bdd29316996d5c0e35f79b1499f83	PASS	Manually accepted resolved graph/schema contract; no pixel surface applies
asset_source	models/item/iron_sai.json	8c0acdebd3cfdde0e143d9e02f2a0f9d911264d417f960d92bae21e1f9b12420	PASS	Manually accepted resolved graph/schema contract; no pixel surface applies
asset_source	models/item/light_crystal.json	8c4f2de284386e54bf3008c78e79df6d0fd32846df1d76abd20314057312ca32	PASS	Manually accepted resolved graph/schema contract; no pixel surface applies
asset_source	models/item/light_herald_spawn_egg.json	bc50882cc42ecd0a745a17cc9290981ff2a577312a5421ff2c66eaaf67028ef1	PASS	Manually accepted resolved graph/schema contract; no pixel surface applies
asset_source	models/item/lycanbane.json	99838ebe8705bdfc09595fb8b2776c2c984d3916fe2d616b34d09e6955c4b8f3	PASS	Manually accepted resolved graph/schema contract; no pixel surface applies
asset_source	models/item/moonlight.json	5daa196ef0276442f00ee88294cd2f960847bdd2a4c5a0773c869fbd3abe911b	PASS	Manually accepted resolved graph/schema contract; no pixel surface applies
asset_source	models/item/nature_sword.json	d904ef4da0f15c19a1b32d4d2fc339d55f28782cf01590d25914bf14644b50b3	PASS	Manually accepted resolved graph/schema contract; no pixel surface applies
asset_source	models/item/nocturne.json	6316ba6405facb6f8c6608b51af5b8c7fb089b4741203ceb5fc89e0e59290e4b	PASS	Manually accepted resolved graph/schema contract; no pixel surface applies
asset_source	models/item/oculus.json	2012cd8b07ed972e84b17bfb0a65087cd9e60b558143d23fb60d517056724bec	PASS	Manually accepted resolved graph/schema contract; no pixel surface applies
asset_source	models/item/orange_crystal.json	799878b29081e7d67d4940b6a1d0cd9f7659c24845bf5d8c9277bc7f0c67b36c	PASS	Manually accepted resolved graph/schema contract; no pixel surface applies
asset_source	models/item/phantomguard_greatsword.json	accb9ec5dddd4426718c7c93e91f6f46eaee6f6574ab2a67cd372860d258c6b3	PASS	Manually accepted resolved graph/schema contract; no pixel surface applies
asset_source	models/item/phantomguard_partisan.json	d6f5a257a364a832368e55b19a30be6d8cfeec0bfa90e05dd6d2d1c4e1f330f9	PASS	Manually accepted resolved graph/schema contract; no pixel surface applies
asset_source	models/item/piercer.json	d22a4634638fb29db2277d0de581b385bb22a9495412ea1a0f229c9efd92b786	PASS	Manually accepted resolved graph/schema contract; no pixel surface applies
asset_source	models/item/power_test_actor_spawn_egg.json	d3c6ab15b0ee43fccec17611d814ed3574010aee868255c8228d381497240d1e	PASS	Manually accepted resolved graph/schema contract; no pixel surface applies
asset_source	models/item/pure_light.json	7ac26f13d23b56d76cf7cb30ea532cce6b07b197513849ed79fb04a663a04a99	PASS	Manually accepted resolved graph/schema contract; no pixel surface applies
asset_source	models/item/radiant_sentinel_spawn_egg.json	83a89422423d9b728258702d833c8ce68473d2a0397f585a7e51d5a862d3d95c	PASS	Manually accepted resolved graph/schema contract; no pixel surface applies
asset_source	models/item/rainbow_crystal.json	199ed6e33f1810c14596881249ae87160e75e18614f143922cf66fda996bb5b9	PASS	Manually accepted resolved graph/schema contract; no pixel surface applies
asset_source	models/item/ravenous_blade.json	98f510093aab0e3b5168f5b914299b10a4ba78b351cb250182db64e15c657a3f	PASS	Manually accepted resolved graph/schema contract; no pixel surface applies
asset_source	models/item/red_crystal.json	ae7e673ce99832dd33fd470ab2956c8ac585fecf0f8388a2b9f1e4a7e9d23877	PASS	Manually accepted resolved graph/schema contract; no pixel surface applies
asset_source	models/item/revenants_darkscepter.json	a7732fb5e76ea0455c2337aacffba8a4221781aae8b322a878b21147b26276ce	PASS	Manually accepted resolved graph/schema contract; no pixel surface applies
asset_source	models/item/revenants_gravecleaver.json	9891d647cd82dc76ff09e70ff2ead6acfd7f93c55cac686a0b274cc937b180f8	PASS	Manually accepted resolved graph/schema contract; no pixel surface applies
asset_source	models/item/revenants_gravescepter.json	2b90c06d91000dd75cbcd9d07eba4b4c1d7182462465d05cf92ee91a5d70c29a	PASS	Manually accepted resolved graph/schema contract; no pixel surface applies
asset_source	models/item/runic_piercer.json	7af01ca061b671f54e9b302f556a7b2764b8d1a97a38a495d268773d5db212ee	PASS	Manually accepted resolved graph/schema contract; no pixel surface applies
asset_source	models/item/sacrificial_cleaver.json	0714e7fe3608c40199fce2a7516e9be8dfc1711f39af66d6fd4f22cf196b27e3	PASS	Manually accepted resolved graph/schema contract; no pixel surface applies
asset_source	models/item/skeleton_axe.json	05c246293a95904ad80b0132eb3de606d8b639b9aa29e89c8eee16a3cca9a4a8	PASS	Manually accepted resolved graph/schema contract; no pixel surface applies
asset_source	models/item/solstice.json	4c1a741bad159b67b45a45f54ebce9643eeac57f8dc3d8c34ac85834be567fac	PASS	Manually accepted resolved graph/schema contract; no pixel surface applies
asset_source	models/item/spider_sword.json	9914b7987fb8122d230d45eedb9b21f4411791d47cead7873c8ed042c8f8ddf2	PASS	Manually accepted resolved graph/schema contract; no pixel surface applies
asset_source	models/item/talonbrand.json	536c0cd883b0100f217a95e872dbac4aeeab041f5850fa921a6ca506d185212a	PASS	Manually accepted resolved graph/schema contract; no pixel surface applies
asset_source	models/item/talonpick.json	79d300208ae5ceb71e0cfa6c36ff2b9024ba310e239afd7a9fd6f7f666129131	PASS	Manually accepted resolved graph/schema contract; no pixel surface applies
asset_source	models/item/talonshovel.json	8173ff3fc7b8b2681e956d248ec5cc64d69901ead3ed6b7256091625092eeffc	PASS	Manually accepted resolved graph/schema contract; no pixel surface applies
asset_source	models/item/treacherous_axe.json	9206a751e4914716f746d6751b8d2beb167d3c640cecde9602a710fada9071e6	PASS	Manually accepted resolved graph/schema contract; no pixel surface applies
asset_source	models/item/treacherous_bludgeon.json	069fdddd365df573966e310253cf58b791dd919e4ccccac4167660a2ec82e19f	PASS	Manually accepted resolved graph/schema contract; no pixel surface applies
asset_source	models/item/treacherous_cleaver.json	08b2efe2ef9a28c09afbb477cda3f3f298b73a0e3c2e748033317e48e24fa075	PASS	Manually accepted resolved graph/schema contract; no pixel surface applies
asset_source	models/item/uchigatana.json	c5d82e84db0be07e1cc4f0f487a73d977da3e6ca8e128f606b48f15e81ddc2d1	PASS	Manually accepted resolved graph/schema contract; no pixel surface applies
asset_source	models/item/vaelith.json	6a4fce9e1e540c8d8187c56f807145543a6656dc87e156210705659cce243833	REPAIRED	Corrected item transform/model contract manually reviewed in replacement production renders
asset_source	models/item/valhakyra.json	33a381be59cd50a21f804d52a0ea51a8f22c1ce918dc7f768b7ca28fbeba45eb	PASS	Manually accepted resolved graph/schema contract; no pixel surface applies
asset_source	models/item/vengeance_blade.json	1012f248f5f8cdbaa7710fb912b6ef922f7edc1c5723e4e16bbc27bc82d4b9fc	PASS	Manually accepted resolved graph/schema contract; no pixel surface applies
asset_source	models/item/vesper.json	c03926284612ffd18912dd162aa5806024502f5c20e6cabbe016d9f11d8da8a1	PASS	Manually accepted resolved graph/schema contract; no pixel surface applies
asset_source	models/item/vindicator.json	afc0a18e38fc1625277bedde88b495602d4a5141aedc63a0135aa0b7f7c6677d	PASS	Manually accepted resolved graph/schema contract; no pixel surface applies
asset_source	models/item/violet_crystal.json	2b904528f98b7845df46833d14184107d4a8016d9bbae5ee68aecd3d58e3a770	PASS	Manually accepted resolved graph/schema contract; no pixel surface applies
asset_source	models/item/viridian_greataxe.json	2ee2070f936b612060c7a3b542ce93ba311f70638ff4b89b976b5110efb3d31a	PASS	Manually accepted resolved graph/schema contract; no pixel surface applies
asset_source	models/item/viridian_pickaxe.json	ec83054006b964379e9dc01708752eddc3cba8b0652ad5ec29d362f90cc84ad2	PASS	Manually accepted resolved graph/schema contract; no pixel surface applies
asset_source	models/item/viridian_shovel.json	af2651707c04832af06904ccf6869cd5186971830037413e792195f57051edd8	PASS	Manually accepted resolved graph/schema contract; no pixel surface applies
asset_source	models/item/void_oculus.json	a9d3ed31c617baa16326c33a70ce00a729acb2ccd7d3a115b0e1c1cc87a62107	REPAIRED	Corrected item transform/model contract manually reviewed in replacement production renders
asset_source	models/item/windreaper.json	b8829f9d950f5aa7e790e20d4e5c9a60be38a802df5fa4ae4852489af12f73ed	PASS	Manually accepted resolved graph/schema contract; no pixel surface applies
asset_source	models/item/winterthorn.json	bc04208f9d9c3fac232245df0307f691d1f0121bb14871fd4c9d8f456f7c70c5	PASS	Manually accepted resolved graph/schema contract; no pixel surface applies
asset_source	models/item/wooden_bludgeon.json	e67b48ac5acb6aa7b6ee5c60702963790cca7c4b1df3bd0dffe4047b723f394e	PASS	Manually accepted resolved graph/schema contract; no pixel surface applies
asset_source	models/item/wooden_tonfa.json	3bf4ae62249c6ebcd51f24566edf5cf7c4bb5d329b5f6f0f715c877fcb950ec9	PASS	Manually accepted resolved graph/schema contract; no pixel surface applies
asset_source	models/item/yellow_crystal.json	b382b52f70e3134e3bd832ac8c09b63dbe344bd4bc9d192e870f2fdc48fd5884	PASS	Manually accepted resolved graph/schema contract; no pixel surface applies
asset_source	models/item/zenith.json	15a30170e16ec5ec631619de8a703fd8c2402ba463332cf7fc776125de7aa281	PASS	Manually accepted resolved graph/schema contract; no pixel surface applies
asset_source	particles/eclipse.json	e9b7e1861661d4d487bd7cf22c83f8641ff3b2fcd60ae352778b06e0202d51cc	PASS	Manually accepted resolved graph/schema contract; no pixel surface applies
asset_source	particles/fracture.json	913af2001863a038f44bff7d01d2bcc3c083c645f44cdb8bb8ffb9b90f9844af	PASS	Manually accepted resolved graph/schema contract; no pixel surface applies
asset_source	particles/glyph.json	465b271539a2ede2fa84422c2a7dc335a5cc388128b84c8a701d9c0a23e37aeb	PASS	Manually accepted resolved graph/schema contract; no pixel surface applies
asset_source	particles/mote.json	a2e8a3d7dae11e90b708f266e564841a63f8e749a98f63cf0dfd37ebf0bef4f0	PASS	Manually accepted resolved graph/schema contract; no pixel surface applies
asset_source	particles/ribbon.json	61978b52277c83f6d328bb82ecc7cd9e66834fd1756b7850a61524b24c7a9970	PASS	Manually accepted resolved graph/schema contract; no pixel surface applies
asset_source	particles/root.json	e09411967edef0e5f2345fd83209690644680fa7c8d56599781487ef0b165a65	PASS	Manually accepted resolved graph/schema contract; no pixel surface applies
asset_source	particles/shard.json	aabb8e3d848ad65bfbfe32dbcb7404f276784ed654dd711d711c83396193a0d0	PASS	Manually accepted resolved graph/schema contract; no pixel surface applies
asset_source	particles/spark.json	ab031656cf84397660b0ab319427ea154c1c447a8caad6c11b42df2b7fafdac0	PASS	Manually accepted resolved graph/schema contract; no pixel surface applies
asset_source	sounds.json	2b1400f53c954f63508ce943347014d37248d93a4f1d22b6c9f951a0906b8cc8	PASS	Manually accepted resolved graph/schema contract; no pixel surface applies
asset_source	sounds/magic/amethyst_fracture.ogg	cf4b766784c8e02f64be0f1ca65dbcc7e101d88cfc1ca7eba774a10a4f8d9730	PASS	Manually accepted resolved graph/schema contract; no pixel surface applies
asset_source	sounds/magic/beam_ring.ogg	153bbff4612747c4d2136d43b6b344d4015edba30ab33fc6d1e03ae62f4c0f44	PASS	Manually accepted resolved graph/schema contract; no pixel surface applies
asset_source	sounds/magic/boss_impact_ring.ogg	38431cc371245609942eaf730bd5a4eda890599b19f54fbe93b935af469b465e	PASS	Manually accepted resolved graph/schema contract; no pixel surface applies
asset_source	sounds/magic/celestial_ring.ogg	7d17c163117c29faef8c3f4e691cad7a3a048aace66f3e02a333de3c41eb3675	PASS	Manually accepted resolved graph/schema contract; no pixel surface applies
asset_source	sounds/magic/crystal_resonate.ogg	c60c2c2d529f6c0a63aa7a1a6b85ceba0cbe3b37fb7988e4c421d0bbaae850b8	PASS	Manually accepted resolved graph/schema contract; no pixel surface applies
asset_source	sounds/magic/dark_whisper.ogg	928def2015813e8473751a98d2aebdf5c5e9e2c538c0f8c1859899caf91cf671	PASS	Manually accepted resolved graph/schema contract; no pixel surface applies
asset_source	sounds/magic/interaction_clash.ogg	7705651a85efefc79fef7e8407f1c9596e9e9b99cf64f1011cff33167825a1c4	PASS	Manually accepted resolved graph/schema contract; no pixel surface applies
asset_source	sounds/magic/light_chorus.ogg	1a3d2a9cc6365fb94d1d8e9b7d90e6ce88a607edfb66553e7b21764a7c9719bf	PASS	Manually accepted resolved graph/schema contract; no pixel surface applies
asset_source	sounds/magic/rank_awaken.ogg	2ecb05ec2ac33da49561d58d71c1694e9ab8a4e50d0996d0e58633d9bce9125e	PASS	Manually accepted resolved graph/schema contract; no pixel surface applies
asset_source	sounds/magic/rift_close.ogg	bd9d9a613fbe93333e0c48ef1d269a33a411d6c8f3e6d3ed10f248e5860b56fc	PASS	Manually accepted resolved graph/schema contract; no pixel surface applies
asset_source	sounds/magic/rift_open.ogg	8df0b971bbce6ee0320af21c43e44b111c414a477125bb59ed92a844f04a4297	PASS	Manually accepted resolved graph/schema contract; no pixel surface applies
asset_source	sounds/magic/rune_hum.ogg	118dc8302b2f5e323b6c76b9a0defdadac8a261cfaf005dc53887d3f7d65995c	PASS	Manually accepted resolved graph/schema contract; no pixel surface applies
asset_source	sounds/magic/soul_tether.ogg	bf4aa1de0fee1dd0e813eb6186518c5799713519eca951044342327d0691b4f8	PASS	Manually accepted resolved graph/schema contract; no pixel surface applies
asset_source	sounds/magic/time_release.ogg	2d60851b092a93b02b3155427d65f70e50983c85e08f237de50dfca452328c6d	PASS	Manually accepted resolved graph/schema contract; no pixel surface applies
asset_source	sounds/magic/time_suspend.ogg	6c90a77a5ed57c6a27915365ef6aa8aef90e27ca064d4fbfd742e4c0c88bfac2	PASS	Manually accepted resolved graph/schema contract; no pixel surface applies
asset_source	sounds/magic/ward_impact.ogg	b25b0ca05e774ea71f93af66495eddf4d8ec722008c33fa7a2e080ce14de94db	PASS	Manually accepted resolved graph/schema contract; no pixel surface applies
asset_source	textures/block/amethyst_ward_side_off.png	27b6fca2856efafb0ac5097143673bb5edce8f9df55d6fe9224563561588a27d	PASS	Manually reviewed all frame/mip page locations; structural/pixel evidence only
asset_source	textures/block/amethyst_ward_side_on.png	c0628c5b5ada0767ef3fe06b5119669cbe5005d02935d6a2a7da43b3a3983bc9	PASS	Manually reviewed all frame/mip page locations; structural/pixel evidence only
asset_source	textures/block/amethyst_ward_side_on.png.mcmeta	4d3bcabd831820ae892daed495e47ad3f449c73d8d19f6e6326774e9e87bbb94	PASS	Manually accepted resolved graph/schema contract; no pixel surface applies
asset_source	textures/block/amethyst_ward_up_off.png	8d70c7ba75026213a11b600af849c935ae1fc1d0c9b9a89739429dcd5d8a2b8f	PASS	Manually reviewed all frame/mip page locations; structural/pixel evidence only
asset_source	textures/block/amethyst_ward_up_on.png	b76c898fcf41f456ba2e3ed1cb8c111cd0fd7b9adee99799aa060dd2ef3beba0	PASS	Manually reviewed all frame/mip page locations; structural/pixel evidence only
asset_source	textures/block/amethyst_ward_up_on.png.mcmeta	eace6bdad2fa4c741aa96fdf810563a8d32010cf7dc16926de5f32d44acec0ce	PASS	Manually accepted resolved graph/schema contract; no pixel surface applies
asset_source	textures/block/darkness.png	2e0a9a2d5f28563463f634d5b81ec2ef90d91afe472a0c6e2c6ef4082f93ec5f	PASS	Manually reviewed all frame/mip page locations; structural/pixel evidence only
asset_source	textures/block/device_brooding_forge_2.png	311f0c6401b73a80da5609f7a3248ed6b5eea82d35d1787f2ee2e993c04af6c4	PASS	Manually reviewed all frame/mip page locations; structural/pixel evidence only
asset_source	textures/block/device_brooding_forge_side_off.png	27b6fca2856efafb0ac5097143673bb5edce8f9df55d6fe9224563561588a27d	PASS	Manually reviewed all frame/mip page locations; structural/pixel evidence only
asset_source	textures/block/device_brooding_forge_side_on.png	c0628c5b5ada0767ef3fe06b5119669cbe5005d02935d6a2a7da43b3a3983bc9	PASS	Manually reviewed all frame/mip page locations; structural/pixel evidence only
asset_source	textures/block/device_brooding_forge_side_on.png.mcmeta	4d3bcabd831820ae892daed495e47ad3f449c73d8d19f6e6326774e9e87bbb94	PASS	Manually accepted resolved graph/schema contract; no pixel surface applies
asset_source	textures/block/device_brooding_forge_up_off.png	8d70c7ba75026213a11b600af849c935ae1fc1d0c9b9a89739429dcd5d8a2b8f	PASS	Manually reviewed all frame/mip page locations; structural/pixel evidence only
asset_source	textures/block/device_brooding_forge_up_on.png	b76c898fcf41f456ba2e3ed1cb8c111cd0fd7b9adee99799aa060dd2ef3beba0	PASS	Manually reviewed all frame/mip page locations; structural/pixel evidence only
asset_source	textures/block/device_brooding_forge_up_on.png.mcmeta	eace6bdad2fa4c741aa96fdf810563a8d32010cf7dc16926de5f32d44acec0ce	PASS	Manually accepted resolved graph/schema contract; no pixel surface applies
asset_source	textures/block/pure_light.png	430c4a11827d224f42606ed8672beea2793f385db93046a3fdf27b71873ca409	PASS	Manually reviewed all frame/mip page locations; structural/pixel evidence only
asset_source	textures/entity/dark_herald.png	e7622c91eed50325035e8f9d580a25dac2085a33ba80ba6daa772fd3a4773b18	PASS	Manually reviewed all frame/mip page locations; structural/pixel evidence only
asset_source	textures/entity/darkness_player.png	e0c5949f45e1509f2423e85f7ef3df2069c7f09d647312f0829cf413d286751c	PASS	Manually reviewed all frame/mip page locations; structural/pixel evidence only
asset_source	textures/entity/first_vessel.png	83245b548a10881d90211d23c3e1baeb8350589145ed10cb381c9a308ed13f9d	PASS	Manually reviewed all frame/mip page locations; structural/pixel evidence only
asset_source	textures/entity/light_herald.png	d35fbe1f2294a19594cf816dd44395f32a2521f995a38ea5e4923a12cc669e21	PASS	Manually reviewed all frame/mip page locations; structural/pixel evidence only
asset_source	textures/entity/radiant_sentinel.png	2b3a8fdd3e0a7e786d6254a8ddf7ff76252991cd1ee09810dbda500dc918b295	PASS	Manually reviewed all frame/mip page locations; structural/pixel evidence only
asset_source	textures/entity/test_actor.png	a36cd91fd2f8339d2fb8c31819817137a3e0aea8f6d77ce9e0bc935631f9b0b7	PASS	Manually reviewed all frame/mip page locations; structural/pixel evidence only
asset_source	textures/gui/advancements/backgrounds/radiant_path.png	7d027877c1306276b024ec1dad3060e0de08ea090bfc904664f0f041a23b2356	PASS	Manually reviewed all frame/mip page locations; structural/pixel evidence only
asset_source	textures/gui/advancements/backgrounds/shadow_path.png	bdc8a02990ac5f3bdf41e2158e39428ee25e98bbb5cefb27da5f6f0ba0427f1f	PASS	Manually reviewed all frame/mip page locations; structural/pixel evidence only
asset_source	textures/gui/energy_symbols.png	62435ce1269566cbb49d6327ba11ec9cb46de6165e1f2f36256b1ca91d052421	PASS	Manually reviewed all frame/mip page locations; structural/pixel evidence only
asset_source	textures/gui/locator_panel.png	3255f1e09f0c6416a8b2b8258cde190f68f3b8bb5b735cd21fb6d1ad6273393e	PASS	Manually reviewed all frame/mip page locations; structural/pixel evidence only
asset_source	textures/gui/power_slot.png	0126f9ebefcae017a3a3737ac38e791cf71d936c2b305216150901ecfad65acd	PASS	Manually reviewed all frame/mip page locations; structural/pixel evidence only
asset_source	textures/gui/power_slot_active.png	69c00eb92a5fb19d7c30fe70e3762f334940462ef621aab9bf9b1df95c023235	PASS	Manually reviewed all frame/mip page locations; structural/pixel evidence only
asset_source	textures/gui/rank_maze/dark_panel.png	b12bd1b0e04158ad42d2126005237eeb1ae38a8d885c2f6e4d903adbc4fbea9a	PASS	Manually reviewed all frame/mip page locations; structural/pixel evidence only
asset_source	textures/gui/rank_maze/light_panel.png	9ad24a6b8c5904c76176732c7779aae1f5464ebb69de8a66ea2e255127e6f978	PASS	Manually reviewed all frame/mip page locations; structural/pixel evidence only
asset_source	textures/gui/teleport_panel.png	ea40205aceabad4c2de64658f2dde6b51cdb9c88243c089950357aa87706067b	PASS	Manually reviewed all frame/mip page locations; structural/pixel evidence only
asset_source	textures/imported/blocks/overlay_blood.png	3bd128556e35620c9a7cddeb656a5cafefac0c74dc4f355f55248efa11b831b2	PASS	Manually reviewed all frame/mip page locations; structural/pixel evidence only
asset_source	textures/imported/blocks/overlay_blood_all.png	7a533f89614cdc664b0e7e044a99a7e55dcfa079b060a73ac0a42e3e6cdb50ea	PASS	Manually reviewed all frame/mip page locations; structural/pixel evidence only
asset_source	textures/imported/blocks/overlay_blood_east.png	72f879a5824fbf95389fc27bd6d1aaaed974e86f508fc11de3679de1542649e8	PASS	Manually reviewed all frame/mip page locations; structural/pixel evidence only
asset_source	textures/imported/blocks/overlay_blood_eastwest.png	fc078dd7f0f89d58bbcb068934adf46e51e5a13f884fa1f9bfa40fa2f4fca2b0	PASS	Manually reviewed all frame/mip page locations; structural/pixel evidence only
asset_source	textures/imported/blocks/overlay_blood_noeast.png	e5a7d812de5e495b006e180b46b786cbca8e6f68574e4480fd090bef84dc37ff	PASS	Manually reviewed all frame/mip page locations; structural/pixel evidence only
asset_source	textures/imported/blocks/overlay_blood_nonorth.png	a87201c2cee5ad5723d323b9c482cb23ed578898178755afee51a9d831cb057d	PASS	Manually reviewed all frame/mip page locations; structural/pixel evidence only
asset_source	textures/imported/blocks/overlay_blood_north.png	22fb27a03f7ab60d8790d439a11eddd972bc0bf6ffa1d624568023845495f771	PASS	Manually reviewed all frame/mip page locations; structural/pixel evidence only
asset_source	textures/imported/blocks/overlay_blood_northeast.png	9250442270369d85398f7dbe3a6cf1f044e4a914ed43852559b4bebec1a6262f	PASS	Manually reviewed all frame/mip page locations; structural/pixel evidence only
asset_source	textures/imported/blocks/overlay_blood_northsouth.png	6e531b43b1504522128584fd90c459993c67221f43b4847a3fbfc5b342ff412e	PASS	Manually reviewed all frame/mip page locations; structural/pixel evidence only
asset_source	textures/imported/blocks/overlay_blood_northwest.png	88ee0aa0ae99a8cebd39b9c08cb1f2b8a0a507f436b2c8c9cd3a17e759f450bf	PASS	Manually reviewed all frame/mip page locations; structural/pixel evidence only
asset_source	textures/imported/blocks/overlay_blood_nosouth.png	20a2f33c1b6fb6cad1895c31569954f80daf29f516a704d899f8d142aa1ec8bf	PASS	Manually reviewed all frame/mip page locations; structural/pixel evidence only
asset_source	textures/imported/blocks/overlay_blood_nowest.png	ec27a70052ef408843e7b05dfd050d3623561e853c3d51e28fd35354135728d9	PASS	Manually reviewed all frame/mip page locations; structural/pixel evidence only
asset_source	textures/imported/blocks/overlay_blood_side_0.png	0e91c231073d898ec43a7d905fb7c0231a07085e8e7b1831e352192c210bc74e	PASS	Manually reviewed all frame/mip page locations; structural/pixel evidence only
asset_source	textures/imported/blocks/overlay_blood_side_1.png	03c7252e17e33a2a1fdc594a9606bdc74081d047b00bd6263c8339055502b4c8	PASS	Manually reviewed all frame/mip page locations; structural/pixel evidence only
asset_source	textures/imported/blocks/overlay_blood_side_2.png	35a38aa1d34bf4e611fb9a0468fe77cfec684643deef998def9ea8075293adab	PASS	Manually reviewed all frame/mip page locations; structural/pixel evidence only
asset_source	textures/imported/blocks/overlay_blood_side_3.png	8b1f99ce1f86a8363fda6a822a205b5b9d73f82fef2a362b29a9940e0f8b22be	PASS	Manually reviewed all frame/mip page locations; structural/pixel evidence only
asset_source	textures/imported/blocks/overlay_blood_south.png	f7a9dd72a403c2483014160d286566ad7672a66aebd070c4720d80602c45d52a	PASS	Manually reviewed all frame/mip page locations; structural/pixel evidence only
asset_source	textures/imported/blocks/overlay_blood_southeast.png	20f8e1764f3328fe9de2776f5ca38bb3aa52d10702f1da1fad624868b7c68dec	PASS	Manually reviewed all frame/mip page locations; structural/pixel evidence only
asset_source	textures/imported/blocks/overlay_blood_southwest.png	bc84bed319cde699eb61d18cb3d8cc4860d631e6cc7f6ea88841077f3de8c854	PASS	Manually reviewed all frame/mip page locations; structural/pixel evidence only
asset_source	textures/imported/blocks/overlay_blood_west.png	86e4d98ec2809b0208ee71b042f4de67dd8e2fb4fc55a978ebe4908022d64e64	PASS	Manually reviewed all frame/mip page locations; structural/pixel evidence only
asset_source	textures/imported/blocks/overlay_rune_0.png	2b8a3e9f9d446aa688540f6474bbc7c0fd0166a5603a5994bb5353f853a26e6a	PASS	Manually reviewed all frame/mip page locations; structural/pixel evidence only
asset_source	textures/imported/blocks/overlay_rune_1.png	62729e8f989505ef053dfaec38e3cfa17b7a54c9874eca8495a5cd3779a3600e	PASS	Manually reviewed all frame/mip page locations; structural/pixel evidence only
asset_source	textures/imported/blocks/overlay_rune_10.png	d6583881767b258fbf492e786b3e53dfff55d438f74e75f99ec5c815f7d6b963	PASS	Manually reviewed all frame/mip page locations; structural/pixel evidence only
asset_source	textures/imported/blocks/overlay_rune_11.png	31b9c082caf40f54068b06c49a53317b2b0bdf7e8688c18758d692fdd3e195ee	PASS	Manually reviewed all frame/mip page locations; structural/pixel evidence only
asset_source	textures/imported/blocks/overlay_rune_12.png	b9ee8cf92f17737b91a76e0f4e72c5acc515d577c4fa319cc8a37a26085e2449	PASS	Manually reviewed all frame/mip page locations; structural/pixel evidence only
asset_source	textures/imported/blocks/overlay_rune_13.png	061c7099ca96668b3a166a439e4a20997d17f0576c7ad78f240788db11d61d9b	PASS	Manually reviewed all frame/mip page locations; structural/pixel evidence only
asset_source	textures/imported/blocks/overlay_rune_14.png	681104ac888a5e78bce76bdbc0ad00d2b6f16080d759aa2d1fe8eb00139f47bc	PASS	Manually reviewed all frame/mip page locations; structural/pixel evidence only
asset_source	textures/imported/blocks/overlay_rune_15.png	ef74c94c283b12f62af8d92173202315f827dce0f4f4662ddd61336801385d9f	PASS	Manually reviewed all frame/mip page locations; structural/pixel evidence only
asset_source	textures/imported/blocks/overlay_rune_2.png	97014709544815918e5f16f8767e49fc9c77b243400b6635a6bcc1d201d77490	PASS	Manually reviewed all frame/mip page locations; structural/pixel evidence only
asset_source	textures/imported/blocks/overlay_rune_3.png	53a8430122f543c8b9967bd20bdbc568ad0176ce172f1243d060e1a587393b39	PASS	Manually reviewed all frame/mip page locations; structural/pixel evidence only
asset_source	textures/imported/blocks/overlay_rune_4.png	597e8a253cef13a4e2dcf2b02645100312e3778ddaf8cbb9875f19a1bb0cc9eb	PASS	Manually reviewed all frame/mip page locations; structural/pixel evidence only
asset_source	textures/imported/blocks/overlay_rune_5.png	50ec96163e86902c350c7fbf5a70c526e88abe1f8de318ffe1c5e0df1426a683	PASS	Manually reviewed all frame/mip page locations; structural/pixel evidence only
asset_source	textures/imported/blocks/overlay_rune_6.png	07f44819ea04e0015bddee5d83b97040be60b86a96cff0736f6a10dfecff6c2c	PASS	Manually reviewed all frame/mip page locations; structural/pixel evidence only
asset_source	textures/imported/blocks/overlay_rune_7.png	29d3562b4402a45e206c14619bb7a56d23a7e8f2f4b140b57338bc31b8ece164	PASS	Manually reviewed all frame/mip page locations; structural/pixel evidence only
asset_source	textures/imported/blocks/overlay_rune_8.png	c7f4e42c2dc9ec98884dc49d59823dc12573c285c12a3e065becc1dd32246f2a	PASS	Manually reviewed all frame/mip page locations; structural/pixel evidence only
asset_source	textures/imported/blocks/overlay_rune_9.png	d4a7ac2f6c3d3fde7c8fad7b7a7665941d1d9be99cdeca540e3bdbed7c1ccf42	PASS	Manually reviewed all frame/mip page locations; structural/pixel evidence only
asset_source	textures/imported/fluids/fluid_blue_goo.png	5b748518876fce6dc947cc8c244266f0ef3d7d4e0c6fc18bf7d60334949e51d4	PASS	Manually reviewed all frame/mip page locations; structural/pixel evidence only
asset_source	textures/imported/fluids/fluid_blue_goo.png.mcmeta	d859a74124fbfe6745e73c7bbf5af93ac70a427f40067f5dd60910aa46c10c14	PASS	Manually accepted resolved graph/schema contract; no pixel surface applies
asset_source	textures/imported/fluids/fluid_decaying_gel.png	4cd251f6c032b1cc865bd3dec4b857a5b59d10fa2ce57ab75df5a228f4a5807f	PASS	Manually reviewed all frame/mip page locations; structural/pixel evidence only
asset_source	textures/imported/fluids/fluid_decaying_gel.png.mcmeta	d17dc69777a402e458911a6201eccbd1b2e1c8b390d30b68da2cc18015d627f1	PASS	Manually accepted resolved graph/schema contract; no pixel surface applies
asset_source	textures/imported/fluids/fluid_evil.png	70e3876253255499984cf94d37e2e3c2f507c456ee30a70ab7e631af8643485f	PASS	Manually reviewed all frame/mip page locations; structural/pixel evidence only
asset_source	textures/imported/fluids/fluid_evil.png.mcmeta	d17dc69777a402e458911a6201eccbd1b2e1c8b390d30b68da2cc18015d627f1	PASS	Manually accepted resolved graph/schema contract; no pixel surface applies
asset_source	textures/imported/fluids/fluid_gas_beige.png	e61a6bcbbd07bd15b195a9548dfa818a758413171bef2aed2342c87258fb41df	PASS	Manually reviewed all frame/mip page locations; structural/pixel evidence only
asset_source	textures/imported/fluids/fluid_gas_beige.png.mcmeta	d859a74124fbfe6745e73c7bbf5af93ac70a427f40067f5dd60910aa46c10c14	PASS	Manually accepted resolved graph/schema contract; no pixel surface applies
asset_source	textures/imported/fluids/fluid_gas_dark.png	3613ee2cae631758a0a86ee724db520cf0ed7c3405dd93fe14d895e87bc2d6d7	PASS	Manually reviewed all frame/mip page locations; structural/pixel evidence only
asset_source	textures/imported/fluids/fluid_gas_dark.png.mcmeta	d859a74124fbfe6745e73c7bbf5af93ac70a427f40067f5dd60910aa46c10c14	PASS	Manually accepted resolved graph/schema contract; no pixel surface applies
asset_source	textures/imported/fluids/fluid_green_goo.png	9f76d5d0ba5d2f10ee5369565e2f43bd321953b694ed5dfcf0f4d31d17b29855	PASS	Manually reviewed all frame/mip page locations; structural/pixel evidence only
asset_source	textures/imported/fluids/fluid_green_goo.png.mcmeta	eace6bdad2fa4c741aa96fdf810563a8d32010cf7dc16926de5f32d44acec0ce	PASS	Manually accepted resolved graph/schema contract; no pixel surface applies
asset_source	textures/imported/fluids/fluid_molten.png	f11da8abda6f30e2a4ea099a6556d23f574c338f04316d1756121335e16ddefb	PASS	Manually reviewed all frame/mip page locations; structural/pixel evidence only
asset_source	textures/imported/fluids/fluid_molten.png.mcmeta	da6b19c34c62f4dc113ae428b3dc1b6b23d703e7573ee44fd3c84494c00a6b8d	PASS	Manually accepted resolved graph/schema contract; no pixel surface applies
asset_source	textures/imported/fluids/fluid_molten_colorshifting.png	6f56f79430185fa6633d8c5185412f651e5f8a20d580815b5596966ff12d6f35	PASS	Manually reviewed all frame/mip page locations; structural/pixel evidence only
asset_source	textures/imported/fluids/fluid_molten_colorshifting.png.mcmeta	cc861f52feae5d8499112b3146be6d480d764224ee09c1f517dffbca8c1c1ff4	PASS	Manually accepted resolved graph/schema contract; no pixel surface applies
asset_source	textures/imported/fluids/fluid_molten_wax.png	12ed1f21b5112fbfb3a8c482e467c5f4a563f036ef824b82187d7c78e1f19cd5	PASS	Manually reviewed all frame/mip page locations; structural/pixel evidence only
asset_source	textures/imported/fluids/fluid_molten_wax.png.mcmeta	bc96b0012ee638a70fb4ad98f0b0f57e3710f59df63dff01fdeab2e479f43b9d	PASS	Manually accepted resolved graph/schema contract; no pixel surface applies
asset_source	textures/imported/fluids/fluid_red_mud.png	08bf6ee7058b5fbcb7051b59cd3c46dd392f6a9a0c2acc993702c5d2852e1cb5	PASS	Manually reviewed all frame/mip page locations; structural/pixel evidence only
asset_source	textures/imported/fluids/fluid_red_mud.png.mcmeta	bc96b0012ee638a70fb4ad98f0b0f57e3710f59df63dff01fdeab2e479f43b9d	PASS	Manually accepted resolved graph/schema contract; no pixel surface applies
asset_source	textures/imported/fluids/fluid_roiling_plasma.png	b30bf89ffed22edbb4e91df62fda8231a15170f8c21dfaf06666684dd195f52b	PASS	Manually reviewed all frame/mip page locations; structural/pixel evidence only
asset_source	textures/imported/fluids/fluid_roiling_plasma.png.mcmeta	bc96b0012ee638a70fb4ad98f0b0f57e3710f59df63dff01fdeab2e479f43b9d	PASS	Manually accepted resolved graph/schema contract; no pixel surface applies
asset_source	textures/imported/fluids/fluid_strange_bluish.png	8f7f67a66d198c5f4a6f8eeb7884b85e7f014407923770fb6d185edfafbd9e5d	PASS	Manually reviewed all frame/mip page locations; structural/pixel evidence only
asset_source	textures/imported/fluids/fluid_strange_bluish.png.mcmeta	1f1aa90141266cbca0729f353b87d6705fbbf9dd6e4907f060d852872bbd9aaf	PASS	Manually accepted resolved graph/schema contract; no pixel surface applies
asset_source	textures/imported/fluids/fluid_strange_fiery.png	dd620cab3e58e24d9274aa6d79a6201068764982a3eb42692e513a6a8bf116e2	PASS	Manually reviewed all frame/mip page locations; structural/pixel evidence only
asset_source	textures/imported/fluids/fluid_strange_fiery.png.mcmeta	d859a74124fbfe6745e73c7bbf5af93ac70a427f40067f5dd60910aa46c10c14	PASS	Manually accepted resolved graph/schema contract; no pixel surface applies
asset_source	textures/imported/fluids/fluid_strange_gray.png	26e868bfc01f45b918fa3eadc800b9faede8579ff35562bf355a3c7cbba15960	PASS	Manually reviewed all frame/mip page locations; structural/pixel evidence only
asset_source	textures/imported/fluids/fluid_strange_gray.png.mcmeta	1f1aa90141266cbca0729f353b87d6705fbbf9dd6e4907f060d852872bbd9aaf	PASS	Manually accepted resolved graph/schema contract; no pixel surface applies
asset_source	textures/imported/fluids/fluid_strange_greenish.png	cae6b2f4c51398daf7bd870e714229acc3f6516779dc2c1992479649739f7e63	PASS	Manually reviewed all frame/mip page locations; structural/pixel evidence only
asset_source	textures/imported/fluids/fluid_strange_greenish.png.mcmeta	1f1aa90141266cbca0729f353b87d6705fbbf9dd6e4907f060d852872bbd9aaf	PASS	Manually accepted resolved graph/schema contract; no pixel surface applies
asset_source	textures/imported/fluids/fluid_strange_mixture.png	37020a7941c6f80105049556320f0c3a8a587e9950c718fd90068c09103ca7c7	PASS	Manually reviewed all frame/mip page locations; structural/pixel evidence only
asset_source	textures/imported/fluids/fluid_strange_mixture.png.mcmeta	f40611ccb61560121bf4bc93532053bd666ace7f4e59449d2dd8cd67f78d2fce	PASS	Manually accepted resolved graph/schema contract; no pixel surface applies
asset_source	textures/imported/fluids/fluid_strange_pale.png	209a7f5406e695db4b85edc60a94ecb3e396ca9143b156c38cf791bf3eafff95	PASS	Manually reviewed all frame/mip page locations; structural/pixel evidence only
asset_source	textures/imported/fluids/fluid_strange_pale.png.mcmeta	d859a74124fbfe6745e73c7bbf5af93ac70a427f40067f5dd60910aa46c10c14	PASS	Manually accepted resolved graph/schema contract; no pixel surface applies
asset_source	textures/imported/fluids/fluid_strange_pale_2.png	986c91b5c38853191a3dc87fe654e5cdc1cfe5f8b224caac63b90c7005cabf8b	PASS	Manually reviewed all frame/mip page locations; structural/pixel evidence only
asset_source	textures/imported/fluids/fluid_strange_pale_2.png.mcmeta	d859a74124fbfe6745e73c7bbf5af93ac70a427f40067f5dd60910aa46c10c14	PASS	Manually accepted resolved graph/schema contract; no pixel surface applies
asset_source	textures/imported/fluids/fluid_strange_reddish.png	c2228445f3bdb8b29756d3f8a521fe2592a2d2e502304db8f003aaef7252920a	PASS	Manually reviewed all frame/mip page locations; structural/pixel evidence only
asset_source	textures/imported/fluids/fluid_strange_reddish.png.mcmeta	1f1aa90141266cbca0729f353b87d6705fbbf9dd6e4907f060d852872bbd9aaf	PASS	Manually accepted resolved graph/schema contract; no pixel surface applies
asset_source	textures/imported/gui/hud_icons_abyssal.png	cbb8efc9e97c43d76e50109abde3534ab9a46d18ec2dfb128c2c4bf7952e2b5f	PASS	Manually reviewed all frame/mip page locations; structural/pixel evidence only
asset_source	textures/imported/gui/hud_icons_celestial.png	31dd34a9bd8b72f14e8d63f066db366edfde458142b1e160f7c2850050c83f78	PASS	Manually reviewed all frame/mip page locations; structural/pixel evidence only
asset_source	textures/imported/gui/hud_icons_deep.png	13718c66633ce2becf2c05ac0eb7119a8721a66a93e606c5708447d390ad24a0	PASS	Manually reviewed all frame/mip page locations; structural/pixel evidence only
asset_source	textures/imported/gui/hud_icons_infernal.png	44ece5016b087321b1c371df6b65a1b2ebd0ab582d8bbee92f6876b69e64cc79	PASS	Manually reviewed all frame/mip page locations; structural/pixel evidence only
asset_source	textures/imported/gui/hud_icons_unknown.png	5b003c8944867eaa8c0e2a765bb2a14976a6a39ab60e2f89cb2453ae7f0cd753	PASS	Manually reviewed all frame/mip page locations; structural/pixel evidence only
asset_source	textures/imported/gui/hud_icons_wild.png	41d54ff79832c951cc2f255fa1d7df8ff3949d2b012bf87f35545fe0be2ff4f9	PASS	Manually reviewed all frame/mip page locations; structural/pixel evidence only
asset_source	textures/imported/gui/hud_potions.png	94e64c6ac3141901582308bee23c2a42abb9c509e9eb997d6f2dd748c3f9a1d9	PASS	Manually reviewed all frame/mip page locations; structural/pixel evidence only
asset_source	textures/item/amethyst_greatblade.png	d047ec82c18bc903e0f9a9ff3b805a9b60526b823b2dc76b6512bd5755f5835a	PASS	Manually reviewed all page locations; transparent RGB exception is separately path+SHA bound; pixel evidence only
asset_source	textures/item/amethyst_greatpick.png	c5365faf6948ea0c3905d4f612b63a62b799969e5bf25a2e03e8509bf5b8d064	PASS	Manually reviewed all page locations; transparent RGB exception is separately path+SHA bound; pixel evidence only
asset_source	textures/item/amethyst_greatshovel.png	06ddce86a00ed853da304e14bc6ac1583eaedef84f07bdda1503a4cf17734b7b	PASS	Manually reviewed all page locations; transparent RGB exception is separately path+SHA bound; pixel evidence only
asset_source	textures/item/ancient_greatslab.png	d0d96d7aa857ee56f912d0eb83f88da275637b0b0b815066502b1aea10110318	PASS	Manually reviewed all page locations; transparent RGB exception is separately path+SHA bound; pixel evidence only
asset_source	textures/item/azure_dagger.png	bc5084e07bc8376a941061f1229caa2dd6bfe76eb190c9759d2de4f64af584e8	PASS	Manually reviewed all page locations; transparent RGB exception is separately path+SHA bound; pixel evidence only
asset_source	textures/item/azure_dagger.png.mcmeta	f4ff0d798d35a23935c4f942ea38647c2f1eda6558f49ee8196c755c86c56568	PASS	Manually accepted resolved graph/schema contract; no pixel surface applies
asset_source	textures/item/azure_greataxe.png	bc5d8bf022dab46543df21d32d4def9505bc6b654227a6f3df35fed7e6fd1032	PASS	Manually reviewed all page locations; transparent RGB exception is separately path+SHA bound; pixel evidence only
asset_source	textures/item/azure_greataxe.png.mcmeta	f4ff0d798d35a23935c4f942ea38647c2f1eda6558f49ee8196c755c86c56568	PASS	Manually accepted resolved graph/schema contract; no pixel surface applies
asset_source	textures/item/azure_greatsword.png	cceff441cd98a323dbf3c8f78002c687e0285153cce3793e70168b54ee0b0d7c	PASS	Manually reviewed all page locations; transparent RGB exception is separately path+SHA bound; pixel evidence only
asset_source	textures/item/azure_greatsword.png.mcmeta	f4ff0d798d35a23935c4f942ea38647c2f1eda6558f49ee8196c755c86c56568	PASS	Manually accepted resolved graph/schema contract; no pixel surface applies
asset_source	textures/item/azure_pickaxe.png	63d6107e57a5dc48d817b0c6066e77aeb80718f82bb850eca9d114383d96c559	PASS	Manually reviewed all page locations; transparent RGB exception is separately path+SHA bound; pixel evidence only
asset_source	textures/item/azure_sabre.png	4ad87f21b1b7ad9664dc0fe939a610e0121f26c6a5001657781e26d99da339d0	PASS	Manually reviewed all page locations; transparent RGB exception is separately path+SHA bound; pixel evidence only
asset_source	textures/item/azure_sabre.png.mcmeta	f4ff0d798d35a23935c4f942ea38647c2f1eda6558f49ee8196c755c86c56568	PASS	Manually accepted resolved graph/schema contract; no pixel surface applies
asset_source	textures/item/azure_scythe.png	4484c2d4fdd6e067c14bd9081f3160c77fb3d54291bb441d747d7a2af5ded27d	PASS	Manually reviewed all page locations; transparent RGB exception is separately path+SHA bound; pixel evidence only
asset_source	textures/item/azure_scythe.png.mcmeta	f4ff0d798d35a23935c4f942ea38647c2f1eda6558f49ee8196c755c86c56568	PASS	Manually accepted resolved graph/schema contract; no pixel surface applies
asset_source	textures/item/azure_shovel.png	d9b2d5b51332ed08dfa9c9194a62debd0fd623e4fb6ae3836442668a1141eb3c	PASS	Manually reviewed all page locations; transparent RGB exception is separately path+SHA bound; pixel evidence only
asset_source	textures/item/berserkers_cleaver.png	523590ffe1603e154217356842694e96a3127654b4240ce67e7970a7b5590fa9	PASS	Manually reviewed all page locations; transparent RGB exception is separately path+SHA bound; pixel evidence only
asset_source	textures/item/berserkers_greataxe.png	6a03899577054ebf21c711f438e36b2da5db55687e9224ee8dab3448432d161c	PASS	Manually reviewed all page locations; transparent RGB exception is separately path+SHA bound; pixel evidence only
asset_source	textures/item/black_iron_clobberer.png	6e9d2615cfa588319b7ae65c0db463594fe56af98ebbd863ebfdf996bb3e5801	PASS	Manually reviewed all page locations; transparent RGB exception is separately path+SHA bound; pixel evidence only
asset_source	textures/item/black_iron_greataxe.png	2283507c55ef8925f0700b6ddb0b66d6288b58dd44369337dbde27de5195dce3	PASS	Manually reviewed all page locations; transparent RGB exception is separately path+SHA bound; pixel evidence only
asset_source	textures/item/black_iron_greatsword.png	872b470d5ad15a1e6b7b8a4c16bb464e1d33b09469559ae99e94785bf26a1e50	PASS	Manually reviewed all page locations; transparent RGB exception is separately path+SHA bound; pixel evidence only
asset_source	textures/item/blue_crystal.png	30b4c4d7e5a7535d05e29ec04c00f9755655df19b565e2f5760155f0b2f64491	PASS	Manually reviewed all frame/mip page locations; structural/pixel evidence only
asset_source	textures/item/cadithpiercer.png	3719c8d950d76b34250f7a5df37e98af0a00a35ea6279aa8b628b9fd8fabdfc6	PASS	Manually reviewed all page locations; transparent RGB exception is separately path+SHA bound; pixel evidence only
asset_source	textures/item/calamity_blade.png	3db001106f5df3f405cfb6938487b1f66a15614df6ebe6bf5d81c67b8b719451	PASS	Manually reviewed all page locations; transparent RGB exception is separately path+SHA bound; pixel evidence only
asset_source	textures/item/claymore.png	3820466dc2672b458d65d99379f3fd65c08b6e619a66f352e3d29d0b4071c961	PASS	Manually reviewed all page locations; transparent RGB exception is separately path+SHA bound; pixel evidence only
asset_source	textures/item/crescent_greataxe.png	2f046e8f305b0d2b8263d9e96a1fed2aa2b7e32c0fa1de5e9c4dbc6a2c646463	PASS	Manually reviewed all page locations; transparent RGB exception is separately path+SHA bound; pixel evidence only
asset_source	textures/item/crimson_cleaver.png	f2720f867d493f895563d07d70f257f9b815239023c5049c1b9f9535b5cc58a2	PASS	Manually reviewed all page locations; transparent RGB exception is separately path+SHA bound; pixel evidence only
asset_source	textures/item/crystal_frostblade.png	0e6367db5e28bdf62825252f8f352032f8b7f95cb78229bbf3c95e37fd177b98	PASS	Manually reviewed all frame/mip page locations; structural/pixel evidence only
asset_source	textures/item/crystal_frostcythe.png	41149ee6edb608de24688674de132c4bcf6202c88203cc94b2aa1257ffee290b	PASS	Manually reviewed all page locations; transparent RGB exception is separately path+SHA bound; pixel evidence only
asset_source	textures/item/dark_crystal.png	4190cab8c12851981647082ebda9c8c7bebc75b78676d1d79685d5ebc96cf9e5	PASS	Manually reviewed all frame/mip page locations; structural/pixel evidence only
asset_source	textures/item/dark_herald_spawn_egg.png	6d2ffa01bea21e2b79f1080967291fd6e33f9f19a35656c54822708a18fd8ff1	PASS	Manually reviewed all frame/mip page locations; structural/pixel evidence only
asset_source	textures/item/darkness_creature_spawn_egg.png	92d9f3cf28a6a449bd8b055db0dd6669f5d3ac2d9ed9ea3a9bbb33fa6217ea1f	PASS	Manually reviewed all frame/mip page locations; structural/pixel evidence only
asset_source	textures/item/demonic_sword.png	3efbdc6c6a6474f1bc27196dd0b983cfaa94e51d10224968878ddf8187144ce0	PASS	Manually reviewed all page locations; transparent RGB exception is separately path+SHA bound; pixel evidence only
asset_source	textures/item/demons_blood_blade.png	986fad970e20e8d4b11774b77a4dc70d4b6ea94738eb3c600641489b5bfb0da6	PASS	Manually reviewed all page locations; transparent RGB exception is separately path+SHA bound; pixel evidence only
asset_source	textures/item/demons_blood_pick.png	04fe95a791eceba2a464838fa0013917070d84c20128e10569f8902e5674459c	PASS	Manually reviewed all frame/mip page locations; structural/pixel evidence only
asset_source	textures/item/demons_blood_shovel.png	d765b6dd0f364d1f4a5ab5960f359f74aeb64a08762b1a736285f58d36aba864	PASS	Manually reviewed all page locations; transparent RGB exception is separately path+SHA bound; pixel evidence only
asset_source	textures/item/demonslayers_greatsword.png	19b33934ae3d29c9d6af9f20f5810706e44b9620c962539a487f6265e52da44f	PASS	Manually reviewed all page locations; transparent RGB exception is separately path+SHA bound; pixel evidence only
asset_source	textures/item/dragon_sword.png	69d91c8db59a19643a4aa4492a26abc7485a1fde0b3dafcd9cef16fb257cd540	PASS	Manually reviewed all frame/mip page locations; structural/pixel evidence only
asset_source	textures/item/dragon_sword_effect.png	06425b3117e2b082d2985f96e7f6ea1fdd09bff5d8cb884d1d8bd3cedaac7da7	PASS	Manually reviewed all page locations; transparent RGB exception is separately path+SHA bound; pixel evidence only
asset_source	textures/item/dragon_sword_effect.png.mcmeta	9c9109ed60e39a50c4866ec00ccaa1c5660aa2a88818b1d1b398195a6d4ab4f2	PASS	Manually accepted resolved graph/schema contract; no pixel surface applies
asset_source	textures/item/emerald_greatcleaver.png	ed9472fe65c143c78920877fcdd2c6f7ff5606a57744ae20edbe0b00c1fe359e	PASS	Manually reviewed all page locations; transparent RGB exception is separately path+SHA bound; pixel evidence only
asset_source	textures/item/ethereal_frostblade.png	21718e4e4c9f5fad41b19be69c1ae97d89f1d0db9bbcf504b68fcc48f6860bf8	PASS	Manually reviewed all frame/mip page locations; structural/pixel evidence only
asset_source	textures/item/first_vessel_spawn_egg.png	23c8e22032788042a8ffa085dd8250b9b9ef1be411b2490e512418578f3c9944	PASS	Manually reviewed all frame/mip page locations; structural/pixel evidence only
asset_source	textures/item/flamberge.png	7d749e9f8b0203a046661d6a2098f427459ec9e4c527ae5857d07a8f22293fa3	PASS	Manually reviewed all page locations; transparent RGB exception is separately path+SHA bound; pixel evidence only
asset_source	textures/item/gilded_phoenix_greataxe.png	661b9e51c0db3b814bc1d5357be8285dd7d76fb3b131220f9db0d8fe8d6507c3	PASS	Manually reviewed all page locations; transparent RGB exception is separately path+SHA bound; pixel evidence only
asset_source	textures/item/gloomsteel_greataxe.png	9a841d45a47f1bc087d5e2e96ee8116a10e901883d871e7589d5962fce56ad2a	PASS	Manually reviewed all page locations; transparent RGB exception is separately path+SHA bound; pixel evidence only
asset_source	textures/item/gloomsteel_katana.png	af075b6f922c4c9f3c80ac62637c268cc208c060313e293bcb2130b026429c7f	PASS	Manually reviewed all page locations; transparent RGB exception is separately path+SHA bound; pixel evidence only
asset_source	textures/item/gloomsteel_knife.png	12fcbda2f043a6d6b542abd924fa9882f1f486a18eb3eb1280ab2b3e0246f9e4	PASS	Manually reviewed all page locations; transparent RGB exception is separately path+SHA bound; pixel evidence only
asset_source	textures/item/grand_claymore.png	4640dcdf31c78c6a23e590730ae330490385f1ee29b6ebabedde61f618c1e6c7	PASS	Manually reviewed all page locations; transparent RGB exception is separately path+SHA bound; pixel evidence only
asset_source	textures/item/green_crystal.png	7342d863ce3c387a1b41260ff90c3f9c0ce4678ba2773180890bf8cdd73efc64	PASS	Manually reviewed all frame/mip page locations; structural/pixel evidence only
asset_source	textures/item/heavenly_partisan.png	281d8453a4f77e69d6e2a5cab1753b6216985bb5fc4b25d08d3ec4a33687bea7	PASS	Manually reviewed all frame/mip page locations; structural/pixel evidence only
asset_source	textures/item/imported/artifact_ammolite.png	e6968b63dfd45eed6dd38fc79994744d8bda0288a438fd9752e0eb25fdbf157f	PASS	Manually reviewed all frame/mip page locations; structural/pixel evidence only
asset_source	textures/item/imported/artifact_amulet.png	36330b949d19bab35c61858ec939bab1f6b607f590ae3318782157f511827c0e	PASS	Manually reviewed all frame/mip page locations; structural/pixel evidence only
asset_source	textures/item/imported/artifact_beating_heart.png	e7e4791bed8283fcc491b3b73c1293daa0c39ca0dfe9279f39601f7ef2b76e71	PASS	Manually reviewed all frame/mip page locations; structural/pixel evidence only
asset_source	textures/item/imported/artifact_beating_heart.png.mcmeta	774560201f563fe889357e266c54449dbc57da146fe6d9eb0de5c30d7b9b7e14	PASS	Manually accepted resolved graph/schema contract; no pixel surface applies
asset_source	textures/item/imported/artifact_blackpearl.png	bd8d249b5337a38740a8cc8af7590ccb26eb5d24c0494c1b01c64adc9f5f1059	PASS	Manually reviewed all frame/mip page locations; structural/pixel evidence only
asset_source	textures/item/imported/artifact_blackpearl.png.mcmeta	a35e343da855723f316c1220cbed0f5dea44970456550f7fb4e1bea04467b531	PASS	Manually accepted resolved graph/schema contract; no pixel surface applies
asset_source	textures/item/imported/artifact_bloodstone.png	6566df0c51c61336c23bf303e5ffb206982b883000327b71ecdc829d351ae818	PASS	Manually reviewed all frame/mip page locations; structural/pixel evidence only
asset_source	textures/item/imported/artifact_bloodstone.png.mcmeta	19260bc27804d8326dff2f97cb258387364adb91858343ca90677c65ef59b332	PASS	Manually accepted resolved graph/schema contract; no pixel surface applies
asset_source	textures/item/imported/artifact_bonefigurine.png	2fac2f88299dca8b743fc7f366131f4095ad606c59b490ccdbc705e3a92993df	PASS	Manually reviewed all frame/mip page locations; structural/pixel evidence only
asset_source	textures/item/imported/artifact_bound_runestone_active_1.png	612f2f8c391ea40ecac2ba2965d16b24acecc2c9591f95714a130e6d9778d859	PASS	Manually reviewed all frame/mip page locations; structural/pixel evidence only
asset_source	textures/item/imported/artifact_bound_runestone_active_2.png	d12a9a4a4c6b54f682ef28dd2bec64e1f2f7afc5c01833e1b10f4366aee81202	PASS	Manually reviewed all frame/mip page locations; structural/pixel evidence only
asset_source	textures/item/imported/artifact_bound_runestone_active_3.png	e9e9e23ce62dbf3472b0da064332dae3b3ab3931ac85caec08c951d461be20d3	PASS	Manually reviewed all frame/mip page locations; structural/pixel evidence only
asset_source	textures/item/imported/artifact_bound_runestone_inert_1.png	7649abef8e2314b4fced875893f469a9d06ccec3c5f0c63fe97dc2ec7f47c816	PASS	Manually reviewed all frame/mip page locations; structural/pixel evidence only
asset_source	textures/item/imported/artifact_bound_runestone_inert_2.png	ca2cc2d35061dc77e2c613f25986380e5b8fa4576620af57a5b47bac83da8263	PASS	Manually reviewed all frame/mip page locations; structural/pixel evidence only
asset_source	textures/item/imported/artifact_bound_runestone_inert_3.png	6f0336d84fb22674f849667f22dfee2cd238ebf6641904b13a012875a6848e90	PASS	Manually reviewed all frame/mip page locations; structural/pixel evidence only
asset_source	textures/item/imported/artifact_bowl.png	7cc9f97b74d05eb7318627a5321372f744d3bad5aa69c721ac0783535104ab02	PASS	Manually reviewed all frame/mip page locations; structural/pixel evidence only
asset_source	textures/item/imported/artifact_bullion.png	bc4d09ce5ad71a688d6a5161e3bd07ab051237d52ab00187f3caec6bde6caf0e	PASS	Manually reviewed all frame/mip page locations; structural/pixel evidence only
asset_source	textures/item/imported/artifact_coins.png	ad177f4d7f1c242e39e110edcdaf9a0d0d572962b2638dfb8529f5fd3001f91a	PASS	Manually reviewed all frame/mip page locations; structural/pixel evidence only
asset_source	textures/item/imported/artifact_corroded_copper_ring.png	1df342ad3eb4e372c79edc7c4717eeabffa13bb8e6bf4be418d8f847317a5a14	PASS	Manually reviewed all frame/mip page locations; structural/pixel evidence only
asset_source	textures/item/imported/artifact_dark_bone_figurine.png	b15054871f179e7123aa8316bc5aa8fe941ec7c4d4b9d453daac996dfc6a4c59	PASS	Manually reviewed all frame/mip page locations; structural/pixel evidence only
asset_source	textures/item/imported/artifact_diamond_ring.png	39265775ed55f7133aa528d92f83f3c26eeef6401fa26bc8cb69406ee326ff0e	PASS	Manually reviewed all frame/mip page locations; structural/pixel evidence only
asset_source	textures/item/imported/artifact_dripping_orb_1.png	54824d559d75010a79e986c425dca83c2cfff5740091c720c46822697077acfc	PASS	Manually reviewed all frame/mip page locations; structural/pixel evidence only
asset_source	textures/item/imported/artifact_dripping_orb_1.png.mcmeta	19260bc27804d8326dff2f97cb258387364adb91858343ca90677c65ef59b332	PASS	Manually accepted resolved graph/schema contract; no pixel surface applies
asset_source	textures/item/imported/artifact_dripping_orb_2.png	f3e096d6b27294b3a46b896d0e8cdde6feeb09e6e1da0ff567e03e441ffea21d	PASS	Manually reviewed all frame/mip page locations; structural/pixel evidence only
asset_source	textures/item/imported/artifact_dripping_orb_2.png.mcmeta	19260bc27804d8326dff2f97cb258387364adb91858343ca90677c65ef59b332	PASS	Manually accepted resolved graph/schema contract; no pixel surface applies
asset_source	textures/item/imported/artifact_emerald_ring.png	6726f6ab77468ab572194d8624f4d13e4b889d2e48544b9fae651ef389051dab	PASS	Manually reviewed all frame/mip page locations; structural/pixel evidence only
asset_source	textures/item/imported/artifact_emperyeanjewel.png	3a83654cb7cafce5dc168ca2fdd37b58bbb1f802c7888926eb26f6bd61a02c33	PASS	Manually reviewed all frame/mip page locations; structural/pixel evidence only
asset_source	textures/item/imported/artifact_emperyeanjewel.png.mcmeta	19260bc27804d8326dff2f97cb258387364adb91858343ca90677c65ef59b332	PASS	Manually accepted resolved graph/schema contract; no pixel surface applies
asset_source	textures/item/imported/artifact_flute.png	c1f8a8e8fd77d8e84e007b83f013f1d1614795fbc4b4504bf46f0edd037b962d	PASS	Manually reviewed all frame/mip page locations; structural/pixel evidence only
asset_source	textures/item/imported/artifact_ghoul_heart.png	0ec8ff110ca3fe0ea061f74c723c45a009a78114f048fa39d1305706b7fbf488	PASS	Manually reviewed all frame/mip page locations; structural/pixel evidence only
asset_source	textures/item/imported/artifact_ghoul_heart.png.mcmeta	1c023fafde82981ce2828fd2ca6fe362ab7cfc336a34fd9d4d7d970130f2aacf	PASS	Manually accepted resolved graph/schema contract; no pixel surface applies
asset_source	textures/item/imported/artifact_heart_mechanism.png	93a8d6eefe18160687ea04dba4df535400333fb5dc151a01552769461286e032	PASS	Manually reviewed all frame/mip page locations; structural/pixel evidence only
asset_source	textures/item/imported/artifact_lodestone.png	d4e4b1d5583670a02fa5cc4f087ff5550d871deb83e91a021622b717c45e2efe	PASS	Manually reviewed all frame/mip page locations; structural/pixel evidence only
asset_source	textures/item/imported/artifact_malignember.png	83e2039f788bf2935b8b105ebc03e4573e80b553e5e542931652c48027d9f099	PASS	Manually reviewed all frame/mip page locations; structural/pixel evidence only
asset_source	textures/item/imported/artifact_malignember.png.mcmeta	e53f995557afd018a42d25613bf89e7c015d161fb66a26df9a713a8973ee1f6d	PASS	Manually accepted resolved graph/schema contract; no pixel surface applies
asset_source	textures/item/imported/artifact_oddstone.png	98e0a254a6d27e094d4e27421fd7a49d926ec702edcde5a278d21aaa4abc0a01	PASS	Manually reviewed all frame/mip page locations; structural/pixel evidence only
asset_source	textures/item/imported/artifact_philosopherstone.png	cba5604ed62914ebe8629c6bd7b20b90f3413a8d81b4a6e82cd2b53e9d682bf1	PASS	Manually reviewed all frame/mip page locations; structural/pixel evidence only
asset_source	textures/item/imported/artifact_philosopherstone.png.mcmeta	06d5342273dfeebabc7fa3a06479b0094d3d887a1ec5d4e4e8337868c0e2101b	PASS	Manually accepted resolved graph/schema contract; no pixel surface applies
asset_source	textures/item/imported/artifact_plain_copper_ring.png	8cd2eef9e9044c475bac64e9107e81d9b6a9a639a236517f075363447ee8c48d	PASS	Manually reviewed all frame/mip page locations; structural/pixel evidence only
asset_source	textures/item/imported/artifact_ritualdagger.png	b320b9661d99929ab472deaf53e8863394e5d5524b06896699bbd7cb642ab5b0	PASS	Manually reviewed all frame/mip page locations; structural/pixel evidence only
asset_source	textures/item/imported/artifact_runestone_back.png	758850f4b4f7548bb9f09a826a6173a9c4224f45763ef64c4a059d625337a609	PASS	Manually reviewed all frame/mip page locations; structural/pixel evidence only
asset_source	textures/item/imported/artifact_runestone_dark_inscribed_large.png	aa4ea4ef5998a2aac25ee0bd36debe9f59e3cc45e3194fc47600f870a5d5b1cf	PASS	Manually reviewed all frame/mip page locations; structural/pixel evidence only
asset_source	textures/item/imported/artifact_runestone_dark_inscribed_large.png.mcmeta	0d21242797ece504dc977426b740cb501e0d85ad10703358c63a0fef4a0242a4	PASS	Manually accepted resolved graph/schema contract; no pixel surface applies
asset_source	textures/item/imported/artifact_runestone_dark_inscribed_medium.png	58d328a209c28856f288f26a74bf9952125a0019d494881fb2314e17b1bab4c9	PASS	Manually reviewed all frame/mip page locations; structural/pixel evidence only
asset_source	textures/item/imported/artifact_runestone_dark_inscribed_medium.png.mcmeta	549c9d3e00103b2916101ca951b7a5fc53cf17e7158d623846e2eefe116ea7d4	PASS	Manually accepted resolved graph/schema contract; no pixel surface applies
asset_source	textures/item/imported/artifact_runestone_dark_inscribed_small.png	0ca5916cad9fbc73a0f6f48408198fe7874b0d80699796120fcb0cd97e56c4be	PASS	Manually reviewed all frame/mip page locations; structural/pixel evidence only
asset_source	textures/item/imported/artifact_runestone_dark_inscribed_small.png.mcmeta	5d402142c327d3e29ae2d95d002edf673e89291590a3e2be700bf1da97d463c1	PASS	Manually accepted resolved graph/schema contract; no pixel surface applies
asset_source	textures/item/imported/artifact_runestone_dark_inscribed_tiny.png	3e2cf028f772c2feb9e54e13086c68b2a02a8d9309d463dc15c62becd4eb9dc5	PASS	Manually reviewed all frame/mip page locations; structural/pixel evidence only
asset_source	textures/item/imported/artifact_runestone_dark_inscribed_tiny.png.mcmeta	a73cf78d43950cde4feef8982372bb51434e4ec460624ef0e7dc6c81ac35a5c4	PASS	Manually accepted resolved graph/schema contract; no pixel surface applies
asset_source	textures/item/imported/artifact_runestone_dark_large.png	2a8af87eeb4121636cb90f560b6bb9b0a02db0a95630fd973abefdd68e463c1f	PASS	Manually reviewed all frame/mip page locations; structural/pixel evidence only
asset_source	textures/item/imported/artifact_runestone_dark_medium.png	dad05aa5d10980c40abc8af858064c08f9c3d1ee96223b0bdfeb1ed7da9da445	PASS	Manually reviewed all frame/mip page locations; structural/pixel evidence only
asset_source	textures/item/imported/artifact_runestone_dark_small.png	767c43b613eba490da51824f58ae3f94ee78a40668a42f45226eb7e290ddcb39	PASS	Manually reviewed all frame/mip page locations; structural/pixel evidence only
asset_source	textures/item/imported/artifact_runestone_dark_tiny.png	bd3545038480472a453b15d49dad4792ca2c67ac47fbdda634bb2bcd9753ee60	PASS	Manually reviewed all frame/mip page locations; structural/pixel evidence only
asset_source	textures/item/imported/artifact_runestone_frigid.png	a30d5416e01bb8b589c5254fbf91fa73ffc78a87b09dd9291c5092043785de4e	PASS	Manually reviewed all frame/mip page locations; structural/pixel evidence only
asset_source	textures/item/imported/artifact_runestone_inert.png	c244f1ed50124b203a2b90e90f7180353f3718dcc8ff579c0505305165fe02af	PASS	Manually reviewed all frame/mip page locations; structural/pixel evidence only
asset_source	textures/item/imported/artifact_runestone_overlay_0.png	a916050ba84c4f75d0d34c1b6191e57d7346799006c63db27ecd59e48e39a52a	PASS	Manually reviewed all frame/mip page locations; structural/pixel evidence only
asset_source	textures/item/imported/artifact_runestone_overlay_1.png	3be2a8165d22509c22d1a19536f886ffc63f61cbf490b7346d54291a15aa0018	PASS	Manually reviewed all frame/mip page locations; structural/pixel evidence only
asset_source	textures/item/imported/artifact_runestone_overlay_10.png	9dfee98ff1c924638d93136a20e945c1ce8fe7ff62d446fe084078441d594ab2	PASS	Manually reviewed all frame/mip page locations; structural/pixel evidence only
asset_source	textures/item/imported/artifact_runestone_overlay_2.png	216c77109121e1a50ed65bf079d1760befc80b94f74a8356f9a726d3061ef877	PASS	Manually reviewed all frame/mip page locations; structural/pixel evidence only
asset_source	textures/item/imported/artifact_runestone_overlay_3.png	2e2932fda36928d7c3746e21d8e0afe5a226baa7a7bad7efa7c1f597b8cc7270	PASS	Manually reviewed all frame/mip page locations; structural/pixel evidence only
asset_source	textures/item/imported/artifact_runestone_overlay_4.png	3c25db604f4ad474b5d9cc044355372b5dd36ba21f4b66dffef68bd3315f68cb	PASS	Manually reviewed all frame/mip page locations; structural/pixel evidence only
asset_source	textures/item/imported/artifact_runestone_overlay_5.png	8ce3b086def12f3ab9e1b0de78be55e608d5906f35794c289fe3871b3935288e	PASS	Manually reviewed all frame/mip page locations; structural/pixel evidence only
asset_source	textures/item/imported/artifact_runestone_overlay_6.png	eda7fb9e751342bbce1d7c480a24c9cd8a041a7222a33fbfb2158940d33b420c	PASS	Manually reviewed all frame/mip page locations; structural/pixel evidence only
asset_source	textures/item/imported/artifact_runestone_overlay_7.png	57de2816e0ec9c1369513d3ddf9fd668ba9061a3d65d758907e9f7d0c9aabed9	PASS	Manually reviewed all frame/mip page locations; structural/pixel evidence only
asset_source	textures/item/imported/artifact_runestone_overlay_8.png	1a5069911a0ccdc5c42f63dc6f054dff325ddd68a92d191ca9871105c02cb25a	PASS	Manually reviewed all frame/mip page locations; structural/pixel evidence only
asset_source	textures/item/imported/artifact_runestone_overlay_9.png	95563a87a5d08a9bd8885b2d47f91ecf350c35b7019f76afb879605980fe8291	PASS	Manually reviewed all frame/mip page locations; structural/pixel evidence only
asset_source	textures/item/imported/artifact_smallpot.png	8712a9bdbef621fd8a4f6b0c904ef5626c4fa18ef8ff711bac42bc47f5c2d2f8	PASS	Manually reviewed all frame/mip page locations; structural/pixel evidence only
asset_source	textures/item/imported/artifact_soulmatrix.png	ea1fc8f37f6d51c774a9566b1a6efd105e0f3cecebf3fdf353b18418f437f2a8	PASS	Manually reviewed all frame/mip page locations; structural/pixel evidence only
asset_source	textures/item/imported/artifact_soulmatrix.png.mcmeta	6bc5207d6a0b2da50d3f5ea6d1859fbadfb7db6bbe7bdaccfdb3edfffde9b8d5	PASS	Manually accepted resolved graph/schema contract; no pixel surface applies
asset_source	textures/item/imported/artifact_soulstone.large.png	77d3b7102d0a5d56bb505362d8be1b05fc85a2f468c7e4cc3386d2af96c224a3	PASS	Manually reviewed all frame/mip page locations; structural/pixel evidence only
asset_source	textures/item/imported/artifact_soulstone.large.png.mcmeta	257d88e7a9d9672d8d5dbc90bdd1b3c036402f4dde890ffb009a8ae86e777b93	PASS	Manually accepted resolved graph/schema contract; no pixel surface applies
asset_source	textures/item/imported/artifact_soulstone.medium.png	05eac608647635cdcf7ed401fea80c61b6bc71339f5614b7bcc53c02a3c214fa	PASS	Manually reviewed all frame/mip page locations; structural/pixel evidence only
asset_source	textures/item/imported/artifact_soulstone.medium.png.mcmeta	257d88e7a9d9672d8d5dbc90bdd1b3c036402f4dde890ffb009a8ae86e777b93	PASS	Manually accepted resolved graph/schema contract; no pixel surface applies
asset_source	textures/item/imported/artifact_soulstone.small.png	a7dbde5ff81a88c649621c26f766a41af2164b3833fd652fdf0df9bfc25bd61e	PASS	Manually reviewed all frame/mip page locations; structural/pixel evidence only
asset_source	textures/item/imported/artifact_soulstone.small.png.mcmeta	257d88e7a9d9672d8d5dbc90bdd1b3c036402f4dde890ffb009a8ae86e777b93	PASS	Manually accepted resolved graph/schema contract; no pixel surface applies
asset_source	textures/item/imported/artifact_soulstone_large_inert.png	1c8974be3e5cf97ccca97ca7af83d0246f937c0167b28ae7e9fe38cb2ccfe8cc	PASS	Manually reviewed all frame/mip page locations; structural/pixel evidence only
asset_source	textures/item/imported/artifact_soulstone_medium_inert.png	0ea59efa8f7e14b1b7073892c741c116d9471e7c604667c0fe594f9d75571cb4	PASS	Manually reviewed all frame/mip page locations; structural/pixel evidence only
asset_source	textures/item/imported/artifact_soulstone_small_inert.png	3596ffdfd1c1dcceb75f2f6df8b11068b8c103377338ee9dcf4f3fe607ac53d8	PASS	Manually reviewed all frame/mip page locations; structural/pixel evidence only
asset_source	textures/item/imported/artifact_star.png	5c2294940b3b80af51cde5947dbdb53bebf83a056282409084ca0c4d5231eeb5	PASS	Manually reviewed all frame/mip page locations; structural/pixel evidence only
asset_source	textures/item/imported/artifact_star_animated.png	beac036127295616b3eadd4e12458d855b54c011d72083b895afd323d87cc860	PASS	Manually reviewed all frame/mip page locations; structural/pixel evidence only
asset_source	textures/item/imported/artifact_star_animated.png.mcmeta	90a27f3977bb41cfbd40c881a6423115cf7384d1eab6373b1dca2fb15c1019a4	PASS	Manually accepted resolved graph/schema contract; no pixel surface applies
asset_source	textures/item/imported/artifact_trilobite_fossil.png	48a12618e9325991f0b9ff8d11ce5a76ffcc87c30f84e4b93a9016a9a013e294	PASS	Manually reviewed all frame/mip page locations; structural/pixel evidence only
asset_source	textures/item/imported/artifact_trilobitefossil.png	a7cbbdedd225cf1e2a539da7dae59b925d7e34e66c085ee59f3ea5de853d7a21	PASS	Manually reviewed all frame/mip page locations; structural/pixel evidence only
asset_source	textures/item/imported/artifact_woodheart.png	43e22dcdc9a43041deacd0a2d22f9d8cf587f8a8830314541ed25839df5ae3a8	PASS	Manually reviewed all frame/mip page locations; structural/pixel evidence only
asset_source	textures/item/imported/artifact_woodheart.png.mcmeta	ba864bee649af63c79fc477e207a309bf070543a5491fdf32e17ebc7931b5a30	PASS	Manually accepted resolved graph/schema contract; no pixel surface applies
asset_source	textures/item/imported/blood_salts_2.png	c8c2dd9d0bd23ec641d0a87523dd6526c81488e361e887972ae598231ec0b2fe	PASS	Manually reviewed all frame/mip page locations; structural/pixel evidence only
asset_source	textures/item/imported/book_grimoire_abyssal.png	7544b1683f26318993c4fea22e950fa67880b8bba73f17b3d54182190afa445e	PASS	Manually reviewed all frame/mip page locations; structural/pixel evidence only
asset_source	textures/item/imported/book_grimoire_blight.png	8058457d78f901523d5f11ba5fa9b140386f2db8f835885881d366ead7b3a21e	PASS	Manually reviewed all frame/mip page locations; structural/pixel evidence only
asset_source	textures/item/imported/book_grimoire_celestial.png	a85771f1ff90efe887c47f2fdfde0f2546c546d2d695fb36c0531b67a057601e	PASS	Manually reviewed all frame/mip page locations; structural/pixel evidence only
asset_source	textures/item/imported/book_grimoire_deep.png	a2ade061dcfe235342f671f521dcdd491fd3eeb5d030668b0c25681ac480297f	PASS	Manually reviewed all frame/mip page locations; structural/pixel evidence only
asset_source	textures/item/imported/book_grimoire_infernal.png	4aaef64eb2fafe20b9a60657f67c81176f25093a2f1641751e0412ef5b4f7b8a	PASS	Manually reviewed all frame/mip page locations; structural/pixel evidence only
asset_source	textures/item/imported/book_grimoire_recolor.png	0980ca992ac0cf292ac571c7a17f8431a7469eadb5ea07f885490c467f22b00a	PASS	Manually reviewed all frame/mip page locations; structural/pixel evidence only
asset_source	textures/item/imported/book_grimoire_recolor_overlay_abyssal.png	e3e392966e485ea5ee4a85a40207627ecceab7a7d5f6888bd87d4c61a4a43952	PASS	Manually reviewed all frame/mip page locations; structural/pixel evidence only
asset_source	textures/item/imported/book_grimoire_recolor_overlay_blight.png	7a6fe4b0cb6b177b3b1d3890ceb95aa9ca08fe50b3f69ae44fbcc2b9bd48e5f1	PASS	Manually reviewed all frame/mip page locations; structural/pixel evidence only
asset_source	textures/item/imported/book_grimoire_recolor_overlay_celestial.png	c8ff50bee8eedea4a61ece3306747d14a5c7f9417e7de892e43ec34741d973db	PASS	Manually reviewed all frame/mip page locations; structural/pixel evidence only
asset_source	textures/item/imported/book_grimoire_recolor_overlay_deep.png	d5f2e852dd7e6ded632e6201ca52545d51fa4a77c56dcf4fa2cabb991faaaef0	PASS	Manually reviewed all frame/mip page locations; structural/pixel evidence only
asset_source	textures/item/imported/book_grimoire_recolor_overlay_infernal.png	d8946d5e3f79b8ff03b44b3a64867882e5837e4cf554210e5d04b7a792832d9c	PASS	Manually reviewed all frame/mip page locations; structural/pixel evidence only
asset_source	textures/item/imported/book_grimoire_recolor_overlay_wild.png	46aa89bba3801fa0197bc7b151a6edcd34fc3f42401077dfd071582d499dea0a	PASS	Manually reviewed all frame/mip page locations; structural/pixel evidence only
asset_source	textures/item/imported/book_grimoire_wild.png	566af9749410c853826f28ce82c34eb5abfe3fa27de50cf50f9d492e546e050b	PASS	Manually reviewed all frame/mip page locations; structural/pixel evidence only
asset_source	textures/item/imported/book_page_written.png	9fb890a7f644947cc66f158dbcf358a8429b37862621d56feab6d1d07c1753c6	PASS	Manually reviewed all frame/mip page locations; structural/pixel evidence only
asset_source	textures/item/imported/book_tattered.png	76e470f5953e8b4a1d3e8410439b133afdc89d199d518bcd48e6e69a3afc6f27	PASS	Manually reviewed all frame/mip page locations; structural/pixel evidence only
asset_source	textures/item/imported/device_miniportal.png	621717f76404543c5ca02a85a07ffd89eae1c5f2dd1660588037ce6a1e485c3b	PASS	Manually reviewed all frame/mip page locations; structural/pixel evidence only
asset_source	textures/item/imported/device_miniportal_active.png	fee90cdbb6a43e6776a357e61719f725bb58b3dc9e7b46ff644bb7d770babbc6	PASS	Manually reviewed all frame/mip page locations; structural/pixel evidence only
asset_source	textures/item/imported/food_apple_green.png	43d70ac346fc066d369e3f567c4b1409442ad2d8f92e0bd570178b86ecc35334	PASS	Manually reviewed all frame/mip page locations; structural/pixel evidence only
asset_source	textures/item/imported/food_apple_wormy.png	5edef25500768efefb0d330ead99a588c941f5bb0ba80fc725f715163072000e	PASS	Manually reviewed all frame/mip page locations; structural/pixel evidence only
asset_source	textures/item/imported/food_apple_wormy_2.png	a5128cd62e18ab38d74df83ffaf93c6e5761a9ce1c6c2df59c610ce6c7fe795c	PASS	Manually reviewed all frame/mip page locations; structural/pixel evidence only
asset_source	textures/item/imported/food_apple_wormy_2.png.mcmeta	ec7e30fc5eb0788b3cb32c6550c3caad7aad8be413c8ea658378fee810ad95b4	PASS	Manually accepted resolved graph/schema contract; no pixel surface applies
asset_source	textures/item/imported/food_bacon_cooked.png	a771c6da4482f07ac0ba91f85110c070a7adf86ba2b3f6d48e6db4c2a61fb0bf	PASS	Manually reviewed all frame/mip page locations; structural/pixel evidence only
asset_source	textures/item/imported/food_bacon_raw.png	01cbdf7088a081d6ff98352460ad12c9fcfa6bcd29e45c271d0f6f2acf24f844	PASS	Manually reviewed all frame/mip page locations; structural/pixel evidence only
asset_source	textures/item/imported/food_beans.png	43d264d5e6fc7ae1af7344cafced189a95353548320da2500c782b51da633e5a	PASS	Manually reviewed all frame/mip page locations; structural/pixel evidence only
asset_source	textures/item/imported/food_beet.png	6939c14a3e58451d3a70503ab2ebe7df82904af72013a3da09be3d4b70635bc3	PASS	Manually reviewed all frame/mip page locations; structural/pixel evidence only
asset_source	textures/item/imported/food_billberry.png	eb8211321cc7bee786992a6082f876c7f3e6dd927d9caaa20fc4b451b5f364ec	PASS	Manually reviewed all frame/mip page locations; structural/pixel evidence only
asset_source	textures/item/imported/food_blackberry.png	23768bcd792bdbe142c2c7289b4a8b433aef6f74319ec06662e2bee09765396c	PASS	Manually reviewed all frame/mip page locations; structural/pixel evidence only
asset_source	textures/item/imported/food_blueberries.png	03f12d9d9b5850223d05e84e3849dfc10f4593c60f132401f97f2443aeb85c6e	PASS	Manually reviewed all frame/mip page locations; structural/pixel evidence only
asset_source	textures/item/imported/food_bread_big.png	a47e32ffe7679fbf3deb86b6e5dbcef84687af098b50037d7652c09f6fa9546e	PASS	Manually reviewed all frame/mip page locations; structural/pixel evidence only
asset_source	textures/item/imported/food_cabbage.png	0e2a3f93fecfb513e77c32b83f515137b2d38e525abb56e94fe3b38cf88ce7da	PASS	Manually reviewed all frame/mip page locations; structural/pixel evidence only
asset_source	textures/item/imported/food_chickpeas.png	9323e7e8d56b8a1a884ef7069005838a18588219f1cc3f3199ef69dd686f4579	PASS	Manually reviewed all frame/mip page locations; structural/pixel evidence only
asset_source	textures/item/imported/food_coconut_normal.png	6bd9ea360631f3d081c01457c9ca0a8e70e5745ee150f70a4a7215c7e69ec81f	PASS	Manually reviewed all frame/mip page locations; structural/pixel evidence only
asset_source	textures/item/imported/food_coconut_opened.png	4ca6757e02b1cd34fb6d7b387c1193bbcc82529ae26eaaf73cbc2160e15d7fd8	PASS	Manually reviewed all frame/mip page locations; structural/pixel evidence only
asset_source	textures/item/imported/food_coconut_straw.png	50e5b6bbf0d42cee539c1043b3b09ffbca6b06a8e71d2b5dd885c9fe4c18cd2c	PASS	Manually reviewed all frame/mip page locations; structural/pixel evidence only
asset_source	textures/item/imported/food_cranberries.png	30cdf0bec54002a43ea7c7a32ca372cd588b5804f9618f91d64fc419b1458287	PASS	Manually reviewed all frame/mip page locations; structural/pixel evidence only
asset_source	textures/item/imported/food_fig.png	be1348835ba19802ededd28e42706ba04d4c702ba6ee4c83c79d5fe6634dacec	PASS	Manually reviewed all frame/mip page locations; structural/pixel evidence only
asset_source	textures/item/imported/food_fish_fillet_cooked.png	a2b2d64088727d8d4ca332c309174da802885959c41dcf9d8c6e447b669dfc3a	PASS	Manually reviewed all frame/mip page locations; structural/pixel evidence only
asset_source	textures/item/imported/food_fish_fillet_raw.png	a06f0813ec7f146ebe3b34a2c21fff0482c3a6b374900606727eb603fc08fe7c	PASS	Manually reviewed all frame/mip page locations; structural/pixel evidence only
asset_source	textures/item/imported/food_fish_fillet_smoked.png	d12df72e925f29c4cf5baab55867403d9533ab850275bc4c8fb5fef7b8965630	PASS	Manually reviewed all frame/mip page locations; structural/pixel evidence only
asset_source	textures/item/imported/food_fisherberries.png	c13b11464a613fe87aa4eb57335166daec53143ac2ebb1af34082845d452dc88	PASS	Manually reviewed all frame/mip page locations; structural/pixel evidence only
asset_source	textures/item/imported/food_garlic.png	8be73c36c61f04bdf3933c6a8b873d38d6a2ed3f986f976d3d282b17083805e9	PASS	Manually reviewed all frame/mip page locations; structural/pixel evidence only
asset_source	textures/item/imported/food_grapes.png	ea033ec6f81e3a8b4b8555297c9df5f0e120c09aee6e271446f4f32dd101e5f1	PASS	Manually reviewed all frame/mip page locations; structural/pixel evidence only
asset_source	textures/item/imported/food_jerky.png	1a668e03dc9cb129ac66967a653f9a63cdfbe29f208a6087e8d08217b670b65b	PASS	Manually reviewed all frame/mip page locations; structural/pixel evidence only
asset_source	textures/item/imported/food_leek.png	05e48fc4e0875a6bd7daeb30c003f1dca86462b0f2705468bb9ef7e60d5a9bd9	PASS	Manually reviewed all frame/mip page locations; structural/pixel evidence only
asset_source	textures/item/imported/food_lentils.png	ad9bfbeaed4804884042ceb47643fe868d0e6eedf248b98f3cb0aea341533af8	PASS	Manually reviewed all frame/mip page locations; structural/pixel evidence only
asset_source	textures/item/imported/food_lettuce.png	c94d17c4a9b3df8ce283b3c47c56f07bb35219616184d951ffe5f1acec6ab71b	PASS	Manually reviewed all frame/mip page locations; structural/pixel evidence only
asset_source	textures/item/imported/food_muckroot.png	04ddda4497a48b8dc8ebb424490ae8cf17b387a5ae8e26d8e9ae7e50968959b2	PASS	Manually reviewed all frame/mip page locations; structural/pixel evidence only
asset_source	textures/item/imported/food_mulberries.png	4b7e7f672aa559ac152df42176d9dc11c883554c43e54dbb7251cdbc817f0655	PASS	Manually reviewed all frame/mip page locations; structural/pixel evidence only
asset_source	textures/item/imported/food_mungbean.png	bea2d281cdd479c12a1518437e3a7b2ce2dbb085aece63d2f171f09e6ed935ba	PASS	Manually reviewed all frame/mip page locations; structural/pixel evidence only
asset_source	textures/item/imported/food_onion.png	46c3ac26a89aa8de6cae8281f06e2ef681f3fda6e462d32b16fde76875283b8e	PASS	Manually reviewed all frame/mip page locations; structural/pixel evidence only
asset_source	textures/item/imported/food_pantao.png	7853e4912de375009b33cc03ce79a2937117212d8166ab2964c7fa392f0337df	PASS	Manually reviewed all frame/mip page locations; structural/pixel evidence only
asset_source	textures/item/imported/food_pepper.png	50a6d59a89c4baf126ab4f66402e7bc93915f419625100a6592942c8c67016de	PASS	Manually reviewed all frame/mip page locations; structural/pixel evidence only
asset_source	textures/item/imported/food_prickleberries.png	a93d22024c9e844200f67291e3bcaf9ce67adaed3b0dfa055a314d5937cd395b	PASS	Manually reviewed all frame/mip page locations; structural/pixel evidence only
asset_source	textures/item/imported/food_radish.png	46cf734b64629734fc61862609055251b93d988f9d30d797f0eeda703125282c	PASS	Manually reviewed all frame/mip page locations; structural/pixel evidence only
asset_source	textures/item/imported/food_raspberries.png	c0195acf90616896af8035922968d135bf492141bbeb7c27da52d729c88d45b2	PASS	Manually reviewed all frame/mip page locations; structural/pixel evidence only
asset_source	textures/item/imported/food_redbeans.png	7becff498b154e3d396aea0dccaa79434417c7d3b00ae189e3c1771407ec3971	PASS	Manually reviewed all frame/mip page locations; structural/pixel evidence only
asset_source	textures/item/imported/food_salmon_fillet_cooked.png	9e16f69e83929cda4dc2040eb61024fee83fa402550eb931e1daa78a464f02b2	PASS	Manually reviewed all frame/mip page locations; structural/pixel evidence only
asset_source	textures/item/imported/food_salmon_fillet_raw.png	adeae61b7d8ff9726525d397b5fcf0f438d20ddc2a06e0d855501373775dafbd	PASS	Manually reviewed all frame/mip page locations; structural/pixel evidence only
asset_source	textures/item/imported/food_salmon_fillet_smoked.png	ab0d60cbde948007562c6eff85ac2640fe7a13d338cbd8141bc0bbb5910c9a57	PASS	Manually reviewed all frame/mip page locations; structural/pixel evidence only
asset_source	textures/item/imported/food_sausage_cooked.png	97d32d68a08a97fc21aaa8e9c56ab3ff91eef23b1da25d40e406f1a59cbe18c2	PASS	Manually reviewed all frame/mip page locations; structural/pixel evidence only
asset_source	textures/item/imported/food_sausage_raw.png	2183cb9a6aaa36624dbe65fe83b4d0737e5e5c552a47ddba91d19eabc0246649	PASS	Manually reviewed all frame/mip page locations; structural/pixel evidence only
asset_source	textures/item/imported/food_silver_pear.png	2b030731d7fcdf07e5103bb549ad00ee2d50cbb14a8a68f76a70628a59640590	PASS	Manually reviewed all frame/mip page locations; structural/pixel evidence only
asset_source	textures/item/imported/food_slab_beef_cooked.png	4de937a0e0f77b4aa130079defca12eea5e4ff347c498d3cd5cf55fe403c1d27	PASS	Manually reviewed all frame/mip page locations; structural/pixel evidence only
asset_source	textures/item/imported/food_slab_beef_raw.png	46c1cec91a83d1e91f363517ca495f48d0811cc50384cb3daa417fd08a02e91b	PASS	Manually reviewed all frame/mip page locations; structural/pixel evidence only
asset_source	textures/item/imported/food_slab_beef_salted.png	4b88a133631f52a816f27b51f1b25f125d5c2cc7808439ff60d1a416fa0642ab	PASS	Manually reviewed all frame/mip page locations; structural/pixel evidence only
asset_source	textures/item/imported/food_slab_cheval_cooked.png	4d3f94c58f06454ac0f4d4ba73a2a75a027b8e9135e5731cde55fbbd88d9bb31	PASS	Manually reviewed all frame/mip page locations; structural/pixel evidence only
asset_source	textures/item/imported/food_slab_cheval_raw.png	572756d7be2c4d1c76803843eb4ae3669a66f7da0bbce6009cd242becba300ec	PASS	Manually reviewed all frame/mip page locations; structural/pixel evidence only
asset_source	textures/item/imported/food_slab_cheval_salted.png	d7db8498e68a41ab35941679e7a538a50cd0866c8453e1183a1e51559f13b305	PASS	Manually reviewed all frame/mip page locations; structural/pixel evidence only
asset_source	textures/item/imported/food_slab_mooshroom_cooked.png	6983bcd86ff797e9798339a69d6ed92411112be6444b6bd998adebc5876fc855	PASS	Manually reviewed all frame/mip page locations; structural/pixel evidence only
asset_source	textures/item/imported/food_slab_mooshroom_raw.png	21b954130aea42ad0930c51f76df2502d702867ba43ed9834f4a9f54d5e65f90	PASS	Manually reviewed all frame/mip page locations; structural/pixel evidence only
asset_source	textures/item/imported/food_slab_pork_cooked.png	feffb4e07ada27b1d38e8adaab5ef82c03f1a0c12bb85d6d5a1527c6c2869e19	PASS	Manually reviewed all frame/mip page locations; structural/pixel evidence only
asset_source	textures/item/imported/food_slab_pork_raw.png	3f5eeb019d634f9c3c2bb2ff1501093d6c31fe70894a5e91c2626f078e6ea9d4	PASS	Manually reviewed all frame/mip page locations; structural/pixel evidence only
asset_source	textures/item/imported/food_slab_pork_salted.png	2b20bdee9762b65fb3e47ba7847513fc1a7ac8de339ea5a8e544b91b718cda30	PASS	Manually reviewed all frame/mip page locations; structural/pixel evidence only
asset_source	textures/item/imported/food_slice_cantaloupe.png	614a968507d428396b34925c23e8b06865977fed9c9bdba7a095c1837a588c5e	PASS	Manually reviewed all frame/mip page locations; structural/pixel evidence only
asset_source	textures/item/imported/food_slice_honeydew.png	caa40604d91ebd0a1b5f03ab090b129f76a3576b4f55fa70ac6be2e059008b57	PASS	Manually reviewed all frame/mip page locations; structural/pixel evidence only
asset_source	textures/item/imported/food_slice_hornedmelon.png	2425e25c3dbfc49ff962228427e75eb9717917d15e955888093725217be62d16	PASS	Manually reviewed all frame/mip page locations; structural/pixel evidence only
asset_source	textures/item/imported/food_slice_squash.png	016ef5b23885b5046ffe4422fccff3611f02315465f366325a9c0eeeadafd614	PASS	Manually reviewed all frame/mip page locations; structural/pixel evidence only
asset_source	textures/item/imported/food_slice_wintermelon.png	6af391cad962387153f806beec2b7d43d881cce398fdaef62f1e634855ad3a3d	PASS	Manually reviewed all frame/mip page locations; structural/pixel evidence only
asset_source	textures/item/imported/food_spinach.png	589db699355fb8a255d107301ad45e1c66bc3d3ed20110cd88ca05450337d075	PASS	Manually reviewed all frame/mip page locations; structural/pixel evidence only
asset_source	textures/item/imported/food_stew_sweetpod.png	e27fd2615601544df8216577db2012a1b6d0713df175d7eca553150a5612d3eb	PASS	Manually reviewed all frame/mip page locations; structural/pixel evidence only
asset_source	textures/item/imported/food_strawberries.png	82c5f317910dce909cff038fe655d6e53f7c4fbadb6c2bf194d9fd77412f0c4e	PASS	Manually reviewed all frame/mip page locations; structural/pixel evidence only
asset_source	textures/item/imported/food_sunberries.png	a1c6d12ef956a40e831d9d3fea3688c0fbf907a9cc4c2abd671fc6333bd6a974	PASS	Manually reviewed all frame/mip page locations; structural/pixel evidence only
asset_source	textures/item/imported/food_sweetpod.png	86f40df9e6fab7b7e83c493634c0c921fe0b5a92d24ba4003042c7fb7aa360d0	PASS	Manually reviewed all frame/mip page locations; structural/pixel evidence only
asset_source	textures/item/imported/food_tomato.png	a602cf7cf007b7ee912f4ba7cc7b1fb2430ff928c847ee830ac90b58f4fc0db3	PASS	Manually reviewed all frame/mip page locations; structural/pixel evidence only
asset_source	textures/item/imported/food_uradbean.png	4fc1c359ee707d2e3ba6621666457c05297e6cb5e20ab554ec4e27262a9bcdbe	PASS	Manually reviewed all frame/mip page locations; structural/pixel evidence only
asset_source	textures/item/imported/food_wisdomfruit.png	4d25051d5a25fb57ff0f08ea15add0188712079d75fa6f193dd2c62241ce0b1a	PASS	Manually reviewed all frame/mip page locations; structural/pixel evidence only
asset_source	textures/item/imported/magic_essence_blood_dust.png	66e5f1278cc7a53de1670d3227d27d768619c4895230df79bbdb7f07a704fe86	PASS	Manually reviewed all frame/mip page locations; structural/pixel evidence only
asset_source	textures/item/imported/magic_essence_sacred_dust.png	3920e22ea8e077a4abb30828767057f8b58b4ee3bda8fb80f7d9e2e2ecd63a7b	PASS	Manually reviewed all frame/mip page locations; structural/pixel evidence only
asset_source	textures/item/imported/magic_essence_soul_dust.png	196da0709fa7afb35b5541218365aee2f9bb61e65c26fed5fb26c2441c8e663f	PASS	Manually reviewed all frame/mip page locations; structural/pixel evidence only
asset_source	textures/item/indigo_crystal.png	22a907ffd19153f6c030b200bb4119d7eec627850956b86aa64d7464dda6c17c	PASS	Manually reviewed all frame/mip page locations; structural/pixel evidence only
asset_source	textures/item/infected_rainbow_crystal.png	05a22e827c97c46da5daa1e2d5140381247eb93f213c41f9e48d363481770e76	PASS	Manually reviewed all frame/mip page locations; structural/pixel evidence only
asset_source	textures/item/iron_battle_axe.png	283180f2306dcb7931e5067e7e83fa656ad11084e566e5a0843d59488f86b50a	PASS	Manually reviewed all frame/mip page locations; structural/pixel evidence only
asset_source	textures/item/iron_broadsword.png	c24c6757180fdcc192baeba49e7e0e9221df2148a4ca93f180af1b093ae0db46	PASS	Manually reviewed all frame/mip page locations; structural/pixel evidence only
asset_source	textures/item/iron_dagger.png	5f4f1137e778e23373aac4501848812f67b674fe062a637dbf8555ba3a21ef25	PASS	Manually reviewed all page locations; transparent RGB exception is separately path+SHA bound; pixel evidence only
asset_source	textures/item/iron_greataxe.png	823a3ab6076c589fa71b2118d04f21ce2327a27aa50f60183a58c9f78909eff9	PASS	Manually reviewed all page locations; transparent RGB exception is separately path+SHA bound; pixel evidence only
asset_source	textures/item/iron_halberd.png	b5c79f583a6f3c512197ec05bc244bd427a5321e778de06c2afe66de57bf7121	PASS	Manually reviewed all page locations; transparent RGB exception is separately path+SHA bound; pixel evidence only
asset_source	textures/item/iron_hay_sickle.png	3fe1253eb046aecd56d580b5477f2d688a74ac941c8e97a27f6fc585ea07c177	PASS	Manually reviewed all page locations; transparent RGB exception is separately path+SHA bound; pixel evidence only
asset_source	textures/item/iron_mace.png	9fbe56605888e9767de214fe38baa9a17c36511e505c8b38dbc27dd50a494c4e	PASS	Manually reviewed all frame/mip page locations; structural/pixel evidence only
asset_source	textures/item/iron_mace_01.png	fd0f17baec8717191f7f2381e0f79a6b1a65bef1e1c511d322c41c9766ab3f74	PASS	Manually reviewed all frame/mip page locations; structural/pixel evidence only
asset_source	textures/item/iron_polearm.png	831d0fe285c6fce0056443d0490b877482858bfb36934dcae40a54fca3341cf5	PASS	Manually reviewed all page locations; transparent RGB exception is separately path+SHA bound; pixel evidence only
asset_source	textures/item/iron_polearm_01.png	0525e1d1042019ee04ffc76db2af87d48155671d221f11f7329b1e3ede4cf703	PASS	Manually reviewed all frame/mip page locations; structural/pixel evidence only
asset_source	textures/item/iron_polearm_02.png	9b05071f4e72507a3dd42a4c2ee5f207cca8751d529d24a31a7471504cbdb7bf	PASS	Manually reviewed all frame/mip page locations; structural/pixel evidence only
asset_source	textures/item/iron_sai.png	ef4309608d699b5aa01922c1d6e7e5e6b8bd13a902bbe2dce00d515045fee61d	PASS	Manually reviewed all page locations; transparent RGB exception is separately path+SHA bound; pixel evidence only
asset_source	textures/item/light_crystal.png	49a35da364168c9b25213a98b0c9b82148867ca58c516eb0bd9d2101561e116f	PASS	Manually reviewed all frame/mip page locations; structural/pixel evidence only
asset_source	textures/item/light_herald_spawn_egg.png	8baad9c3d43633a99a3e1159aab03f1cd1c83809ef2ab201c0c09ffe45b79417	PASS	Manually reviewed all frame/mip page locations; structural/pixel evidence only
asset_source	textures/item/lycanbane.png	6a6bfe5307c5b7cba0e645a177169f9febc0c9c4026d706d412016b5d0c02b2a	PASS	Manually reviewed all page locations; transparent RGB exception is separately path+SHA bound; pixel evidence only
asset_source	textures/item/moonlight.png	473fec725ad12cc9e23572bb6bd217e58539cc2a067412440f01f693695a1e10	PASS	Manually reviewed all frame/mip page locations; structural/pixel evidence only
asset_source	textures/item/nature_sword.png	9875557827e1225fad87d20a0f910f193671bb9a7d001b70375bfd9ed7e3be12	PASS	Manually reviewed all frame/mip page locations; structural/pixel evidence only
asset_source	textures/item/nocturne.png	147e427b829982e678e1cb655f2d637b8b86bd71aeee4bbea7b12683c2893d29	PASS	Manually reviewed all page locations; transparent RGB exception is separately path+SHA bound; pixel evidence only
asset_source	textures/item/oculus.png	32570df43cc724016a238914cf457faf0e4425e2062d58539400a8c1b6a03af9	PASS	Manually reviewed all page locations; transparent RGB exception is separately path+SHA bound; pixel evidence only
asset_source	textures/item/orange_crystal.png	36aecc7b6d9be68b7c94fe0e3d403ec5760429b49eaafb00ad7b3020fd2a5478	PASS	Manually reviewed all frame/mip page locations; structural/pixel evidence only
asset_source	textures/item/phantomguard_greatsword.png	f101f83297ab7fafb617c79ec715264a9384df59be35e6fc6ec70b67cc5092f5	PASS	Manually reviewed all page locations; transparent RGB exception is separately path+SHA bound; pixel evidence only
asset_source	textures/item/phantomguard_partisan.png	1378118a9b4f43fda7757f723dd8f75b1ea336b822e6d0a2ae117cb4dd5933ad	PASS	Manually reviewed all page locations; transparent RGB exception is separately path+SHA bound; pixel evidence only
asset_source	textures/item/power_test_actor_spawn_egg.png	3cfec17fa4a4632448cee6af7bb31b6ff16ca8da32e53fdddfcfdb4d775b15cc	PASS	Manually reviewed all frame/mip page locations; structural/pixel evidence only
asset_source	textures/item/radiant_sentinel_spawn_egg.png	4421196f8acdf8380ef7287314dc1efa519766424080ba92505d6328dc3c5196	PASS	Manually reviewed all frame/mip page locations; structural/pixel evidence only
asset_source	textures/item/rainbow_crystal.png	44106747ee9a615ac62092bd300ec0b16688b39a3eaa3fe95f8d53a2d7b50cb0	PASS	Manually reviewed all frame/mip page locations; structural/pixel evidence only
asset_source	textures/item/ravenous_blade.png	379b1d674f5542e54475ccbbc1630f68fe70f2b9a857a3309f8b8fbfdf727a13	PASS	Manually reviewed all frame/mip page locations; structural/pixel evidence only
asset_source	textures/item/red_crystal.png	7905f718f88e8213ed1a437d25bab28b6df54a32fb6d943ce73398b3682bcb4f	PASS	Manually reviewed all frame/mip page locations; structural/pixel evidence only
asset_source	textures/item/revenants_darkscepter.png	ec68ea1c3424007bbe455806280a65ec7d4c243a276fd282352f05ca207aaa91	PASS	Manually reviewed all frame/mip page locations; structural/pixel evidence only
asset_source	textures/item/revenants_gravecleaver.png	59666a73714aa4c89e7bdde041605b2a814e80dc9e8b74f6b191c3e99264756d	PASS	Manually reviewed all frame/mip page locations; structural/pixel evidence only
asset_source	textures/item/revenants_gravescepter.png	389d2e2c272ca3f8828971a57944815c7696dea1697194a4144f22d12bbbeee1	PASS	Manually reviewed all frame/mip page locations; structural/pixel evidence only
asset_source	textures/item/runic_piercer.png	eff931a3b971af54ca20f7bc3fc31a953e73b2cdcbe531c95bd0a2e7797aa113	PASS	Manually reviewed all frame/mip page locations; structural/pixel evidence only
asset_source	textures/item/sacrificial_cleaver.png	0035477172a25f183f01e8dccdee178e7e4bbd7c20f374529617917ac3845058	PASS	Manually reviewed all page locations; transparent RGB exception is separately path+SHA bound; pixel evidence only
asset_source	textures/item/skeleton_axe.png	91a225bd1d2ada4656295ac7b74afe600ef9ae73852f8a74745d6db8d1272839	PASS	Manually reviewed all page locations; transparent RGB exception is separately path+SHA bound; pixel evidence only
asset_source	textures/item/skeleton_axe_effect.png	96513bc5980daf14d29829a21174305f24c9626328edd952b165ccc0c0fff72b	PASS	Manually reviewed all frame/mip page locations; structural/pixel evidence only
asset_source	textures/item/skeleton_axe_effect.png.mcmeta	4ac44ffde47ef0d9969de5e86cdb317f6eba1f9dd8b723dec0db28fb787bce6e	PASS	Manually accepted resolved graph/schema contract; no pixel surface applies
asset_source	textures/item/solstice.png	c38dd19892b6920960ef717add960c3a0d53beefdf5faf2665df19faa9726dce	PASS	Manually reviewed all page locations; transparent RGB exception is separately path+SHA bound; pixel evidence only
asset_source	textures/item/spider_sword.png	945e7829083e1066c88646980ff5aac03f82ca87e5c570d9ed6ceadc02b3ff77	PASS	Manually reviewed all page locations; transparent RGB exception is separately path+SHA bound; pixel evidence only
asset_source	textures/item/spider_sword_effect.png	02fd665ab6a8bf92d7964761525588e8680841a1169a1791a30df6a71502b22b	PASS	Manually reviewed all frame/mip page locations; structural/pixel evidence only
asset_source	textures/item/spider_sword_effect.png.mcmeta	73dccd7d17e14af69795967630c291e1b85809684b8e345578ccd92181633524	PASS	Manually accepted resolved graph/schema contract; no pixel surface applies
asset_source	textures/item/talonbrand.png	49c1157c68609a572698716e255f5266e2769adf651ac5f3a375da86c1a4f0a9	PASS	Manually reviewed all page locations; transparent RGB exception is separately path+SHA bound; pixel evidence only
asset_source	textures/item/talonpick.png	c4abc348159db6d87806dd8abe66e7d0a42510070546ef523674c9051717ed09	PASS	Manually reviewed all page locations; transparent RGB exception is separately path+SHA bound; pixel evidence only
asset_source	textures/item/talonshovel.png	e96ec853707cc67568f483c53f77737c7ff9b5a88467ccd850a5a1385fe1cb15	PASS	Manually reviewed all page locations; transparent RGB exception is separately path+SHA bound; pixel evidence only
asset_source	textures/item/treacherous_axe.png	1ba00bac50a1b43896ce198c867904a52b4f1156a3a4d0911af02f37f85c9314	PASS	Manually reviewed all frame/mip page locations; structural/pixel evidence only
asset_source	textures/item/treacherous_bludgeon.png	370a91df382507b152cf7a5183b42764872ac9eabfa305cab9a570bb269891ff	PASS	Manually reviewed all frame/mip page locations; structural/pixel evidence only
asset_source	textures/item/treacherous_cleaver.png	89e1ed0e59ab345de953f055b98bae5a3dcd069ec061e2ef4857c025988a2e82	PASS	Manually reviewed all page locations; transparent RGB exception is separately path+SHA bound; pixel evidence only
asset_source	textures/item/uchigatana.png	41869aeff5323efdd2c0440011d24380c921cbac6b6a887acd09e4c58b04e60b	PASS	Manually reviewed all page locations; transparent RGB exception is separately path+SHA bound; pixel evidence only
asset_source	textures/item/vaelith.png	c3ec844e3f6540bb3d487afeb7384e21917bb0cd06ad150ace1a4ebcf177bd02	PASS	Manually reviewed all frame/mip page locations; structural/pixel evidence only
asset_source	textures/item/vaelith_flame.png	04471ed62afe242c34e5b6eb688c939b0622f0b4d15a89622dc5008c16ad6bc1	PASS	Manually reviewed all frame/mip page locations; structural/pixel evidence only
asset_source	textures/item/vaelith_flame.png.mcmeta	37ca1f757a42143edbc722b8933dc7ccb1b797ee3eaa4278783583d79858937d	PASS	Manually accepted resolved graph/schema contract; no pixel surface applies
asset_source	textures/item/valhakyra.png	5b53e95e11d3991053cc2e481000194862bfcc1ec1c1a76fdd425da3cafaca5b	PASS	Manually reviewed all page locations; transparent RGB exception is separately path+SHA bound; pixel evidence only
asset_source	textures/item/vengeance_blade.png	e66726ca8ade31b0071811180690b40f1835e69436694a05f389cf2ef8fdb8f6	PASS	Manually reviewed all page locations; transparent RGB exception is separately path+SHA bound; pixel evidence only
asset_source	textures/item/vesper.png	534ac685d03b65062adac663ceae86d596f8f0d4c5ab08ff0de8c28f1a540a24	PASS	Manually reviewed all page locations; transparent RGB exception is separately path+SHA bound; pixel evidence only
asset_source	textures/item/vindicator.png	c3098057d81b5f3fba45a7a243fc648f965f26da39c6cc4c2dd32a671bd2b00c	PASS	Manually reviewed all page locations; transparent RGB exception is separately path+SHA bound; pixel evidence only
asset_source	textures/item/violet_crystal.png	3be0f8ca2924e64e11de44c9da962757c47ed979dda1403d78dcf18949b1ea80	PASS	Manually reviewed all frame/mip page locations; structural/pixel evidence only
asset_source	textures/item/viridian_greataxe.png	5cbae39f459ff66df5c6fb012bb3d8c09b4b84252868485d857e650b06ff1a26	PASS	Manually reviewed all page locations; transparent RGB exception is separately path+SHA bound; pixel evidence only
asset_source	textures/item/viridian_pickaxe.png	a526fc536dc564e0dd5da69ff9b812f5f426eb619f70722fb84ef57686098990	PASS	Manually reviewed all page locations; transparent RGB exception is separately path+SHA bound; pixel evidence only
asset_source	textures/item/viridian_shovel.png	6afc467128e8d44a67a9340c0c416a7fd1066ba4ca983460a04a6c14c46df003	PASS	Manually reviewed all page locations; transparent RGB exception is separately path+SHA bound; pixel evidence only
asset_source	textures/item/void_oculus.png	40f4b069d2b23e90c384b1df5cd5605701334d1c91b94ad7af8dc29c57006a80	PASS	Manually reviewed all page locations; transparent RGB exception is separately path+SHA bound; pixel evidence only
asset_source	textures/item/windreaper.png	8e1418dfcee7d37e4246e4110234671a24c1588a894878d0bbaa68d7da88f414	PASS	Manually reviewed all frame/mip page locations; structural/pixel evidence only
asset_source	textures/item/winterthorn.png	0624633d28ffca14429faa97da800371e858a046aaecf0e2e850f3e9ca2c52ab	PASS	Manually reviewed all page locations; transparent RGB exception is separately path+SHA bound; pixel evidence only
asset_source	textures/item/wooden_bludgeon.png	1a7a2610d64030c6be959f6a9cdbed864f66a1c8fa2daa9954531c788676ca6c	PASS	Manually reviewed all page locations; transparent RGB exception is separately path+SHA bound; pixel evidence only
asset_source	textures/item/wooden_tonfa.png	e815ec7820ac1b10900f4b086a32f678d62a60fd230c2981f2fda1366acd6f36	PASS	Manually reviewed all page locations; transparent RGB exception is separately path+SHA bound; pixel evidence only
asset_source	textures/item/yellow_crystal.png	fb3457655752e62634caa83f58db9223cfa674efde43973a1d58f37ed97f37a1	PASS	Manually reviewed all frame/mip page locations; structural/pixel evidence only
asset_source	textures/item/zenith.png	403d9d8033df12d2734adbca42d6a1eece7ff9c46c4a4654389a2c260fde68cf	PASS	Manually reviewed all page locations; transparent RGB exception is separately path+SHA bound; pixel evidence only
asset_source	textures/mob_effect/amethyst_poisoning.png	a4563dff88456e8a3a91478dd0a4a4909d233a11aa523302a129c6a0fa16f311	PASS	Manually reviewed all frame/mip page locations; structural/pixel evidence only
asset_source	textures/mob_effect/exhaustion.png	6c9d2a266fff750bfda35bfab84660b59264bb97e8cf46b9971dd6b839e51030	PASS	Manually reviewed all frame/mip page locations; structural/pixel evidence only
asset_source	textures/particle/eclipse.png	faf6c2a192cea887e8f344d6cffa75a9aa0c4a83a4c72472f943d63118c7830a	PASS	Manually reviewed all frame/mip page locations; structural/pixel evidence only
asset_source	textures/particle/fracture.png	ab6fc3ba35baa59c7128a44197f2d80a32a23a133754378791d691e8fe698a98	PASS	Manually reviewed all frame/mip page locations; structural/pixel evidence only
asset_source	textures/particle/glyph.png	5fbe65c24fd23efc1a6b6c5eb7255b60e710dd005bb7b7c8c171ea31e2be2ffb	PASS	Manually reviewed all frame/mip page locations; structural/pixel evidence only
asset_source	textures/particle/mote.png	17a1b5af67ad4c502ef2ec00b099561fe6a06a7d1722e8b951edc1ad46221e24	PASS	Manually reviewed all frame/mip page locations; structural/pixel evidence only
asset_source	textures/particle/ribbon.png	9fdc931e942a4a9496908989617479f941b9174877582f032d515b6ebf68c7bd	PASS	Manually reviewed all frame/mip page locations; structural/pixel evidence only
asset_source	textures/particle/root.png	4f9b7b2984465dc1a9046695753d8e319a6db45dcca4acb6cc29d1b31e71e780	PASS	Manually reviewed all frame/mip page locations; structural/pixel evidence only
asset_source	textures/particle/shard.png	dac778faad4cf62278a02eb33de30c541591ed3b220f01b728da883be822e0d0	PASS	Manually reviewed all frame/mip page locations; structural/pixel evidence only
asset_source	textures/particle/spark.png	d311c0129375e49df0682ff92feb32afe643fb5d219b49558283db14b75c4518	PASS	Manually reviewed all frame/mip page locations; structural/pixel evidence only
client_page	client-000.png	190cf08efae89dfb4c2468e724d5fc4a9db009f07a72921f421680cd571cb439	LIMITED	Navigation-only contact page inspected with view_image; no PASS inferred from downsampled sheet
client_page	client-001.png	387b5eed8ccccb2774c08a89e6aafc7ad9b9853d5302c699ce4025a887d39224	LIMITED	Navigation-only contact page inspected with view_image; no PASS inferred from downsampled sheet
client_page	client-002.png	cf9724fc901cf29b2dd42ad6f5b09a01f9a0920a5e67456ca89e6e7078d0c0c4	LIMITED	Navigation-only contact page inspected with view_image; no PASS inferred from downsampled sheet
client_page	client-003.png	eb05ca0c65b6b94df325aa314d06557e9a77d478f62fe9f700fd3198cc03c9fb	LIMITED	Navigation-only contact page inspected with view_image; no PASS inferred from downsampled sheet
client_page	client-004.png	9f8c105ac8f43b3fca35fa2007506733b5879bb92368742cbdfebffe39e2dfe9	LIMITED	Navigation-only contact page inspected with view_image; no PASS inferred from downsampled sheet
client_page	client-005.png	4badb7242b52cadd8d4d41ccf68a000ebab373e260c492cf268dbf522196f625	LIMITED	Navigation-only contact page inspected with view_image; no PASS inferred from downsampled sheet
client_page	client-006.png	b6d05984c4a12400166adf17277bb17dcbe69eedea06fed9acd47eb0306dceee	LIMITED	Navigation-only contact page inspected with view_image; no PASS inferred from downsampled sheet
client_page	client-007.png	76d006dc53e390b6242e1c8f0218c4b36230dfb850091d24f3c2aa39324a80f9	LIMITED	Navigation-only contact page inspected with view_image; no PASS inferred from downsampled sheet
client_page	client-008.png	c4c8ca903d72bcd4748449d5d0ac9348f4f9c11c104c6b87d269d863dd3a2ebf	LIMITED	Navigation-only contact page inspected with view_image; no PASS inferred from downsampled sheet
client_page	client-009.png	302d9125559c8aa2423d89b8e7c2d8798ef493158909434fa74d513afc3ebeb7	LIMITED	Navigation-only contact page inspected with view_image; no PASS inferred from downsampled sheet
client_page	client-010.png	f03f8ae9dab19625a56aff94025c20d010f1bf173dea17b3abfb2cf5e975a620	LIMITED	Navigation-only contact page inspected with view_image; no PASS inferred from downsampled sheet
client_page	client-011.png	1ed81bb66fd1905057441cdf3d982f99ea7c1b279b169e1d7c23f22cc786053b	LIMITED	Navigation-only contact page inspected with view_image; no PASS inferred from downsampled sheet
client_page	client-012.png	4933d7b126a9bd7cc1c025dcaf65d5ca64f5be6d791b6941647f9b5a149d800b	LIMITED	Navigation-only contact page inspected with view_image; no PASS inferred from downsampled sheet
client_page	client-013.png	2ec7c49865690ae753854743194eebd30e81fd109c1425cb784d97bf4091dcec	LIMITED	Navigation-only contact page inspected with view_image; no PASS inferred from downsampled sheet
client_page	client-014.png	2079d5d9c7f614c326f22f25d18145d0a70e1d8bbf7dc8c640fa8ca4fc6a5e9a	LIMITED	Navigation-only contact page inspected with view_image; no PASS inferred from downsampled sheet
client_page	client-015.png	28f23a7573fe9f168489d8a45bea608e9f490feee400b8ec3e3aeca457b8e548	LIMITED	Navigation-only contact page inspected with view_image; no PASS inferred from downsampled sheet
client_page	client-016.png	3cd58c562e5a1d721bc4c886dfcb1e2e47465f4f2c6c5df87ced04770ee97cfc	LIMITED	Navigation-only contact page inspected with view_image; no PASS inferred from downsampled sheet
client_page	client-017.png	394848c61c67b5a5beb44c12266cb34f3bc239f53e6d18c28e906dbb68b5fd6a	LIMITED	Navigation-only contact page inspected with view_image; no PASS inferred from downsampled sheet
client_page	client-018.png	9970fcd51dc25e4b09f3ff335ec66acf6e8b8fa825cc82e9c6b8c5b1f063b97d	LIMITED	Navigation-only contact page inspected with view_image; no PASS inferred from downsampled sheet
client_page	client-019.png	27020bb8f2817414521247df2a76a401906755f5d5793809a485e2e7f56b9b7b	LIMITED	Navigation-only contact page inspected with view_image; no PASS inferred from downsampled sheet
client_page	client-020.png	51acae9407b0957ff00cae01c810d22fed276c6bd9f7ffe59edaf6c19f808fbd	LIMITED	Navigation-only contact page inspected with view_image; no PASS inferred from downsampled sheet
client_page	client-021.png	3c8be169c8c07a3dd209b5c098cc04c7b64b54c3815b80c3a21e94659966c94c	LIMITED	Navigation-only contact page inspected with view_image; no PASS inferred from downsampled sheet
client_page	client-022.png	dbf798baaa15f43c72f5b7eb87fe737829ae84047c3f9d097e39a6d559efb243	LIMITED	Navigation-only contact page inspected with view_image; no PASS inferred from downsampled sheet
client_page	client-023.png	7cd74ec0d293acde927ad4ee8e9f75631a44014f33518b0131897046d9de170e	LIMITED	Navigation-only contact page inspected with view_image; no PASS inferred from downsampled sheet
client_page	client-024.png	a7db482336b6b5b3a21c7df6f5415c642dd52249758051dd141a937e9cd77e30	LIMITED	Navigation-only contact page inspected with view_image; no PASS inferred from downsampled sheet
client_page	client-025.png	b5a3866affeec906516579648dd8b3da03b5a4fd03d7b7df78293d6d58ff0530	LIMITED	Navigation-only contact page inspected with view_image; no PASS inferred from downsampled sheet
client_page	client-026.png	24dc8dd540376f4aa421931b2c7be83464b3b599d0136d08dddcdaa9032dfa84	LIMITED	Navigation-only contact page inspected with view_image; no PASS inferred from downsampled sheet
client_page	client-027.png	69917c59a5e596157f9e4d86f403fe8d6ca57df9880ee022635e1c1e0522e36e	LIMITED	Navigation-only contact page inspected with view_image; no PASS inferred from downsampled sheet
client_page	client-028.png	f98ec0919be00aa4322d2a1c7570e8deda90b73db55fd2598ee8a294c65e4d72	LIMITED	Navigation-only contact page inspected with view_image; no PASS inferred from downsampled sheet
client_page	client-029.png	cf03436f90d8a9a09898ae2ac6f1ca8b15e0c33771554c3c21c382241a1d65e0	LIMITED	Navigation-only contact page inspected with view_image; no PASS inferred from downsampled sheet
client_page	client-030.png	51a29c93ad337644e084c3462492245a72f570e98256396e4d057e0e1cb4a14a	LIMITED	Navigation-only contact page inspected with view_image; no PASS inferred from downsampled sheet
client_page	client-031.png	410d9ee06fdc103f22a359e91709f5804ced5ed0d88018cbad437613ef204542	LIMITED	Navigation-only contact page inspected with view_image; no PASS inferred from downsampled sheet
client_page	client-032.png	2ff3aedfb3009d933c1bedfbc8b4bccbdd98c8446c066febf71d81a2fdca0206	LIMITED	Navigation-only contact page inspected with view_image; no PASS inferred from downsampled sheet
client_page	client-033.png	5f3784ecd85090494fb4a015862ba8aee5f6c1a5bfecfa9b0a0ca582ff4fd336	LIMITED	Navigation-only contact page inspected with view_image; no PASS inferred from downsampled sheet
client_page	client-034.png	a79c954fea98e8b55fc44998ec8756643209d9ba7a411ee956189df782ccead0	LIMITED	Navigation-only contact page inspected with view_image; no PASS inferred from downsampled sheet
client_page	client-035.png	a43f17ae5f3221cfbe24168649d064ff265069e810098c2fbac186cad417b56a	LIMITED	Navigation-only contact page inspected with view_image; no PASS inferred from downsampled sheet
client_page	client-036.png	045e40aa7b46c8f689c9fa08a1ae712f8215b1f5f251242b6047cb905b300edc	LIMITED	Navigation-only contact page inspected with view_image; no PASS inferred from downsampled sheet
client_page	client-037.png	4ac901b5aa4a0e2bd87617e6aa862074da82c92abe07bec5bac5c9df6ce441f1	LIMITED	Navigation-only contact page inspected with view_image; no PASS inferred from downsampled sheet
client_page	client-038.png	898cacdeb391af9342c6c91d1ee6805f8014938173f5f139a72f754eaa10024d	LIMITED	Navigation-only contact page inspected with view_image; no PASS inferred from downsampled sheet
client_page	client-039.png	eb0a5877891e49a85cd72a9b1e4381603ddab5752d006dae3707fe57cb7bfb1f	LIMITED	Navigation-only contact page inspected with view_image; no PASS inferred from downsampled sheet
client_page	client-040.png	e54156e1ef74cf7b0823dc16eb91c4e9600f9bfbefd3f23d00b1d5f873bddb8a	LIMITED	Navigation-only contact page inspected with view_image; no PASS inferred from downsampled sheet
client_page	client-041.png	b3d60a6ef9f66796c6898320db9293276b99c0311292ef0eb7d01aadf4a83456	LIMITED	Navigation-only contact page inspected with view_image; no PASS inferred from downsampled sheet
client_page	client-042.png	cfb0db1f3bbea4c34818ed0ffa0e6b8c53fc23bb6e237fcb0ce47fabfae76c12	LIMITED	Navigation-only contact page inspected with view_image; no PASS inferred from downsampled sheet
client_page	client-043.png	b1d3ad1770438aceea54bd99b39fed67beaf3c3a405bec3e977df230d01818bf	LIMITED	Navigation-only contact page inspected with view_image; no PASS inferred from downsampled sheet
client_page	client-044.png	28c489dfdd87a4f7ded53802f187d659b3c17fa74a9c18fde1e20ad26f8a1f45	LIMITED	Navigation-only contact page inspected with view_image; no PASS inferred from downsampled sheet
client_page	client-045.png	5c2b89ab62d38025aa727ed924a5b6a6ec328b5345291e5325d35dff5677c1c2	LIMITED	Navigation-only contact page inspected with view_image; no PASS inferred from downsampled sheet
client_page	client-046.png	90f54e4656f896700f1b0950b39c7eac61d6327194d4b03b447429958544d472	LIMITED	Navigation-only contact page inspected with view_image; no PASS inferred from downsampled sheet
client_page	client-047.png	bab813a3209e5cdd3bd41cec86238a268ccd8d4cc9a26586596cd9d51ed73d88	LIMITED	Navigation-only contact page inspected with view_image; no PASS inferred from downsampled sheet
client_page	client-048.png	0e70728a22ebf8dbe17a90c2e73242f46f78ee3877552ae315276279ce453a81	LIMITED	Navigation-only contact page inspected with view_image; no PASS inferred from downsampled sheet
client_raw	0053_vfx011-items-evidence-gui-mip4-normal-page01.png	cbec305cae379cf5278944be36ae21624ecb2c4ba1b1bbb3e1aea0d2581fa3b9	LIMITED	Fresh raw retained and digest-verified; contact page inspected, but raw was not directly opened, so PASS is not inferred
client_raw	0054_vfx011-items-evidence-gui-mip4-normal-page02.png	afb735bce26c6aedd90e355a356c190d3798f3b19bb546c9e5e4c7fc37a2011b	LIMITED	Fresh raw retained and digest-verified; contact page inspected, but raw was not directly opened, so PASS is not inferred
client_raw	0055_vfx011-items-evidence-gui-mip4-normal-page03.png	00dcc24d396bc20efea3c332048d8fd524e90a8b09c57a5cc1fe212047b44e67	LIMITED	Fresh raw retained and digest-verified; contact page inspected, but raw was not directly opened, so PASS is not inferred
client_raw	0056_vfx011-items-evidence-gui-mip4-normal-page04.png	764548a94b4f909c048b3e29c0b033a460330920f83711dfbc7b487d512187d9	PASS	Fresh retained raw screenshot inspected directly at full resolution with view_image; no visual defect observed
client_raw	0057_vfx011-items-evidence-gui-mip4-normal-page05.png	188483fa902b83b9f7e153e4af23bdd2f16f0e6bd0dd51cb191cfab0a3a17333	PASS	Fresh retained raw screenshot inspected directly at full resolution with view_image; no visual defect observed
client_raw	0058_vfx011-items-evidence-ground-mip4-normal-page01.png	ac8ce04bc6a1a34448c93c9cf908b671ec2f798dcb3e8b5fd23a503274402310	LIMITED	Fresh raw retained and digest-verified; contact page inspected, but raw was not directly opened, so PASS is not inferred
client_raw	0059_vfx011-items-evidence-ground-mip4-normal-page02.png	7f708eee85e28f4d12b912648051b74a3d19c9f027d4d83f99194cfeed1b4f17	LIMITED	Fresh raw retained and digest-verified; contact page inspected, but raw was not directly opened, so PASS is not inferred
client_raw	0060_vfx011-items-evidence-ground-mip4-normal-page03.png	5a6d0516870a8ce3edc221d13f1478cde899476d4a7a300202f8a0053209144b	LIMITED	Fresh raw retained and digest-verified; contact page inspected, but raw was not directly opened, so PASS is not inferred
client_raw	0061_vfx011-items-evidence-ground-mip4-normal-page04.png	2112a9ee88ed84ebc1b0fa286b2a553db6fe8bab5a5408bfe729d7da9f4525f8	LIMITED	Fresh raw retained and digest-verified; contact page inspected, but raw was not directly opened, so PASS is not inferred
client_raw	0062_vfx011-items-evidence-ground-mip4-normal-page05.png	07d4c91ac7704cfbceb08dd4dba21a475c8e5661a874a50e6358441ca1edbfbf	LIMITED	Fresh raw retained and digest-verified; contact page inspected, but raw was not directly opened, so PASS is not inferred
client_raw	0063_vfx011-items-evidence-firstperson_lefthand-mip4-normal-page01.png	dc3e9c1dd2c1de6dd2fce29a8ea1f784f211565046730c66d0e1f93e9d904bca	LIMITED	Fresh raw retained and digest-verified; contact page inspected, but raw was not directly opened, so PASS is not inferred
client_raw	0064_vfx011-items-evidence-firstperson_lefthand-mip4-normal-page02.png	33b3fbc6b26af510ee67fcacdbf9d8eba28382418f5e9f5ff5e477a97338fb60	LIMITED	Fresh raw retained and digest-verified; contact page inspected, but raw was not directly opened, so PASS is not inferred
client_raw	0065_vfx011-items-evidence-firstperson_lefthand-mip4-normal-page03.png	d9bfcd8aea3be88c9835bd68d8e94a8c93f048f38518cfd15f62bbf1bfcf734a	LIMITED	Fresh raw retained and digest-verified; contact page inspected, but raw was not directly opened, so PASS is not inferred
client_raw	0066_vfx011-items-evidence-firstperson_lefthand-mip4-normal-page04.png	2faeae6d04942c3a6e31b79aabdece30792c4b4918c6356171bbd0f530392768	LIMITED	Fresh raw retained and digest-verified; contact page inspected, but raw was not directly opened, so PASS is not inferred
client_raw	0067_vfx011-items-evidence-firstperson_lefthand-mip4-normal-page05.png	383dba9e7bc1e981636e5bfed79bc2381704b92b20b29f7d412ad89076449a23	LIMITED	Fresh raw retained and digest-verified; contact page inspected, but raw was not directly opened, so PASS is not inferred
client_raw	0068_vfx011-items-evidence-firstperson_righthand-mip4-normal-page01.png	98ba7757afb5f5f868535b16cd02ea304378d80b2a78b020cc014a5bb8e91a13	LIMITED	Fresh raw retained and digest-verified; contact page inspected, but raw was not directly opened, so PASS is not inferred
client_raw	0069_vfx011-items-evidence-firstperson_righthand-mip4-normal-page02.png	6ae1827383ec5d30ca016d9238ee91022e031a57b9f591076c0d83de90bd4ea3	LIMITED	Fresh raw retained and digest-verified; contact page inspected, but raw was not directly opened, so PASS is not inferred
client_raw	0070_vfx011-items-evidence-firstperson_righthand-mip4-normal-page03.png	a21461ebfcd3c68676da133be89e460bcee1d7c27add2415c12baa3c01b54bde	LIMITED	Fresh raw retained and digest-verified; contact page inspected, but raw was not directly opened, so PASS is not inferred
client_raw	0071_vfx011-items-evidence-firstperson_righthand-mip4-normal-page04.png	247e3200ed3d1ef9a21b900545ec66ebfd05103b2ea45ca9af7b83fabe5b74a8	PASS	Fresh retained raw screenshot inspected directly at full resolution with view_image; no visual defect observed
client_raw	0072_vfx011-items-evidence-firstperson_righthand-mip4-normal-page05.png	cb0cfb8b45aa15487929a0eecceb0a6b763f1ebfd418a53468c4bb16fcedf4a2	LIMITED	Fresh raw retained and digest-verified; contact page inspected, but raw was not directly opened, so PASS is not inferred
client_raw	0073_vfx011-items-evidence-thirdperson_lefthand-mip4-normal-page01.png	4e852b03244d9470c3ff3e7b944964e5cf7784fd8f5932a101892663a03bd2f3	LIMITED	Fresh raw retained and digest-verified; contact page inspected, but raw was not directly opened, so PASS is not inferred
client_raw	0074_vfx011-items-evidence-thirdperson_lefthand-mip4-normal-page02.png	6bfa01c08644f7926b99744252be244df4374386d1e1d1ff0a1e8c6a69974b5e	LIMITED	Fresh raw retained and digest-verified; contact page inspected, but raw was not directly opened, so PASS is not inferred
client_raw	0075_vfx011-items-evidence-thirdperson_lefthand-mip4-normal-page03.png	b95aa59860b9499ccc0b44215aff5af7c51891e3236c3e42d68d304675b1939b	LIMITED	Fresh raw retained and digest-verified; contact page inspected, but raw was not directly opened, so PASS is not inferred
client_raw	0076_vfx011-items-evidence-thirdperson_lefthand-mip4-normal-page04.png	c94913370b347414bd473cb4ee09fc4d2bc077cef548252ba409ae7f261085ad	LIMITED	Fresh raw retained and digest-verified; contact page inspected, but raw was not directly opened, so PASS is not inferred
client_raw	0077_vfx011-items-evidence-thirdperson_lefthand-mip4-normal-page05.png	0d09ca1d6b3ecb3362e2a21322f672aecbf4268071f32914cd12ada619616559	LIMITED	Fresh raw retained and digest-verified; contact page inspected, but raw was not directly opened, so PASS is not inferred
client_raw	0078_vfx011-items-evidence-thirdperson_righthand-mip4-normal-page01.png	4a750972399d32fab2e38f99aa4f37da81c95fcb404aaf2385ce23da66fec773	LIMITED	Fresh raw retained and digest-verified; contact page inspected, but raw was not directly opened, so PASS is not inferred
client_raw	0079_vfx011-items-evidence-thirdperson_righthand-mip4-normal-page02.png	af6322ecc0f6b37412e3c4e79a12e44b241a1f018e5b162cc74fb283690d731d	LIMITED	Fresh raw retained and digest-verified; contact page inspected, but raw was not directly opened, so PASS is not inferred
client_raw	0080_vfx011-items-evidence-thirdperson_righthand-mip4-normal-page03.png	f76347eae2bac6da265592474b246d707e3fc2dc8af89047b32e2f3566a9734b	LIMITED	Fresh raw retained and digest-verified; contact page inspected, but raw was not directly opened, so PASS is not inferred
client_raw	0081_vfx011-items-evidence-thirdperson_righthand-mip4-normal-page04.png	012efc47fc748c9c52add395ac39ee11fba5c4de5913744f6abdf3591242b816	PASS	Fresh retained raw screenshot inspected directly at full resolution with view_image; no visual defect observed
client_raw	0082_vfx011-items-evidence-thirdperson_righthand-mip4-normal-page05.png	afb33de9c4fadf3c3933574641800251ca58e0e68e70d8f8be52828848026d56	LIMITED	Fresh raw retained and digest-verified; contact page inspected, but raw was not directly opened, so PASS is not inferred
client_raw	0083_vfx011-items-evidence-fixed-mip4-normal-page01.png	6b8699b4fdf58de3c739df17fb85bc06150310c78f8c893f04eef03af0447c43	LIMITED	Fresh raw retained and digest-verified; contact page inspected, but raw was not directly opened, so PASS is not inferred
client_raw	0084_vfx011-items-evidence-fixed-mip4-normal-page02.png	4d0ae614b925119804b382df2a47039a2359ac26ff3b1c44883cc78f59303333	LIMITED	Fresh raw retained and digest-verified; contact page inspected, but raw was not directly opened, so PASS is not inferred
client_raw	0085_vfx011-items-evidence-fixed-mip4-normal-page03.png	0460e99e12acb3e024185aa31fd6de686769875d5036382985fc755ab62c2c5f	LIMITED	Fresh raw retained and digest-verified; contact page inspected, but raw was not directly opened, so PASS is not inferred
client_raw	0086_vfx011-items-evidence-fixed-mip4-normal-page04.png	e40fcc5d2874e6c0651c8a81b144890834d946be9a8c6712197f835e305724ed	LIMITED	Fresh raw retained and digest-verified; contact page inspected, but raw was not directly opened, so PASS is not inferred
client_raw	0087_vfx011-items-evidence-fixed-mip4-normal-page05.png	ff29bb2c0b2d8ca6d0139bc000033e6b341a0753fc5c989fedc8cac246cdbc8d	LIMITED	Fresh raw retained and digest-verified; contact page inspected, but raw was not directly opened, so PASS is not inferred
client_raw	0088_vfx011-items-evidence-head-mip4-normal-page01.png	a3fd7856ffcf8cbdffa2013f309d27e00d0f96dddf1a0110e048f5aee461bebc	LIMITED	Fresh raw retained and digest-verified; contact page inspected, but raw was not directly opened, so PASS is not inferred
client_raw	0089_vfx011-items-evidence-head-mip4-normal-page02.png	912ab06476ec1193d3bbac46bae41ed97832224e1c15fd44eab64cf4a7c7c328	LIMITED	Fresh raw retained and digest-verified; contact page inspected, but raw was not directly opened, so PASS is not inferred
client_raw	0090_vfx011-items-evidence-head-mip4-normal-page03.png	d905f83a16f790d5c3e2e7927f9f07d03ce027d4fdf16c9f892192a7effbbf40	LIMITED	Fresh raw retained and digest-verified; contact page inspected, but raw was not directly opened, so PASS is not inferred
client_raw	0091_vfx011-items-evidence-head-mip4-normal-page04.png	0f1520ec60940513df76de2cd026b170e39241bf31021d869defbffd1ad7c2c1	LIMITED	Fresh raw retained and digest-verified; contact page inspected, but raw was not directly opened, so PASS is not inferred
client_raw	0092_vfx011-items-evidence-head-mip4-normal-page05.png	a26a20a7f0285b9c3d68cf09a557abd34cbc8c549be8de2f099c8c4e4cf0a508	LIMITED	Fresh raw retained and digest-verified; contact page inspected, but raw was not directly opened, so PASS is not inferred
client_raw	0093_vfx011-items-evidence-on_shelf-mip4-normal-page01.png	460eb9cca2975e3b6036e0711fed32f8f58c45106645f7dd3c5fdb576022318a	LIMITED	Fresh raw retained and digest-verified; contact page inspected, but raw was not directly opened, so PASS is not inferred
client_raw	0094_vfx011-items-configuration-gui-mip0-normal-page01.png	73ab0e8f117fb87af3137172fc2ea363da0c9ad4e11d06a7f5158577939654ae	LIMITED	Fresh raw retained and digest-verified; contact page inspected, but raw was not directly opened, so PASS is not inferred
client_raw	0095_vfx011-items-configuration-gui-mip0-normal-page02.png	95d2a112d962082c2705604638005eec9d266dcb26e3f234df6bdcf4d4439e6d	LIMITED	Fresh raw retained and digest-verified; contact page inspected, but raw was not directly opened, so PASS is not inferred
client_raw	0096_vfx011-items-configuration-gui-mip0-normal-page03.png	df8a19e65a6aa87f45539b98291d304849562d23e1aa9e8855cb78ab8487a72d	LIMITED	Fresh raw retained and digest-verified; contact page inspected, but raw was not directly opened, so PASS is not inferred
client_raw	0097_vfx011-items-configuration-gui-mip0-normal-page04.png	fc281eed0a1d9ffa861b55e1a16d0a855959bbf2ed7b95b5678886106ac9e062	LIMITED	Fresh raw retained and digest-verified; contact page inspected, but raw was not directly opened, so PASS is not inferred
client_raw	0098_vfx011-items-configuration-gui-mip0-normal-page05.png	ad625a76d7f68cfa2634b60bb080a50f14fb3d140cad88a5fbf363575c8c8c23	LIMITED	Fresh raw retained and digest-verified; contact page inspected, but raw was not directly opened, so PASS is not inferred
client_raw	0099_vfx011-items-configuration-ground-mip0-normal-page01.png	944e205a600a1b9b852b5e777a945571fff4996053b23b8b8a5b8274a259d5f8	LIMITED	Fresh raw retained and digest-verified; contact page inspected, but raw was not directly opened, so PASS is not inferred
client_raw	0100_vfx011-items-configuration-ground-mip0-normal-page02.png	960db956ed14217a18fbd6ad7abb2bdef7d513b4f533f4910ca6a6bcf9650c3b	LIMITED	Fresh raw retained and digest-verified; contact page inspected, but raw was not directly opened, so PASS is not inferred
client_raw	0101_vfx011-items-configuration-ground-mip0-normal-page03.png	ba10bb481a7e50028c8060238bcb8e69cd06a2c9ff43fef94b2354d9e5a365f7	LIMITED	Fresh raw retained and digest-verified; contact page inspected, but raw was not directly opened, so PASS is not inferred
client_raw	0102_vfx011-items-configuration-ground-mip0-normal-page04.png	074a4042bd70dc070642e1a43f6e2ee899f76bbf41e97439a1d6b293e56138e1	LIMITED	Fresh raw retained and digest-verified; contact page inspected, but raw was not directly opened, so PASS is not inferred
client_raw	0103_vfx011-items-configuration-ground-mip0-normal-page05.png	397e5510dedfa60a7cd843829f511bebbbca6f574221ac42405035388606b1b6	LIMITED	Fresh raw retained and digest-verified; contact page inspected, but raw was not directly opened, so PASS is not inferred
client_raw	0104_vfx011-items-configuration-firstperson_lefthand-mip0-normal-page01.png	af6a3c3b642cac82fcadaad84aa685b47a8171372a1865e37e8fcb8a4f9eda7a	LIMITED	Fresh raw retained and digest-verified; contact page inspected, but raw was not directly opened, so PASS is not inferred
client_raw	0105_vfx011-items-configuration-firstperson_lefthand-mip0-normal-page02.png	ac9ce94782d1f7a313a51bfac0b98eacaf04c8ce2e0faa910c075417bd39a4fe	LIMITED	Fresh raw retained and digest-verified; contact page inspected, but raw was not directly opened, so PASS is not inferred
client_raw	0106_vfx011-items-configuration-firstperson_lefthand-mip0-normal-page03.png	bd65d868cc3a9ad0ac365df8fac0140475064745e2b0efc611dfe5e54034614c	LIMITED	Fresh raw retained and digest-verified; contact page inspected, but raw was not directly opened, so PASS is not inferred
client_raw	0107_vfx011-items-configuration-firstperson_lefthand-mip0-normal-page04.png	d38fcd419659c3bbe46644d6bd87275454e1365ea0c2b7d97af42e3f437a431c	LIMITED	Fresh raw retained and digest-verified; contact page inspected, but raw was not directly opened, so PASS is not inferred
client_raw	0108_vfx011-items-configuration-firstperson_lefthand-mip0-normal-page05.png	343cba4b576222336cad77beccd8e904bc623a82bcca0d095eebc2bb4dadccb5	LIMITED	Fresh raw retained and digest-verified; contact page inspected, but raw was not directly opened, so PASS is not inferred
client_raw	0109_vfx011-items-configuration-firstperson_righthand-mip0-normal-page01.png	20040c092052d5bc73ccc77f06819f2a1e8657c76b0611605e3c2fed2f50dabc	LIMITED	Fresh raw retained and digest-verified; contact page inspected, but raw was not directly opened, so PASS is not inferred
client_raw	0110_vfx011-items-configuration-firstperson_righthand-mip0-normal-page02.png	6529b62ca09df2eeaec3af33581afb1d8600d0d41c315116184843a4b0e33c6a	LIMITED	Fresh raw retained and digest-verified; contact page inspected, but raw was not directly opened, so PASS is not inferred
client_raw	0111_vfx011-items-configuration-firstperson_righthand-mip0-normal-page03.png	69d2f28d6d98ac52c5037df6978fbe6b09a4519d227e80026a46e354c96ebc86	LIMITED	Fresh raw retained and digest-verified; contact page inspected, but raw was not directly opened, so PASS is not inferred
client_raw	0112_vfx011-items-configuration-firstperson_righthand-mip0-normal-page04.png	025eb3c27c8ecb11c68274aa54220e67a07ae9becad3030e549d0de5a3931529	LIMITED	Fresh raw retained and digest-verified; contact page inspected, but raw was not directly opened, so PASS is not inferred
client_raw	0113_vfx011-items-configuration-firstperson_righthand-mip0-normal-page05.png	9a2053dffa897f3e8f821c22b6307c9177e431f5896744adf60ebf44033e48af	LIMITED	Fresh raw retained and digest-verified; contact page inspected, but raw was not directly opened, so PASS is not inferred
client_raw	0114_vfx011-items-configuration-thirdperson_lefthand-mip0-normal-page01.png	96f9166bafb66391c8d2a2e2880b9579ae9da578ddb98e799dd9593016127bb7	LIMITED	Fresh raw retained and digest-verified; contact page inspected, but raw was not directly opened, so PASS is not inferred
client_raw	0115_vfx011-items-configuration-thirdperson_lefthand-mip0-normal-page02.png	ebf9809998651deb9dd27a9881997f225486a1ad171bf75c7b55dcdf900e125e	LIMITED	Fresh raw retained and digest-verified; contact page inspected, but raw was not directly opened, so PASS is not inferred
client_raw	0116_vfx011-items-configuration-thirdperson_lefthand-mip0-normal-page03.png	c3e2fbff1ac474772bf3c302176b415400bdfd4b74106bbb7b880778ec551cef	LIMITED	Fresh raw retained and digest-verified; contact page inspected, but raw was not directly opened, so PASS is not inferred
client_raw	0117_vfx011-items-configuration-thirdperson_lefthand-mip0-normal-page04.png	d417363a59fc7bb9903d94e6267f690c7446f80acce189763422f2b5571b72a9	LIMITED	Fresh raw retained and digest-verified; contact page inspected, but raw was not directly opened, so PASS is not inferred
client_raw	0118_vfx011-items-configuration-thirdperson_lefthand-mip0-normal-page05.png	ef2e73cc84005d830511d2a0422fbf77349fac4a2476e65acc50e7eb60e4ca24	LIMITED	Fresh raw retained and digest-verified; contact page inspected, but raw was not directly opened, so PASS is not inferred
client_raw	0119_vfx011-items-configuration-thirdperson_righthand-mip0-normal-page01.png	e5c11f226bba7791afdda5462ab5c0602eb53943e1b4c11f6f2f17ba7ea2a31f	LIMITED	Fresh raw retained and digest-verified; contact page inspected, but raw was not directly opened, so PASS is not inferred
client_raw	0120_vfx011-items-configuration-thirdperson_righthand-mip0-normal-page02.png	3916d28c9419889bc97cb5c9b76bbcec8648dd8152516fa36bf4f309a569770d	LIMITED	Fresh raw retained and digest-verified; contact page inspected, but raw was not directly opened, so PASS is not inferred
client_raw	0121_vfx011-items-configuration-thirdperson_righthand-mip0-normal-page03.png	e8023e7267d067c6a5fcca3ebec21c55ce1fe6c3ff8776f7c521417384dd6de4	LIMITED	Fresh raw retained and digest-verified; contact page inspected, but raw was not directly opened, so PASS is not inferred
client_raw	0122_vfx011-items-configuration-thirdperson_righthand-mip0-normal-page04.png	1d7ed229dda4e20662111a9f9016c48e2bd85722d362ba5fa454485583e12802	LIMITED	Fresh raw retained and digest-verified; contact page inspected, but raw was not directly opened, so PASS is not inferred
client_raw	0123_vfx011-items-configuration-thirdperson_righthand-mip0-normal-page05.png	4813c36591db48896bc5fad725a02497f85c4fa3c420719531105f3fd4608a45	LIMITED	Fresh raw retained and digest-verified; contact page inspected, but raw was not directly opened, so PASS is not inferred
client_raw	0124_vfx011-items-configuration-fixed-mip0-normal-page01.png	6f6b24b804c0fc6eb6880507b884fc0489a0edd97f8c229e19359199c68ab3a1	LIMITED	Fresh raw retained and digest-verified; contact page inspected, but raw was not directly opened, so PASS is not inferred
client_raw	0125_vfx011-items-configuration-fixed-mip0-normal-page02.png	72387e18dba2d1b44051706745338dddd4857fabfe99cf6a725f1572b8069878	LIMITED	Fresh raw retained and digest-verified; contact page inspected, but raw was not directly opened, so PASS is not inferred
client_raw	0126_vfx011-items-configuration-fixed-mip0-normal-page03.png	89d0da3bed10810f4fffa91c8f971592f79e9ea585f33a0ad924b0ea50b4f831	LIMITED	Fresh raw retained and digest-verified; contact page inspected, but raw was not directly opened, so PASS is not inferred
client_raw	0127_vfx011-items-configuration-fixed-mip0-normal-page04.png	e34a05c220962a8c64d1ac228111e770b26a0e4ffcb6e807df45bbc9b0f62dfa	LIMITED	Fresh raw retained and digest-verified; contact page inspected, but raw was not directly opened, so PASS is not inferred
client_raw	0128_vfx011-items-configuration-fixed-mip0-normal-page05.png	995aac50b9c20750902020612bef0dc3f7fd4a9675331b67936b112e3f751f38	LIMITED	Fresh raw retained and digest-verified; contact page inspected, but raw was not directly opened, so PASS is not inferred
client_raw	0129_vfx011-items-configuration-head-mip0-normal-page01.png	09609ea302eaae987df686da2981d43e756dda92484fde518a41fcee4adedb26	LIMITED	Fresh raw retained and digest-verified; contact page inspected, but raw was not directly opened, so PASS is not inferred
client_raw	0130_vfx011-items-configuration-head-mip0-normal-page02.png	a1b69ae96822eb5e04c1f5b7a913101e34772b0e1ce5f355077f884d84898da9	LIMITED	Fresh raw retained and digest-verified; contact page inspected, but raw was not directly opened, so PASS is not inferred
client_raw	0131_vfx011-items-configuration-head-mip0-normal-page03.png	182145d2a09f0764e79c7b37b144614b6b631d6c685b2eadd16ef680f4d6c7a3	LIMITED	Fresh raw retained and digest-verified; contact page inspected, but raw was not directly opened, so PASS is not inferred
client_raw	0132_vfx011-items-configuration-head-mip0-normal-page04.png	7d6ec647d032b549659a111fa30bd5501927729da7c8e1c67d62ce17087d4c7f	LIMITED	Fresh raw retained and digest-verified; contact page inspected, but raw was not directly opened, so PASS is not inferred
client_raw	0133_vfx011-items-configuration-head-mip0-normal-page05.png	aa3de732c9731b8224eb6dc0908506f05b6e1fe0f44304e39593e5be619e76de	LIMITED	Fresh raw retained and digest-verified; contact page inspected, but raw was not directly opened, so PASS is not inferred
client_raw	0134_vfx011-items-configuration-on_shelf-mip0-normal-page01.png	c660fc976a0053d40cf85c6814210144eb9bffa4bbbee8a612a425443f581e15	LIMITED	Fresh raw retained and digest-verified; contact page inspected, but raw was not directly opened, so PASS is not inferred
client_raw	0135_vfx011-items-configuration-gui-mip0-reduced-page01.png	08be3dc9e6f45324571eaa6b714c894505f0fb5deb12b2a0d07bb87a748ad955	LIMITED	Fresh raw retained and digest-verified; contact page inspected, but raw was not directly opened, so PASS is not inferred
client_raw	0136_vfx011-items-configuration-gui-mip0-reduced-page02.png	5f2eb98ed5ee4899d3808f4297ab9d252dbea5f50265b5b40d58deab23acbcff	LIMITED	Fresh raw retained and digest-verified; contact page inspected, but raw was not directly opened, so PASS is not inferred
client_raw	0137_vfx011-items-configuration-gui-mip0-reduced-page03.png	706e5c02d3821a1f572b44cf0fecf61fe2c141b49e2278e6fdc0cb6b8e51ad85	LIMITED	Fresh raw retained and digest-verified; contact page inspected, but raw was not directly opened, so PASS is not inferred
client_raw	0138_vfx011-items-configuration-gui-mip0-reduced-page04.png	366adcf0c6000debafe8d841e7e1433f09c02e14ba844e4cbbf91672cd8196bb	LIMITED	Fresh raw retained and digest-verified; contact page inspected, but raw was not directly opened, so PASS is not inferred
client_raw	0139_vfx011-items-configuration-gui-mip0-reduced-page05.png	8fedea3a131908c6305dc68c957bcaad3e2f4403f92427d719e814ac6f4f830c	LIMITED	Fresh raw retained and digest-verified; contact page inspected, but raw was not directly opened, so PASS is not inferred
client_raw	0140_vfx011-items-configuration-ground-mip0-reduced-page01.png	8170ff170eea1043719c39be9b1e4927c5a5fea955215de40b4cc9c94dcdfcc5	LIMITED	Fresh raw retained and digest-verified; contact page inspected, but raw was not directly opened, so PASS is not inferred
client_raw	0141_vfx011-items-configuration-ground-mip0-reduced-page02.png	234c6eea1b554da51e464ef3287c8beb7e76011cb5f679ccc471d75a7e2402b3	LIMITED	Fresh raw retained and digest-verified; contact page inspected, but raw was not directly opened, so PASS is not inferred
client_raw	0142_vfx011-items-configuration-ground-mip0-reduced-page03.png	f08db78ded02d9b7eb39fcb6711f5725c77acb05d79ea607dde825a8e40198e9	LIMITED	Fresh raw retained and digest-verified; contact page inspected, but raw was not directly opened, so PASS is not inferred
client_raw	0143_vfx011-items-configuration-ground-mip0-reduced-page04.png	45b6ba3ae0aab501faa5c8fe3e3f4d4c6ef4c5ce7c3f1e2b60677769d238a28a	LIMITED	Fresh raw retained and digest-verified; contact page inspected, but raw was not directly opened, so PASS is not inferred
client_raw	0144_vfx011-items-configuration-ground-mip0-reduced-page05.png	6277e81db61d15b657592a96c55b832b6289e16b0f1d67284c3e1be6f31e8598	LIMITED	Fresh raw retained and digest-verified; contact page inspected, but raw was not directly opened, so PASS is not inferred
client_raw	0145_vfx011-items-configuration-firstperson_lefthand-mip0-reduced-page01.png	3a110e34443605ceb0920e9c136ca5bca94c1b777650e35dee8dbdaebcfcbc5e	LIMITED	Fresh raw retained and digest-verified; contact page inspected, but raw was not directly opened, so PASS is not inferred
client_raw	0146_vfx011-items-configuration-firstperson_lefthand-mip0-reduced-page02.png	47bbf45247ff0b1b8f26e8ba5deb1230aaeaf4d6784ff6e112c439f9502fdf09	LIMITED	Fresh raw retained and digest-verified; contact page inspected, but raw was not directly opened, so PASS is not inferred
client_raw	0147_vfx011-items-configuration-firstperson_lefthand-mip0-reduced-page03.png	c990938e495769c0a95d89bcb60c657e06744bae39631d392f12b5503e6e38f0	LIMITED	Fresh raw retained and digest-verified; contact page inspected, but raw was not directly opened, so PASS is not inferred
client_raw	0148_vfx011-items-configuration-firstperson_lefthand-mip0-reduced-page04.png	3e94bf16b72d9afd143466bae56de6d3cdc8c9aa4172769fdc0e3ad35041e4ba	LIMITED	Fresh raw retained and digest-verified; contact page inspected, but raw was not directly opened, so PASS is not inferred
client_raw	0149_vfx011-items-configuration-firstperson_lefthand-mip0-reduced-page05.png	906cf7394f605a41574d976de46ab3a99fd92c25060071aa92566706a9f99ca3	LIMITED	Fresh raw retained and digest-verified; contact page inspected, but raw was not directly opened, so PASS is not inferred
client_raw	0150_vfx011-items-configuration-firstperson_righthand-mip0-reduced-page01.png	621b15bd089e731e546592794e4676be132de649ea897b15dde39187105865f8	LIMITED	Fresh raw retained and digest-verified; contact page inspected, but raw was not directly opened, so PASS is not inferred
client_raw	0151_vfx011-items-configuration-firstperson_righthand-mip0-reduced-page02.png	2ad2346ac5f9282687f0f9cd2350cf2b5f2c20d70b3ad63a4b92083f57f59de0	LIMITED	Fresh raw retained and digest-verified; contact page inspected, but raw was not directly opened, so PASS is not inferred
client_raw	0152_vfx011-items-configuration-firstperson_righthand-mip0-reduced-page03.png	13731e6b7f140e347cb8b6558a5c6a0692c49da85145d536cc53e9b58c31cf4a	LIMITED	Fresh raw retained and digest-verified; contact page inspected, but raw was not directly opened, so PASS is not inferred
client_raw	0153_vfx011-items-configuration-firstperson_righthand-mip0-reduced-page04.png	555772a4c04c795555f4740cb5c59e501c4f9fbd208b0e1c5ae037d869204d9f	LIMITED	Fresh raw retained and digest-verified; contact page inspected, but raw was not directly opened, so PASS is not inferred
client_raw	0154_vfx011-items-configuration-firstperson_righthand-mip0-reduced-page05.png	5d339f8361955ce8e948ec44d53ae0b807908ccbb6bb545add47ee0769f3de83	LIMITED	Fresh raw retained and digest-verified; contact page inspected, but raw was not directly opened, so PASS is not inferred
client_raw	0155_vfx011-items-configuration-thirdperson_lefthand-mip0-reduced-page01.png	0d0849746f8d1d83e9ced839b59e0c7383925613554880452e93e9d94b534ca5	LIMITED	Fresh raw retained and digest-verified; contact page inspected, but raw was not directly opened, so PASS is not inferred
client_raw	0156_vfx011-items-configuration-thirdperson_lefthand-mip0-reduced-page02.png	07ade0b3a5189a0284dd094ba572f8bedb7e6884b81279cc1364b18d266936c9	LIMITED	Fresh raw retained and digest-verified; contact page inspected, but raw was not directly opened, so PASS is not inferred
client_raw	0157_vfx011-items-configuration-thirdperson_lefthand-mip0-reduced-page03.png	57bbb8e33a4e1b4567be4578dd027dc79b58ca9263f7ba71fc211e8271871d1c	LIMITED	Fresh raw retained and digest-verified; contact page inspected, but raw was not directly opened, so PASS is not inferred
client_raw	0158_vfx011-items-configuration-thirdperson_lefthand-mip0-reduced-page04.png	0d38ec46e9466046a55f6ad0e41cfbdd35c016f760bfe460e37f10758c24a59d	LIMITED	Fresh raw retained and digest-verified; contact page inspected, but raw was not directly opened, so PASS is not inferred
client_raw	0159_vfx011-items-configuration-thirdperson_lefthand-mip0-reduced-page05.png	2a10f66fd151f1098ebda33110b7d495fb755ad6ddc353174e7231d95b1a1ad0	LIMITED	Fresh raw retained and digest-verified; contact page inspected, but raw was not directly opened, so PASS is not inferred
client_raw	0160_vfx011-items-configuration-thirdperson_righthand-mip0-reduced-page01.png	b6decfe32dedbaa31262fc70e5c9c77258acd26877d9b211aa62362300bc70ef	LIMITED	Fresh raw retained and digest-verified; contact page inspected, but raw was not directly opened, so PASS is not inferred
client_raw	0161_vfx011-items-configuration-thirdperson_righthand-mip0-reduced-page02.png	275979d7ff74a6239724119c5b5f3beba2ebcc319f013b6eda8321e84936a970	LIMITED	Fresh raw retained and digest-verified; contact page inspected, but raw was not directly opened, so PASS is not inferred
client_raw	0162_vfx011-items-configuration-thirdperson_righthand-mip0-reduced-page03.png	2a732a8ece40f363f2b32afb46011865753d2ddaf6d507813458177fb35ae647	LIMITED	Fresh raw retained and digest-verified; contact page inspected, but raw was not directly opened, so PASS is not inferred
client_raw	0163_vfx011-items-configuration-thirdperson_righthand-mip0-reduced-page04.png	c78aaee264187e8d904dc559bacb92c66f95668ba9934098ffcf087976ddbf93	LIMITED	Fresh raw retained and digest-verified; contact page inspected, but raw was not directly opened, so PASS is not inferred
client_raw	0164_vfx011-items-configuration-thirdperson_righthand-mip0-reduced-page05.png	333414635c762c5c55913946dc9e9b7f9b6f9ca4a2570c0c4c613dc7f1624ed8	LIMITED	Fresh raw retained and digest-verified; contact page inspected, but raw was not directly opened, so PASS is not inferred
client_raw	0165_vfx011-items-configuration-fixed-mip0-reduced-page01.png	1d66a90d7cce2e5bccf3872db8ec7275f1942d3a23ba9cae7d5bd2d003bbe235	LIMITED	Fresh raw retained and digest-verified; contact page inspected, but raw was not directly opened, so PASS is not inferred
client_raw	0166_vfx011-items-configuration-fixed-mip0-reduced-page02.png	9556463a5ddc33a7e7ffea55d859ef915dc0f91f3d79ef33cb9d565fa2c79069	LIMITED	Fresh raw retained and digest-verified; contact page inspected, but raw was not directly opened, so PASS is not inferred
client_raw	0167_vfx011-items-configuration-fixed-mip0-reduced-page03.png	cedf0dffa722d8db292d533f2753c7f1ebab48d56e7a2a09c0e31502cfa3b115	LIMITED	Fresh raw retained and digest-verified; contact page inspected, but raw was not directly opened, so PASS is not inferred
client_raw	0168_vfx011-items-configuration-fixed-mip0-reduced-page04.png	d59cb3ff9b39374390fadd1b048926fc30778420c073d4b10911641f4cbe7577	LIMITED	Fresh raw retained and digest-verified; contact page inspected, but raw was not directly opened, so PASS is not inferred
client_raw	0169_vfx011-items-configuration-fixed-mip0-reduced-page05.png	79151255355117a7a47b84c9fb56bbe6458f6170bb7d70cf1c3a06f1b20b7e9a	LIMITED	Fresh raw retained and digest-verified; contact page inspected, but raw was not directly opened, so PASS is not inferred
client_raw	0170_vfx011-items-configuration-head-mip0-reduced-page01.png	fb746791d00ca01daf6bb2521c761d43bd6b8f9375651b89f8d625767a08786c	LIMITED	Fresh raw retained and digest-verified; contact page inspected, but raw was not directly opened, so PASS is not inferred
client_raw	0171_vfx011-items-configuration-head-mip0-reduced-page02.png	d5edb58087bd437eb600f5629fbe18697ddbdeb84ebab887c13ab38b9e04f616	LIMITED	Fresh raw retained and digest-verified; contact page inspected, but raw was not directly opened, so PASS is not inferred
client_raw	0172_vfx011-items-configuration-head-mip0-reduced-page03.png	0ff2b6eb6eeb3dceeaba62925b8a43250ca8d000526e7158e04ea6f60f9abe36	LIMITED	Fresh raw retained and digest-verified; contact page inspected, but raw was not directly opened, so PASS is not inferred
client_raw	0173_vfx011-items-configuration-head-mip0-reduced-page04.png	3f89b95711df13bdd6d42bacbf32d47e0d2ce42f258b3fc376c6d18b083e0b41	LIMITED	Fresh raw retained and digest-verified; contact page inspected, but raw was not directly opened, so PASS is not inferred
client_raw	0174_vfx011-items-configuration-head-mip0-reduced-page05.png	8ec1e8aa60640a63354990e8104f93603d4db425be7e70d12daa4a273c4b4f0b	LIMITED	Fresh raw retained and digest-verified; contact page inspected, but raw was not directly opened, so PASS is not inferred
client_raw	0175_vfx011-items-configuration-on_shelf-mip0-reduced-page01.png	df8d42fd3d0fa2f39970c2b166b04c33a5aaa5df20ef2a547b5c27e4c29b29c5	LIMITED	Fresh raw retained and digest-verified; contact page inspected, but raw was not directly opened, so PASS is not inferred
client_raw	0176_vfx011-items-configuration-gui-mip1-normal-page01.png	b7b66cf4d68ba86417c7ad138057607ba83da9b08fa9b33ed19386cea5be3980	LIMITED	Fresh raw retained and digest-verified; contact page inspected, but raw was not directly opened, so PASS is not inferred
client_raw	0177_vfx011-items-configuration-gui-mip1-normal-page02.png	70c1d61bb43b08c08d8ce7ebb45da0c4a966b824212fd6fef73a0cbe4136ffe9	LIMITED	Fresh raw retained and digest-verified; contact page inspected, but raw was not directly opened, so PASS is not inferred
client_raw	0178_vfx011-items-configuration-gui-mip1-normal-page03.png	5f9093f948f950fcca45bda5a214ab342671e7643744e281e05668f1b2ff8fce	LIMITED	Fresh raw retained and digest-verified; contact page inspected, but raw was not directly opened, so PASS is not inferred
client_raw	0179_vfx011-items-configuration-gui-mip1-normal-page04.png	869a395ce94ee9b8e726e9e9509434bd8da893da7fd79b973be11ee9f2561fa5	LIMITED	Fresh raw retained and digest-verified; contact page inspected, but raw was not directly opened, so PASS is not inferred
client_raw	0180_vfx011-items-configuration-gui-mip1-normal-page05.png	47a8322fe01dcd6b17fe1da490c54718a68b029c45829938e992e3ffc076c0cf	LIMITED	Fresh raw retained and digest-verified; contact page inspected, but raw was not directly opened, so PASS is not inferred
client_raw	0181_vfx011-items-configuration-ground-mip1-normal-page01.png	0ee391922d497aabf8e5043cc733ccfbdc5696a390506deb0d3f90b6d7a2aa74	LIMITED	Fresh raw retained and digest-verified; contact page inspected, but raw was not directly opened, so PASS is not inferred
client_raw	0182_vfx011-items-configuration-ground-mip1-normal-page02.png	a0a714a63a34841e8e67e0c14956aa3a6b44a6df95bb4021542feacb338ca8b4	LIMITED	Fresh raw retained and digest-verified; contact page inspected, but raw was not directly opened, so PASS is not inferred
client_raw	0183_vfx011-items-configuration-ground-mip1-normal-page03.png	f3a302625807aefc66ab4749f3b423c1fa548dc7cbf73b5dd351f8b02c14c4cf	LIMITED	Fresh raw retained and digest-verified; contact page inspected, but raw was not directly opened, so PASS is not inferred
client_raw	0184_vfx011-items-configuration-ground-mip1-normal-page04.png	de598793efddb8a2b1cb6412bf0e5d21cb2e0a99f77da9fa25cdb06c846a96c9	LIMITED	Fresh raw retained and digest-verified; contact page inspected, but raw was not directly opened, so PASS is not inferred
client_raw	0185_vfx011-items-configuration-ground-mip1-normal-page05.png	3408f8d559e0cf1a5ae73fbc5415ac23020585701fd1dcca057f810e1300c4b8	LIMITED	Fresh raw retained and digest-verified; contact page inspected, but raw was not directly opened, so PASS is not inferred
client_raw	0186_vfx011-items-configuration-firstperson_lefthand-mip1-normal-page01.png	7bc351c2045dea59c4caad3aed2bddd60fdd8b215db6754cb8b260293b5f9f93	LIMITED	Fresh raw retained and digest-verified; contact page inspected, but raw was not directly opened, so PASS is not inferred
client_raw	0187_vfx011-items-configuration-firstperson_lefthand-mip1-normal-page02.png	b2dc157ee30eaa5a5ba40b2e52457834b0e132088042dd861d62a7b97cabab3a	LIMITED	Fresh raw retained and digest-verified; contact page inspected, but raw was not directly opened, so PASS is not inferred
client_raw	0188_vfx011-items-configuration-firstperson_lefthand-mip1-normal-page03.png	3e7f3c7d893569d96cff8df17131d2344a3484fa746f102aae80ca677137d7b8	LIMITED	Fresh raw retained and digest-verified; contact page inspected, but raw was not directly opened, so PASS is not inferred
client_raw	0189_vfx011-items-configuration-firstperson_lefthand-mip1-normal-page04.png	8ceab9c968a180c40b788aefcd0bebd9984cc1cded65a28f5571395655887c12	LIMITED	Fresh raw retained and digest-verified; contact page inspected, but raw was not directly opened, so PASS is not inferred
client_raw	0190_vfx011-items-configuration-firstperson_lefthand-mip1-normal-page05.png	6edf94415972913434ad2a077ca6b6502f512e7fc04439cdcd94391901fc8c8b	LIMITED	Fresh raw retained and digest-verified; contact page inspected, but raw was not directly opened, so PASS is not inferred
client_raw	0191_vfx011-items-configuration-firstperson_righthand-mip1-normal-page01.png	86ba9400a038f59d9a2746089b58eee23b33807b4828d1614766b001b502efd6	LIMITED	Fresh raw retained and digest-verified; contact page inspected, but raw was not directly opened, so PASS is not inferred
client_raw	0192_vfx011-items-configuration-firstperson_righthand-mip1-normal-page02.png	88b67fb6793fddaeb1a7d9ab0a0dcbe1815d391f08264862f086b264e821604b	LIMITED	Fresh raw retained and digest-verified; contact page inspected, but raw was not directly opened, so PASS is not inferred
client_raw	0193_vfx011-items-configuration-firstperson_righthand-mip1-normal-page03.png	6e9fb23112d5919668cee9216f16fb3cd0e2d65af52b3501afe4929b35603305	LIMITED	Fresh raw retained and digest-verified; contact page inspected, but raw was not directly opened, so PASS is not inferred
client_raw	0194_vfx011-items-configuration-firstperson_righthand-mip1-normal-page04.png	5d3f33d5669f6431a2b6bc55acc61a7dd233ec12caf4c1e3f954be3967bb22e4	LIMITED	Fresh raw retained and digest-verified; contact page inspected, but raw was not directly opened, so PASS is not inferred
client_raw	0195_vfx011-items-configuration-firstperson_righthand-mip1-normal-page05.png	a182ec674dc724a304729fffe59d836716bc928f03d15abbfafff4ed5e677f1c	LIMITED	Fresh raw retained and digest-verified; contact page inspected, but raw was not directly opened, so PASS is not inferred
client_raw	0196_vfx011-items-configuration-thirdperson_lefthand-mip1-normal-page01.png	c42ba6db438b1a913752082258629ced29964771a752bdd97b4e4edd52c5510c	LIMITED	Fresh raw retained and digest-verified; contact page inspected, but raw was not directly opened, so PASS is not inferred
client_raw	0197_vfx011-items-configuration-thirdperson_lefthand-mip1-normal-page02.png	aaf77553b1dd8dee3c758e06c987271f2e276c0b11a910674162b2a1023a7442	LIMITED	Fresh raw retained and digest-verified; contact page inspected, but raw was not directly opened, so PASS is not inferred
client_raw	0198_vfx011-items-configuration-thirdperson_lefthand-mip1-normal-page03.png	2c00bacae25a89eb6dfdd4a0593e365fb9ecdff66e93dd5fdfc411529706e642	LIMITED	Fresh raw retained and digest-verified; contact page inspected, but raw was not directly opened, so PASS is not inferred
client_raw	0199_vfx011-items-configuration-thirdperson_lefthand-mip1-normal-page04.png	32510a397fa3cad4d391071bd4bc4df60457d2b91edcdadf5da77fe3a4ef17e4	LIMITED	Fresh raw retained and digest-verified; contact page inspected, but raw was not directly opened, so PASS is not inferred
client_raw	0200_vfx011-items-configuration-thirdperson_lefthand-mip1-normal-page05.png	ca0b2f16a681da292521f501beb7e4965a91580c3e1247798517fbab11f938c3	LIMITED	Fresh raw retained and digest-verified; contact page inspected, but raw was not directly opened, so PASS is not inferred
client_raw	0201_vfx011-items-configuration-thirdperson_righthand-mip1-normal-page01.png	959dff208cd3256e7f5d431922c71cf36cbc85fe1311fbad189bf28d32c67cc0	LIMITED	Fresh raw retained and digest-verified; contact page inspected, but raw was not directly opened, so PASS is not inferred
client_raw	0202_vfx011-items-configuration-thirdperson_righthand-mip1-normal-page02.png	b5ba3ed73346aaae22760c6ae52543af1451b9a4ae5250ec05baf2bd349afcdf	LIMITED	Fresh raw retained and digest-verified; contact page inspected, but raw was not directly opened, so PASS is not inferred
client_raw	0203_vfx011-items-configuration-thirdperson_righthand-mip1-normal-page03.png	fd2607aa3efeabd4a23e2f0fede37b3b8f8bbe17a1ea35f612299036ce2c38e6	LIMITED	Fresh raw retained and digest-verified; contact page inspected, but raw was not directly opened, so PASS is not inferred
client_raw	0204_vfx011-items-configuration-thirdperson_righthand-mip1-normal-page04.png	f4f397d18664a42ca46cf337b4b4953e88beaf9cc1ef38ba425a199b49497199	LIMITED	Fresh raw retained and digest-verified; contact page inspected, but raw was not directly opened, so PASS is not inferred
client_raw	0205_vfx011-items-configuration-thirdperson_righthand-mip1-normal-page05.png	9ce697f1758134ce5d3f5d22eab38f62f574f99483fb9cc85e89eaa57c4ca8ac	LIMITED	Fresh raw retained and digest-verified; contact page inspected, but raw was not directly opened, so PASS is not inferred
client_raw	0206_vfx011-items-configuration-fixed-mip1-normal-page01.png	2ac7de01b115af0af0054a7841310827d8ce233d12cb66951a04a5cb8f251c12	LIMITED	Fresh raw retained and digest-verified; contact page inspected, but raw was not directly opened, so PASS is not inferred
client_raw	0207_vfx011-items-configuration-fixed-mip1-normal-page02.png	395741431e67a4c226638a726907753077c9acbe50d3e58190ac15f11f6578d3	LIMITED	Fresh raw retained and digest-verified; contact page inspected, but raw was not directly opened, so PASS is not inferred
client_raw	0208_vfx011-items-configuration-fixed-mip1-normal-page03.png	10ae7051e91ddec42cf73b743e01b1571786014cba7ad9263aa73b8b1befe016	LIMITED	Fresh raw retained and digest-verified; contact page inspected, but raw was not directly opened, so PASS is not inferred
client_raw	0209_vfx011-items-configuration-fixed-mip1-normal-page04.png	d1a8c9126cd1eff18d77a006ca7687089c50f6788141fdd043ceadb4eedb654b	LIMITED	Fresh raw retained and digest-verified; contact page inspected, but raw was not directly opened, so PASS is not inferred
client_raw	0210_vfx011-items-configuration-fixed-mip1-normal-page05.png	ba0a7984210f754af59904b0f49d4060d12bd51798a07f1ea0ca5d1c49250743	LIMITED	Fresh raw retained and digest-verified; contact page inspected, but raw was not directly opened, so PASS is not inferred
client_raw	0211_vfx011-items-configuration-head-mip1-normal-page01.png	8478ca395fe2351828e86deb51356d88dd1094ef9ef6d3466b99003732afda0a	LIMITED	Fresh raw retained and digest-verified; contact page inspected, but raw was not directly opened, so PASS is not inferred
client_raw	0212_vfx011-items-configuration-head-mip1-normal-page02.png	68354c551e674d66a71d8c04963141d2e2f9248d54d5ea3450183bea8262c480	LIMITED	Fresh raw retained and digest-verified; contact page inspected, but raw was not directly opened, so PASS is not inferred
client_raw	0213_vfx011-items-configuration-head-mip1-normal-page03.png	625a55a659d2842166b1c7828f1bdb98e0c71bd34efa3dc619eb702a22cdd91a	LIMITED	Fresh raw retained and digest-verified; contact page inspected, but raw was not directly opened, so PASS is not inferred
client_raw	0214_vfx011-items-configuration-head-mip1-normal-page04.png	6d440d1b5e0a54f68271580fc4e3ac279ca0b99e75bd15b4f546572cce64c879	LIMITED	Fresh raw retained and digest-verified; contact page inspected, but raw was not directly opened, so PASS is not inferred
client_raw	0215_vfx011-items-configuration-head-mip1-normal-page05.png	29e007055f24a650f18ffe249abfae296ad699e944ceac4cb71ebf10df2c6653	LIMITED	Fresh raw retained and digest-verified; contact page inspected, but raw was not directly opened, so PASS is not inferred
client_raw	0216_vfx011-items-configuration-on_shelf-mip1-normal-page01.png	84efedb328beda796433f87cc1fd875c6c79098cf325d28d2c3f59f1c269a3d2	LIMITED	Fresh raw retained and digest-verified; contact page inspected, but raw was not directly opened, so PASS is not inferred
client_raw	0217_vfx011-items-configuration-gui-mip1-reduced-page01.png	58380dc45dcd62ef088bfcf47e24ec6d14a9c0d793b39afe336e5674a94a6b33	LIMITED	Fresh raw retained and digest-verified; contact page inspected, but raw was not directly opened, so PASS is not inferred
client_raw	0218_vfx011-items-configuration-gui-mip1-reduced-page02.png	ab82d28e1bf17de83b2e12b910a266f19356befe6a72c1dbb8fd8b76fa251782	LIMITED	Fresh raw retained and digest-verified; contact page inspected, but raw was not directly opened, so PASS is not inferred
client_raw	0219_vfx011-items-configuration-gui-mip1-reduced-page03.png	c08d4a9ffdbf452262e64f6c645e8eedcd714fafd79d0a318c6883fd7e7347e3	LIMITED	Fresh raw retained and digest-verified; contact page inspected, but raw was not directly opened, so PASS is not inferred
client_raw	0220_vfx011-items-configuration-gui-mip1-reduced-page04.png	1fb648cf09e75292ab4e2f126a2f433677da5faa4499e6591bca69affa7a2188	LIMITED	Fresh raw retained and digest-verified; contact page inspected, but raw was not directly opened, so PASS is not inferred
client_raw	0221_vfx011-items-configuration-gui-mip1-reduced-page05.png	fbd6bf28e9b55f77971b0a7bff4035e2947237b1c29dd0239077359f1eae9fe1	LIMITED	Fresh raw retained and digest-verified; contact page inspected, but raw was not directly opened, so PASS is not inferred
client_raw	0222_vfx011-items-configuration-ground-mip1-reduced-page01.png	dcebd37ac754032540003221ba90cda23ccda4097d1329909dd2a68c421034af	LIMITED	Fresh raw retained and digest-verified; contact page inspected, but raw was not directly opened, so PASS is not inferred
client_raw	0223_vfx011-items-configuration-ground-mip1-reduced-page02.png	f3e3271aade69e8573619dc05295c3efb0e1f8f9a2804a247a4e99e027e5b343	LIMITED	Fresh raw retained and digest-verified; contact page inspected, but raw was not directly opened, so PASS is not inferred
client_raw	0224_vfx011-items-configuration-ground-mip1-reduced-page03.png	54c49b2fcc3c20573050e12792f32806a730b7b04a198535c932b8fad7df107e	LIMITED	Fresh raw retained and digest-verified; contact page inspected, but raw was not directly opened, so PASS is not inferred
client_raw	0225_vfx011-items-configuration-ground-mip1-reduced-page04.png	c88a1459e83f2705c070982c22dc990148fd4b15dbce3ff95895429d772158ea	LIMITED	Fresh raw retained and digest-verified; contact page inspected, but raw was not directly opened, so PASS is not inferred
client_raw	0226_vfx011-items-configuration-ground-mip1-reduced-page05.png	0700772f5691944ffc9dcfca0d7df26549accf3485e6286f1e3fa328ecc55da3	LIMITED	Fresh raw retained and digest-verified; contact page inspected, but raw was not directly opened, so PASS is not inferred
client_raw	0227_vfx011-items-configuration-firstperson_lefthand-mip1-reduced-page01.png	1caabb5ade024c5a7a6003620ee29a604db3df1650f130705684164199b52900	LIMITED	Fresh raw retained and digest-verified; contact page inspected, but raw was not directly opened, so PASS is not inferred
client_raw	0228_vfx011-items-configuration-firstperson_lefthand-mip1-reduced-page02.png	7158c2a66f47f833461fba7754296a97dc15d065de429203a4245b031d1e3711	LIMITED	Fresh raw retained and digest-verified; contact page inspected, but raw was not directly opened, so PASS is not inferred
client_raw	0229_vfx011-items-configuration-firstperson_lefthand-mip1-reduced-page03.png	98136560949cb2727ca3715734950ec0bbbe56232447996d05ffcd92e498f811	LIMITED	Fresh raw retained and digest-verified; contact page inspected, but raw was not directly opened, so PASS is not inferred
client_raw	0230_vfx011-items-configuration-firstperson_lefthand-mip1-reduced-page04.png	6f9bb435a5ff101e6e0e8432cedf7b235cb81eab58115ac057b15e863dba5825	LIMITED	Fresh raw retained and digest-verified; contact page inspected, but raw was not directly opened, so PASS is not inferred
client_raw	0231_vfx011-items-configuration-firstperson_lefthand-mip1-reduced-page05.png	01d1e697a546acfef685d17ffc2fc88703a303b6b6404a8a162f5534cffdf405	LIMITED	Fresh raw retained and digest-verified; contact page inspected, but raw was not directly opened, so PASS is not inferred
client_raw	0232_vfx011-items-configuration-firstperson_righthand-mip1-reduced-page01.png	5b4cb23e7b84bc564be8141d11bcbb501240ea28796c771b511a4154046d6531	LIMITED	Fresh raw retained and digest-verified; contact page inspected, but raw was not directly opened, so PASS is not inferred
client_raw	0233_vfx011-items-configuration-firstperson_righthand-mip1-reduced-page02.png	bb90fb31a1eb3e260ac103d5765922dd23b7e7487a88c9f8b0af04976f918595	LIMITED	Fresh raw retained and digest-verified; contact page inspected, but raw was not directly opened, so PASS is not inferred
client_raw	0234_vfx011-items-configuration-firstperson_righthand-mip1-reduced-page03.png	3aae2d6905bb9b62df39462b0fb109d7f21b505672caa5c06dc9745a90ac9d35	LIMITED	Fresh raw retained and digest-verified; contact page inspected, but raw was not directly opened, so PASS is not inferred
client_raw	0235_vfx011-items-configuration-firstperson_righthand-mip1-reduced-page04.png	2d2152de78c8b2efe477ba00c8163478b8eb7b2cd80a8639f7e30e79503fd465	LIMITED	Fresh raw retained and digest-verified; contact page inspected, but raw was not directly opened, so PASS is not inferred
client_raw	0236_vfx011-items-configuration-firstperson_righthand-mip1-reduced-page05.png	f9941893cb81fed9d1b0f01ea346805af8e133a3f3d240e75c9b9a514228994d	LIMITED	Fresh raw retained and digest-verified; contact page inspected, but raw was not directly opened, so PASS is not inferred
client_raw	0237_vfx011-items-configuration-thirdperson_lefthand-mip1-reduced-page01.png	93c4fac6acf1a196e0c1c870b90af4ccaaf736a07974e9b3cc4fc61861a34b3c	LIMITED	Fresh raw retained and digest-verified; contact page inspected, but raw was not directly opened, so PASS is not inferred
client_raw	0238_vfx011-items-configuration-thirdperson_lefthand-mip1-reduced-page02.png	999b5758fbb1290785925b99a3b03b535d4879a5a7fd0988bb776a0898296781	LIMITED	Fresh raw retained and digest-verified; contact page inspected, but raw was not directly opened, so PASS is not inferred
client_raw	0239_vfx011-items-configuration-thirdperson_lefthand-mip1-reduced-page03.png	08be28b0d5ecc45fc7f376a1c6228d7cf19736bda5bd9dec7dc832db2d961eea	LIMITED	Fresh raw retained and digest-verified; contact page inspected, but raw was not directly opened, so PASS is not inferred
client_raw	0240_vfx011-items-configuration-thirdperson_lefthand-mip1-reduced-page04.png	11459cf1752007329d8cff752ed9e60b61666fda5d99be2d7c304172ae1c71b2	LIMITED	Fresh raw retained and digest-verified; contact page inspected, but raw was not directly opened, so PASS is not inferred
client_raw	0241_vfx011-items-configuration-thirdperson_lefthand-mip1-reduced-page05.png	43137b2551e764d109dc9c762e67f4869ea11c1a083becce32b7ee9a14a1cf47	LIMITED	Fresh raw retained and digest-verified; contact page inspected, but raw was not directly opened, so PASS is not inferred
client_raw	0242_vfx011-items-configuration-thirdperson_righthand-mip1-reduced-page01.png	2e637b3858f8a3b0db1de657cf710735823e62283d8887d7c24050f697a26a66	LIMITED	Fresh raw retained and digest-verified; contact page inspected, but raw was not directly opened, so PASS is not inferred
client_raw	0243_vfx011-items-configuration-thirdperson_righthand-mip1-reduced-page02.png	afacefd4a3971e9ec9b1058641c3563176ac1c4de1b351232793e66849e3048b	LIMITED	Fresh raw retained and digest-verified; contact page inspected, but raw was not directly opened, so PASS is not inferred
client_raw	0244_vfx011-items-configuration-thirdperson_righthand-mip1-reduced-page03.png	3c6201fef09ede7014451de915f84426259db46afc14ae30e19659187bc63128	LIMITED	Fresh raw retained and digest-verified; contact page inspected, but raw was not directly opened, so PASS is not inferred
client_raw	0245_vfx011-items-configuration-thirdperson_righthand-mip1-reduced-page04.png	1089c2d3e60c736992e777a5c93b02030a576243548b3e38013009fb5bdd02b8	LIMITED	Fresh raw retained and digest-verified; contact page inspected, but raw was not directly opened, so PASS is not inferred
client_raw	0246_vfx011-items-configuration-thirdperson_righthand-mip1-reduced-page05.png	1849f140c0b75aaba1552495d6a975fc008353f4a1d1a69d4ff9b2ddbc9102b0	LIMITED	Fresh raw retained and digest-verified; contact page inspected, but raw was not directly opened, so PASS is not inferred
client_raw	0247_vfx011-items-configuration-fixed-mip1-reduced-page01.png	5d4fc35b1fe32480064028533d471d8cc7ad6e3db508cb66128753680de60823	LIMITED	Fresh raw retained and digest-verified; contact page inspected, but raw was not directly opened, so PASS is not inferred
client_raw	0248_vfx011-items-configuration-fixed-mip1-reduced-page02.png	b837a73aae72bcbd9e7feef3f4126cb6ebd81ea06e2c80c7072a0caeff8639e7	LIMITED	Fresh raw retained and digest-verified; contact page inspected, but raw was not directly opened, so PASS is not inferred
client_raw	0249_vfx011-items-configuration-fixed-mip1-reduced-page03.png	3a795ff243011137e7e8fa77e23229cb0eb1dffedf731c8a570f2c6757d8c1c3	LIMITED	Fresh raw retained and digest-verified; contact page inspected, but raw was not directly opened, so PASS is not inferred
client_raw	0250_vfx011-items-configuration-fixed-mip1-reduced-page04.png	c47902cfa35e9d28cf9ccf4c5b3a401824a9f76b8c4470c7d0653a862726daea	LIMITED	Fresh raw retained and digest-verified; contact page inspected, but raw was not directly opened, so PASS is not inferred
client_raw	0251_vfx011-items-configuration-fixed-mip1-reduced-page05.png	76e748ac2afa7e4216f736ff2c11e8f2dcac138129b43a2d3f15f92cdb0465bb	LIMITED	Fresh raw retained and digest-verified; contact page inspected, but raw was not directly opened, so PASS is not inferred
client_raw	0252_vfx011-items-configuration-head-mip1-reduced-page01.png	2751d1e3568e160f7f87ed3afe9a1bd43e5a40caba5f9c889777cb6f688fbfe6	LIMITED	Fresh raw retained and digest-verified; contact page inspected, but raw was not directly opened, so PASS is not inferred
client_raw	0253_vfx011-items-configuration-head-mip1-reduced-page02.png	bfec0578cf1d8a299a04e1825b3c385fe7c681b6a29f9b42e0884952d08c588d	LIMITED	Fresh raw retained and digest-verified; contact page inspected, but raw was not directly opened, so PASS is not inferred
client_raw	0254_vfx011-items-configuration-head-mip1-reduced-page03.png	b6205f9a55b27ee976a8768a0dd6e6c43cf0074d6413f09c3e21f2f2d833ba69	LIMITED	Fresh raw retained and digest-verified; contact page inspected, but raw was not directly opened, so PASS is not inferred
client_raw	0255_vfx011-items-configuration-head-mip1-reduced-page04.png	dda5395e518151038ee3fc899e0736af1ef802f25d35d875fe9373753e014b87	LIMITED	Fresh raw retained and digest-verified; contact page inspected, but raw was not directly opened, so PASS is not inferred
client_raw	0256_vfx011-items-configuration-head-mip1-reduced-page05.png	b4e8d7502999d4856b863e5d8a399297a97d5b58c4fd2911fab32ce4ebcaa3af	LIMITED	Fresh raw retained and digest-verified; contact page inspected, but raw was not directly opened, so PASS is not inferred
client_raw	0257_vfx011-items-configuration-on_shelf-mip1-reduced-page01.png	e936771087334037d29abe12fbf9550d9e76ee6c4d78b8f8b41d3872f7fd0ca7	LIMITED	Fresh raw retained and digest-verified; contact page inspected, but raw was not directly opened, so PASS is not inferred
client_raw	0258_vfx011-items-configuration-gui-mip2-normal-page01.png	268e58a7ba7a9d6688f7a7a0803a1efa05e2b81d84ff82edcb28330b1a8f9d6b	LIMITED	Fresh raw retained and digest-verified; contact page inspected, but raw was not directly opened, so PASS is not inferred
client_raw	0259_vfx011-items-configuration-gui-mip2-normal-page02.png	5d7ab8d816c998cc5d09745011ee0a085547ac4c6f039fad1e83bd8c582eea96	LIMITED	Fresh raw retained and digest-verified; contact page inspected, but raw was not directly opened, so PASS is not inferred
client_raw	0260_vfx011-items-configuration-gui-mip2-normal-page03.png	dda9b5bb0a75658745581291e162597fed9826d48029e43b8c47886b68902417	LIMITED	Fresh raw retained and digest-verified; contact page inspected, but raw was not directly opened, so PASS is not inferred
client_raw	0261_vfx011-items-configuration-gui-mip2-normal-page04.png	b3664c0bbdb9732841af8d0cf629852868e1893a5af8fb8966d385aab4234894	LIMITED	Fresh raw retained and digest-verified; contact page inspected, but raw was not directly opened, so PASS is not inferred
client_raw	0262_vfx011-items-configuration-gui-mip2-normal-page05.png	3199d29c1c52b489d76a2397fd89272d4dffe5333e0a0090f04ae1b8d08b73af	LIMITED	Fresh raw retained and digest-verified; contact page inspected, but raw was not directly opened, so PASS is not inferred
client_raw	0263_vfx011-items-configuration-ground-mip2-normal-page01.png	0e96390241274e5575759b99c220d0441f7364ab55e720ed761a5f2bb4487b66	LIMITED	Fresh raw retained and digest-verified; contact page inspected, but raw was not directly opened, so PASS is not inferred
client_raw	0264_vfx011-items-configuration-ground-mip2-normal-page02.png	b2cf2dcc14a9eba0944eef170033e9dd754abb687345afc28dd090c9724c4778	LIMITED	Fresh raw retained and digest-verified; contact page inspected, but raw was not directly opened, so PASS is not inferred
client_raw	0265_vfx011-items-configuration-ground-mip2-normal-page03.png	97d10d4be452f42654c11d6790e2f6de044f337be532a6c199b97728f780d349	LIMITED	Fresh raw retained and digest-verified; contact page inspected, but raw was not directly opened, so PASS is not inferred
client_raw	0266_vfx011-items-configuration-ground-mip2-normal-page04.png	f8370a26a5d8339c46c3bcb5703099a271dc4cf3caf1fd791148a52391795de8	LIMITED	Fresh raw retained and digest-verified; contact page inspected, but raw was not directly opened, so PASS is not inferred
client_raw	0267_vfx011-items-configuration-ground-mip2-normal-page05.png	34cbec67d1797998547c89a024b3be000d68122e781ab559605657789c12f907	LIMITED	Fresh raw retained and digest-verified; contact page inspected, but raw was not directly opened, so PASS is not inferred
client_raw	0268_vfx011-items-configuration-firstperson_lefthand-mip2-normal-page01.png	2e29d7e57c84579432f8ead0544d80156586a166a3f07c51b0669b61b97eaeb4	LIMITED	Fresh raw retained and digest-verified; contact page inspected, but raw was not directly opened, so PASS is not inferred
client_raw	0269_vfx011-items-configuration-firstperson_lefthand-mip2-normal-page02.png	e334930700e766fcd9abf8742eb43fabbeb664cee3a72f0809178b4d60ca77a0	LIMITED	Fresh raw retained and digest-verified; contact page inspected, but raw was not directly opened, so PASS is not inferred
client_raw	0270_vfx011-items-configuration-firstperson_lefthand-mip2-normal-page03.png	fc9d7923d08f3bb4392bf20d6d5be533984386baddb1bcad3b169e60c8f18bac	LIMITED	Fresh raw retained and digest-verified; contact page inspected, but raw was not directly opened, so PASS is not inferred
client_raw	0271_vfx011-items-configuration-firstperson_lefthand-mip2-normal-page04.png	490845519ae0161ae8dae892f6a35b7c3278199c6f00b2d45d6ad88e5bc30955	LIMITED	Fresh raw retained and digest-verified; contact page inspected, but raw was not directly opened, so PASS is not inferred
client_raw	0272_vfx011-items-configuration-firstperson_lefthand-mip2-normal-page05.png	8cfb2a2007f73634ad20298d42ce037d7d7f52a27a8d538057c0b32278dbb1ba	LIMITED	Fresh raw retained and digest-verified; contact page inspected, but raw was not directly opened, so PASS is not inferred
client_raw	0273_vfx011-items-configuration-firstperson_righthand-mip2-normal-page01.png	006ef3d5dd79da5afa7f2718d08ff9024f5fb7fa252d36f95ece152e4daf0f47	LIMITED	Fresh raw retained and digest-verified; contact page inspected, but raw was not directly opened, so PASS is not inferred
client_raw	0274_vfx011-items-configuration-firstperson_righthand-mip2-normal-page02.png	37d86602d23efdf79c1d8b868156b61a5e04857a6efb6ef2d7cf277b7ece1107	LIMITED	Fresh raw retained and digest-verified; contact page inspected, but raw was not directly opened, so PASS is not inferred
client_raw	0275_vfx011-items-configuration-firstperson_righthand-mip2-normal-page03.png	c5b6efa4780c93cca1659899a9e52c8d245a9457564eaa1fb8bf663ed06a1ddc	LIMITED	Fresh raw retained and digest-verified; contact page inspected, but raw was not directly opened, so PASS is not inferred
client_raw	0276_vfx011-items-configuration-firstperson_righthand-mip2-normal-page04.png	b46d5c67581d15e67e69e5efd7676aeb659a882e8e542336b918b24d04049e3f	LIMITED	Fresh raw retained and digest-verified; contact page inspected, but raw was not directly opened, so PASS is not inferred
client_raw	0277_vfx011-items-configuration-firstperson_righthand-mip2-normal-page05.png	3eed5a1e6c514b3ef6ed540ebe08f0ec76f7fbf05c910616803d34d983262235	LIMITED	Fresh raw retained and digest-verified; contact page inspected, but raw was not directly opened, so PASS is not inferred
client_raw	0278_vfx011-items-configuration-thirdperson_lefthand-mip2-normal-page01.png	c211bd82e39aeb81c9562984a01ef4083b59bc1da249a7ecea164464893a0aa1	LIMITED	Fresh raw retained and digest-verified; contact page inspected, but raw was not directly opened, so PASS is not inferred
client_raw	0279_vfx011-items-configuration-thirdperson_lefthand-mip2-normal-page02.png	7ab1742993a3551f37dcb56cd538ec608a4d03a8cee2c3e87178a4e6f42cd37c	LIMITED	Fresh raw retained and digest-verified; contact page inspected, but raw was not directly opened, so PASS is not inferred
client_raw	0280_vfx011-items-configuration-thirdperson_lefthand-mip2-normal-page03.png	a4c4b16b5f75fabd702f079c14399555fdf06b68532919d7e705f250283bd5ba	LIMITED	Fresh raw retained and digest-verified; contact page inspected, but raw was not directly opened, so PASS is not inferred
client_raw	0281_vfx011-items-configuration-thirdperson_lefthand-mip2-normal-page04.png	e7b6f0a9149270a6455018b8d1c526ebbde18b935029f67fc1186067c3ca234e	LIMITED	Fresh raw retained and digest-verified; contact page inspected, but raw was not directly opened, so PASS is not inferred
client_raw	0282_vfx011-items-configuration-thirdperson_lefthand-mip2-normal-page05.png	6a670ce2d8db4c819587d3846969859198a8313bd19c9bf7318025c4b92f89df	LIMITED	Fresh raw retained and digest-verified; contact page inspected, but raw was not directly opened, so PASS is not inferred
client_raw	0283_vfx011-items-configuration-thirdperson_righthand-mip2-normal-page01.png	687c3890b991c664295dcf2fb57c0ef82788cda72efdc8faab081ecab03b06c7	LIMITED	Fresh raw retained and digest-verified; contact page inspected, but raw was not directly opened, so PASS is not inferred
client_raw	0284_vfx011-items-configuration-thirdperson_righthand-mip2-normal-page02.png	f6a3c56e341d0fd89b4e879613876a966c80c957be735c9a66e02e2107d8d770	LIMITED	Fresh raw retained and digest-verified; contact page inspected, but raw was not directly opened, so PASS is not inferred
client_raw	0285_vfx011-items-configuration-thirdperson_righthand-mip2-normal-page03.png	500230f8b7f92f378a547890a3d88eabebfad8190cf2b391dbd15c45fd026e41	LIMITED	Fresh raw retained and digest-verified; contact page inspected, but raw was not directly opened, so PASS is not inferred
client_raw	0286_vfx011-items-configuration-thirdperson_righthand-mip2-normal-page04.png	a9c4af485304e3e556187784c36d49dc55436889345c477b8bc1f1341daacc80	LIMITED	Fresh raw retained and digest-verified; contact page inspected, but raw was not directly opened, so PASS is not inferred
client_raw	0287_vfx011-items-configuration-thirdperson_righthand-mip2-normal-page05.png	2ce127e2893bbd10ff522ce84bc8f96a9ab2af45e1d9a0aeb6b096528bed70ad	LIMITED	Fresh raw retained and digest-verified; contact page inspected, but raw was not directly opened, so PASS is not inferred
client_raw	0288_vfx011-items-configuration-fixed-mip2-normal-page01.png	5a45a6c1b7841bf2d874a667259f5f31c7e5123a8a3a82343a0150c7f4c447b8	LIMITED	Fresh raw retained and digest-verified; contact page inspected, but raw was not directly opened, so PASS is not inferred
client_raw	0289_vfx011-items-configuration-fixed-mip2-normal-page02.png	f344e9c9333ce7e0d068b4a7989a329b46a38b850df765f9dd697fcfd3ab77b0	LIMITED	Fresh raw retained and digest-verified; contact page inspected, but raw was not directly opened, so PASS is not inferred
client_raw	0290_vfx011-items-configuration-fixed-mip2-normal-page03.png	3244199fcaff9974e3bab2447e35a8490e37839ae167d310eedcc25e5a14499e	LIMITED	Fresh raw retained and digest-verified; contact page inspected, but raw was not directly opened, so PASS is not inferred
client_raw	0291_vfx011-items-configuration-fixed-mip2-normal-page04.png	d768108af50918149eb08466b1c72a650cca2d6e477168b80d995e222965679e	LIMITED	Fresh raw retained and digest-verified; contact page inspected, but raw was not directly opened, so PASS is not inferred
client_raw	0292_vfx011-items-configuration-fixed-mip2-normal-page05.png	0c5f6f044f39db88e924c66484224a757c1e7874ffa3332abe38f7598359f4ea	LIMITED	Fresh raw retained and digest-verified; contact page inspected, but raw was not directly opened, so PASS is not inferred
client_raw	0293_vfx011-items-configuration-head-mip2-normal-page01.png	4baab8fe97532c264833bd5c61f8cf3b6149b1b1e4832d8cd7aeb337b7951ec8	LIMITED	Fresh raw retained and digest-verified; contact page inspected, but raw was not directly opened, so PASS is not inferred
client_raw	0294_vfx011-items-configuration-head-mip2-normal-page02.png	3b4d6e6e57f551c4171e6397f17a54bdfb5c0644a3a60594a12b146e98fb685d	LIMITED	Fresh raw retained and digest-verified; contact page inspected, but raw was not directly opened, so PASS is not inferred
client_raw	0295_vfx011-items-configuration-head-mip2-normal-page03.png	49082ddadb8ec5e514729e8e1821adfe95aa87800b269448a90e915c520ed9e0	LIMITED	Fresh raw retained and digest-verified; contact page inspected, but raw was not directly opened, so PASS is not inferred
client_raw	0296_vfx011-items-configuration-head-mip2-normal-page04.png	0d0f3a995868b5e39baa19578279b9507073a5a4d6bd60c0a1364ae8212f09c4	LIMITED	Fresh raw retained and digest-verified; contact page inspected, but raw was not directly opened, so PASS is not inferred
client_raw	0297_vfx011-items-configuration-head-mip2-normal-page05.png	fd322e12aee7de34fa11eb51449bf7e84bab8f669134ab1aabcbd1210d58bcac	LIMITED	Fresh raw retained and digest-verified; contact page inspected, but raw was not directly opened, so PASS is not inferred
client_raw	0298_vfx011-items-configuration-on_shelf-mip2-normal-page01.png	035af001a6685622c30ecb9724154dd9d90cb2b998b9018e7b6701d3e49e2a8d	LIMITED	Fresh raw retained and digest-verified; contact page inspected, but raw was not directly opened, so PASS is not inferred
client_raw	0299_vfx011-items-configuration-gui-mip2-reduced-page01.png	9ca8b83e62d9e86c44fd7c81260e60c99950ee407f867421c6275c15c23b36ea	LIMITED	Fresh raw retained and digest-verified; contact page inspected, but raw was not directly opened, so PASS is not inferred
client_raw	0300_vfx011-items-configuration-gui-mip2-reduced-page02.png	8fcfe11e1ec36b5d7c9aa5f4a8a597fee173a0439f79161638a87dd0d419433e	LIMITED	Fresh raw retained and digest-verified; contact page inspected, but raw was not directly opened, so PASS is not inferred
client_raw	0301_vfx011-items-configuration-gui-mip2-reduced-page03.png	26002c7b86f8209388a807ecd542256ce15ce2548a08162eaf9b8e8c97d2f382	LIMITED	Fresh raw retained and digest-verified; contact page inspected, but raw was not directly opened, so PASS is not inferred
client_raw	0302_vfx011-items-configuration-gui-mip2-reduced-page04.png	b294e6a67478043d671ff7b2d8961e5e77cbe28cce3d42a22c961f3a18625936	LIMITED	Fresh raw retained and digest-verified; contact page inspected, but raw was not directly opened, so PASS is not inferred
client_raw	0303_vfx011-items-configuration-gui-mip2-reduced-page05.png	7d232ad589b82c11170397ca30542abc61c09a09a414e9ac22063032b27e5fcf	LIMITED	Fresh raw retained and digest-verified; contact page inspected, but raw was not directly opened, so PASS is not inferred
client_raw	0304_vfx011-items-configuration-ground-mip2-reduced-page01.png	c6961ba084ffd133c1766c8092f28c3d94c0a869a9c11cf3c5c8da9d72b9bd9b	LIMITED	Fresh raw retained and digest-verified; contact page inspected, but raw was not directly opened, so PASS is not inferred
client_raw	0305_vfx011-items-configuration-ground-mip2-reduced-page02.png	5c2622c24fe1ba837cd2b29fdb79d9a7ede9776cd58699afa9f9b8bbbd5624fa	LIMITED	Fresh raw retained and digest-verified; contact page inspected, but raw was not directly opened, so PASS is not inferred
client_raw	0306_vfx011-items-configuration-ground-mip2-reduced-page03.png	02c2c0af38b97f547dfea27d5209fef62fdc875b8d30ed4860e2416ea5eb43c3	LIMITED	Fresh raw retained and digest-verified; contact page inspected, but raw was not directly opened, so PASS is not inferred
client_raw	0307_vfx011-items-configuration-ground-mip2-reduced-page04.png	9606a54fc6bac4d0dd213c166e1ba98df0ac7a180808c340d4d5db4e0153a9b8	LIMITED	Fresh raw retained and digest-verified; contact page inspected, but raw was not directly opened, so PASS is not inferred
client_raw	0308_vfx011-items-configuration-ground-mip2-reduced-page05.png	dc5447d42bc6d266e6bc5ebe40249e16c6a6d766c3491b0666168f94ccfb92cd	LIMITED	Fresh raw retained and digest-verified; contact page inspected, but raw was not directly opened, so PASS is not inferred
client_raw	0309_vfx011-items-configuration-firstperson_lefthand-mip2-reduced-page01.png	874e94fdededb161f634e7059d96e2ebdcfd5d3cdd95a4981d14257a0aea90de	LIMITED	Fresh raw retained and digest-verified; contact page inspected, but raw was not directly opened, so PASS is not inferred
client_raw	0310_vfx011-items-configuration-firstperson_lefthand-mip2-reduced-page02.png	014473f15da2e203e1e5b20fea0192effd51fa25e714116831252ee319612927	LIMITED	Fresh raw retained and digest-verified; contact page inspected, but raw was not directly opened, so PASS is not inferred
client_raw	0311_vfx011-items-configuration-firstperson_lefthand-mip2-reduced-page03.png	20473e7ff36d6415c95132bad016b045bb03fc9e23e21603c6b87f2bd5b9d642	LIMITED	Fresh raw retained and digest-verified; contact page inspected, but raw was not directly opened, so PASS is not inferred
client_raw	0312_vfx011-items-configuration-firstperson_lefthand-mip2-reduced-page04.png	fc1d90ba233ce0c503fba6e7caf84c4e6fa1927dfe4521091c0a5ee20f1797a6	LIMITED	Fresh raw retained and digest-verified; contact page inspected, but raw was not directly opened, so PASS is not inferred
client_raw	0313_vfx011-items-configuration-firstperson_lefthand-mip2-reduced-page05.png	d381506913f8a872ea6f1d226b58020c5a53c9ae4c4fd0d720ad9208bd01bfcc	LIMITED	Fresh raw retained and digest-verified; contact page inspected, but raw was not directly opened, so PASS is not inferred
client_raw	0314_vfx011-items-configuration-firstperson_righthand-mip2-reduced-page01.png	956cd222bc9d35cb5969504ba545385b16bf1ed7df0eccbf3257a91e76aef41d	LIMITED	Fresh raw retained and digest-verified; contact page inspected, but raw was not directly opened, so PASS is not inferred
client_raw	0315_vfx011-items-configuration-firstperson_righthand-mip2-reduced-page02.png	7550cfa2803e6d4b58e54119480dec25fcbcfd6071ee045b6f339b6f1abca3fd	LIMITED	Fresh raw retained and digest-verified; contact page inspected, but raw was not directly opened, so PASS is not inferred
client_raw	0316_vfx011-items-configuration-firstperson_righthand-mip2-reduced-page03.png	98605a0b5c8fd521206cf62e6bd63847c819fd139ed93d1f5f9bd504aabbe905	LIMITED	Fresh raw retained and digest-verified; contact page inspected, but raw was not directly opened, so PASS is not inferred
client_raw	0317_vfx011-items-configuration-firstperson_righthand-mip2-reduced-page04.png	745fa52bd64697315a949e51d7068352dd50fabd9b6cee333f34bdd0011d0af7	LIMITED	Fresh raw retained and digest-verified; contact page inspected, but raw was not directly opened, so PASS is not inferred
client_raw	0318_vfx011-items-configuration-firstperson_righthand-mip2-reduced-page05.png	d4f8b40313f2925021ee25b0af1cd9774e99780f2a7c35e099ebe06f5fdfdfe8	LIMITED	Fresh raw retained and digest-verified; contact page inspected, but raw was not directly opened, so PASS is not inferred
client_raw	0319_vfx011-items-configuration-thirdperson_lefthand-mip2-reduced-page01.png	820cd63757ab92e9856469fb1f99c69a811fc0e0540caf5c65f194e6fe11285d	LIMITED	Fresh raw retained and digest-verified; contact page inspected, but raw was not directly opened, so PASS is not inferred
client_raw	0320_vfx011-items-configuration-thirdperson_lefthand-mip2-reduced-page02.png	1e4bcaef855896592757793ad6662868e33624d90997fb5455ae8e54f86ea18b	LIMITED	Fresh raw retained and digest-verified; contact page inspected, but raw was not directly opened, so PASS is not inferred
client_raw	0321_vfx011-items-configuration-thirdperson_lefthand-mip2-reduced-page03.png	ed675608a7d09d0ffee160b1191c79065b6e3a6fd0356b2ce07986fa0db999ef	LIMITED	Fresh raw retained and digest-verified; contact page inspected, but raw was not directly opened, so PASS is not inferred
client_raw	0322_vfx011-items-configuration-thirdperson_lefthand-mip2-reduced-page04.png	33dd9db6f1d59105894c3c93da4a4351752635c8d59d5711a4ad6e0a416c322e	LIMITED	Fresh raw retained and digest-verified; contact page inspected, but raw was not directly opened, so PASS is not inferred
client_raw	0323_vfx011-items-configuration-thirdperson_lefthand-mip2-reduced-page05.png	dc464ad81ef2699be87c9c90247ad1e54512cfd2611d1334b532ff7056ed7155	LIMITED	Fresh raw retained and digest-verified; contact page inspected, but raw was not directly opened, so PASS is not inferred
client_raw	0324_vfx011-items-configuration-thirdperson_righthand-mip2-reduced-page01.png	a03e5104dd6d26447e5c0c84ec9f94e343449b9739c71b28d8b041fd90416d13	LIMITED	Fresh raw retained and digest-verified; contact page inspected, but raw was not directly opened, so PASS is not inferred
client_raw	0325_vfx011-items-configuration-thirdperson_righthand-mip2-reduced-page02.png	1fcad51721152732a3c6341a751497ea4a02ea5d2abd851f105d0c3db7150a88	LIMITED	Fresh raw retained and digest-verified; contact page inspected, but raw was not directly opened, so PASS is not inferred
client_raw	0326_vfx011-items-configuration-thirdperson_righthand-mip2-reduced-page03.png	1683217e1debfb445564ace6031da3b6cecd6d4389fef5b4b4ffaaa2beb703fe	LIMITED	Fresh raw retained and digest-verified; contact page inspected, but raw was not directly opened, so PASS is not inferred
client_raw	0327_vfx011-items-configuration-thirdperson_righthand-mip2-reduced-page04.png	ad267866ea0cdf666593399048d049d427ac2309ccd5eff291b0e6ca91658e45	LIMITED	Fresh raw retained and digest-verified; contact page inspected, but raw was not directly opened, so PASS is not inferred
client_raw	0328_vfx011-items-configuration-thirdperson_righthand-mip2-reduced-page05.png	af9e24c489b8906d0c0914a5dee717d712f4365faecb2dc451685d35bc902dde	LIMITED	Fresh raw retained and digest-verified; contact page inspected, but raw was not directly opened, so PASS is not inferred
client_raw	0329_vfx011-items-configuration-fixed-mip2-reduced-page01.png	62e1dc30d2b8b177cf10adda7b25295c583462d3d757224b10656c6eca511349	LIMITED	Fresh raw retained and digest-verified; contact page inspected, but raw was not directly opened, so PASS is not inferred
client_raw	0330_vfx011-items-configuration-fixed-mip2-reduced-page02.png	c02e22e9072c795005aa7f3dd5dd5aad22c1663e0fa839b9e36f9074874f284c	LIMITED	Fresh raw retained and digest-verified; contact page inspected, but raw was not directly opened, so PASS is not inferred
client_raw	0331_vfx011-items-configuration-fixed-mip2-reduced-page03.png	d0aa652fd31afd8be164751a767a5e2bea343967092d2503385c2b9a9bc967f2	LIMITED	Fresh raw retained and digest-verified; contact page inspected, but raw was not directly opened, so PASS is not inferred
client_raw	0332_vfx011-items-configuration-fixed-mip2-reduced-page04.png	0f7e84ffbb8961d6ae9286be03fc1e947fc3c6a6fb8b2128d687c7aebfeaef95	LIMITED	Fresh raw retained and digest-verified; contact page inspected, but raw was not directly opened, so PASS is not inferred
client_raw	0333_vfx011-items-configuration-fixed-mip2-reduced-page05.png	e71caef17ab36cad1a27ddff102ebb02931a2079baf3c83bc490536cc06af8a3	LIMITED	Fresh raw retained and digest-verified; contact page inspected, but raw was not directly opened, so PASS is not inferred
client_raw	0334_vfx011-items-configuration-head-mip2-reduced-page01.png	c9a609636772ba5d9ff88c1cbec5e284f69bd90ce5813206a5da79001a62f397	LIMITED	Fresh raw retained and digest-verified; contact page inspected, but raw was not directly opened, so PASS is not inferred
client_raw	0335_vfx011-items-configuration-head-mip2-reduced-page02.png	d7cc961ad50ae09d4803afa8cf5910669bedb33938b03c2fe637e1f1d30bb851	LIMITED	Fresh raw retained and digest-verified; contact page inspected, but raw was not directly opened, so PASS is not inferred
client_raw	0336_vfx011-items-configuration-head-mip2-reduced-page03.png	11c557b68fcee15dc0d9d95bf1f72805e6945945a8795243af476b53b940a00d	LIMITED	Fresh raw retained and digest-verified; contact page inspected, but raw was not directly opened, so PASS is not inferred
client_raw	0337_vfx011-items-configuration-head-mip2-reduced-page04.png	178843d5518b851ac96df01bd68e886fd0c37cdc0710f63673001bc8ab19b7a5	LIMITED	Fresh raw retained and digest-verified; contact page inspected, but raw was not directly opened, so PASS is not inferred
client_raw	0338_vfx011-items-configuration-head-mip2-reduced-page05.png	73375f30878c3171847bcc93405a73a906f781ac07421f114469b35a92986ec2	LIMITED	Fresh raw retained and digest-verified; contact page inspected, but raw was not directly opened, so PASS is not inferred
client_raw	0339_vfx011-items-configuration-on_shelf-mip2-reduced-page01.png	825a378bd689f25c3eea5b51b5446b00c6654ce1da772e115d578387439f3e13	LIMITED	Fresh raw retained and digest-verified; contact page inspected, but raw was not directly opened, so PASS is not inferred
client_raw	0340_vfx011-items-configuration-gui-mip3-normal-page01.png	b41a7a1968587d6cef61bf4d06604ac30abb5c1769af9013857eccce439c24a4	LIMITED	Fresh raw retained and digest-verified; contact page inspected, but raw was not directly opened, so PASS is not inferred
client_raw	0341_vfx011-items-configuration-gui-mip3-normal-page02.png	fbdb4951408a942c8a3e7fadf2c5f1147c69ab5fe1a95386ee5bdc70e3407f74	LIMITED	Fresh raw retained and digest-verified; contact page inspected, but raw was not directly opened, so PASS is not inferred
client_raw	0342_vfx011-items-configuration-gui-mip3-normal-page03.png	dfd8caf124a4aa45b3a4c11cf7b0d51f9a4a82e2100ed8d5a4e557ce2ecf4625	LIMITED	Fresh raw retained and digest-verified; contact page inspected, but raw was not directly opened, so PASS is not inferred
client_raw	0343_vfx011-items-configuration-gui-mip3-normal-page04.png	920c247dffccd87f506635a737d2049e3824006bc695d6d3a20102045c6026b2	LIMITED	Fresh raw retained and digest-verified; contact page inspected, but raw was not directly opened, so PASS is not inferred
client_raw	0344_vfx011-items-configuration-gui-mip3-normal-page05.png	9d8ed55f16a8442291e8a92d72824d44b05850f4a0b5e81953b8476ebcc2c14f	LIMITED	Fresh raw retained and digest-verified; contact page inspected, but raw was not directly opened, so PASS is not inferred
client_raw	0345_vfx011-items-configuration-ground-mip3-normal-page01.png	01928a3ea0778bb004352cb4c6cb7b99cda6c7d5b763b172d69759ac68ef07c6	LIMITED	Fresh raw retained and digest-verified; contact page inspected, but raw was not directly opened, so PASS is not inferred
client_raw	0346_vfx011-items-configuration-ground-mip3-normal-page02.png	8e6399c4370513c5f6c98bd87e381b1d10981d4d798b7b9972b7072d90ea6a00	LIMITED	Fresh raw retained and digest-verified; contact page inspected, but raw was not directly opened, so PASS is not inferred
client_raw	0347_vfx011-items-configuration-ground-mip3-normal-page03.png	b4910c53e8e54dd668e734a37a6b15763b172f6ece48b8ca3a157e7a3adbcdbb	LIMITED	Fresh raw retained and digest-verified; contact page inspected, but raw was not directly opened, so PASS is not inferred
client_raw	0348_vfx011-items-configuration-ground-mip3-normal-page04.png	41255762ff348b1aaf914058171631ebf2e6c87c4fdd1455bbdd6362881cac46	LIMITED	Fresh raw retained and digest-verified; contact page inspected, but raw was not directly opened, so PASS is not inferred
client_raw	0349_vfx011-items-configuration-ground-mip3-normal-page05.png	3e2973f5425113326891bbc0ed907f8e9dc55b5b2c10abfb8a576c268d65ceff	LIMITED	Fresh raw retained and digest-verified; contact page inspected, but raw was not directly opened, so PASS is not inferred
client_raw	0350_vfx011-items-configuration-firstperson_lefthand-mip3-normal-page01.png	549396565479d72d14b44f90673fd1ed190f9caa97993e88b4255d300cc26c48	LIMITED	Fresh raw retained and digest-verified; contact page inspected, but raw was not directly opened, so PASS is not inferred
client_raw	0351_vfx011-items-configuration-firstperson_lefthand-mip3-normal-page02.png	8b5df89d6ac41cfd4c4d1a8ffda6db467550b65a5e41bde2da9a70b593c63270	LIMITED	Fresh raw retained and digest-verified; contact page inspected, but raw was not directly opened, so PASS is not inferred
client_raw	0352_vfx011-items-configuration-firstperson_lefthand-mip3-normal-page03.png	940ce703dfebaf17877d7b51fd30316c70fb605bf6aa319a2a975b5b9e6b29a9	LIMITED	Fresh raw retained and digest-verified; contact page inspected, but raw was not directly opened, so PASS is not inferred
client_raw	0353_vfx011-items-configuration-firstperson_lefthand-mip3-normal-page04.png	88277e9b5f152b689f958d01e9e3b2bb24e5b779fae06a6c41348de451c3ae58	LIMITED	Fresh raw retained and digest-verified; contact page inspected, but raw was not directly opened, so PASS is not inferred
client_raw	0354_vfx011-items-configuration-firstperson_lefthand-mip3-normal-page05.png	514a4c79d5491a06f3676bc3e2a4b8dec9373740402ba3eba6fe433c5ba6e823	LIMITED	Fresh raw retained and digest-verified; contact page inspected, but raw was not directly opened, so PASS is not inferred
client_raw	0355_vfx011-items-configuration-firstperson_righthand-mip3-normal-page01.png	82024eb2428400a08c263b3cd845d1b0e94e434f979f414ba4f3f441abfb6c7e	LIMITED	Fresh raw retained and digest-verified; contact page inspected, but raw was not directly opened, so PASS is not inferred
client_raw	0356_vfx011-items-configuration-firstperson_righthand-mip3-normal-page02.png	f22221e2da22427e0b6992e41968baf9290488f513869155fdb9cde4adfe392d	LIMITED	Fresh raw retained and digest-verified; contact page inspected, but raw was not directly opened, so PASS is not inferred
client_raw	0357_vfx011-items-configuration-firstperson_righthand-mip3-normal-page03.png	c39990c1b84a50de897161e54c16015d4ae98c3b3fa7cf8d968b371b91704f52	LIMITED	Fresh raw retained and digest-verified; contact page inspected, but raw was not directly opened, so PASS is not inferred
client_raw	0358_vfx011-items-configuration-firstperson_righthand-mip3-normal-page04.png	0dc98e156634835916787250eb8df03f032fa65f45a16929b8a09b58b839d55a	LIMITED	Fresh raw retained and digest-verified; contact page inspected, but raw was not directly opened, so PASS is not inferred
client_raw	0359_vfx011-items-configuration-firstperson_righthand-mip3-normal-page05.png	d4a6d355eaaade405f19ce45497a6e3686a696edf7c5a82da0e1c44bcda31c2a	LIMITED	Fresh raw retained and digest-verified; contact page inspected, but raw was not directly opened, so PASS is not inferred
client_raw	0360_vfx011-items-configuration-thirdperson_lefthand-mip3-normal-page01.png	845b44fe5ff38e4abdbb70fc2afb953cdcfbfa998fe9492e890d92cd950de7b5	LIMITED	Fresh raw retained and digest-verified; contact page inspected, but raw was not directly opened, so PASS is not inferred
client_raw	0361_vfx011-items-configuration-thirdperson_lefthand-mip3-normal-page02.png	f4e8e27ae9676a0f5fa97bf0c3a56c211699f9ee580fc3bcf8d8e7dd85cbaedd	LIMITED	Fresh raw retained and digest-verified; contact page inspected, but raw was not directly opened, so PASS is not inferred
client_raw	0362_vfx011-items-configuration-thirdperson_lefthand-mip3-normal-page03.png	fabf803041aa08610a219eeb738e746563eb3b3a9f4af7050d6f039618d7a96b	LIMITED	Fresh raw retained and digest-verified; contact page inspected, but raw was not directly opened, so PASS is not inferred
client_raw	0363_vfx011-items-configuration-thirdperson_lefthand-mip3-normal-page04.png	3b3e3738a1a6ce572fefb59fad378b5e972792a381a9d13b3789bc1fab8dd56d	LIMITED	Fresh raw retained and digest-verified; contact page inspected, but raw was not directly opened, so PASS is not inferred
client_raw	0364_vfx011-items-configuration-thirdperson_lefthand-mip3-normal-page05.png	a23aed2a2ae4426489e5eac55fc92ef8a5541212bdb6f99d1b55b4dc2a383807	LIMITED	Fresh raw retained and digest-verified; contact page inspected, but raw was not directly opened, so PASS is not inferred
client_raw	0365_vfx011-items-configuration-thirdperson_righthand-mip3-normal-page01.png	3b31b1e52f8e1a4b886be34c34e8778fee695f6d3ccce842a37a56c77daee02f	LIMITED	Fresh raw retained and digest-verified; contact page inspected, but raw was not directly opened, so PASS is not inferred
client_raw	0366_vfx011-items-configuration-thirdperson_righthand-mip3-normal-page02.png	66f84e7401224f7373ead99d585a2492775d626a7b957ac8a2aaa3fd14cccec7	LIMITED	Fresh raw retained and digest-verified; contact page inspected, but raw was not directly opened, so PASS is not inferred
client_raw	0367_vfx011-items-configuration-thirdperson_righthand-mip3-normal-page03.png	c76ceb188c991e4b4932b41cd82adf89acf8ea383a12718ab5a8357a827d6507	LIMITED	Fresh raw retained and digest-verified; contact page inspected, but raw was not directly opened, so PASS is not inferred
client_raw	0368_vfx011-items-configuration-thirdperson_righthand-mip3-normal-page04.png	75ebe3c1bfee2d2f3321bced57b0e713fcd454643bce5409f444de0cbe15796e	LIMITED	Fresh raw retained and digest-verified; contact page inspected, but raw was not directly opened, so PASS is not inferred
client_raw	0369_vfx011-items-configuration-thirdperson_righthand-mip3-normal-page05.png	eed295319404ed241832245079a46f80570bf6266892e5991421a09e92ceb7a1	LIMITED	Fresh raw retained and digest-verified; contact page inspected, but raw was not directly opened, so PASS is not inferred
client_raw	0370_vfx011-items-configuration-fixed-mip3-normal-page01.png	9002f74172c3fd0cb39f71910406a67ae3ab81d2e869ae7d252b9447b13f222f	LIMITED	Fresh raw retained and digest-verified; contact page inspected, but raw was not directly opened, so PASS is not inferred
client_raw	0371_vfx011-items-configuration-fixed-mip3-normal-page02.png	d8f167413ef00b71566dd4cf40ce83814063e7e4236af76263973f7fb1695232	LIMITED	Fresh raw retained and digest-verified; contact page inspected, but raw was not directly opened, so PASS is not inferred
client_raw	0372_vfx011-items-configuration-fixed-mip3-normal-page03.png	21fbc8a81887c2285e648b21dbe4bf13cb0c8ad8e00f060980290d4c73377266	LIMITED	Fresh raw retained and digest-verified; contact page inspected, but raw was not directly opened, so PASS is not inferred
client_raw	0373_vfx011-items-configuration-fixed-mip3-normal-page04.png	850ffed7a2280fd10d85c4ad7646185007588576b4546e461e8a6024139d90ff	LIMITED	Fresh raw retained and digest-verified; contact page inspected, but raw was not directly opened, so PASS is not inferred
client_raw	0374_vfx011-items-configuration-fixed-mip3-normal-page05.png	2ab402ba82f9eaaf64644e95e054fd23818aa35772ae6990f1649da822f36b0e	LIMITED	Fresh raw retained and digest-verified; contact page inspected, but raw was not directly opened, so PASS is not inferred
client_raw	0375_vfx011-items-configuration-head-mip3-normal-page01.png	aa1914ec3369bd324bba26c7d6b9fcb9b0c584bf6e1763c1336998a5a57d8a41	LIMITED	Fresh raw retained and digest-verified; contact page inspected, but raw was not directly opened, so PASS is not inferred
client_raw	0376_vfx011-items-configuration-head-mip3-normal-page02.png	d227685dbba6f327e991e2ad769cd2d4e20209be21d2f6752abd70fbeb016893	LIMITED	Fresh raw retained and digest-verified; contact page inspected, but raw was not directly opened, so PASS is not inferred
client_raw	0377_vfx011-items-configuration-head-mip3-normal-page03.png	329d88d0fc9fe4dabd97720443170bec1b5ec6e5094aca00484e9187a802feaa	LIMITED	Fresh raw retained and digest-verified; contact page inspected, but raw was not directly opened, so PASS is not inferred
client_raw	0378_vfx011-items-configuration-head-mip3-normal-page04.png	21a2bac447ab4ca5bd08ca5e6e08f065205f1b4ae6ae9f79b0e053b580c3c80d	LIMITED	Fresh raw retained and digest-verified; contact page inspected, but raw was not directly opened, so PASS is not inferred
client_raw	0379_vfx011-items-configuration-head-mip3-normal-page05.png	e3903370b57ee8240eb94ec823e4dc0031653f6b1a28804e07d9f6114144510b	LIMITED	Fresh raw retained and digest-verified; contact page inspected, but raw was not directly opened, so PASS is not inferred
client_raw	0380_vfx011-items-configuration-on_shelf-mip3-normal-page01.png	08289f45b3b64cc440fad4c2401c0673b4fd08a7960ebaa6efb73c25c0c31fb5	LIMITED	Fresh raw retained and digest-verified; contact page inspected, but raw was not directly opened, so PASS is not inferred
client_raw	0381_vfx011-items-configuration-gui-mip3-reduced-page01.png	0021db09b67227bc9d8b4d64417adf30715386d584172ea1c4c65cc5eddf8ebb	LIMITED	Fresh raw retained and digest-verified; contact page inspected, but raw was not directly opened, so PASS is not inferred
client_raw	0382_vfx011-items-configuration-gui-mip3-reduced-page02.png	d9e242fb75f04c5d0602f64072889ed4f71155cc1afe5385bc122dc51dc83dec	LIMITED	Fresh raw retained and digest-verified; contact page inspected, but raw was not directly opened, so PASS is not inferred
client_raw	0383_vfx011-items-configuration-gui-mip3-reduced-page03.png	f7c32f7754e58b87a06cb9a3d581c0ac0c9a7ce9f0efd16f0681a6c2c9002ea8	LIMITED	Fresh raw retained and digest-verified; contact page inspected, but raw was not directly opened, so PASS is not inferred
client_raw	0384_vfx011-items-configuration-gui-mip3-reduced-page04.png	4678ce4c85589f7c185c38cb48c9ac52ca6c88e932824d42e3de67cee4bbb885	LIMITED	Fresh raw retained and digest-verified; contact page inspected, but raw was not directly opened, so PASS is not inferred
client_raw	0385_vfx011-items-configuration-gui-mip3-reduced-page05.png	e2290d781f2733dd00722c3fa53855208c33524f744321b43dff766a475f7d3c	LIMITED	Fresh raw retained and digest-verified; contact page inspected, but raw was not directly opened, so PASS is not inferred
client_raw	0386_vfx011-items-configuration-ground-mip3-reduced-page01.png	1bca8192ef2c3e103a7457b74589add599a97fdf9caa3586634131fa6415f3de	LIMITED	Fresh raw retained and digest-verified; contact page inspected, but raw was not directly opened, so PASS is not inferred
client_raw	0387_vfx011-items-configuration-ground-mip3-reduced-page02.png	3cc813a29fb7a674f4ef55d0d0f906f927dbc7cf293802f2dfdceabf9171b505	LIMITED	Fresh raw retained and digest-verified; contact page inspected, but raw was not directly opened, so PASS is not inferred
client_raw	0388_vfx011-items-configuration-ground-mip3-reduced-page03.png	449c8e8e007c80e105c730703795d184520fe14ef1e3853c00fa508d350b1ba1	LIMITED	Fresh raw retained and digest-verified; contact page inspected, but raw was not directly opened, so PASS is not inferred
client_raw	0389_vfx011-items-configuration-ground-mip3-reduced-page04.png	f55e85c402c7038c02d6126c03163454bfac605883011843292458fc3fec9f95	LIMITED	Fresh raw retained and digest-verified; contact page inspected, but raw was not directly opened, so PASS is not inferred
client_raw	0390_vfx011-items-configuration-ground-mip3-reduced-page05.png	5547b61a7558e74b443763365d4c77bf0140c88ba432bef755c694ed5b8915fd	LIMITED	Fresh raw retained and digest-verified; contact page inspected, but raw was not directly opened, so PASS is not inferred
client_raw	0391_vfx011-items-configuration-firstperson_lefthand-mip3-reduced-page01.png	67d7c33141ddb94108ff293aad0a58bd0aa9debc8f774240cf5c09a64f49c1df	LIMITED	Fresh raw retained and digest-verified; contact page inspected, but raw was not directly opened, so PASS is not inferred
client_raw	0392_vfx011-items-configuration-firstperson_lefthand-mip3-reduced-page02.png	d4becf29c607407e13e688d5fab9e84e6bcd3dd69463f5c3281bb03327856cf8	LIMITED	Fresh raw retained and digest-verified; contact page inspected, but raw was not directly opened, so PASS is not inferred
client_raw	0393_vfx011-items-configuration-firstperson_lefthand-mip3-reduced-page03.png	a9aedac99a00168963630d5fc2746ee6b182fbcdf0df42b4becdfa6c10121aeb	LIMITED	Fresh raw retained and digest-verified; contact page inspected, but raw was not directly opened, so PASS is not inferred
client_raw	0394_vfx011-items-configuration-firstperson_lefthand-mip3-reduced-page04.png	c545e8c3b2bdb5b167eb49c6fd11a03b12f7357b4e18f1ef93d2f7b85969729a	LIMITED	Fresh raw retained and digest-verified; contact page inspected, but raw was not directly opened, so PASS is not inferred
client_raw	0395_vfx011-items-configuration-firstperson_lefthand-mip3-reduced-page05.png	30daffda5ab1acf835c1d961a5187391541b6b8ed47e51ee7602c57e6f7382f1	LIMITED	Fresh raw retained and digest-verified; contact page inspected, but raw was not directly opened, so PASS is not inferred
client_raw	0396_vfx011-items-configuration-firstperson_righthand-mip3-reduced-page01.png	d337fa690883a2b4240a7f39b4de0340a77dc5529a0f748bd6da938a7c12d808	LIMITED	Fresh raw retained and digest-verified; contact page inspected, but raw was not directly opened, so PASS is not inferred
client_raw	0397_vfx011-items-configuration-firstperson_righthand-mip3-reduced-page02.png	1d664aadba7018ae5affb658b93a9e63c9fbc20ed0099827b2868b0b7625e888	LIMITED	Fresh raw retained and digest-verified; contact page inspected, but raw was not directly opened, so PASS is not inferred
client_raw	0398_vfx011-items-configuration-firstperson_righthand-mip3-reduced-page03.png	bcd61c223641ccb4ecbdf257010c34cc41e5094f0f33f82dc1ab34d87e5eb56e	LIMITED	Fresh raw retained and digest-verified; contact page inspected, but raw was not directly opened, so PASS is not inferred
client_raw	0399_vfx011-items-configuration-firstperson_righthand-mip3-reduced-page04.png	01cb64fdfd415fea5594315673ebe253b77bfee09d296a61897bab383632773a	LIMITED	Fresh raw retained and digest-verified; contact page inspected, but raw was not directly opened, so PASS is not inferred
client_raw	0400_vfx011-items-configuration-firstperson_righthand-mip3-reduced-page05.png	611e1aaee3660fcb0888916f24d5afa200ee8abf8f736daffea240d13c0f2a23	LIMITED	Fresh raw retained and digest-verified; contact page inspected, but raw was not directly opened, so PASS is not inferred
client_raw	0401_vfx011-items-configuration-thirdperson_lefthand-mip3-reduced-page01.png	a561e3ec45bba18694baeff6aea397ea97dd11859dce357de5add7ca49fa0026	LIMITED	Fresh raw retained and digest-verified; contact page inspected, but raw was not directly opened, so PASS is not inferred
client_raw	0402_vfx011-items-configuration-thirdperson_lefthand-mip3-reduced-page02.png	adb6a2045fab9dac2a7478f1ec52c8eb27d896b809fe94f8ea2c3da41025cac6	LIMITED	Fresh raw retained and digest-verified; contact page inspected, but raw was not directly opened, so PASS is not inferred
client_raw	0403_vfx011-items-configuration-thirdperson_lefthand-mip3-reduced-page03.png	bd315ad3fa2a613a478f7bbc47b4677a4557aa0c5eddb1ccb37fe9a3a1a5401f	LIMITED	Fresh raw retained and digest-verified; contact page inspected, but raw was not directly opened, so PASS is not inferred
client_raw	0404_vfx011-items-configuration-thirdperson_lefthand-mip3-reduced-page04.png	df6e6c167b69b0f17eef735d4052db83875d41eb577bfeb5a84b356ff011d755	LIMITED	Fresh raw retained and digest-verified; contact page inspected, but raw was not directly opened, so PASS is not inferred
client_raw	0405_vfx011-items-configuration-thirdperson_lefthand-mip3-reduced-page05.png	4906d115be6deecf0a13d2e3a6707d63c161fb4b19d77ebdd5cde78d35ef77ac	LIMITED	Fresh raw retained and digest-verified; contact page inspected, but raw was not directly opened, so PASS is not inferred
client_raw	0406_vfx011-items-configuration-thirdperson_righthand-mip3-reduced-page01.png	63525122e4dc175346d92ffdc2fb831559aebb8c93a7eb9152e3c600403800ec	LIMITED	Fresh raw retained and digest-verified; contact page inspected, but raw was not directly opened, so PASS is not inferred
client_raw	0407_vfx011-items-configuration-thirdperson_righthand-mip3-reduced-page02.png	1e6d8b53e80b07f1b65dd8ed11b4fdaf0693a9f3a906aead679253518ea60de2	LIMITED	Fresh raw retained and digest-verified; contact page inspected, but raw was not directly opened, so PASS is not inferred
client_raw	0408_vfx011-items-configuration-thirdperson_righthand-mip3-reduced-page03.png	9c01b3dc73971130d85c1cbd569bc3fd1e9a832d7c8eba1d17ff97d7ca3756ea	LIMITED	Fresh raw retained and digest-verified; contact page inspected, but raw was not directly opened, so PASS is not inferred
client_raw	0409_vfx011-items-configuration-thirdperson_righthand-mip3-reduced-page04.png	2ee94768cb9e15248f44396c6ba7cbded410223c84ee5d62d47f7070da61b415	LIMITED	Fresh raw retained and digest-verified; contact page inspected, but raw was not directly opened, so PASS is not inferred
client_raw	0410_vfx011-items-configuration-thirdperson_righthand-mip3-reduced-page05.png	eec4e7c3389a3afa3ae886779d72145f8e0794aee64337bf6852ea52df34af54	LIMITED	Fresh raw retained and digest-verified; contact page inspected, but raw was not directly opened, so PASS is not inferred
client_raw	0411_vfx011-items-configuration-fixed-mip3-reduced-page01.png	6b87502fa722fc2ebec5df755038d3c651dd05a77ceef254c93856adc3554ce8	LIMITED	Fresh raw retained and digest-verified; contact page inspected, but raw was not directly opened, so PASS is not inferred
client_raw	0412_vfx011-items-configuration-fixed-mip3-reduced-page02.png	624493bd5951f6e73c200abac344c0e61ed066de6cc220d4dc4079d9667be2c9	LIMITED	Fresh raw retained and digest-verified; contact page inspected, but raw was not directly opened, so PASS is not inferred
client_raw	0413_vfx011-items-configuration-fixed-mip3-reduced-page03.png	3805ff7bd4f0f045d4e4b684b404a9ea9c94c34564704f0102425c57028d39a5	LIMITED	Fresh raw retained and digest-verified; contact page inspected, but raw was not directly opened, so PASS is not inferred
client_raw	0414_vfx011-items-configuration-fixed-mip3-reduced-page04.png	73f9561337e5c373c623c5c1dea6d9f73e11c8ec449aedecd3858a29d645ea03	LIMITED	Fresh raw retained and digest-verified; contact page inspected, but raw was not directly opened, so PASS is not inferred
client_raw	0415_vfx011-items-configuration-fixed-mip3-reduced-page05.png	7ec11014a73547a000e9736562ef1361a04dc0d64907bc43b5cfacd7c41656dc	LIMITED	Fresh raw retained and digest-verified; contact page inspected, but raw was not directly opened, so PASS is not inferred
client_raw	0416_vfx011-items-configuration-head-mip3-reduced-page01.png	14322811ef8e836cdbc7a6c9b70fc9afbd4b148aa3c27291888bcba5742b521a	LIMITED	Fresh raw retained and digest-verified; contact page inspected, but raw was not directly opened, so PASS is not inferred
client_raw	0417_vfx011-items-configuration-head-mip3-reduced-page02.png	e37a12cb9e43d739483df1e8179870a3be5cc038b2b3dc3866cb84852d10e225	LIMITED	Fresh raw retained and digest-verified; contact page inspected, but raw was not directly opened, so PASS is not inferred
client_raw	0418_vfx011-items-configuration-head-mip3-reduced-page03.png	69b020e65e4a0c41e48b034a4283faf509c90ceb84db5322fb898289aa197006	LIMITED	Fresh raw retained and digest-verified; contact page inspected, but raw was not directly opened, so PASS is not inferred
client_raw	0419_vfx011-items-configuration-head-mip3-reduced-page04.png	dd00eea450b8e9c970b6d400e8ce07d4e6f8da43bd279419fce27255b6109099	LIMITED	Fresh raw retained and digest-verified; contact page inspected, but raw was not directly opened, so PASS is not inferred
client_raw	0420_vfx011-items-configuration-head-mip3-reduced-page05.png	bbb08d02d150225684e285009904604958b690617489d0c125893b2fd3250cb7	LIMITED	Fresh raw retained and digest-verified; contact page inspected, but raw was not directly opened, so PASS is not inferred
client_raw	0421_vfx011-items-configuration-on_shelf-mip3-reduced-page01.png	3c11fa7f9983dc6cdad1cc9bacbea9afd7572320eb5565e82cb08b700919d2f3	LIMITED	Fresh raw retained and digest-verified; contact page inspected, but raw was not directly opened, so PASS is not inferred
client_raw	0422_vfx011-items-configuration-gui-mip4-normal-page01.png	12c438f3be0633834dce3d331e1cc9f918fc84b82c8833faf29bbad37eed5bfb	LIMITED	Fresh raw retained and digest-verified; contact page inspected, but raw was not directly opened, so PASS is not inferred
client_raw	0423_vfx011-items-configuration-gui-mip4-normal-page02.png	9e9570de6443e80480302719a87b23de2019467cafbc408c792d0c170d551f80	LIMITED	Fresh raw retained and digest-verified; contact page inspected, but raw was not directly opened, so PASS is not inferred
client_raw	0424_vfx011-items-configuration-gui-mip4-normal-page03.png	f6b22a8f828e6f1c768e652eec32b255e1865a1db2172b3f8528f735b9e3ac6f	LIMITED	Fresh raw retained and digest-verified; contact page inspected, but raw was not directly opened, so PASS is not inferred
client_raw	0425_vfx011-items-configuration-gui-mip4-normal-page04.png	e10cf7dae4f9bf23f2f172b9d080c4d515ceb831720a14286a01c72a84dfbfa1	LIMITED	Fresh raw retained and digest-verified; contact page inspected, but raw was not directly opened, so PASS is not inferred
client_raw	0426_vfx011-items-configuration-gui-mip4-normal-page05.png	6aee6fa3ce91a4fdc7a35719a3a5e4a4bc1b55bb8899cfa0eb8e3a263bf4dc2f	LIMITED	Fresh raw retained and digest-verified; contact page inspected, but raw was not directly opened, so PASS is not inferred
client_raw	0427_vfx011-items-configuration-ground-mip4-normal-page01.png	b31691ab6e8a3d205d34969f841a6534d1117ff5ba53919177f887cebf12c3dd	LIMITED	Fresh raw retained and digest-verified; contact page inspected, but raw was not directly opened, so PASS is not inferred
client_raw	0428_vfx011-items-configuration-ground-mip4-normal-page02.png	cfadbf92caad4f997e2074bd235a8da484f637d548bc50f227c27f301639cd25	LIMITED	Fresh raw retained and digest-verified; contact page inspected, but raw was not directly opened, so PASS is not inferred
client_raw	0429_vfx011-items-configuration-ground-mip4-normal-page03.png	0b923f9bbc772a64f0cf98ccf8bc2de8b6b4b789f7c7fa1e9373471ce983dd75	LIMITED	Fresh raw retained and digest-verified; contact page inspected, but raw was not directly opened, so PASS is not inferred
client_raw	0430_vfx011-items-configuration-ground-mip4-normal-page04.png	24ecc9f41e72d03bf1f9ad7e4be06571c780e55c2443158811bd574010ec3e06	LIMITED	Fresh raw retained and digest-verified; contact page inspected, but raw was not directly opened, so PASS is not inferred
client_raw	0431_vfx011-items-configuration-ground-mip4-normal-page05.png	4292ef8c7cc3b9ec46dbb41e3574adaca264e9022f8d354609e11f66182b6398	LIMITED	Fresh raw retained and digest-verified; contact page inspected, but raw was not directly opened, so PASS is not inferred
client_raw	0432_vfx011-items-configuration-firstperson_lefthand-mip4-normal-page01.png	b672fae1bce42cfb623c11acfeeaf61b053a558c7828917e73d2f93780c04dcc	LIMITED	Fresh raw retained and digest-verified; contact page inspected, but raw was not directly opened, so PASS is not inferred
client_raw	0433_vfx011-items-configuration-firstperson_lefthand-mip4-normal-page02.png	a1f809300d6917f9e18ec13ae07a0b69222b1821b497aa73e09d9a11a48652f2	LIMITED	Fresh raw retained and digest-verified; contact page inspected, but raw was not directly opened, so PASS is not inferred
client_raw	0434_vfx011-items-configuration-firstperson_lefthand-mip4-normal-page03.png	03c56de53c2888d015e241c03723d85b5e0eebe1fbf1c6f43a13ff11dc334e4d	LIMITED	Fresh raw retained and digest-verified; contact page inspected, but raw was not directly opened, so PASS is not inferred
client_raw	0435_vfx011-items-configuration-firstperson_lefthand-mip4-normal-page04.png	6d611068d78a9f75c86e1ecb620b56adb732d9dc9a50fcd2b62de3ab68d5ade4	LIMITED	Fresh raw retained and digest-verified; contact page inspected, but raw was not directly opened, so PASS is not inferred
client_raw	0436_vfx011-items-configuration-firstperson_lefthand-mip4-normal-page05.png	04f1eb926c1a4b1e992df1a5ae66a0339391a7f40e5fde9939bfaa5c16776a65	LIMITED	Fresh raw retained and digest-verified; contact page inspected, but raw was not directly opened, so PASS is not inferred
client_raw	0437_vfx011-items-configuration-firstperson_righthand-mip4-normal-page01.png	38c8814e9486fbe87c9080dca5c34b24d77b1e0ab9fe6affd4af65cd2f6af4bf	LIMITED	Fresh raw retained and digest-verified; contact page inspected, but raw was not directly opened, so PASS is not inferred
client_raw	0438_vfx011-items-configuration-firstperson_righthand-mip4-normal-page02.png	3aa8807500f21c51ea12903a342ba55ec698f4923a9003215d93d49026790095	LIMITED	Fresh raw retained and digest-verified; contact page inspected, but raw was not directly opened, so PASS is not inferred
client_raw	0439_vfx011-items-configuration-firstperson_righthand-mip4-normal-page03.png	daedce966ba7c54840258d43674a1a7d69ce2ff9398c150a8b0dc9636540b079	LIMITED	Fresh raw retained and digest-verified; contact page inspected, but raw was not directly opened, so PASS is not inferred
client_raw	0440_vfx011-items-configuration-firstperson_righthand-mip4-normal-page04.png	b4ee032736b228f5d75645af1e0d3719a30214e527cdd81b5687b0716b25e39f	LIMITED	Fresh raw retained and digest-verified; contact page inspected, but raw was not directly opened, so PASS is not inferred
client_raw	0441_vfx011-items-configuration-firstperson_righthand-mip4-normal-page05.png	82b97f3e05a68630b775e007f30ecf1b853cbf8e19381a3d0f45ec3f6d17c295	LIMITED	Fresh raw retained and digest-verified; contact page inspected, but raw was not directly opened, so PASS is not inferred
client_raw	0442_vfx011-items-configuration-thirdperson_lefthand-mip4-normal-page01.png	499debef88602b94ff2b20dd89ded9e67163560a35aa16cc822598eea7ac2b65	LIMITED	Fresh raw retained and digest-verified; contact page inspected, but raw was not directly opened, so PASS is not inferred
client_raw	0443_vfx011-items-configuration-thirdperson_lefthand-mip4-normal-page02.png	394b62be62382f38a227c96f724cfacae43099f6e1fa3e62d72089958a07d8d4	LIMITED	Fresh raw retained and digest-verified; contact page inspected, but raw was not directly opened, so PASS is not inferred
client_raw	0444_vfx011-items-configuration-thirdperson_lefthand-mip4-normal-page03.png	ec46462439376f0eba88bbffcace6d22cfc92ef6d2892054789dbed4f35e3507	LIMITED	Fresh raw retained and digest-verified; contact page inspected, but raw was not directly opened, so PASS is not inferred
client_raw	0445_vfx011-items-configuration-thirdperson_lefthand-mip4-normal-page04.png	bea85714476f764930597dd7a88d9c56c09cbd605e13cc2dcf26236a1b588fc4	LIMITED	Fresh raw retained and digest-verified; contact page inspected, but raw was not directly opened, so PASS is not inferred
client_raw	0446_vfx011-items-configuration-thirdperson_lefthand-mip4-normal-page05.png	fef450ecfac74a8d936e4c7de4306149ee175291bf5b827ea73387413b943a2e	LIMITED	Fresh raw retained and digest-verified; contact page inspected, but raw was not directly opened, so PASS is not inferred
client_raw	0447_vfx011-items-configuration-thirdperson_righthand-mip4-normal-page01.png	e1938a0f2a0ce1985d0f38259544a3fa89575cdcf83982eaa67fd48fc15ca3fa	LIMITED	Fresh raw retained and digest-verified; contact page inspected, but raw was not directly opened, so PASS is not inferred
client_raw	0448_vfx011-items-configuration-thirdperson_righthand-mip4-normal-page02.png	0f9addb255dd5e6786e2123f4d5834a53d7e53b83a30bc7f4bd33fd076c28210	LIMITED	Fresh raw retained and digest-verified; contact page inspected, but raw was not directly opened, so PASS is not inferred
client_raw	0449_vfx011-items-configuration-thirdperson_righthand-mip4-normal-page03.png	14045ec5d34f6a9eefd041b624ae7e9344e35118f587bd0078660256a5b080a7	LIMITED	Fresh raw retained and digest-verified; contact page inspected, but raw was not directly opened, so PASS is not inferred
client_raw	0450_vfx011-items-configuration-thirdperson_righthand-mip4-normal-page04.png	a6720d4641a1928efaf84c36af773f3f30d8c3c9fa3f9a31f1573ec727e9fac4	LIMITED	Fresh raw retained and digest-verified; contact page inspected, but raw was not directly opened, so PASS is not inferred
client_raw	0451_vfx011-items-configuration-thirdperson_righthand-mip4-normal-page05.png	3de87c0f91c5f77120e918f47f076126f5c5dc103217865190d2c3873002dfaf	LIMITED	Fresh raw retained and digest-verified; contact page inspected, but raw was not directly opened, so PASS is not inferred
client_raw	0452_vfx011-items-configuration-fixed-mip4-normal-page01.png	af16c06dd9c6abf7a2b0c4e4777cf521c55d306112a2c9fab54193247b16e22a	LIMITED	Fresh raw retained and digest-verified; contact page inspected, but raw was not directly opened, so PASS is not inferred
client_raw	0453_vfx011-items-configuration-fixed-mip4-normal-page02.png	db450a50053cd151961287a19f5653ea36771574831f3cacb4b40a7f63e27634	LIMITED	Fresh raw retained and digest-verified; contact page inspected, but raw was not directly opened, so PASS is not inferred
client_raw	0454_vfx011-items-configuration-fixed-mip4-normal-page03.png	fe23d6c85ae526fb09e6e16f0c9a48a5639cce15261dc65797e02e46c3136b23	LIMITED	Fresh raw retained and digest-verified; contact page inspected, but raw was not directly opened, so PASS is not inferred
client_raw	0455_vfx011-items-configuration-fixed-mip4-normal-page04.png	472c385c54cdba659e8919bf48db088193da056e448705c2f5c6ec41bf1756ff	LIMITED	Fresh raw retained and digest-verified; contact page inspected, but raw was not directly opened, so PASS is not inferred
client_raw	0456_vfx011-items-configuration-fixed-mip4-normal-page05.png	8891ec819feb84a2c5268f1bfcb6d1056cb6c16ed4a66a46463bbdbf124b1eda	LIMITED	Fresh raw retained and digest-verified; contact page inspected, but raw was not directly opened, so PASS is not inferred
client_raw	0457_vfx011-items-configuration-head-mip4-normal-page01.png	b8042621a810d85e99b45bb9848f4099d33c3c705350ccb40f15a50894f8a987	LIMITED	Fresh raw retained and digest-verified; contact page inspected, but raw was not directly opened, so PASS is not inferred
client_raw	0458_vfx011-items-configuration-head-mip4-normal-page02.png	7ead3e5ff993774c501c2a8755d7fdb22bb31cc7331ba2f5a80080a650a78289	LIMITED	Fresh raw retained and digest-verified; contact page inspected, but raw was not directly opened, so PASS is not inferred
client_raw	0459_vfx011-items-configuration-head-mip4-normal-page03.png	5515b2b16ae7b23823a4f8fed0e73e17fb725b45dfb1d79a552adb2855960ca9	LIMITED	Fresh raw retained and digest-verified; contact page inspected, but raw was not directly opened, so PASS is not inferred
client_raw	0460_vfx011-items-configuration-head-mip4-normal-page04.png	056aac5fdb2372ff2551d4ce849bea22c80e79ef0c69d3bcce816d9dece288d9	LIMITED	Fresh raw retained and digest-verified; contact page inspected, but raw was not directly opened, so PASS is not inferred
client_raw	0461_vfx011-items-configuration-head-mip4-normal-page05.png	c86335da3a7119c0c55111f71b0df129845b8f53960365e6dd7f3cfa83a33175	LIMITED	Fresh raw retained and digest-verified; contact page inspected, but raw was not directly opened, so PASS is not inferred
client_raw	0462_vfx011-items-configuration-on_shelf-mip4-normal-page01.png	0b1d54995027c30a4d370e05c2aa7fd04019fefc07d53bac031618e36f2aa737	LIMITED	Fresh raw retained and digest-verified; contact page inspected, but raw was not directly opened, so PASS is not inferred
client_raw	0463_vfx011-items-configuration-gui-mip4-reduced-page01.png	0674f88114b2d99ab4180817298376324894747d355561ce96f3722cfbb2ff96	LIMITED	Fresh raw retained and digest-verified; contact page inspected, but raw was not directly opened, so PASS is not inferred
client_raw	0464_vfx011-items-configuration-gui-mip4-reduced-page02.png	dfeaff18671f2b324973ebd0b0b56e286a91b72d1f61685e717a0fe82b5993cc	LIMITED	Fresh raw retained and digest-verified; contact page inspected, but raw was not directly opened, so PASS is not inferred
client_raw	0465_vfx011-items-configuration-gui-mip4-reduced-page03.png	30d6bdada6753c0d6df2ba3bcb2ae3bacdec50c3965450ac6796c8e8d1218ac3	LIMITED	Fresh raw retained and digest-verified; contact page inspected, but raw was not directly opened, so PASS is not inferred
client_raw	0466_vfx011-items-configuration-gui-mip4-reduced-page04.png	f2458d5f77a1134a2076d42b2de5bef9f8e4bf738323b81d58fbb00659a8c12a	LIMITED	Fresh raw retained and digest-verified; contact page inspected, but raw was not directly opened, so PASS is not inferred
client_raw	0467_vfx011-items-configuration-gui-mip4-reduced-page05.png	5b4f919d0ffece0bdcf31d022d039e7a17c31548c75e153f0188ed37eeb97671	LIMITED	Fresh raw retained and digest-verified; contact page inspected, but raw was not directly opened, so PASS is not inferred
client_raw	0468_vfx011-items-configuration-ground-mip4-reduced-page01.png	827b638a0a70fc2de6587f826e952d27dd2defbc6c2ca70873f515330b967a49	LIMITED	Fresh raw retained and digest-verified; contact page inspected, but raw was not directly opened, so PASS is not inferred
client_raw	0469_vfx011-items-configuration-ground-mip4-reduced-page02.png	1a2326900493f26bffcb12180c845aa90508113c3d86946b02da4a10b69d517b	LIMITED	Fresh raw retained and digest-verified; contact page inspected, but raw was not directly opened, so PASS is not inferred
client_raw	0470_vfx011-items-configuration-ground-mip4-reduced-page03.png	31b045022737509c3d783fa2a470ad7ca654cb8fa2718afff8bede49bee4504c	LIMITED	Fresh raw retained and digest-verified; contact page inspected, but raw was not directly opened, so PASS is not inferred
client_raw	0471_vfx011-items-configuration-ground-mip4-reduced-page04.png	56f2af0c52dcfe41c539e3f3f5c8f06f27d2e502d52c72c02112ce8adf1ba449	LIMITED	Fresh raw retained and digest-verified; contact page inspected, but raw was not directly opened, so PASS is not inferred
client_raw	0472_vfx011-items-configuration-ground-mip4-reduced-page05.png	65ed8307fe7bd558ef0f75444f5ae10295f0370ff9cf745de2c8a001be6e6e30	LIMITED	Fresh raw retained and digest-verified; contact page inspected, but raw was not directly opened, so PASS is not inferred
client_raw	0473_vfx011-items-configuration-firstperson_lefthand-mip4-reduced-page01.png	9faa29c46501aeeeaea13550b7e6c2ac9db3bb2b741af92aea24b3addbe0dadf	LIMITED	Fresh raw retained and digest-verified; contact page inspected, but raw was not directly opened, so PASS is not inferred
client_raw	0474_vfx011-items-configuration-firstperson_lefthand-mip4-reduced-page02.png	563e0c263c84b3f1ef831297f2b601a41e86840d7077086ff232ae2858394fef	LIMITED	Fresh raw retained and digest-verified; contact page inspected, but raw was not directly opened, so PASS is not inferred
client_raw	0475_vfx011-items-configuration-firstperson_lefthand-mip4-reduced-page03.png	de88c7faffa0d5a8bfc9e6efefb05df0b25d72ab1741ba11f384303519aaffcc	LIMITED	Fresh raw retained and digest-verified; contact page inspected, but raw was not directly opened, so PASS is not inferred
client_raw	0476_vfx011-items-configuration-firstperson_lefthand-mip4-reduced-page04.png	decc0a357d88c8e998a0b42de845f3e34672088249e9ae4d6ed03b896facecc0	LIMITED	Fresh raw retained and digest-verified; contact page inspected, but raw was not directly opened, so PASS is not inferred
client_raw	0477_vfx011-items-configuration-firstperson_lefthand-mip4-reduced-page05.png	84618be2eea34137f9c5639277abadd7a430330dc153b1f2f7b3f17048bae78b	LIMITED	Fresh raw retained and digest-verified; contact page inspected, but raw was not directly opened, so PASS is not inferred
client_raw	0478_vfx011-items-configuration-firstperson_righthand-mip4-reduced-page01.png	8dfc1850f18c2bd1ca679b88a3e8b463ff8d8dffbde7d3b54ea76601bed7b01c	LIMITED	Fresh raw retained and digest-verified; contact page inspected, but raw was not directly opened, so PASS is not inferred
client_raw	0479_vfx011-items-configuration-firstperson_righthand-mip4-reduced-page02.png	e6927a24eb2206e88c3778316da125f745215c6dae6d5e691e5efcbe77bf3543	LIMITED	Fresh raw retained and digest-verified; contact page inspected, but raw was not directly opened, so PASS is not inferred
client_raw	0480_vfx011-items-configuration-firstperson_righthand-mip4-reduced-page03.png	915fb28da867889bbac1a6492903ad36f2d60c88d80da141704863c71d6b106c	LIMITED	Fresh raw retained and digest-verified; contact page inspected, but raw was not directly opened, so PASS is not inferred
client_raw	0481_vfx011-items-configuration-firstperson_righthand-mip4-reduced-page04.png	ca74842baab47e61da379cc56ef94d1e89730365d9ebdeebff534df19e8acd30	LIMITED	Fresh raw retained and digest-verified; contact page inspected, but raw was not directly opened, so PASS is not inferred
client_raw	0482_vfx011-items-configuration-firstperson_righthand-mip4-reduced-page05.png	c49272c67cb732db9adee97558c43ffed5529a50e5c791998b13c9773f993b1a	LIMITED	Fresh raw retained and digest-verified; contact page inspected, but raw was not directly opened, so PASS is not inferred
client_raw	0483_vfx011-items-configuration-thirdperson_lefthand-mip4-reduced-page01.png	edd87f996eabde1ba4645662416f38234fac203aa2e86410ddeaf218234bc4b7	LIMITED	Fresh raw retained and digest-verified; contact page inspected, but raw was not directly opened, so PASS is not inferred
client_raw	0484_vfx011-items-configuration-thirdperson_lefthand-mip4-reduced-page02.png	d09e793d574e371d4390f47a598c9927592a7426852e0b3ce8d0266f233498ce	LIMITED	Fresh raw retained and digest-verified; contact page inspected, but raw was not directly opened, so PASS is not inferred
client_raw	0485_vfx011-items-configuration-thirdperson_lefthand-mip4-reduced-page03.png	4e7e640a0e0260f1af3f5404fa5a3c4abd0fc3e6e401aa17368cfe202f4e0c4e	LIMITED	Fresh raw retained and digest-verified; contact page inspected, but raw was not directly opened, so PASS is not inferred
client_raw	0486_vfx011-items-configuration-thirdperson_lefthand-mip4-reduced-page04.png	32939d6725b80768a12a5f5ba6300eb464130664bf833f4aabc232e3dc729498	LIMITED	Fresh raw retained and digest-verified; contact page inspected, but raw was not directly opened, so PASS is not inferred
client_raw	0487_vfx011-items-configuration-thirdperson_lefthand-mip4-reduced-page05.png	51188f2c5402139d96c4d28951987a4474796d5a44de09811204ea6ed95d06c9	LIMITED	Fresh raw retained and digest-verified; contact page inspected, but raw was not directly opened, so PASS is not inferred
client_raw	0488_vfx011-items-configuration-thirdperson_righthand-mip4-reduced-page01.png	e53a051c93a7895234d7d55a7a47535a894aac4534671558c4ad61471e72502f	LIMITED	Fresh raw retained and digest-verified; contact page inspected, but raw was not directly opened, so PASS is not inferred
client_raw	0489_vfx011-items-configuration-thirdperson_righthand-mip4-reduced-page02.png	2ea7c325299e4d9ad57b620a477b702c55c4257e9857e321692846138ddfe51e	LIMITED	Fresh raw retained and digest-verified; contact page inspected, but raw was not directly opened, so PASS is not inferred
client_raw	0490_vfx011-items-configuration-thirdperson_righthand-mip4-reduced-page03.png	d572dabbbb40331df39d13ee7956dd0b5279ec63702c72224d325001f0e1b316	LIMITED	Fresh raw retained and digest-verified; contact page inspected, but raw was not directly opened, so PASS is not inferred
client_raw	0491_vfx011-items-configuration-thirdperson_righthand-mip4-reduced-page04.png	4eac2139f479a8d22a81ce10f5e49bed177c77dd68ecb574e6de54d3f34dc9af	LIMITED	Fresh raw retained and digest-verified; contact page inspected, but raw was not directly opened, so PASS is not inferred
client_raw	0492_vfx011-items-configuration-thirdperson_righthand-mip4-reduced-page05.png	3a97a8ff4d6a31162becfe84c6ad941edc78ead2057af7127f2e417cff82c048	LIMITED	Fresh raw retained and digest-verified; contact page inspected, but raw was not directly opened, so PASS is not inferred
client_raw	0493_vfx011-items-configuration-fixed-mip4-reduced-page01.png	658a27723f93f2528f950a793797bcabbc54d3fb06fd187d2b91b914d81fe1d6	LIMITED	Fresh raw retained and digest-verified; contact page inspected, but raw was not directly opened, so PASS is not inferred
client_raw	0494_vfx011-items-configuration-fixed-mip4-reduced-page02.png	3772804716b158eae535a6b27f0e578dcc921b2ca32ddcb4ff9c69f824d25b3e	LIMITED	Fresh raw retained and digest-verified; contact page inspected, but raw was not directly opened, so PASS is not inferred
client_raw	0495_vfx011-items-configuration-fixed-mip4-reduced-page03.png	bc4f0d713dbac678e671c33b439173b54a3da81dcccef21ed02be666628c296b	LIMITED	Fresh raw retained and digest-verified; contact page inspected, but raw was not directly opened, so PASS is not inferred
client_raw	0496_vfx011-items-configuration-fixed-mip4-reduced-page04.png	ecaf65f121c9cfa22a9fc9c2606526b40b9b117640a997074b280dc187aff335	LIMITED	Fresh raw retained and digest-verified; contact page inspected, but raw was not directly opened, so PASS is not inferred
client_raw	0497_vfx011-items-configuration-fixed-mip4-reduced-page05.png	8ba7e0e2cbe256de3ab9afd0eee10d148c6a70ec0338d80908341f7ed9716312	LIMITED	Fresh raw retained and digest-verified; contact page inspected, but raw was not directly opened, so PASS is not inferred
client_raw	0498_vfx011-items-configuration-head-mip4-reduced-page01.png	597f64ef578fd0839cf43dec465f29c74c65611ae5e0311cc7f9635a9c91c98a	LIMITED	Fresh raw retained and digest-verified; contact page inspected, but raw was not directly opened, so PASS is not inferred
client_raw	0499_vfx011-items-configuration-head-mip4-reduced-page02.png	3efa7960f7875a1d26223a5ca505b307a7b55bcadc0cd413e732e8585ab630cd	LIMITED	Fresh raw retained and digest-verified; contact page inspected, but raw was not directly opened, so PASS is not inferred
client_raw	0500_vfx011-items-configuration-head-mip4-reduced-page03.png	d75c8cba532c87786a5ecd97d54d31a572ede299d2ce9914dd9117cb0f94cd10	LIMITED	Fresh raw retained and digest-verified; contact page inspected, but raw was not directly opened, so PASS is not inferred
client_raw	0501_vfx011-items-configuration-head-mip4-reduced-page04.png	e639bcaf60b81ac3a8a9adb544e53a1db5403e8fe3172d077480b87dc2d6f317	LIMITED	Fresh raw retained and digest-verified; contact page inspected, but raw was not directly opened, so PASS is not inferred
client_raw	0502_vfx011-items-configuration-head-mip4-reduced-page05.png	8bfbfb819bf31e95edd891d7eb4b4031faddeafc648329fda08d31935ffcb2cb	LIMITED	Fresh raw retained and digest-verified; contact page inspected, but raw was not directly opened, so PASS is not inferred
client_raw	0503_vfx011-items-configuration-on_shelf-mip4-reduced-page01.png	2dba849a23102fcb5d27840c1939bec74a0762cdc5bafbfa3b2b3e7740f0a102	LIMITED	Fresh raw retained and digest-verified; contact page inspected, but raw was not directly opened, so PASS is not inferred
client_raw	0504_vfx011-entities-front.png	5128baf34a3a201be2212ae6e6d1fb2c24e3a965139dab9d6f6ad1b21239c77d	PASS	Fresh retained raw screenshot inspected directly at full resolution with view_image; no visual defect observed
client_raw	0505_vfx011-entities-back.png	c78ae6cd4e9d889ebfe401eda9cd51ad219559e8d578c69fc05b9083c89aae85	LIMITED	Fresh raw retained and digest-verified; contact page inspected, but raw was not directly opened, so PASS is not inferred
client_raw	0506_vfx011-entities-left.png	b388ee38661b5967828b79ff90b64d0ab2de77743221bca8b0688ed10c2c2ce2	LIMITED	Fresh raw retained and digest-verified; contact page inspected, but raw was not directly opened, so PASS is not inferred
client_raw	0507_vfx011-entities-right.png	4e5a67f1e8fb71550f4a91776b453be239f63f54e7eeac44cfe6eb9d1161537b	LIMITED	Fresh raw retained and digest-verified; contact page inspected, but raw was not directly opened, so PASS is not inferred
client_raw	0508_vfx011-entities-equipped.png	cd235cdcaf00f96aadd71adc5cce449e98a095d9559675bdda3107e011e4a01a	LIMITED	Fresh raw retained and digest-verified; contact page inspected, but raw was not directly opened, so PASS is not inferred
client_raw	0509_vfx011-entities-config-mip0-normal-front.png	66e3fe1d82099dce483d3ecc4781ed5e8e817bcf971cf67ad5bd84137646c40c	LIMITED	Fresh raw retained and digest-verified; contact page inspected, but raw was not directly opened, so PASS is not inferred
client_raw	0510_vfx011-entities-config-mip0-normal-back.png	a71ef865dfb5b4fd0d8ece09e1123cd6abd388a411c6a65357f2e38a3160d605	LIMITED	Fresh raw retained and digest-verified; contact page inspected, but raw was not directly opened, so PASS is not inferred
client_raw	0511_vfx011-entities-config-mip0-normal-left.png	07b3923a5a3e04eca225394f26cf02256660c2c01f4d53cc982d9a7253f229e7	LIMITED	Fresh raw retained and digest-verified; contact page inspected, but raw was not directly opened, so PASS is not inferred
client_raw	0512_vfx011-entities-config-mip0-normal-right.png	c1e8ef0c1a6e6d9412c0affb3bcf27ed527a6001e83909f345fe3165f7d4455c	LIMITED	Fresh raw retained and digest-verified; contact page inspected, but raw was not directly opened, so PASS is not inferred
client_raw	0513_vfx011-entities-config-mip0-normal-equipped.png	4bb0912c1ae70a40d45858af96e61d53dde65df406cc0ad01311566c82442e8a	LIMITED	Fresh raw retained and digest-verified; contact page inspected, but raw was not directly opened, so PASS is not inferred
client_raw	0514_vfx011-entities-config-mip0-reduced-front.png	399e01e888875a7ce26876880f8a0741a278f764ffb8cd008eb09fca09bc69e7	LIMITED	Fresh raw retained and digest-verified; contact page inspected, but raw was not directly opened, so PASS is not inferred
client_raw	0515_vfx011-entities-config-mip0-reduced-back.png	8d2e47863d57fe0fae1d8cbcb2d23b45dc2122a53687c41684d5500f11111103	LIMITED	Fresh raw retained and digest-verified; contact page inspected, but raw was not directly opened, so PASS is not inferred
client_raw	0516_vfx011-entities-config-mip0-reduced-left.png	8008663e8038f874e52a93fde9afe1b8318262390f6f55a0174549aed7def975	LIMITED	Fresh raw retained and digest-verified; contact page inspected, but raw was not directly opened, so PASS is not inferred
client_raw	0517_vfx011-entities-config-mip0-reduced-right.png	01d86d844a2ff7e51a9980865540c6c62f3686d3ae66791d0b44e6c21a0b9c95	LIMITED	Fresh raw retained and digest-verified; contact page inspected, but raw was not directly opened, so PASS is not inferred
client_raw	0518_vfx011-entities-config-mip0-reduced-equipped.png	5b07191ad507270da687928e2ec283eab9fee07eda4a06bd017de01f53fc5b1b	LIMITED	Fresh raw retained and digest-verified; contact page inspected, but raw was not directly opened, so PASS is not inferred
client_raw	0519_vfx011-entities-config-mip1-normal-front.png	95ce9b10bbe6e561af61d2b50bc0b69ee5e0aea2a8d46e6bfbdce57761f5f007	LIMITED	Fresh raw retained and digest-verified; contact page inspected, but raw was not directly opened, so PASS is not inferred
client_raw	0520_vfx011-entities-config-mip1-normal-back.png	360b3808c4773f8d96212ad2686d8a2ff93933715f7bcd8261af6502e8307bb1	LIMITED	Fresh raw retained and digest-verified; contact page inspected, but raw was not directly opened, so PASS is not inferred
client_raw	0521_vfx011-entities-config-mip1-normal-left.png	de8c1e863dea7265a5fec977d8dcfa50579a3cb4841f6f426ce81b3b91e545ca	LIMITED	Fresh raw retained and digest-verified; contact page inspected, but raw was not directly opened, so PASS is not inferred
client_raw	0522_vfx011-entities-config-mip1-normal-right.png	b6a81a31884e1dae0e66bf2744f6e1544c12ec431c5297538a313aaa4b39971c	LIMITED	Fresh raw retained and digest-verified; contact page inspected, but raw was not directly opened, so PASS is not inferred
client_raw	0523_vfx011-entities-config-mip1-normal-equipped.png	00b7977ce4e15a5a2539d45b7c53c1c1e959972a74f181cb3370e8940eeeb7aa	LIMITED	Fresh raw retained and digest-verified; contact page inspected, but raw was not directly opened, so PASS is not inferred
client_raw	0524_vfx011-entities-config-mip1-reduced-front.png	ae6eb8e295bab91d0ffd316ba8d2f82ad55d02ef94e3b044cc45488d7cb380b6	LIMITED	Fresh raw retained and digest-verified; contact page inspected, but raw was not directly opened, so PASS is not inferred
client_raw	0525_vfx011-entities-config-mip1-reduced-back.png	103af9de52141787377de2b5eb08baf287061ffc9ac5efb4dfe2e4265c144e83	LIMITED	Fresh raw retained and digest-verified; contact page inspected, but raw was not directly opened, so PASS is not inferred
client_raw	0526_vfx011-entities-config-mip1-reduced-left.png	43003582b9d180df2b2c64feccf4bcde0d5669f335dd68c0176c2e3ad04c262e	LIMITED	Fresh raw retained and digest-verified; contact page inspected, but raw was not directly opened, so PASS is not inferred
client_raw	0527_vfx011-entities-config-mip1-reduced-right.png	d5056806bc2b47f914b04cb171133e3088b17d215c42c8ea4cb899b031ff04a4	LIMITED	Fresh raw retained and digest-verified; contact page inspected, but raw was not directly opened, so PASS is not inferred
client_raw	0528_vfx011-entities-config-mip1-reduced-equipped.png	6e857fd193ff425133c2774955cef376896cd2fddf23bcf5ddf2823805793888	LIMITED	Fresh raw retained and digest-verified; contact page inspected, but raw was not directly opened, so PASS is not inferred
client_raw	0529_vfx011-entities-config-mip2-normal-front.png	c19d1f9a96b6eb876f4a01ed56bb4e76d4b427e1f4028180be5a9bf6b99c7907	LIMITED	Fresh raw retained and digest-verified; contact page inspected, but raw was not directly opened, so PASS is not inferred
client_raw	0530_vfx011-entities-config-mip2-normal-back.png	0a7c138fc0bccb81fbe96692c4dc0aad39dffaadbf7e235b3ca3d4e7a6bff462	LIMITED	Fresh raw retained and digest-verified; contact page inspected, but raw was not directly opened, so PASS is not inferred
client_raw	0531_vfx011-entities-config-mip2-normal-left.png	8d2174edd809d6b9114882988491766d5d08a375a9fab3cb9baa0c3959def84e	LIMITED	Fresh raw retained and digest-verified; contact page inspected, but raw was not directly opened, so PASS is not inferred
client_raw	0532_vfx011-entities-config-mip2-normal-right.png	0ed6401cbe0828bae8a86c409bab194123f402c496feb24adcbaf519158411e9	LIMITED	Fresh raw retained and digest-verified; contact page inspected, but raw was not directly opened, so PASS is not inferred
client_raw	0533_vfx011-entities-config-mip2-normal-equipped.png	6c587d003dea23b434a315b1ebdabb003dd1a0f0529b77ffd03b66e988725561	LIMITED	Fresh raw retained and digest-verified; contact page inspected, but raw was not directly opened, so PASS is not inferred
client_raw	0534_vfx011-entities-config-mip2-reduced-front.png	5422eb82c1a517fc148caf6968ac48d593e31e7e1eef1147bc235c30e270bfa2	LIMITED	Fresh raw retained and digest-verified; contact page inspected, but raw was not directly opened, so PASS is not inferred
client_raw	0535_vfx011-entities-config-mip2-reduced-back.png	d9f101e9c36459d55ec540906e839efb33ebaba5e5a375d72d207016a7886a4a	LIMITED	Fresh raw retained and digest-verified; contact page inspected, but raw was not directly opened, so PASS is not inferred
client_raw	0536_vfx011-entities-config-mip2-reduced-left.png	421edb108b6652759bc9912c86fabfb0130ec12cbdc37c787121c0d025779ee9	LIMITED	Fresh raw retained and digest-verified; contact page inspected, but raw was not directly opened, so PASS is not inferred
client_raw	0537_vfx011-entities-config-mip2-reduced-right.png	e63fe4f2b2da46180245fd61ae195ca6d2887ba72387075794d704aca4da91e8	LIMITED	Fresh raw retained and digest-verified; contact page inspected, but raw was not directly opened, so PASS is not inferred
client_raw	0538_vfx011-entities-config-mip2-reduced-equipped.png	f797b074f0e5d9ddf1a77250ed32ad85a6db230c3fc7d6d1087f38f8fa23b1e0	LIMITED	Fresh raw retained and digest-verified; contact page inspected, but raw was not directly opened, so PASS is not inferred
client_raw	0539_vfx011-entities-config-mip3-normal-front.png	e1001ce0aa74f8111845f2d2947f211b272e3763b887be7e476554279f0b7d9c	LIMITED	Fresh raw retained and digest-verified; contact page inspected, but raw was not directly opened, so PASS is not inferred
client_raw	0540_vfx011-entities-config-mip3-normal-back.png	5af665514ef1c55fa832b1d9ca6025cbc8c9ed7c3ebae818408c0c9cc880149d	LIMITED	Fresh raw retained and digest-verified; contact page inspected, but raw was not directly opened, so PASS is not inferred
client_raw	0541_vfx011-entities-config-mip3-normal-left.png	1c12920ffa9aa87060d9c8ba715b22563d75dba3fd0613cf9daccb73bbbe2554	LIMITED	Fresh raw retained and digest-verified; contact page inspected, but raw was not directly opened, so PASS is not inferred
client_raw	0542_vfx011-entities-config-mip3-normal-right.png	dc81659d0000a414e333dd8692d17d42ea8a07b1f000b81024b151a067f54a14	LIMITED	Fresh raw retained and digest-verified; contact page inspected, but raw was not directly opened, so PASS is not inferred
client_raw	0543_vfx011-entities-config-mip3-normal-equipped.png	bfdc3f5232bc3db45f5b61fe90fb8660fba8fa1a36f47970494b1f4c5e6ad9d7	LIMITED	Fresh raw retained and digest-verified; contact page inspected, but raw was not directly opened, so PASS is not inferred
client_raw	0544_vfx011-entities-config-mip3-reduced-front.png	9ef1c0d0cd35585cb32b9f06628bcc855a495f252365ca4d14aabe724f207773	LIMITED	Fresh raw retained and digest-verified; contact page inspected, but raw was not directly opened, so PASS is not inferred
client_raw	0545_vfx011-entities-config-mip3-reduced-back.png	251ac71581f35985652389d3ff0e099e46fe1e268f3d2247c7e94264bea29705	LIMITED	Fresh raw retained and digest-verified; contact page inspected, but raw was not directly opened, so PASS is not inferred
client_raw	0546_vfx011-entities-config-mip3-reduced-left.png	2290531633dfcd795574df036faacef4ee9658950ac96830dd8c3e7fbba219c1	LIMITED	Fresh raw retained and digest-verified; contact page inspected, but raw was not directly opened, so PASS is not inferred
client_raw	0547_vfx011-entities-config-mip3-reduced-right.png	7c65bffeb03c374df982ae9b3c32c15abbbca96a3f14f7027c1e75d871e5b31f	LIMITED	Fresh raw retained and digest-verified; contact page inspected, but raw was not directly opened, so PASS is not inferred
client_raw	0548_vfx011-entities-config-mip3-reduced-equipped.png	da70998009813d60b0dcb481abc01add792c791f03a2661ad9a2bec0307dd291	LIMITED	Fresh raw retained and digest-verified; contact page inspected, but raw was not directly opened, so PASS is not inferred
client_raw	0549_vfx011-entities-config-mip4-normal-front.png	68a572267bf3353bd32b3b3063e88770eb5a22965ec9093f22a7bcf3742c27b1	LIMITED	Fresh raw retained and digest-verified; contact page inspected, but raw was not directly opened, so PASS is not inferred
client_raw	0550_vfx011-entities-config-mip4-normal-back.png	8c94bf6fe1066047365916d4e4fb6b3e5f06de5f9c5eaba4604aa9e6965fcf42	LIMITED	Fresh raw retained and digest-verified; contact page inspected, but raw was not directly opened, so PASS is not inferred
client_raw	0551_vfx011-entities-config-mip4-normal-left.png	4d0af72809bbf72e7ddc842d4dbc3346f4ed5d1cb0aa7a2abec932151d3f2d21	LIMITED	Fresh raw retained and digest-verified; contact page inspected, but raw was not directly opened, so PASS is not inferred
client_raw	0552_vfx011-entities-config-mip4-normal-right.png	bccca77c70b2ff1f6f7eacfd5d1ac9acb8eaf3db3547c18daed59bc85c47ef4e	LIMITED	Fresh raw retained and digest-verified; contact page inspected, but raw was not directly opened, so PASS is not inferred
client_raw	0553_vfx011-entities-config-mip4-normal-equipped.png	6a511ced90319998d26b0b1dd180c54df18b09ef8259f68a5463f1532a061473	LIMITED	Fresh raw retained and digest-verified; contact page inspected, but raw was not directly opened, so PASS is not inferred
client_raw	0554_vfx011-entities-config-mip4-reduced-front.png	66766aa2ecf8a2176b7b5a80ce816e3dac250f1df0397193cd8092678438cc6b	LIMITED	Fresh raw retained and digest-verified; contact page inspected, but raw was not directly opened, so PASS is not inferred
client_raw	0555_vfx011-entities-config-mip4-reduced-back.png	b386b7901ac6529aa77a8eb4771cf0ec5cb4a7d93de8078d72338ec4e80cb3ce	LIMITED	Fresh raw retained and digest-verified; contact page inspected, but raw was not directly opened, so PASS is not inferred
client_raw	0556_vfx011-entities-config-mip4-reduced-left.png	00f9ff02feaea5e5b6a954d44ab097d33f1b71c47d46b10255a0cbc255f22142	LIMITED	Fresh raw retained and digest-verified; contact page inspected, but raw was not directly opened, so PASS is not inferred
client_raw	0557_vfx011-entities-config-mip4-reduced-right.png	e5a4aa5cdf5f9a0dc9619907e56da38e57fd7be280394f0578cd6a18feed131e	LIMITED	Fresh raw retained and digest-verified; contact page inspected, but raw was not directly opened, so PASS is not inferred
client_raw	0558_vfx011-entities-config-mip4-reduced-equipped.png	c3a4d2092d7fa16e3aac72ecf81a488d279b96018431f79fa78f8a73b3f94ef8	LIMITED	Fresh raw retained and digest-verified; contact page inspected, but raw was not directly opened, so PASS is not inferred
client_raw	0559_vfx011-screen-teleport-default-scale1-normal-wide.png	924f38eea15ac452db15927d1c67f51fa5f7a21e8c6b9b5875115d286e05dfe2	LIMITED	Fresh raw retained and digest-verified; contact page inspected, but raw was not directly opened, so PASS is not inferred
client_raw	0560_vfx011-screen-teleport-artifact-scale1-normal-wide.png	98400221143aa8a833559d825aa6ed5815454f43f76e21efb3fb7bfc726fd7d7	LIMITED	Fresh raw retained and digest-verified; contact page inspected, but raw was not directly opened, so PASS is not inferred
client_raw	0561_vfx011-screen-locator-entity-scale1-normal-wide.png	7e50b83d666740d45430f78fef886400816c3dceea57af7f660fd27d4f73eab2	LIMITED	Fresh raw retained and digest-verified; contact page inspected, but raw was not directly opened, so PASS is not inferred
client_raw	0562_vfx011-screen-locator-world-scale1-normal-wide.png	76cd4fbfd06c77a57c29f4fe3a6a8898ecce813eb1553550e994f98379cecc54	LIMITED	Fresh raw retained and digest-verified; contact page inspected, but raw was not directly opened, so PASS is not inferred
client_raw	0563_vfx011-screen-rank_maze_light-focused-scale1-normal-wide.png	b65bd69c3d42ce6417330eb44f9ffe9c68af126126c5d5997657ca776e11a110	LIMITED	Fresh raw retained and digest-verified; contact page inspected, but raw was not directly opened, so PASS is not inferred
client_raw	0564_vfx011-screen-rank_maze_dark-focused-scale1-normal-wide.png	24f8d280683087419bab690475a614886c5acb13f09dfe9990ef8c54957ca492	LIMITED	Fresh raw retained and digest-verified; contact page inspected, but raw was not directly opened, so PASS is not inferred
client_raw	0565_vfx011-screen-power_selection-selected-scale1-normal-wide.png	38e0df97e83c5ec46025b9bf8ebd3bf536e9aded28052ed8d09dc947179540a1	LIMITED	Fresh raw retained and digest-verified; contact page inspected, but raw was not directly opened, so PASS is not inferred
client_raw	0566_vfx011-screen-artifact_catalogue-selected-scale1-normal-wide.png	eb1981febfb50b72da6ede67af9d9a35a688e8afcc3e193981c9c7f7881df730	LIMITED	Fresh raw retained and digest-verified; contact page inspected, but raw was not directly opened, so PASS is not inferred
client_raw	0567_vfx011-screen-artifact_catalogue-empty-scale1-normal-wide.png	054cd2c422a80c3e95454f9748e6af71e342b4930e377e9807405a11b95eebe0	LIMITED	Fresh raw retained and digest-verified; contact page inspected, but raw was not directly opened, so PASS is not inferred
client_raw	0568_vfx011-screen-shadow_sword-selected-scale1-normal-wide.png	190417bbcce559b1538b8f06aafb861ba9163472d578f6f1197df641cc8be61b	LIMITED	Fresh raw retained and digest-verified; contact page inspected, but raw was not directly opened, so PASS is not inferred
client_raw	0569_vfx011-screen-grimoire_index-preview-scale1-normal-wide.png	fb0ba240d8e1a947cd22ba1c04e9416e8fba68dfcae575d066acaf1cafb2a74d	LIMITED	Fresh raw retained and digest-verified; contact page inspected, but raw was not directly opened, so PASS is not inferred
client_raw	0570_vfx011-screen-grimoire_index-empty-scale1-normal-wide.png	2f3b848721ab86a644835c87662bfc721c170799cf47a729421bc17a28f7a1eb	LIMITED	Fresh raw retained and digest-verified; contact page inspected, but raw was not directly opened, so PASS is not inferred
client_raw	0571_vfx011-screen-rainbow_convergence-sevenfold-scale1-normal-wide.png	05d0895ea2036fe9f33e16c478825d64b0783a305122c1a2204b02c02d2d8a81	LIMITED	Fresh raw retained and digest-verified; contact page inspected, but raw was not directly opened, so PASS is not inferred
client_raw	0572_vfx011-screen-reservoir_transfer-partial-scale1-normal-wide.png	d92edd116c018445ab5834dd197e13fb2fc8fb940406295025c9df47def7275f	LIMITED	Fresh raw retained and digest-verified; contact page inspected, but raw was not directly opened, so PASS is not inferred
client_raw	0573_vfx011-screen-arcane_crucible-empty-scale1-normal-wide.png	6ac01b93425cc5afc54d62a482e6146f8bfebeb6b9bf1888a4b2aa27864c4410	LIMITED	Fresh raw retained and digest-verified; contact page inspected, but raw was not directly opened, so PASS is not inferred
client_raw	0574_vfx011-screen-arcane_crucible-populated_darkness-scale1-normal-wide.png	3ac29c8ee61865fa5056daf513c73196010217e6c3bbc66d8ec4b336933d2fe4	LIMITED	Fresh raw retained and digest-verified; contact page inspected, but raw was not directly opened, so PASS is not inferred
client_raw	0575_vfx011-screen-advancement_roots-skill-scale1-normal-wide.png	9720ae17956fc81ac6f31bb9587478c0f2abe34d9c4c3c4f2300648fc391df01	LIMITED	Fresh raw retained and digest-verified; contact page inspected, but raw was not directly opened, so PASS is not inferred
client_raw	0576_vfx011-screen-teleport-default-scale1-normal-narrow.png	3a976cb52da608e1fb9650d666bebf75d2a61a8b057d126ed489e09b8fdca104	LIMITED	Fresh raw retained and digest-verified; contact page inspected, but raw was not directly opened, so PASS is not inferred
client_raw	0577_vfx011-screen-teleport-artifact-scale1-normal-narrow.png	24158e26763fac5e54b5c87b4825d5dab4f7139f9f7fc327fe7b3bfa29a7dc7e	LIMITED	Fresh raw retained and digest-verified; contact page inspected, but raw was not directly opened, so PASS is not inferred
client_raw	0578_vfx011-screen-locator-entity-scale1-normal-narrow.png	928881fa4b17c6bae03b49183ab030378cfb47795d9669d2f59dd53d8b35fdd1	LIMITED	Fresh raw retained and digest-verified; contact page inspected, but raw was not directly opened, so PASS is not inferred
client_raw	0579_vfx011-screen-locator-world-scale1-normal-narrow.png	19070a43d706c801dfb7b15547cd95d91326bbd8ed4ba29419089cab24ed0c0c	LIMITED	Fresh raw retained and digest-verified; contact page inspected, but raw was not directly opened, so PASS is not inferred
client_raw	0580_vfx011-screen-rank_maze_light-focused-scale1-normal-narrow.png	70809e7c106fb1cb0ae46d7e9eda26041a9bf7be6b74e1a0f1311deffba6c84f	LIMITED	Fresh raw retained and digest-verified; contact page inspected, but raw was not directly opened, so PASS is not inferred
client_raw	0581_vfx011-screen-rank_maze_dark-focused-scale1-normal-narrow.png	07bbef147e39add2e8d1f70c33f4bb7a9e788b914d2f6e2aa9e728a5dafb57d1	LIMITED	Fresh raw retained and digest-verified; contact page inspected, but raw was not directly opened, so PASS is not inferred
client_raw	0582_vfx011-screen-power_selection-selected-scale1-normal-narrow.png	19bb3a4b51fb1166ace6d22a8a74d687409cb7e67217fc0ced2b42b4917ef184	LIMITED	Fresh raw retained and digest-verified; contact page inspected, but raw was not directly opened, so PASS is not inferred
client_raw	0583_vfx011-screen-artifact_catalogue-selected-scale1-normal-narrow.png	915dc227fb066ac0c6b8e8ad9b63fd60eee2f319656aee12414f21e7a583813d	LIMITED	Fresh raw retained and digest-verified; contact page inspected, but raw was not directly opened, so PASS is not inferred
client_raw	0584_vfx011-screen-artifact_catalogue-empty-scale1-normal-narrow.png	86d8d92132eee81755d056556c57871c89e8aa5ef1c98456bce1e41a64581b32	LIMITED	Fresh raw retained and digest-verified; contact page inspected, but raw was not directly opened, so PASS is not inferred
client_raw	0585_vfx011-screen-shadow_sword-selected-scale1-normal-narrow.png	d239cb13898428810c5c8474220b00fe8c3b674017a96e148a2db1c55a207ccb	LIMITED	Fresh raw retained and digest-verified; contact page inspected, but raw was not directly opened, so PASS is not inferred
client_raw	0586_vfx011-screen-grimoire_index-preview-scale1-normal-narrow.png	a08e56594a4bbfa39fb1d46f140fb5809922cecca5770cc90f31422414ebedc9	LIMITED	Fresh raw retained and digest-verified; contact page inspected, but raw was not directly opened, so PASS is not inferred
client_raw	0587_vfx011-screen-grimoire_index-empty-scale1-normal-narrow.png	b6636c5feaeeb1ca9d8ae4c3b51c9f86ed6df9d961b9da61f5aff48cc48a3009	LIMITED	Fresh raw retained and digest-verified; contact page inspected, but raw was not directly opened, so PASS is not inferred
client_raw	0588_vfx011-screen-rainbow_convergence-sevenfold-scale1-normal-narrow.png	dd3ddb9c5165e8c57b6fb6617e7a1bab63de2fe61061d72faaef13d82e5b9821	LIMITED	Fresh raw retained and digest-verified; contact page inspected, but raw was not directly opened, so PASS is not inferred
client_raw	0589_vfx011-screen-reservoir_transfer-partial-scale1-normal-narrow.png	8ba5b3d23698799ba5b77d1c9cd1544477ffbce73ded3cb0f4eaa52a4f00bd9f	LIMITED	Fresh raw retained and digest-verified; contact page inspected, but raw was not directly opened, so PASS is not inferred
client_raw	0590_vfx011-screen-arcane_crucible-empty-scale1-normal-narrow.png	113c99ee713bf990d7b51f2cae0ef50be13dab6a3ade63d63f622831db1b9408	LIMITED	Fresh raw retained and digest-verified; contact page inspected, but raw was not directly opened, so PASS is not inferred
client_raw	0591_vfx011-screen-arcane_crucible-populated_darkness-scale1-normal-narrow.png	d60193e12d205b90bd6f72c6878a1ce4942cdae1e594c75f7b2d56ac741c5139	LIMITED	Fresh raw retained and digest-verified; contact page inspected, but raw was not directly opened, so PASS is not inferred
client_raw	0592_vfx011-screen-advancement_roots-skill-scale1-normal-narrow.png	b1d18e3f4f75bdd3536ee8a8f5eb4de944996548da558901a221a6c871a3c0dd	LIMITED	Fresh raw retained and digest-verified; contact page inspected, but raw was not directly opened, so PASS is not inferred
client_raw	0593_vfx011-screen-teleport-default-scale1-reduced-wide.png	dbdf4d8143e2b08e2fb84276d9ba7bf95a701d3105dcc35a0832f273c5d84ea9	LIMITED	Fresh raw retained and digest-verified; contact page inspected, but raw was not directly opened, so PASS is not inferred
client_raw	0594_vfx011-screen-teleport-artifact-scale1-reduced-wide.png	9596c5d1533cd6a433d8acb4d7ae56b9df834c6cdd667858ef8a1e596ac71b2c	LIMITED	Fresh raw retained and digest-verified; contact page inspected, but raw was not directly opened, so PASS is not inferred
client_raw	0595_vfx011-screen-locator-entity-scale1-reduced-wide.png	3c59a2e75ec5fac90bc5f0bf3d859401f8438a40d2c6f2f128b3bac37b99769c	LIMITED	Fresh raw retained and digest-verified; contact page inspected, but raw was not directly opened, so PASS is not inferred
client_raw	0596_vfx011-screen-locator-world-scale1-reduced-wide.png	46d5a105ce02505737b62be3c2fceab3450dc4d327245c00e96b51d75452f3b1	LIMITED	Fresh raw retained and digest-verified; contact page inspected, but raw was not directly opened, so PASS is not inferred
client_raw	0597_vfx011-screen-rank_maze_light-focused-scale1-reduced-wide.png	1637d62053dba8aba1fedb381ea36d4e8359bf9c7980d24ad055f807d765be8d	LIMITED	Fresh raw retained and digest-verified; contact page inspected, but raw was not directly opened, so PASS is not inferred
client_raw	0598_vfx011-screen-rank_maze_dark-focused-scale1-reduced-wide.png	81dc421bef97903c8b7621634edc4380adabcd05f0e4f135aeffee2dbb93d06b	LIMITED	Fresh raw retained and digest-verified; contact page inspected, but raw was not directly opened, so PASS is not inferred
client_raw	0599_vfx011-screen-power_selection-selected-scale1-reduced-wide.png	d9bfc86c64d02addc34cf67af780423d5412a238225b68004c3d5d5520f5a165	LIMITED	Fresh raw retained and digest-verified; contact page inspected, but raw was not directly opened, so PASS is not inferred
client_raw	0600_vfx011-screen-artifact_catalogue-selected-scale1-reduced-wide.png	23e3aa3e40a3b6c2c0580989bd94da7c4cabdfc3e685b301976f2e3a169b7763	LIMITED	Fresh raw retained and digest-verified; contact page inspected, but raw was not directly opened, so PASS is not inferred
client_raw	0601_vfx011-screen-artifact_catalogue-empty-scale1-reduced-wide.png	12eba443b4f465f57fb74b4cf6a6c572afdd046eb476e168a1bfccd7797d7569	LIMITED	Fresh raw retained and digest-verified; contact page inspected, but raw was not directly opened, so PASS is not inferred
client_raw	0602_vfx011-screen-shadow_sword-selected-scale1-reduced-wide.png	13830c3cf6b020d5fe2a456e061d81e70b3db6d18bb3fc8e53bbc733026a85da	LIMITED	Fresh raw retained and digest-verified; contact page inspected, but raw was not directly opened, so PASS is not inferred
client_raw	0603_vfx011-screen-grimoire_index-preview-scale1-reduced-wide.png	d28e8e5a9eb9b6e1aafb47afafc95e18a9cd0352b8fd28cab6373d1c3fbb5470	LIMITED	Fresh raw retained and digest-verified; contact page inspected, but raw was not directly opened, so PASS is not inferred
client_raw	0604_vfx011-screen-grimoire_index-empty-scale1-reduced-wide.png	5808de87854a931fa05e6545ce947bed7f73433d8ff8ec6abe4ae810328986be	LIMITED	Fresh raw retained and digest-verified; contact page inspected, but raw was not directly opened, so PASS is not inferred
client_raw	0605_vfx011-screen-rainbow_convergence-sevenfold-scale1-reduced-wide.png	f52bc5f5b32412f245f141bbbaef21c5f7262151ae40a885602dfce1332533dd	LIMITED	Fresh raw retained and digest-verified; contact page inspected, but raw was not directly opened, so PASS is not inferred
client_raw	0606_vfx011-screen-reservoir_transfer-partial-scale1-reduced-wide.png	574c7b78fdced720e3b801e174a68bf70d96dbb614634cd3de1f136fba926944	LIMITED	Fresh raw retained and digest-verified; contact page inspected, but raw was not directly opened, so PASS is not inferred
client_raw	0607_vfx011-screen-arcane_crucible-empty-scale1-reduced-wide.png	78466f1daf1c1b20b104e773fad2104365b593367c1ede49d4d1a9a885d01284	LIMITED	Fresh raw retained and digest-verified; contact page inspected, but raw was not directly opened, so PASS is not inferred
client_raw	0608_vfx011-screen-arcane_crucible-populated_darkness-scale1-reduced-wide.png	0b6de39cd659f8f449456f0b4eb5b0ce5dbe5912af27a3ed277a40b4620db355	LIMITED	Fresh raw retained and digest-verified; contact page inspected, but raw was not directly opened, so PASS is not inferred
client_raw	0609_vfx011-screen-advancement_roots-skill-scale1-reduced-wide.png	5b99b54a6882342341eb9f5c353ab2e8034f46df1e5d8f64dd79a62671b6a638	LIMITED	Fresh raw retained and digest-verified; contact page inspected, but raw was not directly opened, so PASS is not inferred
client_raw	0610_vfx011-screen-teleport-default-scale1-reduced-narrow.png	bc18b8c692edbfe59c093261eea780911b2ce2bef552cd968de24d760abfaa03	LIMITED	Fresh raw retained and digest-verified; contact page inspected, but raw was not directly opened, so PASS is not inferred
client_raw	0611_vfx011-screen-teleport-artifact-scale1-reduced-narrow.png	e4ba66cb62b3c5b7d686e255c1eced222e42c721f0f7cd16c360de3db0a6e508	LIMITED	Fresh raw retained and digest-verified; contact page inspected, but raw was not directly opened, so PASS is not inferred
client_raw	0612_vfx011-screen-locator-entity-scale1-reduced-narrow.png	73ba4f81c2c30ded9927e8a7b1c1c32c78b43aeaf30925d88ef7f76390c93d4b	LIMITED	Fresh raw retained and digest-verified; contact page inspected, but raw was not directly opened, so PASS is not inferred
client_raw	0613_vfx011-screen-locator-world-scale1-reduced-narrow.png	e32edd397078e34cc0f640c3c5048ac6079535322319d59c8e8bc03ad1303c65	LIMITED	Fresh raw retained and digest-verified; contact page inspected, but raw was not directly opened, so PASS is not inferred
client_raw	0614_vfx011-screen-rank_maze_light-focused-scale1-reduced-narrow.png	5e707d776928ccfe31cca097f572c2ebda9e16b09746de670b916356e90e68a9	LIMITED	Fresh raw retained and digest-verified; contact page inspected, but raw was not directly opened, so PASS is not inferred
client_raw	0615_vfx011-screen-rank_maze_dark-focused-scale1-reduced-narrow.png	099d7ef4bc336843e55980d48f67e985275a6428c19c819fb857d3d45c46dd51	LIMITED	Fresh raw retained and digest-verified; contact page inspected, but raw was not directly opened, so PASS is not inferred
client_raw	0616_vfx011-screen-power_selection-selected-scale1-reduced-narrow.png	314a386dcfed1ca04c8f26292d52ada38d389de26ab061ad700e447fd4d02d58	LIMITED	Fresh raw retained and digest-verified; contact page inspected, but raw was not directly opened, so PASS is not inferred
client_raw	0617_vfx011-screen-artifact_catalogue-selected-scale1-reduced-narrow.png	70ffd9f52a96824224acfb69343558083ea208f1d557c933ad4da3453430dfd0	LIMITED	Fresh raw retained and digest-verified; contact page inspected, but raw was not directly opened, so PASS is not inferred
client_raw	0618_vfx011-screen-artifact_catalogue-empty-scale1-reduced-narrow.png	9b420e2867e5b31944dbba9a1a8daa8bf84d7843438b351d84b313b760ac88ca	LIMITED	Fresh raw retained and digest-verified; contact page inspected, but raw was not directly opened, so PASS is not inferred
client_raw	0619_vfx011-screen-shadow_sword-selected-scale1-reduced-narrow.png	7633e45b17d4321d49a612e4b3d0898bb3e9354c904950eb531dddb93def0979	LIMITED	Fresh raw retained and digest-verified; contact page inspected, but raw was not directly opened, so PASS is not inferred
client_raw	0620_vfx011-screen-grimoire_index-preview-scale1-reduced-narrow.png	563efeb57946581b3e70580addfdfdeb2a829be0a64b64c1e59a1b2ac0de044c	LIMITED	Fresh raw retained and digest-verified; contact page inspected, but raw was not directly opened, so PASS is not inferred
client_raw	0621_vfx011-screen-grimoire_index-empty-scale1-reduced-narrow.png	52ab27f701d97ce46851276a1e7e6756582bf90a4b7cbd6c5030ad33de5d411e	LIMITED	Fresh raw retained and digest-verified; contact page inspected, but raw was not directly opened, so PASS is not inferred
client_raw	0622_vfx011-screen-rainbow_convergence-sevenfold-scale1-reduced-narrow.png	febf9bd7bc020ce3a2c2e986c7874d29416d3d185933b18d4ba9a443ccc53c28	LIMITED	Fresh raw retained and digest-verified; contact page inspected, but raw was not directly opened, so PASS is not inferred
client_raw	0623_vfx011-screen-reservoir_transfer-partial-scale1-reduced-narrow.png	4384eab6e093f185be867daa63b5b6778e6a6b936bc1bc3de6f22cc950ecc0ba	LIMITED	Fresh raw retained and digest-verified; contact page inspected, but raw was not directly opened, so PASS is not inferred
client_raw	0624_vfx011-screen-arcane_crucible-empty-scale1-reduced-narrow.png	4d7d5b99842eb75747b84558cf414763164f44edd18adee8a843256602a585ca	LIMITED	Fresh raw retained and digest-verified; contact page inspected, but raw was not directly opened, so PASS is not inferred
client_raw	0625_vfx011-screen-arcane_crucible-populated_darkness-scale1-reduced-narrow.png	f69b0662f73c392fac9deeb2ccf5ba248931525f05bee572c1173609f572ab73	LIMITED	Fresh raw retained and digest-verified; contact page inspected, but raw was not directly opened, so PASS is not inferred
client_raw	0626_vfx011-screen-advancement_roots-skill-scale1-reduced-narrow.png	162912789f784ab2b7b60c57b1bd4bd506261d20b82ded280bc34ee1029fbdf8	LIMITED	Fresh raw retained and digest-verified; contact page inspected, but raw was not directly opened, so PASS is not inferred
client_raw	0627_vfx011-screen-teleport-default-scale2-normal-wide.png	8ab6ea93616c0bef467099efd544a75a3f9ae953df2a8556a0615c13bc70ae57	LIMITED	Fresh raw retained and digest-verified; contact page inspected, but raw was not directly opened, so PASS is not inferred
client_raw	0628_vfx011-screen-teleport-artifact-scale2-normal-wide.png	97a6c288f8c3f5d31d5e1a0d86c2598d756b2ce8802135adef401124483e49ea	LIMITED	Fresh raw retained and digest-verified; contact page inspected, but raw was not directly opened, so PASS is not inferred
client_raw	0629_vfx011-screen-locator-entity-scale2-normal-wide.png	24a49e28e2f196f336b201638625685031afb922bee71c58ac8e04a9ee40ac9d	LIMITED	Fresh raw retained and digest-verified; contact page inspected, but raw was not directly opened, so PASS is not inferred
client_raw	0630_vfx011-screen-locator-world-scale2-normal-wide.png	5838c7f5e4ad220881d20f33aa0a33f1910a2a119ce0b71798afc51e94503216	LIMITED	Fresh raw retained and digest-verified; contact page inspected, but raw was not directly opened, so PASS is not inferred
client_raw	0631_vfx011-screen-rank_maze_light-focused-scale2-normal-wide.png	2d0c377edc29fcecb015438b6155f968b76d08ab293cccf92f6c90fbc4713980	LIMITED	Fresh raw retained and digest-verified; contact page inspected, but raw was not directly opened, so PASS is not inferred
client_raw	0632_vfx011-screen-rank_maze_dark-focused-scale2-normal-wide.png	fd5da1a9d4309811ae86289121701ca11188dd5b3793f77bf6795c0dcaf3ec33	LIMITED	Fresh raw retained and digest-verified; contact page inspected, but raw was not directly opened, so PASS is not inferred
client_raw	0633_vfx011-screen-power_selection-selected-scale2-normal-wide.png	65ab59ab79e55bddfb2c59ff5f489d41112a40fa67140c3030835299a4b38ec0	LIMITED	Fresh raw retained and digest-verified; contact page inspected, but raw was not directly opened, so PASS is not inferred
client_raw	0634_vfx011-screen-artifact_catalogue-selected-scale2-normal-wide.png	8ddcebfbeb1c4aeeece8e26ca73d0900400544041fb31a53f4e29f5b47b397c8	LIMITED	Fresh raw retained and digest-verified; contact page inspected, but raw was not directly opened, so PASS is not inferred
client_raw	0635_vfx011-screen-artifact_catalogue-empty-scale2-normal-wide.png	89d3b3ac3ddc2c1398005c74d5c5a9db95f7d3437da95e3a243aa5c2f346ee7b	LIMITED	Fresh raw retained and digest-verified; contact page inspected, but raw was not directly opened, so PASS is not inferred
client_raw	0636_vfx011-screen-shadow_sword-selected-scale2-normal-wide.png	078e28bdd59c2cd04d1650cb5c388c9b0b65de1f9d1d1c6850966773c149ee94	LIMITED	Fresh raw retained and digest-verified; contact page inspected, but raw was not directly opened, so PASS is not inferred
client_raw	0637_vfx011-screen-grimoire_index-preview-scale2-normal-wide.png	06dc07bda85bb84782e7d798f36ec869c4ca8db22083a1445b0e66ded83de676	LIMITED	Fresh raw retained and digest-verified; contact page inspected, but raw was not directly opened, so PASS is not inferred
client_raw	0638_vfx011-screen-grimoire_index-empty-scale2-normal-wide.png	6afd2efc8a6aa86a487bc6a03f9eb5cf58354490f28790eab7e5da71fe5e19fd	LIMITED	Fresh raw retained and digest-verified; contact page inspected, but raw was not directly opened, so PASS is not inferred
client_raw	0639_vfx011-screen-rainbow_convergence-sevenfold-scale2-normal-wide.png	0835b1b233806af93003f981da3b3d6a674bbc1c4f8baf64f8a45673e5e2832c	LIMITED	Fresh raw retained and digest-verified; contact page inspected, but raw was not directly opened, so PASS is not inferred
client_raw	0640_vfx011-screen-reservoir_transfer-partial-scale2-normal-wide.png	63631b582dd6afff5766fac84f244425f55943e1154d584b4b55f9f0e47c6356	LIMITED	Fresh raw retained and digest-verified; contact page inspected, but raw was not directly opened, so PASS is not inferred
client_raw	0641_vfx011-screen-arcane_crucible-empty-scale2-normal-wide.png	be0848ed6dd69a9242d3007fab704cf41bb59031907d82a22fbbd84910eba6e3	LIMITED	Fresh raw retained and digest-verified; contact page inspected, but raw was not directly opened, so PASS is not inferred
client_raw	0642_vfx011-screen-arcane_crucible-populated_darkness-scale2-normal-wide.png	af1ec3d55cb70e73871b1d7fdb689c3b6ce1b6260693f9b953b5a2b31f0c715b	LIMITED	Fresh raw retained and digest-verified; contact page inspected, but raw was not directly opened, so PASS is not inferred
client_raw	0643_vfx011-screen-advancement_roots-skill-scale2-normal-wide.png	ab4e51fd0b6780163ac312d5395ec7dcc8ae51d340daf35790937cd225d3a023	LIMITED	Fresh raw retained and digest-verified; contact page inspected, but raw was not directly opened, so PASS is not inferred
client_raw	0644_vfx011-screen-teleport-default-scale2-normal-narrow.png	aa85009650e22c0b0ee8619a649699361e8489bbc641e5e22744169c34f414f0	LIMITED	Fresh raw retained and digest-verified; contact page inspected, but raw was not directly opened, so PASS is not inferred
client_raw	0645_vfx011-screen-teleport-artifact-scale2-normal-narrow.png	4be4b5427229aee9a870bf2f7cbdcbf9707e522ef792746124d7ce99095d46cd	LIMITED	Fresh raw retained and digest-verified; contact page inspected, but raw was not directly opened, so PASS is not inferred
client_raw	0646_vfx011-screen-locator-entity-scale2-normal-narrow.png	c82bfbb17919fb6d4df03362968dde4a850e8e93e0304061a7a9fe96fcd0b778	LIMITED	Fresh raw retained and digest-verified; contact page inspected, but raw was not directly opened, so PASS is not inferred
client_raw	0647_vfx011-screen-locator-world-scale2-normal-narrow.png	447b630e9e3721269116bf114d1f4d20d8c7bb59bd30d8838c794187564c61d5	LIMITED	Fresh raw retained and digest-verified; contact page inspected, but raw was not directly opened, so PASS is not inferred
client_raw	0648_vfx011-screen-rank_maze_light-focused-scale2-normal-narrow.png	75a9e5285e032034d8ab5119419c205e192cdf9da6cfd04d3af08a7173052770	LIMITED	Fresh raw retained and digest-verified; contact page inspected, but raw was not directly opened, so PASS is not inferred
client_raw	0649_vfx011-screen-rank_maze_dark-focused-scale2-normal-narrow.png	0b8118fd21c56ec0fff7d07911d3a6deddb002a55d20abc42efae7ae37afe82e	LIMITED	Fresh raw retained and digest-verified; contact page inspected, but raw was not directly opened, so PASS is not inferred
client_raw	0650_vfx011-screen-power_selection-selected-scale2-normal-narrow.png	5fd42d0050556788130d345bf67713384074919383d96994020d09b8617431a3	LIMITED	Fresh raw retained and digest-verified; contact page inspected, but raw was not directly opened, so PASS is not inferred
client_raw	0651_vfx011-screen-artifact_catalogue-selected-scale2-normal-narrow.png	65f6bc1b638d048e38e80e90e123155e3d726398aeca48a57c2bd311683504cb	LIMITED	Fresh raw retained and digest-verified; contact page inspected, but raw was not directly opened, so PASS is not inferred
client_raw	0652_vfx011-screen-artifact_catalogue-empty-scale2-normal-narrow.png	39fb9a0fead3e36f26d30f61141f0b2a3a128102e962ee2f66cf7ad224dcc692	LIMITED	Fresh raw retained and digest-verified; contact page inspected, but raw was not directly opened, so PASS is not inferred
client_raw	0653_vfx011-screen-shadow_sword-selected-scale2-normal-narrow.png	72e6a483497e476d3aad98de938ca563706954ba9be10bedf8635954f72e0461	LIMITED	Fresh raw retained and digest-verified; contact page inspected, but raw was not directly opened, so PASS is not inferred
client_raw	0654_vfx011-screen-grimoire_index-preview-scale2-normal-narrow.png	ff3ae5aaa991c871528ec456ec1f4f1debeb1c614d02c22ad60520aee1277f57	LIMITED	Fresh raw retained and digest-verified; contact page inspected, but raw was not directly opened, so PASS is not inferred
client_raw	0655_vfx011-screen-grimoire_index-empty-scale2-normal-narrow.png	add4b1c5add7d739f7e23daa7d4bd3c25939b7d691f8bec0964c167e95f2797b	LIMITED	Fresh raw retained and digest-verified; contact page inspected, but raw was not directly opened, so PASS is not inferred
client_raw	0656_vfx011-screen-rainbow_convergence-sevenfold-scale2-normal-narrow.png	f7e78049cb160473e79a1b2dbcdd310622491f9e341ca5fcb163e3a50642ef98	LIMITED	Fresh raw retained and digest-verified; contact page inspected, but raw was not directly opened, so PASS is not inferred
client_raw	0657_vfx011-screen-reservoir_transfer-partial-scale2-normal-narrow.png	2017c37b253c19e48cd32f27b59f799755a396faa9bc13e9a468f1a64fbe9c69	LIMITED	Fresh raw retained and digest-verified; contact page inspected, but raw was not directly opened, so PASS is not inferred
client_raw	0658_vfx011-screen-arcane_crucible-empty-scale2-normal-narrow.png	25d8d62a26600c8608a26339aa9ed6bb4e3ab623ea2f4060423ec3d5cc987511	LIMITED	Fresh raw retained and digest-verified; contact page inspected, but raw was not directly opened, so PASS is not inferred
client_raw	0659_vfx011-screen-arcane_crucible-populated_darkness-scale2-normal-narrow.png	96e5f8ab2bb9f19e9b0705d734b4b83c43707aebfd372e5149ba0f9c399dcfb5	LIMITED	Fresh raw retained and digest-verified; contact page inspected, but raw was not directly opened, so PASS is not inferred
client_raw	0660_vfx011-screen-advancement_roots-skill-scale2-normal-narrow.png	773c64117495bcae6c28e486556d0cd9106d77dafac831586f23a1c50284bb55	LIMITED	Fresh raw retained and digest-verified; contact page inspected, but raw was not directly opened, so PASS is not inferred
client_raw	0661_vfx011-screen-teleport-default-scale2-reduced-wide.png	2bded86c8e357ce695733d2afbea8d8f2642bbabea86202d0fc8fc638dfd2f27	LIMITED	Fresh raw retained and digest-verified; contact page inspected, but raw was not directly opened, so PASS is not inferred
client_raw	0662_vfx011-screen-teleport-artifact-scale2-reduced-wide.png	cda02f94ef607e312fbde29cf6b3d8e0d627cc116b1652b8e29cdc73d1520d6d	LIMITED	Fresh raw retained and digest-verified; contact page inspected, but raw was not directly opened, so PASS is not inferred
client_raw	0663_vfx011-screen-locator-entity-scale2-reduced-wide.png	356e65792128cf7178eeda7ae113bb1b4900b768f3df1df88f477181a45c2710	LIMITED	Fresh raw retained and digest-verified; contact page inspected, but raw was not directly opened, so PASS is not inferred
client_raw	0664_vfx011-screen-locator-world-scale2-reduced-wide.png	aba5d0aec403ee25a4a226af641e0f4e52060c8ab7e2be59c80456530210c8d1	LIMITED	Fresh raw retained and digest-verified; contact page inspected, but raw was not directly opened, so PASS is not inferred
client_raw	0665_vfx011-screen-rank_maze_light-focused-scale2-reduced-wide.png	c911c04df201cbbcf70b4ab5b40a239d8b151d0673dd80619b1d273a15e0d146	LIMITED	Fresh raw retained and digest-verified; contact page inspected, but raw was not directly opened, so PASS is not inferred
client_raw	0666_vfx011-screen-rank_maze_dark-focused-scale2-reduced-wide.png	4443e44414f3666c51a993233bb7e3b2d4791a07b9827a83b9fb98112fad299e	LIMITED	Fresh raw retained and digest-verified; contact page inspected, but raw was not directly opened, so PASS is not inferred
client_raw	0667_vfx011-screen-power_selection-selected-scale2-reduced-wide.png	46ca8be8e326c0351fdd228d91e69b9a1d814abdd3237dc3f445ef71582dda21	LIMITED	Fresh raw retained and digest-verified; contact page inspected, but raw was not directly opened, so PASS is not inferred
client_raw	0668_vfx011-screen-artifact_catalogue-selected-scale2-reduced-wide.png	3220c7f7766d7836a9a6c5d655a940c9b2d677e5b3f58d91d4c54a9ff0134789	LIMITED	Fresh raw retained and digest-verified; contact page inspected, but raw was not directly opened, so PASS is not inferred
client_raw	0669_vfx011-screen-artifact_catalogue-empty-scale2-reduced-wide.png	22f3cf98dcc66664a165f73e0337e852f8fd3e20685f19d5aea0e8fa7ee7a7ab	LIMITED	Fresh raw retained and digest-verified; contact page inspected, but raw was not directly opened, so PASS is not inferred
client_raw	0670_vfx011-screen-shadow_sword-selected-scale2-reduced-wide.png	d59e4706f9d2fbb3b4caeb12aa324f88d247992263fc4c531b63641d15bf72ae	LIMITED	Fresh raw retained and digest-verified; contact page inspected, but raw was not directly opened, so PASS is not inferred
client_raw	0671_vfx011-screen-grimoire_index-preview-scale2-reduced-wide.png	2965222d6eac0c23ab85d5730454f681350f8a197ba0bdf7c816ff0b7c0fc212	LIMITED	Fresh raw retained and digest-verified; contact page inspected, but raw was not directly opened, so PASS is not inferred
client_raw	0672_vfx011-screen-grimoire_index-empty-scale2-reduced-wide.png	df2038e047b60fe447215e5e60e3881ddb0e2cf00a87e4c72b3c7857850a1c34	LIMITED	Fresh raw retained and digest-verified; contact page inspected, but raw was not directly opened, so PASS is not inferred
client_raw	0673_vfx011-screen-rainbow_convergence-sevenfold-scale2-reduced-wide.png	716adf18758e1fdeb5990876b20e72a56d27b46bbff3197c271377faf5446a6a	LIMITED	Fresh raw retained and digest-verified; contact page inspected, but raw was not directly opened, so PASS is not inferred
client_raw	0674_vfx011-screen-reservoir_transfer-partial-scale2-reduced-wide.png	891bdbf9dbc25759e36ab963f160976c1e9d13b884412faf5c9a246d0f14490f	LIMITED	Fresh raw retained and digest-verified; contact page inspected, but raw was not directly opened, so PASS is not inferred
client_raw	0675_vfx011-screen-arcane_crucible-empty-scale2-reduced-wide.png	acbafda35d85b231c12b34b3fd53d7dca9d4943e5d6283f1ef786b715236e7e0	LIMITED	Fresh raw retained and digest-verified; contact page inspected, but raw was not directly opened, so PASS is not inferred
client_raw	0676_vfx011-screen-arcane_crucible-populated_darkness-scale2-reduced-wide.png	a143cfa988e4aa2d7e8fbfeef0aad2ee5be45a7aacdf17e577cc148b2cd01a6d	LIMITED	Fresh raw retained and digest-verified; contact page inspected, but raw was not directly opened, so PASS is not inferred
client_raw	0677_vfx011-screen-advancement_roots-skill-scale2-reduced-wide.png	62b6b1ba436635264e1dbc945c1993da0430e2a69fb5fd6ed1766f97e95053ae	LIMITED	Fresh raw retained and digest-verified; contact page inspected, but raw was not directly opened, so PASS is not inferred
client_raw	0678_vfx011-screen-teleport-default-scale2-reduced-narrow.png	0b807c578c8f60bf760b4324b7cb30f3914b80462d889f3e208583395e76a385	LIMITED	Fresh raw retained and digest-verified; contact page inspected, but raw was not directly opened, so PASS is not inferred
client_raw	0679_vfx011-screen-teleport-artifact-scale2-reduced-narrow.png	757c696fecf5bd18acd704326bb8a5fbc5ea76434c5af0705820f8f67dbf79c6	LIMITED	Fresh raw retained and digest-verified; contact page inspected, but raw was not directly opened, so PASS is not inferred
client_raw	0680_vfx011-screen-locator-entity-scale2-reduced-narrow.png	157291b9d53366d5af39d672b1fc74598666be37fae702d153f508ddfbbfffc7	LIMITED	Fresh raw retained and digest-verified; contact page inspected, but raw was not directly opened, so PASS is not inferred
client_raw	0681_vfx011-screen-locator-world-scale2-reduced-narrow.png	705b66224a234d0bf52085e8135516678715ed837be1a8e04bc52300a7ad1ec2	LIMITED	Fresh raw retained and digest-verified; contact page inspected, but raw was not directly opened, so PASS is not inferred
client_raw	0682_vfx011-screen-rank_maze_light-focused-scale2-reduced-narrow.png	dc0e8ab8705e2fe21f22cfbc03d188f6e08bdcd641be323ad7d9498fdd4b58e1	LIMITED	Fresh raw retained and digest-verified; contact page inspected, but raw was not directly opened, so PASS is not inferred
client_raw	0683_vfx011-screen-rank_maze_dark-focused-scale2-reduced-narrow.png	6176ca7c80c9796627d94feb3f868ee6db41e5b9ce1b532f3006008c46f42779	LIMITED	Fresh raw retained and digest-verified; contact page inspected, but raw was not directly opened, so PASS is not inferred
client_raw	0684_vfx011-screen-power_selection-selected-scale2-reduced-narrow.png	8910d3939e6f74ed2a0e1a47796857cf4f9c74922835c1a08c30f3de93d75004	LIMITED	Fresh raw retained and digest-verified; contact page inspected, but raw was not directly opened, so PASS is not inferred
client_raw	0685_vfx011-screen-artifact_catalogue-selected-scale2-reduced-narrow.png	f39c8f52b60c2a2b53eb747500f0c26be642eedf5be70f257472dc859e5ad24d	LIMITED	Fresh raw retained and digest-verified; contact page inspected, but raw was not directly opened, so PASS is not inferred
client_raw	0686_vfx011-screen-artifact_catalogue-empty-scale2-reduced-narrow.png	4d621319b74cd8ead1851bad7dec25b051ab0602942abbd569819df9c7618a9e	LIMITED	Fresh raw retained and digest-verified; contact page inspected, but raw was not directly opened, so PASS is not inferred
client_raw	0687_vfx011-screen-shadow_sword-selected-scale2-reduced-narrow.png	0e1be3bf0e47be12e3c37d6ea85d196930832c6683d051ef828b5ff73e6e3464	LIMITED	Fresh raw retained and digest-verified; contact page inspected, but raw was not directly opened, so PASS is not inferred
client_raw	0688_vfx011-screen-grimoire_index-preview-scale2-reduced-narrow.png	bc1447e3c69140d28fc9e7437f7579b4e9756eb7eb4b9eff1266fb0a361ab706	LIMITED	Fresh raw retained and digest-verified; contact page inspected, but raw was not directly opened, so PASS is not inferred
client_raw	0689_vfx011-screen-grimoire_index-empty-scale2-reduced-narrow.png	b04221e65449ace9c600ce315b08a6d98f4ad73b0d3425a473aa44b6f7da8c89	LIMITED	Fresh raw retained and digest-verified; contact page inspected, but raw was not directly opened, so PASS is not inferred
client_raw	0690_vfx011-screen-rainbow_convergence-sevenfold-scale2-reduced-narrow.png	948ba5de551b769949b66d45edbfe32d4cc7921505e484315bbbf74d99070827	LIMITED	Fresh raw retained and digest-verified; contact page inspected, but raw was not directly opened, so PASS is not inferred
client_raw	0691_vfx011-screen-reservoir_transfer-partial-scale2-reduced-narrow.png	48e210c53d3687ece0bff891d87209a3be2df3b0a9ee87c4971ee4b39bcb02ba	LIMITED	Fresh raw retained and digest-verified; contact page inspected, but raw was not directly opened, so PASS is not inferred
client_raw	0692_vfx011-screen-arcane_crucible-empty-scale2-reduced-narrow.png	171a875ad5c91423647f8a353f3e0b87a3255f9e8d061c3205d1e260a54a9b2b	LIMITED	Fresh raw retained and digest-verified; contact page inspected, but raw was not directly opened, so PASS is not inferred
client_raw	0693_vfx011-screen-arcane_crucible-populated_darkness-scale2-reduced-narrow.png	500c73b5634fee1de5e63ba5d2715a16f18557fd861bbd5ad3e54a35f75ebfd9	LIMITED	Fresh raw retained and digest-verified; contact page inspected, but raw was not directly opened, so PASS is not inferred
client_raw	0694_vfx011-screen-advancement_roots-skill-scale2-reduced-narrow.png	127aad1dcd3968f2b621916d51cc317ffd36f0233fc633b074a7b5948d9ca5ea	LIMITED	Fresh raw retained and digest-verified; contact page inspected, but raw was not directly opened, so PASS is not inferred
client_raw	0695_vfx011-screen-teleport-default-scale3-normal-wide.png	552bcfd8973e9a534a04000b4a5514dee4e18b49a49847b0817a5075029c4314	LIMITED	Fresh raw retained and digest-verified; contact page inspected, but raw was not directly opened, so PASS is not inferred
client_raw	0696_vfx011-screen-teleport-artifact-scale3-normal-wide.png	1e0337d0053832205deb693172ceb087b3880ac3f23f8530c602e15c19ef8213	LIMITED	Fresh raw retained and digest-verified; contact page inspected, but raw was not directly opened, so PASS is not inferred
client_raw	0697_vfx011-screen-locator-entity-scale3-normal-wide.png	bf60d55ddac4b07f251ac9ac6a3e671b6ff837b25eaa2357dad85f852a03f6b6	LIMITED	Fresh raw retained and digest-verified; contact page inspected, but raw was not directly opened, so PASS is not inferred
client_raw	0698_vfx011-screen-locator-world-scale3-normal-wide.png	144ca5a0c3b0b1e8eff454402ae70181279242c7492cc0a44a5a04ee4aab28da	LIMITED	Fresh raw retained and digest-verified; contact page inspected, but raw was not directly opened, so PASS is not inferred
client_raw	0699_vfx011-screen-rank_maze_light-focused-scale3-normal-wide.png	0f754347e83fe2cb030883a937d1aba49a1fd766989555701fc62f4749c9e5a9	LIMITED	Fresh raw retained and digest-verified; contact page inspected, but raw was not directly opened, so PASS is not inferred
client_raw	0700_vfx011-screen-rank_maze_dark-focused-scale3-normal-wide.png	2634dbe593feb3e0a42b15aecc7b9c5316edab6b96cb9863c824954ac5873807	LIMITED	Fresh raw retained and digest-verified; contact page inspected, but raw was not directly opened, so PASS is not inferred
client_raw	0701_vfx011-screen-power_selection-selected-scale3-normal-wide.png	a7de96bfe546b5fd7bdcea4385909f4d982bec7fdb8e855e7334b8d29cdaa08f	LIMITED	Fresh raw retained and digest-verified; contact page inspected, but raw was not directly opened, so PASS is not inferred
client_raw	0702_vfx011-screen-artifact_catalogue-selected-scale3-normal-wide.png	2227650c9c115d6d0bc700408922e64805fb424ac7c927726895e2c5dcc6c5a9	LIMITED	Fresh raw retained and digest-verified; contact page inspected, but raw was not directly opened, so PASS is not inferred
client_raw	0703_vfx011-screen-artifact_catalogue-empty-scale3-normal-wide.png	9b7f80f82bb274cab80f9b646108dfe7585c4b34667b48820839f8d890aff592	LIMITED	Fresh raw retained and digest-verified; contact page inspected, but raw was not directly opened, so PASS is not inferred
client_raw	0704_vfx011-screen-shadow_sword-selected-scale3-normal-wide.png	d7e73c9551f0558bb76ea29e454befe7063eb95a43004cbecf162f61be2b4556	LIMITED	Fresh raw retained and digest-verified; contact page inspected, but raw was not directly opened, so PASS is not inferred
client_raw	0705_vfx011-screen-grimoire_index-preview-scale3-normal-wide.png	cc461e9c9587d39b398f85edf387a1610c73018512a991c210bd9d4dcf5b73ff	LIMITED	Fresh raw retained and digest-verified; contact page inspected, but raw was not directly opened, so PASS is not inferred
client_raw	0706_vfx011-screen-grimoire_index-empty-scale3-normal-wide.png	69000739eea4b7ed5071556878d15bf849c80262c987e2dfbffef7a9109c8166	LIMITED	Fresh raw retained and digest-verified; contact page inspected, but raw was not directly opened, so PASS is not inferred
client_raw	0707_vfx011-screen-rainbow_convergence-sevenfold-scale3-normal-wide.png	78bd8ee2a4d222cb3f911f160026126209c5a2f507fc9c73020a9fe671327d4d	LIMITED	Fresh raw retained and digest-verified; contact page inspected, but raw was not directly opened, so PASS is not inferred
client_raw	0708_vfx011-screen-reservoir_transfer-partial-scale3-normal-wide.png	4d3fa4d26b66b37ec9f72ee7f78fdbb20efca204733a0476d50d85953d87393e	LIMITED	Fresh raw retained and digest-verified; contact page inspected, but raw was not directly opened, so PASS is not inferred
client_raw	0709_vfx011-screen-arcane_crucible-empty-scale3-normal-wide.png	ff8cb3739081d13d24590d7e592f77f86dc38837c413c248970a7f4870ca97eb	LIMITED	Fresh raw retained and digest-verified; contact page inspected, but raw was not directly opened, so PASS is not inferred
client_raw	0710_vfx011-screen-arcane_crucible-populated_darkness-scale3-normal-wide.png	ba81b9f942160f2651ba59db154afeb8875ca1be05ebb2ebd60df4bd92cb62af	LIMITED	Fresh raw retained and digest-verified; contact page inspected, but raw was not directly opened, so PASS is not inferred
client_raw	0711_vfx011-screen-advancement_roots-skill-scale3-normal-wide.png	111fcc45d3eaebfe3239a29e8e947e07685d1d9e7e813cee78e9c32a40709b7d	LIMITED	Fresh raw retained and digest-verified; contact page inspected, but raw was not directly opened, so PASS is not inferred
client_raw	0712_vfx011-screen-teleport-default-scale3-normal-narrow.png	2ef2115541be73ae35396d13cf8ef7139c1a81afec042fcfd0e7ed6a38e37992	LIMITED	Fresh raw retained and digest-verified; contact page inspected, but raw was not directly opened, so PASS is not inferred
client_raw	0713_vfx011-screen-teleport-artifact-scale3-normal-narrow.png	ce99f34f1d51868e855a92173672ea487463dd20a21e60f564b2edc833f67318	LIMITED	Fresh raw retained and digest-verified; contact page inspected, but raw was not directly opened, so PASS is not inferred
client_raw	0714_vfx011-screen-locator-entity-scale3-normal-narrow.png	b23cdacd7cb3beefe9efc245f8889cf43f09fb117d7f3442b2ea345f92ed00e5	LIMITED	Fresh raw retained and digest-verified; contact page inspected, but raw was not directly opened, so PASS is not inferred
client_raw	0715_vfx011-screen-locator-world-scale3-normal-narrow.png	f1be57415fe34d03cb15a6b3c109f5806903fe6367ffba2ee7cd63f6f87c8008	LIMITED	Fresh raw retained and digest-verified; contact page inspected, but raw was not directly opened, so PASS is not inferred
client_raw	0716_vfx011-screen-rank_maze_light-focused-scale3-normal-narrow.png	8a392ae03eaea2d308369413af70f3d244057cbb60b1760f4ceeff5cd0222784	LIMITED	Fresh raw retained and digest-verified; contact page inspected, but raw was not directly opened, so PASS is not inferred
client_raw	0717_vfx011-screen-rank_maze_dark-focused-scale3-normal-narrow.png	c03edd921db2ed6b77faf61961ea53a0cb245cd5875324104975817b663c42eb	LIMITED	Fresh raw retained and digest-verified; contact page inspected, but raw was not directly opened, so PASS is not inferred
client_raw	0718_vfx011-screen-power_selection-selected-scale3-normal-narrow.png	202dd652870b9a76e620c6b5d3bc9d02d34a916d693964a0b491ab9d2c6f104a	LIMITED	Fresh raw retained and digest-verified; contact page inspected, but raw was not directly opened, so PASS is not inferred
client_raw	0719_vfx011-screen-artifact_catalogue-selected-scale3-normal-narrow.png	a693724551a399484df38c6ef454f88bfe4559a4ae21cd16f3ae201e3ada1731	LIMITED	Fresh raw retained and digest-verified; contact page inspected, but raw was not directly opened, so PASS is not inferred
client_raw	0720_vfx011-screen-artifact_catalogue-empty-scale3-normal-narrow.png	d7387080c1a8dea5aba45fa603dacef2da7e96848eb1a72e0725ddfe0d46912d	LIMITED	Fresh raw retained and digest-verified; contact page inspected, but raw was not directly opened, so PASS is not inferred
client_raw	0721_vfx011-screen-shadow_sword-selected-scale3-normal-narrow.png	40bfde68641950cc51f110e2f5fdfabfa661c04a78bf4c2e5d8e0b22b5ad1dfc	LIMITED	Fresh raw retained and digest-verified; contact page inspected, but raw was not directly opened, so PASS is not inferred
client_raw	0722_vfx011-screen-grimoire_index-preview-scale3-normal-narrow.png	6f53c7c9de739cc58d6c8a7199882c002a8cb8c88034dfca8c2d98670ce0630f	LIMITED	Fresh raw retained and digest-verified; contact page inspected, but raw was not directly opened, so PASS is not inferred
client_raw	0723_vfx011-screen-grimoire_index-empty-scale3-normal-narrow.png	814fb98d02d2130c6ab8b2fe16c577118464b5934074bfd53c47f5a5c1222e6a	LIMITED	Fresh raw retained and digest-verified; contact page inspected, but raw was not directly opened, so PASS is not inferred
client_raw	0724_vfx011-screen-rainbow_convergence-sevenfold-scale3-normal-narrow.png	965466fc252475e2df5a844da861d1ae3f98ecb602d71cb78f649fe07d6cdd7c	LIMITED	Fresh raw retained and digest-verified; contact page inspected, but raw was not directly opened, so PASS is not inferred
client_raw	0725_vfx011-screen-reservoir_transfer-partial-scale3-normal-narrow.png	39924dbbdd4f1fe50abd70d7ce544fc06b28fa0c9a3b249efd6c328fa21a3c36	LIMITED	Fresh raw retained and digest-verified; contact page inspected, but raw was not directly opened, so PASS is not inferred
client_raw	0726_vfx011-screen-arcane_crucible-empty-scale3-normal-narrow.png	5dd17219a289ca2d102888f3889c9957795229ef589c2fb96b04931c457e79e9	LIMITED	Fresh raw retained and digest-verified; contact page inspected, but raw was not directly opened, so PASS is not inferred
client_raw	0727_vfx011-screen-arcane_crucible-populated_darkness-scale3-normal-narrow.png	b0229b0a9c882f744b1a5aff0300e35c48cda2da324b696d0a1b9909aa161a13	LIMITED	Fresh raw retained and digest-verified; contact page inspected, but raw was not directly opened, so PASS is not inferred
client_raw	0728_vfx011-screen-advancement_roots-skill-scale3-normal-narrow.png	b333e62a239c318ce10ceae85fa9712e302f91750a057750433384b034ac2110	LIMITED	Fresh raw retained and digest-verified; contact page inspected, but raw was not directly opened, so PASS is not inferred
client_raw	0729_vfx011-screen-teleport-default-scale3-reduced-wide.png	874fdb8d89ef41ca20fd8e12c174b5597921b3aa9b0bc9ff2c8af4e18b882bad	LIMITED	Fresh raw retained and digest-verified; contact page inspected, but raw was not directly opened, so PASS is not inferred
client_raw	0730_vfx011-screen-teleport-artifact-scale3-reduced-wide.png	3394fd5a6bdc4d82df81dd43c81db93dd55964e9fd6ab403246058bc00662ffe	LIMITED	Fresh raw retained and digest-verified; contact page inspected, but raw was not directly opened, so PASS is not inferred
client_raw	0731_vfx011-screen-locator-entity-scale3-reduced-wide.png	d6eb4dd7c5fbca3eac1801dfcb447c69a2093a8dcc09b56546d70dfc0ca2da9f	LIMITED	Fresh raw retained and digest-verified; contact page inspected, but raw was not directly opened, so PASS is not inferred
client_raw	0732_vfx011-screen-locator-world-scale3-reduced-wide.png	8c861c686eb6e009aca5d9bfbb9c2dcf2c8e04d1de67941c226d63ff9cd368a1	LIMITED	Fresh raw retained and digest-verified; contact page inspected, but raw was not directly opened, so PASS is not inferred
client_raw	0733_vfx011-screen-rank_maze_light-focused-scale3-reduced-wide.png	be4722086a2b9a58e8a1a463517bafdac799c14117150e78e4aa9df7e7cfa037	LIMITED	Fresh raw retained and digest-verified; contact page inspected, but raw was not directly opened, so PASS is not inferred
client_raw	0734_vfx011-screen-rank_maze_dark-focused-scale3-reduced-wide.png	404d90c90f063e11cbfdcd1eeefacd207ca343e2a374a28d8e20d58b64c0ea67	LIMITED	Fresh raw retained and digest-verified; contact page inspected, but raw was not directly opened, so PASS is not inferred
client_raw	0735_vfx011-screen-power_selection-selected-scale3-reduced-wide.png	3c52f884fb5f9c2e663ee0375b0e3ea05a26922380fff57f35b51e830f39cb43	LIMITED	Fresh raw retained and digest-verified; contact page inspected, but raw was not directly opened, so PASS is not inferred
client_raw	0736_vfx011-screen-artifact_catalogue-selected-scale3-reduced-wide.png	11a40ebeb04eff434a24b0fa68b0b83030a426e25e8b49db0eade070ea1fb974	LIMITED	Fresh raw retained and digest-verified; contact page inspected, but raw was not directly opened, so PASS is not inferred
client_raw	0737_vfx011-screen-artifact_catalogue-empty-scale3-reduced-wide.png	7a1909d9ae5a11b670377ccd6752a5e4781c9f9d910755c78bdbc6ff968a0053	LIMITED	Fresh raw retained and digest-verified; contact page inspected, but raw was not directly opened, so PASS is not inferred
client_raw	0738_vfx011-screen-shadow_sword-selected-scale3-reduced-wide.png	532b8f0ac01dbae9087f764d9bd5b3116b8940e2a36ed6b17d33eb4d3899b9b6	LIMITED	Fresh raw retained and digest-verified; contact page inspected, but raw was not directly opened, so PASS is not inferred
client_raw	0739_vfx011-screen-grimoire_index-preview-scale3-reduced-wide.png	ec1bb01c3395e2f089a03a832a677ec1478a5fb305dacdd5fd6577595444b664	LIMITED	Fresh raw retained and digest-verified; contact page inspected, but raw was not directly opened, so PASS is not inferred
client_raw	0740_vfx011-screen-grimoire_index-empty-scale3-reduced-wide.png	a81212801e16affbec283a50249b1f0f841fe5306de55e4f686b45b9e7d84abb	LIMITED	Fresh raw retained and digest-verified; contact page inspected, but raw was not directly opened, so PASS is not inferred
client_raw	0741_vfx011-screen-rainbow_convergence-sevenfold-scale3-reduced-wide.png	989c42155860da34e94ff853611496dd135cf06485cd46a63e451aadb4e5f601	LIMITED	Fresh raw retained and digest-verified; contact page inspected, but raw was not directly opened, so PASS is not inferred
client_raw	0742_vfx011-screen-reservoir_transfer-partial-scale3-reduced-wide.png	ba75ad288308a5a6ca1614d2330f43467dcfa237919b256e778a132b93b6c553	LIMITED	Fresh raw retained and digest-verified; contact page inspected, but raw was not directly opened, so PASS is not inferred
client_raw	0743_vfx011-screen-arcane_crucible-empty-scale3-reduced-wide.png	48636c83f615a281d2f10ed518bc0f01852d1732d1801b92b0b62b84e27c942e	LIMITED	Fresh raw retained and digest-verified; contact page inspected, but raw was not directly opened, so PASS is not inferred
client_raw	0744_vfx011-screen-arcane_crucible-populated_darkness-scale3-reduced-wide.png	174240844e080e2362281c80729f6efc23e000ddb59aae7ac08da67d6377b6b0	LIMITED	Fresh raw retained and digest-verified; contact page inspected, but raw was not directly opened, so PASS is not inferred
client_raw	0745_vfx011-screen-advancement_roots-skill-scale3-reduced-wide.png	dd394376ff288fbaebc030c0ac4ad4e6f4ff59358152517d9375d03b51c61b77	LIMITED	Fresh raw retained and digest-verified; contact page inspected, but raw was not directly opened, so PASS is not inferred
client_raw	0746_vfx011-screen-teleport-default-scale3-reduced-narrow.png	b5f14b776117783ea5d4b77aa5b5f4d2989ab53b49661f1ca4f2535d309055a5	LIMITED	Fresh raw retained and digest-verified; contact page inspected, but raw was not directly opened, so PASS is not inferred
client_raw	0747_vfx011-screen-teleport-artifact-scale3-reduced-narrow.png	3e5d9de68ef51491dac9195ccc62255bcf0e8e84b6e3dbd3fc6e4ad4ae480a13	LIMITED	Fresh raw retained and digest-verified; contact page inspected, but raw was not directly opened, so PASS is not inferred
client_raw	0748_vfx011-screen-locator-entity-scale3-reduced-narrow.png	fb347a7637bc9631dda0bdf4e2befc39a8c96e58b4110d14610752d884649c13	LIMITED	Fresh raw retained and digest-verified; contact page inspected, but raw was not directly opened, so PASS is not inferred
client_raw	0749_vfx011-screen-locator-world-scale3-reduced-narrow.png	c68b0a86cd375d016e4ead9c36bef9296368958b9e00d0677249af37adbe6b3c	LIMITED	Fresh raw retained and digest-verified; contact page inspected, but raw was not directly opened, so PASS is not inferred
client_raw	0750_vfx011-screen-rank_maze_light-focused-scale3-reduced-narrow.png	504660dbb86044ece9672b92d0b5c098b579d338d08279cd59a85ba351544c93	LIMITED	Fresh raw retained and digest-verified; contact page inspected, but raw was not directly opened, so PASS is not inferred
client_raw	0751_vfx011-screen-rank_maze_dark-focused-scale3-reduced-narrow.png	12741eaa9efa6af110c284d1bd516718410dd635e914d859c13366d8187f7827	LIMITED	Fresh raw retained and digest-verified; contact page inspected, but raw was not directly opened, so PASS is not inferred
client_raw	0752_vfx011-screen-power_selection-selected-scale3-reduced-narrow.png	1e5d02789432e333c9f36221dd71cfe5440ba3497d3ae1b442b57afc13401dcd	LIMITED	Fresh raw retained and digest-verified; contact page inspected, but raw was not directly opened, so PASS is not inferred
client_raw	0753_vfx011-screen-artifact_catalogue-selected-scale3-reduced-narrow.png	92b8d21c1eac340b79d40c1918299421105813c0a45e67479f6a42ccb710bcba	LIMITED	Fresh raw retained and digest-verified; contact page inspected, but raw was not directly opened, so PASS is not inferred
client_raw	0754_vfx011-screen-artifact_catalogue-empty-scale3-reduced-narrow.png	4dc8188083042cfc806b00d91ffb9f159c327501505a1012e9bbc84d37bd778d	LIMITED	Fresh raw retained and digest-verified; contact page inspected, but raw was not directly opened, so PASS is not inferred
client_raw	0755_vfx011-screen-shadow_sword-selected-scale3-reduced-narrow.png	103f7d5c0bfff2f5e7c087f33fe316a64ccb2879812c56c02d5768a7a8f1c161	LIMITED	Fresh raw retained and digest-verified; contact page inspected, but raw was not directly opened, so PASS is not inferred
client_raw	0756_vfx011-screen-grimoire_index-preview-scale3-reduced-narrow.png	83ebb49f8fa4e8993c39ac48744f5406fcf188fb1033352e2ba92892b15f33da	LIMITED	Fresh raw retained and digest-verified; contact page inspected, but raw was not directly opened, so PASS is not inferred
client_raw	0757_vfx011-screen-grimoire_index-empty-scale3-reduced-narrow.png	37098b0c4e8e593aaf633f49880a89f0dd6b0075904ba1ff9d6b507572e0fc87	LIMITED	Fresh raw retained and digest-verified; contact page inspected, but raw was not directly opened, so PASS is not inferred
client_raw	0758_vfx011-screen-rainbow_convergence-sevenfold-scale3-reduced-narrow.png	954b5a1a3ac8e8c2df1eb597c756cbdb0113662d26975f1e14dc21a9d1867b78	LIMITED	Fresh raw retained and digest-verified; contact page inspected, but raw was not directly opened, so PASS is not inferred
client_raw	0759_vfx011-screen-reservoir_transfer-partial-scale3-reduced-narrow.png	c836306218702827b09ac0c3841083fcf08aaa8366595ef45515ea4b7fa14464	LIMITED	Fresh raw retained and digest-verified; contact page inspected, but raw was not directly opened, so PASS is not inferred
client_raw	0760_vfx011-screen-arcane_crucible-empty-scale3-reduced-narrow.png	75eca82384759b67d54c1c6406af524c856b2c10b638157238bd6e10c87a92a6	LIMITED	Fresh raw retained and digest-verified; contact page inspected, but raw was not directly opened, so PASS is not inferred
client_raw	0761_vfx011-screen-arcane_crucible-populated_darkness-scale3-reduced-narrow.png	20012b6b522e3fb7b0adf9bfcccbcb54807cda7ac0930c28cb2a459accc106fd	LIMITED	Fresh raw retained and digest-verified; contact page inspected, but raw was not directly opened, so PASS is not inferred
client_raw	0762_vfx011-screen-advancement_roots-skill-scale3-reduced-narrow.png	7f6635e51848469bef7c7254d2f74480aa68666867b9832ffc1bd7e0b12580e0	LIMITED	Fresh raw retained and digest-verified; contact page inspected, but raw was not directly opened, so PASS is not inferred
client_raw	0763_vfx011-screen-teleport-default-scale4-normal-wide.png	2a46ab635774d4f29402c7ad51055c4e73429322a2d4f0ad66594b128de457f0	LIMITED	Fresh raw retained and digest-verified; contact page inspected, but raw was not directly opened, so PASS is not inferred
client_raw	0764_vfx011-screen-teleport-artifact-scale4-normal-wide.png	1101dc8698b09d82ec14455f83c85100683387244974f0350c7de6f74813fb93	LIMITED	Fresh raw retained and digest-verified; contact page inspected, but raw was not directly opened, so PASS is not inferred
client_raw	0765_vfx011-screen-locator-entity-scale4-normal-wide.png	0678319dc67be6811278941f4b565408a32ad9990e6e21f7031888e8f8ebe855	LIMITED	Fresh raw retained and digest-verified; contact page inspected, but raw was not directly opened, so PASS is not inferred
client_raw	0766_vfx011-screen-locator-world-scale4-normal-wide.png	9ba452d0b82e8a970a74a58cc0ac5da5f2c0ea29a0faf03f13da8e77b2fff1a1	LIMITED	Fresh raw retained and digest-verified; contact page inspected, but raw was not directly opened, so PASS is not inferred
client_raw	0767_vfx011-screen-rank_maze_light-focused-scale4-normal-wide.png	fca3c5c6c4975f35f48076dcab2491e2d910452cb1b07d80dee893226c5ed43f	LIMITED	Fresh raw retained and digest-verified; contact page inspected, but raw was not directly opened, so PASS is not inferred
client_raw	0768_vfx011-screen-rank_maze_dark-focused-scale4-normal-wide.png	cbea3aba78a1f1771f45f69ffce6adc4ea6bbe6e991e40984b7cc66c2862e163	LIMITED	Fresh raw retained and digest-verified; contact page inspected, but raw was not directly opened, so PASS is not inferred
client_raw	0769_vfx011-screen-power_selection-selected-scale4-normal-wide.png	713da88fd5fa03a91ca18b031adfdd0bc1eb58bdf82b5099e67c0d1373affa1c	LIMITED	Fresh raw retained and digest-verified; contact page inspected, but raw was not directly opened, so PASS is not inferred
client_raw	0770_vfx011-screen-artifact_catalogue-selected-scale4-normal-wide.png	e28bc5e8d94a783d4fa9dc73afa1d1959de0a85cbb465a876af3f703a80f7d86	PASS	Fresh retained raw screenshot inspected directly at full resolution with view_image; no visual defect observed
client_raw	0771_vfx011-screen-artifact_catalogue-empty-scale4-normal-wide.png	cd07da7b42600f0ad170d62633b6676574142ba5c1d6265aa72c58c287ac6dc0	LIMITED	Fresh raw retained and digest-verified; contact page inspected, but raw was not directly opened, so PASS is not inferred
client_raw	0772_vfx011-screen-shadow_sword-selected-scale4-normal-wide.png	cbb9b824e60b5c9571b5a9ddd690c4f5c5448eaea467368cf4aac4f1d0d62c9f	LIMITED	Fresh raw retained and digest-verified; contact page inspected, but raw was not directly opened, so PASS is not inferred
client_raw	0773_vfx011-screen-grimoire_index-preview-scale4-normal-wide.png	e592af6e5583ed461ba093f31cf081e6ed2bebdcc376ee63818e46f178c70ee1	PASS	Fresh retained raw screenshot inspected directly at full resolution with view_image; no visual defect observed
client_raw	0774_vfx011-screen-grimoire_index-empty-scale4-normal-wide.png	32133478a68c04a469f6b5e797b39f994da7464a496a1d51f8062489dcdff25c	LIMITED	Fresh raw retained and digest-verified; contact page inspected, but raw was not directly opened, so PASS is not inferred
client_raw	0775_vfx011-screen-rainbow_convergence-sevenfold-scale4-normal-wide.png	b7018e401c22735c0a6a1acffed901a401d480199659423fe7bae60b6a0bdc11	LIMITED	Fresh raw retained and digest-verified; contact page inspected, but raw was not directly opened, so PASS is not inferred
client_raw	0776_vfx011-screen-reservoir_transfer-partial-scale4-normal-wide.png	542b00634e801df81dfda43ee037a7907f8937380ea79c3f8a1a436295af792d	LIMITED	Fresh raw retained and digest-verified; contact page inspected, but raw was not directly opened, so PASS is not inferred
client_raw	0777_vfx011-screen-arcane_crucible-empty-scale4-normal-wide.png	1638b314c92c37d2c288c9e59e42e9117c62965cfdacba44c2ca0169e17169e3	LIMITED	Fresh raw retained and digest-verified; contact page inspected, but raw was not directly opened, so PASS is not inferred
client_raw	0778_vfx011-screen-arcane_crucible-populated_darkness-scale4-normal-wide.png	cfeba4f1a1034e626c7e887cda16b0665aebde718966d8cac5bf29d54beb40c7	LIMITED	Fresh raw retained and digest-verified; contact page inspected, but raw was not directly opened, so PASS is not inferred
client_raw	0779_vfx011-screen-advancement_roots-skill-scale4-normal-wide.png	2ea1d9af9223cb8210640dfc3d42d5a3d908e5d893c433bf0837dcf75253bac6	LIMITED	Fresh raw retained and digest-verified; contact page inspected, but raw was not directly opened, so PASS is not inferred
client_raw	0780_vfx011-screen-teleport-default-scale4-normal-narrow.png	a35e55215413626dffc349fc086c871bdb5156018076a7e0337d7ea9cba7485b	LIMITED	Fresh raw retained and digest-verified; contact page inspected, but raw was not directly opened, so PASS is not inferred
client_raw	0781_vfx011-screen-teleport-artifact-scale4-normal-narrow.png	e37fa94c799a89c399393763bca5a4b5dcf147d72c11b1243938a0fcbd2b4f23	LIMITED	Fresh raw retained and digest-verified; contact page inspected, but raw was not directly opened, so PASS is not inferred
client_raw	0782_vfx011-screen-locator-entity-scale4-normal-narrow.png	c06378a70c05fcfb040dc94ab01553c6dbc1a25dd6e79231593829575e159a4d	LIMITED	Fresh raw retained and digest-verified; contact page inspected, but raw was not directly opened, so PASS is not inferred
client_raw	0783_vfx011-screen-locator-world-scale4-normal-narrow.png	6231a2f4b3c399605f795842ec194a4da6469ad7adccf2aa2df548249fda22e0	LIMITED	Fresh raw retained and digest-verified; contact page inspected, but raw was not directly opened, so PASS is not inferred
client_raw	0784_vfx011-screen-rank_maze_light-focused-scale4-normal-narrow.png	150b209660ac4083c789eaefede720daeec9b0e36e760863e87a6118baa414ea	LIMITED	Fresh raw retained and digest-verified; contact page inspected, but raw was not directly opened, so PASS is not inferred
client_raw	0785_vfx011-screen-rank_maze_dark-focused-scale4-normal-narrow.png	c0d20a2308651edcb5314f90a3fe9ba5167075a1f5a8318e72b609e9f63b96cf	LIMITED	Fresh raw retained and digest-verified; contact page inspected, but raw was not directly opened, so PASS is not inferred
client_raw	0786_vfx011-screen-power_selection-selected-scale4-normal-narrow.png	330bd301280431de5a387328ecf69c85ea65e28773cc149b70174a10ca365b2d	LIMITED	Fresh raw retained and digest-verified; contact page inspected, but raw was not directly opened, so PASS is not inferred
client_raw	0787_vfx011-screen-artifact_catalogue-selected-scale4-normal-narrow.png	ea9a127f86bc20e87a898b3281f1741be8058ddd2e16e745d04ccb4bca83e7aa	LIMITED	Fresh raw retained and digest-verified; contact page inspected, but raw was not directly opened, so PASS is not inferred
client_raw	0788_vfx011-screen-artifact_catalogue-empty-scale4-normal-narrow.png	76f8373642aff0d323e73fb0196f3466c2a2be1820286ca6844a2f197a046919	LIMITED	Fresh raw retained and digest-verified; contact page inspected, but raw was not directly opened, so PASS is not inferred
client_raw	0789_vfx011-screen-shadow_sword-selected-scale4-normal-narrow.png	e18a59cf801e0d8b2aaf499567a8720c2df1103fefc9ab5d4eeb9fc7d1dc2ab9	LIMITED	Fresh raw retained and digest-verified; contact page inspected, but raw was not directly opened, so PASS is not inferred
client_raw	0790_vfx011-screen-grimoire_index-preview-scale4-normal-narrow.png	d732c9a797a3c2cfd0c2b158b5fcec3768d6cdddb474b57b557306c479cdba9c	LIMITED	Fresh raw retained and digest-verified; contact page inspected, but raw was not directly opened, so PASS is not inferred
client_raw	0791_vfx011-screen-grimoire_index-empty-scale4-normal-narrow.png	bf99208fa7d7fadc025c726a6cb5180dce04724aea25f7be800e82c2a0d849c7	LIMITED	Fresh raw retained and digest-verified; contact page inspected, but raw was not directly opened, so PASS is not inferred
client_raw	0792_vfx011-screen-rainbow_convergence-sevenfold-scale4-normal-narrow.png	7d4526b369815510952e608f5bede44a9e9ca9d3b6aab3541f8e5bf1df98b16d	LIMITED	Fresh raw retained and digest-verified; contact page inspected, but raw was not directly opened, so PASS is not inferred
client_raw	0793_vfx011-screen-reservoir_transfer-partial-scale4-normal-narrow.png	b35af02fdad60ed55b2f1b3398011b399e413430e9fe85822eacf3e198d993e1	LIMITED	Fresh raw retained and digest-verified; contact page inspected, but raw was not directly opened, so PASS is not inferred
client_raw	0794_vfx011-screen-arcane_crucible-empty-scale4-normal-narrow.png	2a473697a47a361f6ff2791de39686977125836b361273dd414caf101a74abc7	LIMITED	Fresh raw retained and digest-verified; contact page inspected, but raw was not directly opened, so PASS is not inferred
client_raw	0795_vfx011-screen-arcane_crucible-populated_darkness-scale4-normal-narrow.png	f28d3b7480dd5798d209315bf54feefc509334fb23198a167fd693cb5c36940a	LIMITED	Fresh raw retained and digest-verified; contact page inspected, but raw was not directly opened, so PASS is not inferred
client_raw	0796_vfx011-screen-advancement_roots-skill-scale4-normal-narrow.png	797bc7357ab6914bf9caa759c590d524ce3b453c3ab98456839cac7d2f4753e8	LIMITED	Fresh raw retained and digest-verified; contact page inspected, but raw was not directly opened, so PASS is not inferred
client_raw	0797_vfx011-screen-teleport-default-scale4-reduced-wide.png	cc75ff0120d0cc535f5e0307b74d5893353a8e68e8e6b5484e00f628187ed96c	LIMITED	Fresh raw retained and digest-verified; contact page inspected, but raw was not directly opened, so PASS is not inferred
client_raw	0798_vfx011-screen-teleport-artifact-scale4-reduced-wide.png	8a6e5f1bb0abd07a9885eb078cbc0ae6d4e8f4e1780430081a08b7516d00224f	LIMITED	Fresh raw retained and digest-verified; contact page inspected, but raw was not directly opened, so PASS is not inferred
client_raw	0799_vfx011-screen-locator-entity-scale4-reduced-wide.png	f4b0d7b9695a882b14f1e07090194e535a463f411e32ded2caf7af7c2a511e91	LIMITED	Fresh raw retained and digest-verified; contact page inspected, but raw was not directly opened, so PASS is not inferred
client_raw	0800_vfx011-screen-locator-world-scale4-reduced-wide.png	7ba5f1fabd7f9e401392caef46fc89c7078b9b5dbbc90c25a300c0e0e748ecba	LIMITED	Fresh raw retained and digest-verified; contact page inspected, but raw was not directly opened, so PASS is not inferred
client_raw	0801_vfx011-screen-rank_maze_light-focused-scale4-reduced-wide.png	37ed2fdacebf0ee01ebd1f23ca48ef93330f4cd2375148a5b574fec302a5401b	LIMITED	Fresh raw retained and digest-verified; contact page inspected, but raw was not directly opened, so PASS is not inferred
client_raw	0802_vfx011-screen-rank_maze_dark-focused-scale4-reduced-wide.png	6aad1e93c8f84499d8fa6044c34684877ab3a96be1a477f4d45f8c5cedef29ae	LIMITED	Fresh raw retained and digest-verified; contact page inspected, but raw was not directly opened, so PASS is not inferred
client_raw	0803_vfx011-screen-power_selection-selected-scale4-reduced-wide.png	929a46051b0aa28228936a3705bb60fc97bbcc82bb453a05f21f353c7dd0787d	LIMITED	Fresh raw retained and digest-verified; contact page inspected, but raw was not directly opened, so PASS is not inferred
client_raw	0804_vfx011-screen-artifact_catalogue-selected-scale4-reduced-wide.png	342b69bc501d7e56a2126403c63d296abef042bc04dbeba11ad74a064d4e2d2c	LIMITED	Fresh raw retained and digest-verified; contact page inspected, but raw was not directly opened, so PASS is not inferred
client_raw	0805_vfx011-screen-artifact_catalogue-empty-scale4-reduced-wide.png	a74dcba341e35bcf4940f750e382c386e4f7b01b1da00294a8e547bfe57584d6	LIMITED	Fresh raw retained and digest-verified; contact page inspected, but raw was not directly opened, so PASS is not inferred
client_raw	0806_vfx011-screen-shadow_sword-selected-scale4-reduced-wide.png	0a7af8e2465b99bb0caf8e207739278cce32e766e273bde6096c64c444c89f30	LIMITED	Fresh raw retained and digest-verified; contact page inspected, but raw was not directly opened, so PASS is not inferred
client_raw	0807_vfx011-screen-grimoire_index-preview-scale4-reduced-wide.png	389b8b507040c4564c3598fa28dcbbb894532736e6754d2426442c837a4c8b39	LIMITED	Fresh raw retained and digest-verified; contact page inspected, but raw was not directly opened, so PASS is not inferred
client_raw	0808_vfx011-screen-grimoire_index-empty-scale4-reduced-wide.png	69b49764c5b90450c7eea125ca0be139e7d39d922f37a3dc46e96a0d970526a2	LIMITED	Fresh raw retained and digest-verified; contact page inspected, but raw was not directly opened, so PASS is not inferred
client_raw	0809_vfx011-screen-rainbow_convergence-sevenfold-scale4-reduced-wide.png	168a4b66154e2a1c5ee8ea77bc42b231a1ea4aa5745d55a3b24bf8fd9bf65dfc	LIMITED	Fresh raw retained and digest-verified; contact page inspected, but raw was not directly opened, so PASS is not inferred
client_raw	0810_vfx011-screen-reservoir_transfer-partial-scale4-reduced-wide.png	908a15c786bbf7f3336835ead7b411e07d88aba37c7b22812d86c1a8e1a5cf26	LIMITED	Fresh raw retained and digest-verified; contact page inspected, but raw was not directly opened, so PASS is not inferred
client_raw	0811_vfx011-screen-arcane_crucible-empty-scale4-reduced-wide.png	59011ee3261ed585ced6b4dfad9f9479259cb38bf6729443ddc74bec3577bd59	LIMITED	Fresh raw retained and digest-verified; contact page inspected, but raw was not directly opened, so PASS is not inferred
client_raw	0812_vfx011-screen-arcane_crucible-populated_darkness-scale4-reduced-wide.png	a7dfa45d179e525789ce622c8ab9913f5fdce7a4c857e5be730280eb13c6fc27	LIMITED	Fresh raw retained and digest-verified; contact page inspected, but raw was not directly opened, so PASS is not inferred
client_raw	0813_vfx011-screen-advancement_roots-skill-scale4-reduced-wide.png	292ae00ec59376aca5012142d4bbc9b6ac1f7a5e3e7455a411fcded3cbb63aa9	LIMITED	Fresh raw retained and digest-verified; contact page inspected, but raw was not directly opened, so PASS is not inferred
client_raw	0814_vfx011-screen-teleport-default-scale4-reduced-narrow.png	5337efe7acfa9dcb76ee5cb9eab0d594eabc14ac81955528b402dfdd3ae21a43	LIMITED	Fresh raw retained and digest-verified; contact page inspected, but raw was not directly opened, so PASS is not inferred
client_raw	0815_vfx011-screen-teleport-artifact-scale4-reduced-narrow.png	bc862f47b89a64dba00ef420aefa15e38ba7868e4613004a107fc7768b4309ad	LIMITED	Fresh raw retained and digest-verified; contact page inspected, but raw was not directly opened, so PASS is not inferred
client_raw	0816_vfx011-screen-locator-entity-scale4-reduced-narrow.png	e83ec0e5cbd4911df4c59b82f45a4ee3ebae77db6ba8d3df3d73f186779b8cb3	LIMITED	Fresh raw retained and digest-verified; contact page inspected, but raw was not directly opened, so PASS is not inferred
client_raw	0817_vfx011-screen-locator-world-scale4-reduced-narrow.png	e0b4cc91e2e800b7ae13defebc81b502b7fe9a6d8aa20d56be7cba4ec6bdc357	LIMITED	Fresh raw retained and digest-verified; contact page inspected, but raw was not directly opened, so PASS is not inferred
client_raw	0818_vfx011-screen-rank_maze_light-focused-scale4-reduced-narrow.png	4b7831856391322f6cb09e29f120d9ce7811529dcd85b4e4fff64b8a945c590d	LIMITED	Fresh raw retained and digest-verified; contact page inspected, but raw was not directly opened, so PASS is not inferred
client_raw	0819_vfx011-screen-rank_maze_dark-focused-scale4-reduced-narrow.png	1fbf7fea15177f0fe520c43755a955b668fcc33df38518a98bb39ec3ecf986cc	LIMITED	Fresh raw retained and digest-verified; contact page inspected, but raw was not directly opened, so PASS is not inferred
client_raw	0820_vfx011-screen-power_selection-selected-scale4-reduced-narrow.png	2e82f1e46bc9e3db4e5e2bbf250a4237387164c5093810e71b5c1286a9d2b258	LIMITED	Fresh raw retained and digest-verified; contact page inspected, but raw was not directly opened, so PASS is not inferred
client_raw	0821_vfx011-screen-artifact_catalogue-selected-scale4-reduced-narrow.png	7631a44469c0af5bd8751035765bd58b071aa9009af5c1d7b1beec0ae9294ffc	LIMITED	Fresh raw retained and digest-verified; contact page inspected, but raw was not directly opened, so PASS is not inferred
client_raw	0822_vfx011-screen-artifact_catalogue-empty-scale4-reduced-narrow.png	373aaef460a90c42ce7e6cb4faf2d96ff3b5b1accc349b872224ec08197375f1	LIMITED	Fresh raw retained and digest-verified; contact page inspected, but raw was not directly opened, so PASS is not inferred
client_raw	0823_vfx011-screen-shadow_sword-selected-scale4-reduced-narrow.png	2aae4b8f34353553f571ffcf063dcf277b5bcf306279fad4d2800e9d635fa87c	LIMITED	Fresh raw retained and digest-verified; contact page inspected, but raw was not directly opened, so PASS is not inferred
client_raw	0824_vfx011-screen-grimoire_index-preview-scale4-reduced-narrow.png	3495725d2e6f3edb8d6d439cbbbd47ea757715c81e786105488a3f1c56a71812	LIMITED	Fresh raw retained and digest-verified; contact page inspected, but raw was not directly opened, so PASS is not inferred
client_raw	0825_vfx011-screen-grimoire_index-empty-scale4-reduced-narrow.png	df121310cb05d39167657a7193ba7c38b8016a09f2f1f21a95156eea52ce82ee	LIMITED	Fresh raw retained and digest-verified; contact page inspected, but raw was not directly opened, so PASS is not inferred
client_raw	0826_vfx011-screen-rainbow_convergence-sevenfold-scale4-reduced-narrow.png	3c43cc106e227466eda92338b944cbacc9fa4bf1103dd1c31eda7d3b3fe8cb1e	LIMITED	Fresh raw retained and digest-verified; contact page inspected, but raw was not directly opened, so PASS is not inferred
client_raw	0827_vfx011-screen-reservoir_transfer-partial-scale4-reduced-narrow.png	c57b6dd8b2340f29b1d6d17bb66f1cec121d350514f70c3038c200f2325a3ef6	LIMITED	Fresh raw retained and digest-verified; contact page inspected, but raw was not directly opened, so PASS is not inferred
client_raw	0828_vfx011-screen-arcane_crucible-empty-scale4-reduced-narrow.png	8f36427ae89889b6bccd833bf3cccb584fc290a633ae29b45b932f2fe3a8e68d	LIMITED	Fresh raw retained and digest-verified; contact page inspected, but raw was not directly opened, so PASS is not inferred
client_raw	0829_vfx011-screen-arcane_crucible-populated_darkness-scale4-reduced-narrow.png	ca3d34770acea38671f22f291e15e72dfa7a09f8b1669e751088b78d52526ddb	LIMITED	Fresh raw retained and digest-verified; contact page inspected, but raw was not directly opened, so PASS is not inferred
client_raw	0830_vfx011-screen-advancement_roots-skill-scale4-reduced-narrow.png	daf7e2a211372af3aeb0013678dd00cb8e52239f82eb4a1aee45793f5807e6ce	LIMITED	Fresh raw retained and digest-verified; contact page inspected, but raw was not directly opened, so PASS is not inferred
client_raw	0831_vfx011-screen-artifact_catalogue-hover-scale2-normal-wide.png	7370df7c64f3e7e3c33227ed4974d30cb3112eba92ada4f4e90513939b18addc	PASS	Fresh retained raw screenshot inspected directly at full resolution with view_image; no visual defect observed
client_raw	0832_vfx011-screen-teleport-invalid_coordinates-scale2-normal-wide.png	74f59884e454dbfbefb87ab10288168dea98802bc9d61b5314d5018a9e9af46a	LIMITED	Fresh raw retained and digest-verified; contact page inspected, but raw was not directly opened, so PASS is not inferred
client_raw	0833_vfx011-hud-combination-realm_dark-normal.png	703b00d50e70b005bdd46b9e525d16cb59109cf7b58ce2879f14e0b8fde625de	LIMITED	Fresh raw retained and digest-verified; contact page inspected, but raw was not directly opened, so PASS is not inferred
client_raw	0834_vfx011-hud-combination-realm_dark-reduced.png	ac81b1d1bf65163ce073e16b8a71b381ee804bfd3186927bcbde8f715ca1cca7	LIMITED	Fresh raw retained and digest-verified; contact page inspected, but raw was not directly opened, so PASS is not inferred
client_raw	0835_vfx011-hud-energy-normal-half1-normal.png	6becbc7078bbf01db30d2573b3cd8bf63c68730f6afa5e9846f22c6066a74234	LIMITED	Fresh raw retained and digest-verified; contact page inspected, but raw was not directly opened, so PASS is not inferred
client_raw	0836_vfx011-hud-energy-normal-half2-normal.png	3e054de2593174fff567ff51b3d233d0c94a8fbdb47738ec4c25841b8c1b48d2	LIMITED	Fresh raw retained and digest-verified; contact page inspected, but raw was not directly opened, so PASS is not inferred
client_raw	0837_vfx011-hud-energy-normal-half3-normal.png	18ef20183dcb796ecfbadf3a0d2115b928269347de56c8360d3150330aa7f883	LIMITED	Fresh raw retained and digest-verified; contact page inspected, but raw was not directly opened, so PASS is not inferred
client_raw	0838_vfx011-hud-energy-normal-half4-normal.png	d15d11160e86f4723471f01b79648e7f2b7c8ca085e5e537b0cc0305b8c95a0e	LIMITED	Fresh raw retained and digest-verified; contact page inspected, but raw was not directly opened, so PASS is not inferred
client_raw	0839_vfx011-hud-energy-normal-half5-normal.png	1045d0d1111169fbfb515ec66b3e8619cfddbe24fe75ba08001909fca167557c	LIMITED	Fresh raw retained and digest-verified; contact page inspected, but raw was not directly opened, so PASS is not inferred
client_raw	0840_vfx011-hud-energy-normal-half6-normal.png	af8d45a7e06ccc123cad35feafbdd909d3170481fc42251cde76c5976f28ca55	LIMITED	Fresh raw retained and digest-verified; contact page inspected, but raw was not directly opened, so PASS is not inferred
client_raw	0841_vfx011-hud-energy-normal-half7-normal.png	e213f76ca7e4a9d55ab45ccde63d4e83d1b9726c8723eb3e4385b410c4f0d024	LIMITED	Fresh raw retained and digest-verified; contact page inspected, but raw was not directly opened, so PASS is not inferred
client_raw	0842_vfx011-hud-energy-normal-half8-normal.png	a2b82fe4dca5dc8a39b5132d1b3f6bacf33c42469f43a7e0e9ae1f93c5473b9d	LIMITED	Fresh raw retained and digest-verified; contact page inspected, but raw was not directly opened, so PASS is not inferred
client_raw	0843_vfx011-hud-energy-normal-half9-normal.png	0b4bd47f38614ec5be2b9910bae449ebf32709ceeccb572e1382ce3abd2f0d9b	LIMITED	Fresh raw retained and digest-verified; contact page inspected, but raw was not directly opened, so PASS is not inferred
client_raw	0844_vfx011-hud-energy-normal-half10-normal.png	874144f90c73273558ddafe1630b5ff9bafefc1c4d9a4970a3d0207aaad5ccf2	PASS	Fresh retained raw screenshot inspected directly at full resolution with view_image; no visual defect observed
client_raw	0845_vfx011-hud-energy-normal-half11-normal.png	1595374e86e2ab32f657379378f80e04ebc8e873b92a012838852b2ae0d1d723	LIMITED	Fresh raw retained and digest-verified; contact page inspected, but raw was not directly opened, so PASS is not inferred
client_raw	0846_vfx011-hud-energy-normal-half12-normal.png	9e93a3572e7a34a8082f7e386118d1b21d096a1b8222d4ca4e926cd6d15e2b0b	LIMITED	Fresh raw retained and digest-verified; contact page inspected, but raw was not directly opened, so PASS is not inferred
client_raw	0847_vfx011-hud-energy-normal-half13-normal.png	44ee40172653a8b586c55bc88c5e40dfa7b8a051a8228fe4ab18203e5b3796e9	LIMITED	Fresh raw retained and digest-verified; contact page inspected, but raw was not directly opened, so PASS is not inferred
client_raw	0848_vfx011-hud-energy-normal-half14-normal.png	882f2130f23643e59fb9e8975dbd3e4176f0684f82bca505f25952744ab8a41a	LIMITED	Fresh raw retained and digest-verified; contact page inspected, but raw was not directly opened, so PASS is not inferred
client_raw	0849_vfx011-hud-energy-normal-half15-normal.png	4497392472c59dddc1da536fdc47955a9020b200330f85f9dbf94890b605ce08	LIMITED	Fresh raw retained and digest-verified; contact page inspected, but raw was not directly opened, so PASS is not inferred
client_raw	0850_vfx011-hud-energy-normal-half16-normal.png	2349b94de7742c37e945a843e96984ccf51dca21ddddc0c2a6c174b29baba512	LIMITED	Fresh raw retained and digest-verified; contact page inspected, but raw was not directly opened, so PASS is not inferred
client_raw	0851_vfx011-hud-energy-normal-half17-normal.png	c610750dba7b712e7479a44e9ef1abe51660c32a8eb16f92446121251a8b26c9	LIMITED	Fresh raw retained and digest-verified; contact page inspected, but raw was not directly opened, so PASS is not inferred
client_raw	0852_vfx011-hud-energy-normal-half18-normal.png	8c79b6eece7af01316d76198449debfafaf1f89043038f81259be371920416d3	LIMITED	Fresh raw retained and digest-verified; contact page inspected, but raw was not directly opened, so PASS is not inferred
client_raw	0853_vfx011-hud-energy-normal-half19-normal.png	0ce20a85cc96eeb5b112bbbe76a18e5a350ad919e17deba01af0efa842610b57	LIMITED	Fresh raw retained and digest-verified; contact page inspected, but raw was not directly opened, so PASS is not inferred
client_raw	0854_vfx011-hud-energy-normal-half20-normal.png	b61cf70afe4f4a588eb523925e4e2626150df1a4abf13311a1e3b14df668d8b6	LIMITED	Fresh raw retained and digest-verified; contact page inspected, but raw was not directly opened, so PASS is not inferred
client_raw	0855_vfx011-hud-energy-empty-half0-normal.png	a80d854447e756a49522b3488b76adb74c1fe22ae6b028f915d5a0bebc84132e	LIMITED	Fresh raw retained and digest-verified; contact page inspected, but raw was not directly opened, so PASS is not inferred
client_raw	0856_vfx011-hud-energy-dampened-half0-normal.png	ff388c01bd702c13ba8520eeb61a80cb90a29fa90cc649e3badf7dafa5c7d56b	LIMITED	Fresh raw retained and digest-verified; contact page inspected, but raw was not directly opened, so PASS is not inferred
client_raw	0857_vfx011-hud-energy-dampened-half1-normal.png	03b6737bcd3001d70b43dc10bc1b9a35f6327060b61bb0308a39a7373c3a9ba3	LIMITED	Fresh raw retained and digest-verified; contact page inspected, but raw was not directly opened, so PASS is not inferred
client_raw	0858_vfx011-hud-energy-dampened-half2-normal.png	f896f31b15b1f239573ad830f79a84e53361ced23b7ab203a3a8cd5977b66731	LIMITED	Fresh raw retained and digest-verified; contact page inspected, but raw was not directly opened, so PASS is not inferred
client_raw	0859_vfx011-hud-energy-dampened-half3-normal.png	a58bb836d9b3939e3dff36fdf0db9de75890291409a5d97b0cfe74ced66aa618	LIMITED	Fresh raw retained and digest-verified; contact page inspected, but raw was not directly opened, so PASS is not inferred
client_raw	0860_vfx011-hud-energy-dampened-half4-normal.png	f954cc74e3bc0a96dcc9b3f500c536df9f00c35236c952e72184d5e84ddf7da4	LIMITED	Fresh raw retained and digest-verified; contact page inspected, but raw was not directly opened, so PASS is not inferred
client_raw	0861_vfx011-hud-energy-dampened-half5-normal.png	5024fbef0ee32765400756788ce2f2950fa0600a10124f006d38aa33670efc60	LIMITED	Fresh raw retained and digest-verified; contact page inspected, but raw was not directly opened, so PASS is not inferred
client_raw	0862_vfx011-hud-energy-dampened-half6-normal.png	494a803d9354cb86648969ac4ee64c1e8cdb79fca32ed03ac7ef4a70b08939ae	LIMITED	Fresh raw retained and digest-verified; contact page inspected, but raw was not directly opened, so PASS is not inferred
client_raw	0863_vfx011-hud-energy-dampened-half7-normal.png	a2174eb001bd82d75c9d1b9a156087d59ad04e5644b2c5437c2fd278461efe32	LIMITED	Fresh raw retained and digest-verified; contact page inspected, but raw was not directly opened, so PASS is not inferred
client_raw	0864_vfx011-hud-energy-dampened-half8-normal.png	14e41e2ba7369337c4f601efb2ca55fbce8fe6f6c437141e4ec2c6436b18e138	LIMITED	Fresh raw retained and digest-verified; contact page inspected, but raw was not directly opened, so PASS is not inferred
client_raw	0865_vfx011-hud-energy-dampened-half9-normal.png	a8b8c5547e038bde4e07b18d6ff8247164f280b0119956a33dbec4f72fc06248	LIMITED	Fresh raw retained and digest-verified; contact page inspected, but raw was not directly opened, so PASS is not inferred
client_raw	0866_vfx011-hud-energy-dampened-half10-normal.png	1f3669fd014744ba86d61443ecf36281232a948aa73437a6a0093777ea00d1da	LIMITED	Fresh raw retained and digest-verified; contact page inspected, but raw was not directly opened, so PASS is not inferred
client_raw	0867_vfx011-hud-energy-dampened-half11-normal.png	402e06baa87d840df8abca180374788d43b21c61e43887a99bb96959b319a62d	LIMITED	Fresh raw retained and digest-verified; contact page inspected, but raw was not directly opened, so PASS is not inferred
client_raw	0868_vfx011-hud-energy-dampened-half12-normal.png	a5fe315b0eef84c2981bb62b6414e6a9f7f810502b90dbe67a73f77ab5e73cdb	LIMITED	Fresh raw retained and digest-verified; contact page inspected, but raw was not directly opened, so PASS is not inferred
client_raw	0869_vfx011-hud-energy-dampened-half13-normal.png	63fe5bb3597c4433f1e06b09420eebbdb3cb077b8030cbadefdbcfd42a89f3d6	LIMITED	Fresh raw retained and digest-verified; contact page inspected, but raw was not directly opened, so PASS is not inferred
client_raw	0870_vfx011-hud-energy-dampened-half14-normal.png	9f40e15255735d2e1b7f7d2a66e48ed50d226786ef533e642660bed0662f6e06	LIMITED	Fresh raw retained and digest-verified; contact page inspected, but raw was not directly opened, so PASS is not inferred
client_raw	0871_vfx011-hud-energy-dampened-half15-normal.png	50c89f91a15740ec34f0e3d94e293a0dfbb22cf16c1b5fa613676dbbb8cb2c40	LIMITED	Fresh raw retained and digest-verified; contact page inspected, but raw was not directly opened, so PASS is not inferred
client_raw	0872_vfx011-hud-energy-dampened-half16-normal.png	c5fbd056e50de9f71f6527ca49889bb4bcc6fd12d4b0ba1b8379f2f62db3c4da	LIMITED	Fresh raw retained and digest-verified; contact page inspected, but raw was not directly opened, so PASS is not inferred
client_raw	0873_vfx011-hud-energy-dampened-half17-normal.png	625adfb5c8c4610af5e3fd1ec1a335287f26c774ba0863033a02b16f6f930232	LIMITED	Fresh raw retained and digest-verified; contact page inspected, but raw was not directly opened, so PASS is not inferred
client_raw	0874_vfx011-hud-energy-dampened-half18-normal.png	d083a0551619c455502119f472aab73f25e0b40578477c9b657157156ce6a89f	LIMITED	Fresh raw retained and digest-verified; contact page inspected, but raw was not directly opened, so PASS is not inferred
client_raw	0875_vfx011-hud-energy-dampened-half19-normal.png	4e2bb9a3d08f998b27b98f5c4b57482d86b5c70f493a97661a2055ad76b1c405	LIMITED	Fresh raw retained and digest-verified; contact page inspected, but raw was not directly opened, so PASS is not inferred
client_raw	0876_vfx011-hud-energy-dampened-half20-normal.png	8158c6e3d52dbdae08e3a521f53710a8599f7c81b0a33bb34ed44ebba195c242	LIMITED	Fresh raw retained and digest-verified; contact page inspected, but raw was not directly opened, so PASS is not inferred
client_raw	0877_vfx011-hud-energy-darkness-half1-normal.png	912e0db823e82eaa18333276a6400b23ef94f42c340300e8d1c47bf5195baf63	LIMITED	Fresh raw retained and digest-verified; contact page inspected, but raw was not directly opened, so PASS is not inferred
client_raw	0878_vfx011-hud-energy-darkness-half2-normal.png	332903f1a0517519dabd1b6cbf78d05f5cb7caaa80a176df82534dd4201a8be7	LIMITED	Fresh raw retained and digest-verified; contact page inspected, but raw was not directly opened, so PASS is not inferred
client_raw	0879_vfx011-hud-energy-darkness-half3-normal.png	12a6c4fd9ef62522778974db7a9dde4c68623f269fe52be218b5f5a36b39723f	LIMITED	Fresh raw retained and digest-verified; contact page inspected, but raw was not directly opened, so PASS is not inferred
client_raw	0880_vfx011-hud-energy-darkness-half4-normal.png	3a66be11cb7cdc88b925db751772c4841e525a6b1e372c318843dda43b114433	LIMITED	Fresh raw retained and digest-verified; contact page inspected, but raw was not directly opened, so PASS is not inferred
client_raw	0881_vfx011-hud-energy-darkness-half5-normal.png	c8e86f32a78d7ffce710379460450676f43c4a0ed457071a16e1512d13ec71d9	LIMITED	Fresh raw retained and digest-verified; contact page inspected, but raw was not directly opened, so PASS is not inferred
client_raw	0882_vfx011-hud-energy-darkness-half6-normal.png	bf65c81d5e7bd96b66e99298f9c08b2fc672814d8aa82758fa8a5cd49a5aeff8	LIMITED	Fresh raw retained and digest-verified; contact page inspected, but raw was not directly opened, so PASS is not inferred
client_raw	0883_vfx011-hud-energy-darkness-half7-normal.png	82df6edd9d5e8231a2f9620440b4afeda21da86aa74be8643e59d23add616ff0	LIMITED	Fresh raw retained and digest-verified; contact page inspected, but raw was not directly opened, so PASS is not inferred
client_raw	0884_vfx011-hud-energy-darkness-half8-normal.png	0a97910ea152a53c642b118655d50403a67c0a9e526aa5b4c98fcac3b35d9e88	LIMITED	Fresh raw retained and digest-verified; contact page inspected, but raw was not directly opened, so PASS is not inferred
client_raw	0885_vfx011-hud-energy-darkness-half9-normal.png	75f30b1b6399ed377cea569a08ba494293090c16adce0777d2ff2ff1b7043764	LIMITED	Fresh raw retained and digest-verified; contact page inspected, but raw was not directly opened, so PASS is not inferred
client_raw	0886_vfx011-hud-energy-darkness-half10-normal.png	57f6659cbc3c9bd507a3cee1a7dbec1845c52a436630cd8051536713093a14a2	LIMITED	Fresh raw retained and digest-verified; contact page inspected, but raw was not directly opened, so PASS is not inferred
client_raw	0887_vfx011-hud-energy-darkness-half11-normal.png	f1cf2a1db163dc834de0138b89021ba2a8e225cc6066c6e3efaac4b16f6a6862	LIMITED	Fresh raw retained and digest-verified; contact page inspected, but raw was not directly opened, so PASS is not inferred
client_raw	0888_vfx011-hud-energy-darkness-half12-normal.png	5f6a7e8c5129a95d95af05eec3134b10b528fd32e945416d7eadf7b28d935abf	LIMITED	Fresh raw retained and digest-verified; contact page inspected, but raw was not directly opened, so PASS is not inferred
client_raw	0889_vfx011-hud-energy-darkness-half13-normal.png	4e6b02088cfd6accd2b5110da3b5e5d0f5f001d68d5e046dc268033e5d9a47e8	LIMITED	Fresh raw retained and digest-verified; contact page inspected, but raw was not directly opened, so PASS is not inferred
client_raw	0890_vfx011-hud-energy-darkness-half14-normal.png	d71702c3600d360f50a0bf21cba01f0c66f17f3d40dd351c5a1f95f22c594bf5	LIMITED	Fresh raw retained and digest-verified; contact page inspected, but raw was not directly opened, so PASS is not inferred
client_raw	0891_vfx011-hud-energy-darkness-half15-normal.png	e30b4d8f0fd222249712ea0ca6d419460191ff3ef69564b59ad370788c0f085f	LIMITED	Fresh raw retained and digest-verified; contact page inspected, but raw was not directly opened, so PASS is not inferred
client_raw	0892_vfx011-hud-energy-darkness-half16-normal.png	bbe418422672a199404aa10017f8cda3b8e3eb9255865427a84d793ac230595e	LIMITED	Fresh raw retained and digest-verified; contact page inspected, but raw was not directly opened, so PASS is not inferred
client_raw	0893_vfx011-hud-energy-darkness-half17-normal.png	38749b47c065a2ba002192d753e563554cffb908974a60d1047f29bf08e1ba21	LIMITED	Fresh raw retained and digest-verified; contact page inspected, but raw was not directly opened, so PASS is not inferred
client_raw	0894_vfx011-hud-energy-darkness-half18-normal.png	5a5f3269e7220b510dac58e85a1a2266b7cba840d807514f8db9ed629cd69e4c	LIMITED	Fresh raw retained and digest-verified; contact page inspected, but raw was not directly opened, so PASS is not inferred
client_raw	0895_vfx011-hud-energy-darkness-half19-normal.png	e932773896dce8e1c9f295423976de33b3f4b33fa31a972d551e9538c64aeacf	LIMITED	Fresh raw retained and digest-verified; contact page inspected, but raw was not directly opened, so PASS is not inferred
client_raw	0896_vfx011-hud-energy-darkness-half20-normal.png	edeaac82bf30ba831c2db487c54bf3e31b7ace97f91f42a5e9946d01f523a3ab	LIMITED	Fresh raw retained and digest-verified; contact page inspected, but raw was not directly opened, so PASS is not inferred
client_raw	0897_vfx011-hud-energy-projection-half1-normal.png	37789b54ae2fa260f981f8aedc2728b1064893ac3738d2b4cd94c09bf4186fe6	LIMITED	Fresh raw retained and digest-verified; contact page inspected, but raw was not directly opened, so PASS is not inferred
client_raw	0898_vfx011-hud-energy-projection-half2-normal.png	bbeb95a1e142b1431a783548d2064ed44c5e465ae6f525ef513c5bc08fa33a9a	LIMITED	Fresh raw retained and digest-verified; contact page inspected, but raw was not directly opened, so PASS is not inferred
client_raw	0899_vfx011-hud-energy-projection-half3-normal.png	7cf3da2ec26e2c64065cc308d4a0c338ad576cbdee876950b2e060137d188b69	LIMITED	Fresh raw retained and digest-verified; contact page inspected, but raw was not directly opened, so PASS is not inferred
client_raw	0900_vfx011-hud-energy-projection-half4-normal.png	ee98aa1db05d37338c54bb05136c6fb85bf6d5a4924c120a501b9f772ba12f75	LIMITED	Fresh raw retained and digest-verified; contact page inspected, but raw was not directly opened, so PASS is not inferred
client_raw	0901_vfx011-hud-energy-projection-half5-normal.png	93d32ec651c023d85b11b84f5ccee818b10e7b022f9aea82dc7da3f4454f57d7	LIMITED	Fresh raw retained and digest-verified; contact page inspected, but raw was not directly opened, so PASS is not inferred
client_raw	0902_vfx011-hud-energy-projection-half6-normal.png	445641798bb4804e567d67ed6d3f9e582b001d09147b3febc12259ecdd004565	LIMITED	Fresh raw retained and digest-verified; contact page inspected, but raw was not directly opened, so PASS is not inferred
client_raw	0903_vfx011-hud-energy-projection-half7-normal.png	89682df4572ce9d73e8f51da0fa5e8e5de76b0c464fc19bf5967e93ebb206cf7	LIMITED	Fresh raw retained and digest-verified; contact page inspected, but raw was not directly opened, so PASS is not inferred
client_raw	0904_vfx011-hud-energy-projection-half8-normal.png	2bd0c0ebca1c96fd0acc04d53f0102187e4bf6fe52acc89b02607a6942a4f87f	LIMITED	Fresh raw retained and digest-verified; contact page inspected, but raw was not directly opened, so PASS is not inferred
client_raw	0905_vfx011-hud-energy-projection-half9-normal.png	aa29d9bd6a652ebda5c064ab9fee66c40c3f88c3b2aabbc5e0f5f494251bc02f	LIMITED	Fresh raw retained and digest-verified; contact page inspected, but raw was not directly opened, so PASS is not inferred
client_raw	0906_vfx011-hud-energy-projection-half10-normal.png	f2fbe3b3ecbede5780ebfdd2e35980ce488ea06de5a9b814508ee026a8fb9605	LIMITED	Fresh raw retained and digest-verified; contact page inspected, but raw was not directly opened, so PASS is not inferred
client_raw	0907_vfx011-hud-energy-projection-half11-normal.png	6cef43f8a04a87c75703b1dedbd5117d16f3558be1a505d880a848baf58f6d88	LIMITED	Fresh raw retained and digest-verified; contact page inspected, but raw was not directly opened, so PASS is not inferred
client_raw	0908_vfx011-hud-energy-projection-half12-normal.png	c10ea21018db5b02d041a687285742208cf8b0c7ff2e35707f495c5afe5e42d8	LIMITED	Fresh raw retained and digest-verified; contact page inspected, but raw was not directly opened, so PASS is not inferred
client_raw	0909_vfx011-hud-energy-projection-half13-normal.png	531a47cda9b074f6e3266f9b99a734a5a72189d89d986c9ef11881da257a920c	LIMITED	Fresh raw retained and digest-verified; contact page inspected, but raw was not directly opened, so PASS is not inferred
client_raw	0910_vfx011-hud-energy-projection-half14-normal.png	e1e5be8e90d7cd8fb0a4474df15b6110d4b6a45dfb766537eab66811aed8a470	LIMITED	Fresh raw retained and digest-verified; contact page inspected, but raw was not directly opened, so PASS is not inferred
client_raw	0911_vfx011-hud-energy-projection-half15-normal.png	9661f1511d464db73875d7d25db845beb5e4c82e0036fd09a0fa9d31a4a58d6f	LIMITED	Fresh raw retained and digest-verified; contact page inspected, but raw was not directly opened, so PASS is not inferred
client_raw	0912_vfx011-hud-energy-projection-half16-normal.png	1660d0bb43e7a16c3ec74344dd0b5c499cb109d60c23da5c3245f0216555a0d8	LIMITED	Fresh raw retained and digest-verified; contact page inspected, but raw was not directly opened, so PASS is not inferred
client_raw	0913_vfx011-hud-energy-projection-half17-normal.png	ea601236d2713312e56f74240c3b79b90f75d7b1845205a6d475ed05087b91de	LIMITED	Fresh raw retained and digest-verified; contact page inspected, but raw was not directly opened, so PASS is not inferred
client_raw	0914_vfx011-hud-energy-projection-half18-normal.png	76e37765db2cdb0eb82e9b2ee2c0df7ec7e5ddb61ee35d64bebc0a030fd7fbda	LIMITED	Fresh raw retained and digest-verified; contact page inspected, but raw was not directly opened, so PASS is not inferred
client_raw	0915_vfx011-hud-energy-projection-half19-normal.png	a5516a92cb62b6750118b277c8ac2738f7dbe0151133478133e51aebbb6d8865	LIMITED	Fresh raw retained and digest-verified; contact page inspected, but raw was not directly opened, so PASS is not inferred
client_raw	0916_vfx011-hud-energy-projection-half20-normal.png	77a858ffd1e76b4d58f29d0cccc9c4104c1363e7e1b7a3f99916b1a2b6d71b8e	LIMITED	Fresh raw retained and digest-verified; contact page inspected, but raw was not directly opened, so PASS is not inferred
client_raw	0917_vfx011-hud-combination-slots_cooldowns-normal.png	9f5af36330e196837beb8f96003ccfc911ca5294396211b7a2cb06d743edaf92	LIMITED	Fresh raw retained and digest-verified; contact page inspected, but raw was not directly opened, so PASS is not inferred
client_raw	0918_vfx011-hud-combination-shadow_active-normal.png	7331150bcaf9ad8a83bb39828b6c3f930667b5ce3455a9a995f81543f8be9657	LIMITED	Fresh raw retained and digest-verified; contact page inspected, but raw was not directly opened, so PASS is not inferred
client_raw	0919_vfx011-hud-combination-shadow_recall-normal.png	3e84b16df7bcc4c600d26d54a1068b6b2b0f7205c1fd67dee325a8e0f6643ae5	LIMITED	Fresh raw retained and digest-verified; contact page inspected, but raw was not directly opened, so PASS is not inferred
client_raw	0920_vfx011-hud-combination-astral-normal.png	80198a3ed7146ffe6c884a7d94cd890d471ff8adc847fffda679eac1348d932f	LIMITED	Fresh raw retained and digest-verified; contact page inspected, but raw was not directly opened, so PASS is not inferred
client_raw	0921_vfx011-hud-combination-vanilla_low_health-normal.png	670d421514fee3caaf84c44b8f99aff95972d576a0eca9b7926a382c2b544506	LIMITED	Fresh raw retained and digest-verified; contact page inspected, but raw was not directly opened, so PASS is not inferred
client_raw	0922_vfx011-hud-combination-vanilla_armor-normal.png	addbbbde76ea1a06f8cd054e7114cab319865032210beb9605a8fe16b12f342a	LIMITED	Fresh raw retained and digest-verified; contact page inspected, but raw was not directly opened, so PASS is not inferred
client_raw	0923_vfx011-hud-combination-vanilla_air-normal.png	6b2f7a957c365ccd45232144c995fdb5666be0d4b756d182c49045fa19e0a74a	LIMITED	Fresh raw retained and digest-verified; contact page inspected, but raw was not directly opened, so PASS is not inferred
client_raw	0924_vfx011-hud-combination-vanilla_mount-normal.png	a85ee893b9995496c2a95b5cad48431f8d6eebd5b96472b1c3d3a33f6d6974f1	PASS	Fresh retained raw screenshot inspected directly at full resolution with view_image; no visual defect observed
client_raw	0925_vfx011-hud-combination-vanilla_spectator-normal.png	b2f2f3395e84c0dffacbc9c5eb90d484716a208e97ce15b2e386a38b802b5d24	LIMITED	Fresh raw retained and digest-verified; contact page inspected, but raw was not directly opened, so PASS is not inferred
client_raw	0926_vfx011-hud-energy-normal-half1-reduced.png	b95e786a2a9f508d51442ad13ecf3eb640c4e63bc71e25b74d35d72bc67228a7	LIMITED	Fresh raw retained and digest-verified; contact page inspected, but raw was not directly opened, so PASS is not inferred
client_raw	0927_vfx011-hud-energy-normal-half2-reduced.png	7bb00314f93591e6e9fc81ccff436c1436a77e41c4e50ea138b9611b19b00c91	LIMITED	Fresh raw retained and digest-verified; contact page inspected, but raw was not directly opened, so PASS is not inferred
client_raw	0928_vfx011-hud-energy-normal-half3-reduced.png	973baf4f1bad0484bce4faee6bc3997f81d81ca059e7480bf1ad1e29697dc7bd	LIMITED	Fresh raw retained and digest-verified; contact page inspected, but raw was not directly opened, so PASS is not inferred
client_raw	0929_vfx011-hud-energy-normal-half4-reduced.png	eb63081e5c64f0afab88b6956d71a8f0ded72f6c1446018858e2e66a6b3b2ecb	LIMITED	Fresh raw retained and digest-verified; contact page inspected, but raw was not directly opened, so PASS is not inferred
client_raw	0930_vfx011-hud-energy-normal-half5-reduced.png	40c5d3578e8eec227daa01dab9e137b2a375b1c1d4c9076b4e1b40f6d88840c0	LIMITED	Fresh raw retained and digest-verified; contact page inspected, but raw was not directly opened, so PASS is not inferred
client_raw	0931_vfx011-hud-energy-normal-half6-reduced.png	768be7f55a34cbdc760b3b9625ce19ea224834ebd873d012fd911457de4834ba	LIMITED	Fresh raw retained and digest-verified; contact page inspected, but raw was not directly opened, so PASS is not inferred
client_raw	0932_vfx011-hud-energy-normal-half7-reduced.png	1c67a2ec409d43d334c2a01fe4de11a85d7fcc5661888f1e6141088e4f4d0836	LIMITED	Fresh raw retained and digest-verified; contact page inspected, but raw was not directly opened, so PASS is not inferred
client_raw	0933_vfx011-hud-energy-normal-half8-reduced.png	0184ff0d3e6aec406951dd81416fccb1ae23295f33295eb614d328327c1b9600	LIMITED	Fresh raw retained and digest-verified; contact page inspected, but raw was not directly opened, so PASS is not inferred
client_raw	0934_vfx011-hud-energy-normal-half9-reduced.png	d571429895a1080f18c4f1edf7f917b394450951d12e821fe559b9e489d67381	LIMITED	Fresh raw retained and digest-verified; contact page inspected, but raw was not directly opened, so PASS is not inferred
client_raw	0935_vfx011-hud-energy-normal-half10-reduced.png	f4dbc6642c122af959d5066a8d9576097a7671a3945e6a70efc5f86a10f6dd82	LIMITED	Fresh raw retained and digest-verified; contact page inspected, but raw was not directly opened, so PASS is not inferred
client_raw	0936_vfx011-hud-energy-normal-half11-reduced.png	9273ff90f3b3859382eddc38d0293200c3fdb494ef68630d38cf8dcbcdb58f89	LIMITED	Fresh raw retained and digest-verified; contact page inspected, but raw was not directly opened, so PASS is not inferred
client_raw	0937_vfx011-hud-energy-normal-half12-reduced.png	a2b350bf086b1a4e274ab2718d2d2b004f205ab316b9ccc98b3e28a981424145	LIMITED	Fresh raw retained and digest-verified; contact page inspected, but raw was not directly opened, so PASS is not inferred
client_raw	0938_vfx011-hud-energy-normal-half13-reduced.png	a92a44b06620e465a0505a4945754028abc3f2d279876e7bfdc0cc25f8bb3ed2	LIMITED	Fresh raw retained and digest-verified; contact page inspected, but raw was not directly opened, so PASS is not inferred
client_raw	0939_vfx011-hud-energy-normal-half14-reduced.png	0a3688332e2a6bf7a76035632636833e7a852b8a692f27c4c3092a31470c8813	LIMITED	Fresh raw retained and digest-verified; contact page inspected, but raw was not directly opened, so PASS is not inferred
client_raw	0940_vfx011-hud-energy-normal-half15-reduced.png	7f8b1fccc98e36b1c0723217241d14e17cc13f64107134d61b87414730001832	LIMITED	Fresh raw retained and digest-verified; contact page inspected, but raw was not directly opened, so PASS is not inferred
client_raw	0941_vfx011-hud-energy-normal-half16-reduced.png	d7f1b9c3f372a02f713371c3cf7442b5c47af92f431dd4df2f639f57875e8144	LIMITED	Fresh raw retained and digest-verified; contact page inspected, but raw was not directly opened, so PASS is not inferred
client_raw	0942_vfx011-hud-energy-normal-half17-reduced.png	28ee3085618de203db5ea9a684bc71bb7df7d64d8491962a8dd60456f7c27b71	LIMITED	Fresh raw retained and digest-verified; contact page inspected, but raw was not directly opened, so PASS is not inferred
client_raw	0943_vfx011-hud-energy-normal-half18-reduced.png	3f92439441df579a7c90da920d02006e8c989937912ea644983b8d054ee18cd2	LIMITED	Fresh raw retained and digest-verified; contact page inspected, but raw was not directly opened, so PASS is not inferred
client_raw	0944_vfx011-hud-energy-normal-half19-reduced.png	23779c6a8f75d6fced114807e870b3d88419853ff39bff3258ff4d1c689a1ea3	LIMITED	Fresh raw retained and digest-verified; contact page inspected, but raw was not directly opened, so PASS is not inferred
client_raw	0945_vfx011-hud-energy-normal-half20-reduced.png	7bfc2bac26d2ef524283446231a1f24199b7dafd8fa804e4452b76cd806837a8	LIMITED	Fresh raw retained and digest-verified; contact page inspected, but raw was not directly opened, so PASS is not inferred
client_raw	0946_vfx011-hud-energy-empty-half0-reduced.png	7b7d2c342a7721a94927bac6b2acf013a20b4fa312d249887afbf5e1a75c4da6	LIMITED	Fresh raw retained and digest-verified; contact page inspected, but raw was not directly opened, so PASS is not inferred
client_raw	0947_vfx011-hud-energy-dampened-half0-reduced.png	53c3d30e9c5d6f27308f6eb696da355861a20b6a2f7843935bee0d70271903bc	LIMITED	Fresh raw retained and digest-verified; contact page inspected, but raw was not directly opened, so PASS is not inferred
client_raw	0948_vfx011-hud-energy-dampened-half1-reduced.png	3391a5e71ffe68104115b5c73af74f30a0f219f2af8295c0c191186607285aae	LIMITED	Fresh raw retained and digest-verified; contact page inspected, but raw was not directly opened, so PASS is not inferred
client_raw	0949_vfx011-hud-energy-dampened-half2-reduced.png	f2c162df9404505c49de7fb61a937d299d00066fcf069d1666f15cc375545595	LIMITED	Fresh raw retained and digest-verified; contact page inspected, but raw was not directly opened, so PASS is not inferred
client_raw	0950_vfx011-hud-energy-dampened-half3-reduced.png	a18fb7d4dbf81e97e8a10bea9c2381d98011d8bdda2cdc210e1691cad24526f2	LIMITED	Fresh raw retained and digest-verified; contact page inspected, but raw was not directly opened, so PASS is not inferred
client_raw	0951_vfx011-hud-energy-dampened-half4-reduced.png	436244b93b34ed4864de8ecf5bf0fe0aee3ca43580685360c40f1bfe321925a1	LIMITED	Fresh raw retained and digest-verified; contact page inspected, but raw was not directly opened, so PASS is not inferred
client_raw	0952_vfx011-hud-energy-dampened-half5-reduced.png	6592bb8155da9c14a9b1b92555ed3c45065526aeeb3fd1f9427655a43e8d7a6e	LIMITED	Fresh raw retained and digest-verified; contact page inspected, but raw was not directly opened, so PASS is not inferred
client_raw	0953_vfx011-hud-energy-dampened-half6-reduced.png	5dc12ed32b99b7f6240ce6e18c436e2dab5d4fd09c027e20722bb6a2f3768060	LIMITED	Fresh raw retained and digest-verified; contact page inspected, but raw was not directly opened, so PASS is not inferred
client_raw	0954_vfx011-hud-energy-dampened-half7-reduced.png	bbaa6e77d335eb546b93cef69903229d3d72431dad9b4bcc0373d1d85161f050	LIMITED	Fresh raw retained and digest-verified; contact page inspected, but raw was not directly opened, so PASS is not inferred
client_raw	0955_vfx011-hud-energy-dampened-half8-reduced.png	555b0f1bf586c5ec62ffc6491c88141b470c1d2d11e4f9fd12bbbe85e07d95c8	LIMITED	Fresh raw retained and digest-verified; contact page inspected, but raw was not directly opened, so PASS is not inferred
client_raw	0956_vfx011-hud-energy-dampened-half9-reduced.png	61c720d37bbeac3d450cda86530189081ce92e39ba963f0ab49022cde6acccdb	LIMITED	Fresh raw retained and digest-verified; contact page inspected, but raw was not directly opened, so PASS is not inferred
client_raw	0957_vfx011-hud-energy-dampened-half10-reduced.png	4985191f19f49028dc3ba4fc84090eed41a5b309549a82f93e20b53c395b8b8b	LIMITED	Fresh raw retained and digest-verified; contact page inspected, but raw was not directly opened, so PASS is not inferred
client_raw	0958_vfx011-hud-energy-dampened-half11-reduced.png	5e5d4a5938ec961601a0ae38e50a5f1ea8df21103e2f204304e975b33af60558	LIMITED	Fresh raw retained and digest-verified; contact page inspected, but raw was not directly opened, so PASS is not inferred
client_raw	0959_vfx011-hud-energy-dampened-half12-reduced.png	206616b5c3d8ba4a7c72af3eaad8f0d780799ec1e9296a2c7c0d611e81440932	LIMITED	Fresh raw retained and digest-verified; contact page inspected, but raw was not directly opened, so PASS is not inferred
client_raw	0960_vfx011-hud-energy-dampened-half13-reduced.png	b957f856362aeb660bf83b3661aeb70bb9ba03f396d4a7164714a41ed4b59d11	LIMITED	Fresh raw retained and digest-verified; contact page inspected, but raw was not directly opened, so PASS is not inferred
client_raw	0961_vfx011-hud-energy-dampened-half14-reduced.png	f073e1580dceec097f1d5bf688101cc3dadca4ce4902685a87017ac824230084	LIMITED	Fresh raw retained and digest-verified; contact page inspected, but raw was not directly opened, so PASS is not inferred
client_raw	0962_vfx011-hud-energy-dampened-half15-reduced.png	2e399ad33cabfc1c7aca3df48ab144195b75cda32a064a49cee25ddce8d6b66f	LIMITED	Fresh raw retained and digest-verified; contact page inspected, but raw was not directly opened, so PASS is not inferred
client_raw	0963_vfx011-hud-energy-dampened-half16-reduced.png	de52abbc29547a72150d8ce377b1ea777d2a1a86b5b7738814111b1ab27b7027	LIMITED	Fresh raw retained and digest-verified; contact page inspected, but raw was not directly opened, so PASS is not inferred
client_raw	0964_vfx011-hud-energy-dampened-half17-reduced.png	f0566996c98632e5c779eb5fba00e3f65078d808d7d84b9aff87b6a444e7a6a1	LIMITED	Fresh raw retained and digest-verified; contact page inspected, but raw was not directly opened, so PASS is not inferred
client_raw	0965_vfx011-hud-energy-dampened-half18-reduced.png	b010921388b6bdcab7337104bc09e01931f1a94bb88380dd162f5bff8c3edbcf	LIMITED	Fresh raw retained and digest-verified; contact page inspected, but raw was not directly opened, so PASS is not inferred
client_raw	0966_vfx011-hud-energy-dampened-half19-reduced.png	669c47e91cd8d5d19a783dd830a1ff26dfedddae9cc21227740851562d6f416e	LIMITED	Fresh raw retained and digest-verified; contact page inspected, but raw was not directly opened, so PASS is not inferred
client_raw	0967_vfx011-hud-energy-dampened-half20-reduced.png	b625744e6c42de94c404830c181483b2c0b2cccce412f2e13db1602216e2abf2	LIMITED	Fresh raw retained and digest-verified; contact page inspected, but raw was not directly opened, so PASS is not inferred
client_raw	0968_vfx011-hud-energy-darkness-half1-reduced.png	951408f2f09eb04ca2b4118720abd898a9f7235df5b50af65e81d252ebd209dc	LIMITED	Fresh raw retained and digest-verified; contact page inspected, but raw was not directly opened, so PASS is not inferred
client_raw	0969_vfx011-hud-energy-darkness-half2-reduced.png	f769af29675813f869cbcec6d2a88f59928269547d9e2b3b56a7a3bff06d5368	LIMITED	Fresh raw retained and digest-verified; contact page inspected, but raw was not directly opened, so PASS is not inferred
client_raw	0970_vfx011-hud-energy-darkness-half3-reduced.png	cad47afcba8518672a6c6ddc0f6c5d295e6e8a475c2b0835aa0bfb3263260779	LIMITED	Fresh raw retained and digest-verified; contact page inspected, but raw was not directly opened, so PASS is not inferred
client_raw	0971_vfx011-hud-energy-darkness-half4-reduced.png	cea9b871366b4ff00cb31a3dd7ac7e64f28713258d5115d16cc214afa8ee3ae6	LIMITED	Fresh raw retained and digest-verified; contact page inspected, but raw was not directly opened, so PASS is not inferred
client_raw	0972_vfx011-hud-energy-darkness-half5-reduced.png	63daa1bad3036e607b12eb25a25a0fa495d71f20f3354b704f0357c94c671df4	LIMITED	Fresh raw retained and digest-verified; contact page inspected, but raw was not directly opened, so PASS is not inferred
client_raw	0973_vfx011-hud-energy-darkness-half6-reduced.png	5599502c6e3d8c68c26242082b23ba5f7a3cd7cd87c4f15dcd3b2828b67b341a	LIMITED	Fresh raw retained and digest-verified; contact page inspected, but raw was not directly opened, so PASS is not inferred
client_raw	0974_vfx011-hud-energy-darkness-half7-reduced.png	eb474ad1cb27e6f50e08fc5462b2688aeb99a954a3c166ff3687350faec4c09a	LIMITED	Fresh raw retained and digest-verified; contact page inspected, but raw was not directly opened, so PASS is not inferred
client_raw	0975_vfx011-hud-energy-darkness-half8-reduced.png	f271f0871f7de60e3d9f364fef73e38f7d3766dd3243657f045d5004e5d23e06	LIMITED	Fresh raw retained and digest-verified; contact page inspected, but raw was not directly opened, so PASS is not inferred
client_raw	0976_vfx011-hud-energy-darkness-half9-reduced.png	916473e7e015b0dc548483e0b11eaf2d52957a1947573a2c2cd63213e2f64c98	LIMITED	Fresh raw retained and digest-verified; contact page inspected, but raw was not directly opened, so PASS is not inferred
client_raw	0977_vfx011-hud-energy-darkness-half10-reduced.png	500a3064988d98fb0b2c01dae488835e2e36ed190bc54eab2818a00428c421cb	LIMITED	Fresh raw retained and digest-verified; contact page inspected, but raw was not directly opened, so PASS is not inferred
client_raw	0978_vfx011-hud-energy-darkness-half11-reduced.png	8499a2dcb5bfb6d43ac1f90bfcd50b2b7f1ac52181b03a1b12a451e7ef10605b	LIMITED	Fresh raw retained and digest-verified; contact page inspected, but raw was not directly opened, so PASS is not inferred
client_raw	0979_vfx011-hud-energy-darkness-half12-reduced.png	2ae5d2bd7f62a8b81ee88f2566737efbd817d1ebbd263227aadd65e1f64abfbc	LIMITED	Fresh raw retained and digest-verified; contact page inspected, but raw was not directly opened, so PASS is not inferred
client_raw	0980_vfx011-hud-energy-darkness-half13-reduced.png	e38933522097dcdf71de8b2fa679bca7e83414bc38cf1ebc8de76a3ae6975cd1	LIMITED	Fresh raw retained and digest-verified; contact page inspected, but raw was not directly opened, so PASS is not inferred
client_raw	0981_vfx011-hud-energy-darkness-half14-reduced.png	365ca6a476ce04ad0e8a49bd73952c43f08d7e6f5025e38719ffd1f73cb68e74	LIMITED	Fresh raw retained and digest-verified; contact page inspected, but raw was not directly opened, so PASS is not inferred
client_raw	0982_vfx011-hud-energy-darkness-half15-reduced.png	0770bf05ecdfa6d16cec1e442276ae1e9ab03488188d492f2a11a90dffb3488d	LIMITED	Fresh raw retained and digest-verified; contact page inspected, but raw was not directly opened, so PASS is not inferred
client_raw	0983_vfx011-hud-energy-darkness-half16-reduced.png	cade1a9c092b8a0b048607f85227a38bb5013a0eef4e8f724a34b05af1b7ca01	LIMITED	Fresh raw retained and digest-verified; contact page inspected, but raw was not directly opened, so PASS is not inferred
client_raw	0984_vfx011-hud-energy-darkness-half17-reduced.png	2824c1a0117b752f2b9110e64c731d7bf338a9b0262c47183caeb79c33f27f77	LIMITED	Fresh raw retained and digest-verified; contact page inspected, but raw was not directly opened, so PASS is not inferred
client_raw	0985_vfx011-hud-energy-darkness-half18-reduced.png	a6585c3c2fa50f1f04fe0bd1a00c057d21e85035bf1939e9fcbe05e74df11786	LIMITED	Fresh raw retained and digest-verified; contact page inspected, but raw was not directly opened, so PASS is not inferred
client_raw	0986_vfx011-hud-energy-darkness-half19-reduced.png	babce57dff60fd85cb62fb94bbcca7382ee618b5b0e78fe4670f8aa15622de02	LIMITED	Fresh raw retained and digest-verified; contact page inspected, but raw was not directly opened, so PASS is not inferred
client_raw	0987_vfx011-hud-energy-darkness-half20-reduced.png	010c05d97d535b9ecbfb95699a57e3f471723f3fb17bd975626d1504f165744f	LIMITED	Fresh raw retained and digest-verified; contact page inspected, but raw was not directly opened, so PASS is not inferred
client_raw	0988_vfx011-hud-energy-projection-half1-reduced.png	f7deca17a8f0dcb1dc2874c60bbc321545a1cae8df8666b5f9eb71d2ff856223	LIMITED	Fresh raw retained and digest-verified; contact page inspected, but raw was not directly opened, so PASS is not inferred
client_raw	0989_vfx011-hud-energy-projection-half2-reduced.png	2d70f4d327f326e5f3897efc14e22073d51fc4c9d6641e9da7f4a9dee4d68375	LIMITED	Fresh raw retained and digest-verified; contact page inspected, but raw was not directly opened, so PASS is not inferred
client_raw	0990_vfx011-hud-energy-projection-half3-reduced.png	fcb602f661d311deb9bc9124d80eda9d282700b2fe413d71a2ce8e67ab0cde09	LIMITED	Fresh raw retained and digest-verified; contact page inspected, but raw was not directly opened, so PASS is not inferred
client_raw	0991_vfx011-hud-energy-projection-half4-reduced.png	ac4f22419c1e3eb3d8230580e3d73b26e31b47be71d8a681f6acb867a89b2d44	LIMITED	Fresh raw retained and digest-verified; contact page inspected, but raw was not directly opened, so PASS is not inferred
client_raw	0992_vfx011-hud-energy-projection-half5-reduced.png	a0022fb365f24c3d8e3cc702464cf40cbe0a070188961fc8bbfe3885664c1a08	LIMITED	Fresh raw retained and digest-verified; contact page inspected, but raw was not directly opened, so PASS is not inferred
client_raw	0993_vfx011-hud-energy-projection-half6-reduced.png	08970cea2e92855b4dba9aed4e2780c74f51ede541f2ccc2060f9f3df554d5cc	LIMITED	Fresh raw retained and digest-verified; contact page inspected, but raw was not directly opened, so PASS is not inferred
client_raw	0994_vfx011-hud-energy-projection-half7-reduced.png	7dde87b739ff69e2f7516753356e82b2fdffa354df8455abcf9812fe2e51ed38	LIMITED	Fresh raw retained and digest-verified; contact page inspected, but raw was not directly opened, so PASS is not inferred
client_raw	0995_vfx011-hud-energy-projection-half8-reduced.png	c9e4c1514e261274df218018448cbe5cd641b2929e942e64b2e28f6106f2ba5c	LIMITED	Fresh raw retained and digest-verified; contact page inspected, but raw was not directly opened, so PASS is not inferred
client_raw	0996_vfx011-hud-energy-projection-half9-reduced.png	15891a6a1f532a0acf994cf6802f7c8b3d19d39fdd988dd75ab0c97ac9b0f2e6	LIMITED	Fresh raw retained and digest-verified; contact page inspected, but raw was not directly opened, so PASS is not inferred
client_raw	0997_vfx011-hud-energy-projection-half10-reduced.png	181c245f540cf715f55028c98fae683707d0073e39e1c16c73386c8c90753b04	LIMITED	Fresh raw retained and digest-verified; contact page inspected, but raw was not directly opened, so PASS is not inferred
client_raw	0998_vfx011-hud-energy-projection-half11-reduced.png	f72f73f62e362b4a59b4ef2fe7e3be6416ed8fb719c5989fcb1c55d66e15935e	LIMITED	Fresh raw retained and digest-verified; contact page inspected, but raw was not directly opened, so PASS is not inferred
client_raw	0999_vfx011-hud-energy-projection-half12-reduced.png	ca9b1b423b1af0f456555bf2cb872f4cb6d2d70524d28060276ca6ff1fce12be	LIMITED	Fresh raw retained and digest-verified; contact page inspected, but raw was not directly opened, so PASS is not inferred
client_raw	1000_vfx011-hud-energy-projection-half13-reduced.png	87db0589abdd659b3d19380be7402931c2191665dbb61f319212ae5054424338	LIMITED	Fresh raw retained and digest-verified; contact page inspected, but raw was not directly opened, so PASS is not inferred
client_raw	1001_vfx011-hud-energy-projection-half14-reduced.png	3e7136da41a93d87adc21c372f08887dbbb266a54311103c83638ff8cd285f61	LIMITED	Fresh raw retained and digest-verified; contact page inspected, but raw was not directly opened, so PASS is not inferred
client_raw	1002_vfx011-hud-energy-projection-half15-reduced.png	2415628b1c684d4ea1be2b78aa83e4088a2b9023b136de82e886345f4ad86ce2	LIMITED	Fresh raw retained and digest-verified; contact page inspected, but raw was not directly opened, so PASS is not inferred
client_raw	1003_vfx011-hud-energy-projection-half16-reduced.png	1143f8fdbd0c836b7260861ed1c09411bd1126176861cefe4524c92464ccd57e	LIMITED	Fresh raw retained and digest-verified; contact page inspected, but raw was not directly opened, so PASS is not inferred
client_raw	1004_vfx011-hud-energy-projection-half17-reduced.png	fe952727b5739ffa0032ea7304c0ca402fa95f42c98cb44994b21df9a1dca05f	LIMITED	Fresh raw retained and digest-verified; contact page inspected, but raw was not directly opened, so PASS is not inferred
client_raw	1005_vfx011-hud-energy-projection-half18-reduced.png	5de885b54f761b04859651e798cd34926c51aa507de4a24f8effc18a8a93fe9a	LIMITED	Fresh raw retained and digest-verified; contact page inspected, but raw was not directly opened, so PASS is not inferred
client_raw	1006_vfx011-hud-energy-projection-half19-reduced.png	b922b837b8bd86f41cc596c77afebce87963b1caf2a0d20896483cff1232acb4	LIMITED	Fresh raw retained and digest-verified; contact page inspected, but raw was not directly opened, so PASS is not inferred
client_raw	1007_vfx011-hud-energy-projection-half20-reduced.png	4f48a38507da46f638c69f3e0ed1da141e65ba1b67bb01bd5506fc2a454d467c	LIMITED	Fresh raw retained and digest-verified; contact page inspected, but raw was not directly opened, so PASS is not inferred
client_raw	1008_vfx011-hud-combination-slots_cooldowns-reduced.png	5bac09502fc575c6e989d4fe33d8c7c6c2f3204af9bec5bfe5f114c149dad01a	LIMITED	Fresh raw retained and digest-verified; contact page inspected, but raw was not directly opened, so PASS is not inferred
client_raw	1009_vfx011-hud-combination-shadow_active-reduced.png	e236db5850dc9b8ff512f63bb8b7ab203623f36d103e3d3dc75d5d5c5baa866c	LIMITED	Fresh raw retained and digest-verified; contact page inspected, but raw was not directly opened, so PASS is not inferred
client_raw	1010_vfx011-hud-combination-shadow_recall-reduced.png	4d7e89e90b97aba77d9f8df813d8c663cc6d2540c973f9913b6c8fccdbba9a93	LIMITED	Fresh raw retained and digest-verified; contact page inspected, but raw was not directly opened, so PASS is not inferred
client_raw	1011_vfx011-hud-combination-astral-reduced.png	7ed4060cebff134aef409db18f27dc229982844a350cf1b1635f6c155eb2f449	LIMITED	Fresh raw retained and digest-verified; contact page inspected, but raw was not directly opened, so PASS is not inferred
client_raw	1012_vfx011-hud-combination-vanilla_low_health-reduced.png	93861353d044c5d11adf816f5bbef5e858c7de281e037b64ee784fe39ecf6640	LIMITED	Fresh raw retained and digest-verified; contact page inspected, but raw was not directly opened, so PASS is not inferred
client_raw	1013_vfx011-hud-combination-vanilla_armor-reduced.png	f1f4986bee31a9935c0f2c618fb0e7ea4405f64d99ca90ce973a9e212078d3aa	LIMITED	Fresh raw retained and digest-verified; contact page inspected, but raw was not directly opened, so PASS is not inferred
client_raw	1014_vfx011-hud-combination-vanilla_air-reduced.png	29c1b74a838fa0695c0e7e8a304ded89529b4f92f40e8aa4c0f16bbc938dcd4d	LIMITED	Fresh raw retained and digest-verified; contact page inspected, but raw was not directly opened, so PASS is not inferred
client_raw	1015_vfx011-hud-combination-vanilla_mount-reduced.png	542e433cffaad8bd1b199839bdef55307e5a8ff9798f4da664c920629b12bc5c	LIMITED	Fresh raw retained and digest-verified; contact page inspected, but raw was not directly opened, so PASS is not inferred
client_raw	1016_vfx011-hud-combination-vanilla_spectator-reduced.png	a720a8fc59dc25c5cf49de64b07b202bcb53b04fd6ae79c186e0171513949251	LIMITED	Fresh raw retained and digest-verified; contact page inspected, but raw was not directly opened, so PASS is not inferred
client_raw	1017_vfx011-gameplay-first_person-solstice.png	1ccee880276c175822dffeb1912021d967ef9ddca0bdfd6f49b44e2bfce3d141	PASS	Fresh retained raw screenshot inspected directly at full resolution with view_image; no visual defect observed
client_raw	1018_vfx011-gameplay-third_person-solstice.png	82d6939d9779e02db68c5544e04369fb2db6811c4eddc8ff4939cae88f1b92d5	PASS	Fresh retained raw screenshot inspected directly at full resolution with view_image; no visual defect observed
client_raw	1019_vfx011-boss-light_herald-progress72.png	61810e3c9799d45aa295bd506792f3045aa43e141bea22d281c3bd3362a8bc3d	PASS	Fresh retained raw screenshot inspected directly at full resolution with view_image; no visual defect observed
client_raw	1020_vfx011-boss-dark_herald-progress38.png	3c2025876e3da4bfd33caea42f485a6a0151730ff6a0d6653a85d6aae6b55fdc	PASS	Fresh retained raw screenshot inspected directly at full resolution with view_image; no visual defect observed
client_raw	1021_vfx011-boss-first_vessel-opening-progress90.png	8a7065bf3a99d84aa833aac4b3bd7ed25dd6e7bdbac0e3374112daa975d265f0	LIMITED	Fresh raw retained and digest-verified; contact page inspected, but raw was not directly opened, so PASS is not inferred
client_raw	1022_vfx011-boss-first_vessel-unbound-progress52.png	69cad3a04d75e71622354b73ff7f00d7604cfbed91629fd088cbcba99dbc4337	LIMITED	Fresh raw retained and digest-verified; contact page inspected, but raw was not directly opened, so PASS is not inferred
client_raw	1023_vfx011-boss-first_vessel-last_covenant-progress14.png	4b76afb9dc5376c584c0a018e6f86d94aab5ff805a6a1e969fc08d6b6f3dcd7a	PASS	Fresh retained raw screenshot inspected directly at full resolution with view_image; no visual defect observed
two_client_capture	darkness-01.png	15627934286d394616908173be0f49db9f12879f29c918eba99350e403490da1	REPAIRED	Manually reviewed clean real-two-client replay; UI-noise predecessor rejected
two_client_capture	locator-01.png	2ecead775b430cec3fc41f4fdc049e65b2066277b57f6f9cc0c89320f6249a66	REPAIRED	Manually reviewed clean real-two-client replay; UI-noise predecessor rejected
