To honour the JVM settings for this build a single-use Daemon process will be forked. For more on this, please refer to https://docs.gradle.org/9.5.1/userguide/gradle_daemon.html#sec:disabling_the_daemon in the Gradle documentation.
Daemon will be stopped at the end of the build 

> Configure project :
Fabric Loom: 1.17.19

> Task :compileJava
> Task :processResources
> Task :classes
> Task :compileClientJava
> Task :processClientResources
> Task :clientClasses
> Task :compileGametestJava
> Task :deleteGameTestRunDir UP-TO-DATE
> Task :acceptGameTestEula
> Task :generateLog4jConfig
> Task :generateDLIConfig
> Task :configureLaunch
> Task :processGametestResources
> Task :gametestClasses

> Task :runGameTest
[10:00:56] [main/INFO] (FabricLoader/GameProvider) Loading Minecraft 26.2 with Fabric Loader 0.19.3
[10:00:56] [main/INFO] (FabricLoader/Mappings) Mappings not present!
[10:00:56] [main/INFO] (FabricLoader) Loading 44 mods:
	- fabric-api 0.156.0+26.2
	   |-- fabric-key-mapping-api-v1 2.0.5+e2bdee789e
	   |-- fabric-model-loading-api-v1 8.0.16+c80601bb9e
	   |-- fabric-renderer-api-v1 14.1.3+2b0d8a229e
	   |-- fabric-renderer-indigo 9.1.3+2b0d8a229e
	   |-- fabric-rendering-v1 25.3.2+515ac5339e
	   |-- fabric-screen-api-v1 5.1.0+48e3c0b09e
	   \-- fabric-sound-api-v1 2.0.5+11a26f319e
	- fabric-api-base 2.0.4+ece063239e
	- fabric-api-lookup-api-v1 2.0.17+11e1c9a39e
	- fabric-biome-api-v1 18.0.6+c7bd5b8e9e
	- fabric-block-api-v1 3.0.3+ec56b6019e
	- fabric-block-getter-api-v2 2.0.7+ec56b6019e
	- fabric-command-api-v2 3.1.0+00cb03469e
	- fabric-content-registries-v0 11.3.0+d0a699d09e
	- fabric-convention-tags-v2 4.7.0+1f023a9e9e
	- fabric-crash-report-info-v1 1.0.5+086d547a9e
	- fabric-creative-tab-api-v1 5.0.14+d871b99e9e
	- fabric-data-attachment-api-v1 2.2.18+515ac5339e
	- fabric-data-generation-api-v1 25.5.0+aed122aa9e
	- fabric-debug-api-v1 1.0.2+c792624d9e
	- fabric-dimensions-v1 5.1.11+515ac5339e
	- fabric-entity-events-v1 5.0.5+06488ac19e
	- fabric-events-interaction-v0 5.2.7+515ac5339e
	- fabric-game-rule-api-v1 4.0.8+46a6d00c9e
	- fabric-gametest-api-v1 4.0.21+4a7fa0819e
	- fabric-item-api-v1 14.4.0+49a69a7b9e
	- fabric-lifecycle-events-v1 4.1.3+4575b05f9e
	- fabric-loot-api-v3 3.0.17+06488ac19e
	- fabric-menu-api-v1 2.0.16+086d547a9e
	- fabric-message-api-v1 7.0.7+086d547a9e
	- fabric-networking-api-v1 6.3.3+72073ef09e
	- fabric-object-builder-api-v1 24.1.0+6fcd5f039e
	- fabric-particles-v1 5.0.18+d1756aa99e
	- fabric-permission-api-v1 1.0.4+536fad2f9e
	- fabric-recipe-api-v1 9.0.20+11e1c9a39e
	- fabric-registry-sync-v0 7.1.0+c7bd5b8e9e
	- fabric-rendering-fluids-v1 6.0.4+06488ac19e
	- fabric-resource-conditions-api-v1 6.1.0+10e9a28b9e
	- fabric-resource-loader-v0 3.3.20+4fc5413f9e
	- fabric-resource-loader-v1 2.0.13+9edec1269e
	- fabric-serialization-api-v1 2.0.4+11a26f319e
	- fabric-tag-api-v1 2.1.4+515ac5339e
	- fabric-transfer-api-v1 8.0.12+11dbb7d79e
	- fabric-transitive-access-wideners-v1 8.1.4+67c847259e
	- fabricloader 0.19.3
	- java 25
	- minecraft 26.2
	- mixinextras 0.5.4
	- powers 1.0.2
	- powers-gametest 1.0.0
[10:00:56] [main/INFO] (FabricLoader/Mixin) SpongePowered MIXIN Subsystem Version=0.8.7 Source=file:/Users/james/.gradle/caches/modules-2/files-2.1/net.fabricmc/sponge-mixin/0.17.3+mixin.0.8.7/41c4a3984a80f4679e759fb9f495587acc5cdac7/sponge-mixin-0.17.3+mixin.0.8.7.jar Service=Knot/Fabric Env=SERVER
[10:00:56] [main/INFO] (FabricLoader/Mixin) Compatibility level set to JAVA_25
[10:00:56] [main/INFO] (FabricLoader/MixinExtras|Service) Initializing MixinExtras via com.llamalad7.mixinextras.service.MixinExtrasServiceImpl(version=0.5.4).
[10:01:01] [main/INFO] (powers) Loaded rank mazes: 28 light nodes, 28 darkness nodes
[10:01:01] [main/INFO] (powers) Magic collision kernel loaded: 64 actions, 2080 exhaustive interactions
[10:01:01] [main/INFO] (powers) POWERS framework initialized with 23 power(s)
[10:01:01] [main/INFO] (Minecraft) Environment: Environment[sessionHost=https://sessionserver.mojang.com, servicesHost=https://api.minecraftservices.com, profilesHost=https://api.mojang.com, name=PROD]
[10:01:01] [main/INFO] (FabricGameTestRunner) Starting test server
[10:01:03] [main/INFO] (Minecraft) Loaded 1605 recipes
[10:01:03] [main/INFO] (Minecraft) Loaded 1713 advancements
[10:01:03] [main/INFO] (powers) Loaded 14 Shadow knowledge entries
[10:01:03] [main/INFO] (BiomeModificationImpl) Applied 0 biome modifications to 0 of 69 new biomes in 579.7 μs
[10:01:03] [Server thread/INFO] (Minecraft) Selecting global world spawn...
[10:01:03] [Server thread/INFO] (Minecraft) Loading 0 persistent chunks...
[10:01:03] [Server thread/INFO] (Minecraft) Preparing spawn area: 100%
[10:01:03] [Server thread/INFO] (Minecraft) Time elapsed: 285 ms
[10:01:03] [Server thread/INFO] (Minecraft) Will run tests matching powers-gametest:connected_bot_profile_game_tests_connected_ten_fifty_and_hundred_player_profiles (1 tests)
[10:01:03] [Server thread/INFO] (Minecraft) Started game test server
[10:01:03] [Server thread/INFO] (Minecraft) 1 tests are now running at position -2449247, -59, 1790407!
[10:01:05] [Server thread/INFO] (Minecraft) Running test environment 'minecraft:default' batch 0 (1 tests)...
[10:01:05] [Server thread/INFO] (Minecraft) test-mock-player[embedded] logged in with entity id 1 at (0.0, 0.0, 0.0)
[10:01:05] [Server thread/INFO] (Minecraft) [Dormant] test-mock-player joined the game
[10:01:05] [Server thread/INFO] (Minecraft) test-mock-player[embedded] logged in with entity id 2 at (0.0, 0.0, 0.0)
[10:01:05] [Server thread/INFO] (Minecraft) [Dormant] test-mock-player joined the game
[10:01:05] [Server thread/INFO] (Minecraft) test-mock-player[embedded] logged in with entity id 3 at (0.0, 0.0, 0.0)
[10:01:05] [Server thread/INFO] (Minecraft) [Dormant] test-mock-player joined the game
[10:01:05] [Server thread/INFO] (Minecraft) test-mock-player[embedded] logged in with entity id 4 at (0.0, 0.0, 0.0)
[10:01:05] [Server thread/INFO] (Minecraft) [Dormant] test-mock-player joined the game
[10:01:05] [Server thread/INFO] (Minecraft) test-mock-player[embedded] logged in with entity id 5 at (0.0, 0.0, 0.0)
[10:01:05] [Server thread/INFO] (Minecraft) [Dormant] test-mock-player joined the game
[10:01:05] [Server thread/INFO] (Minecraft) test-mock-player[embedded] logged in with entity id 6 at (0.0, 0.0, 0.0)
[10:01:05] [Server thread/INFO] (Minecraft) [Dormant] test-mock-player joined the game
[10:01:05] [Server thread/INFO] (Minecraft) test-mock-player[embedded] logged in with entity id 7 at (0.0, 0.0, 0.0)
[10:01:05] [Server thread/INFO] (Minecraft) [Dormant] test-mock-player joined the game
[10:01:05] [Server thread/INFO] (Minecraft) test-mock-player[embedded] logged in with entity id 8 at (0.0, 0.0, 0.0)
[10:01:05] [Server thread/INFO] (Minecraft) [Dormant] test-mock-player joined the game
[10:01:05] [Server thread/INFO] (Minecraft) test-mock-player[embedded] logged in with entity id 9 at (0.0, 0.0, 0.0)
[10:01:05] [Server thread/INFO] (Minecraft) [Dormant] test-mock-player joined the game
[10:01:05] [Server thread/INFO] (Minecraft) test-mock-player[embedded] logged in with entity id 10 at (0.0, 0.0, 0.0)
[10:01:05] [Server thread/INFO] (Minecraft) [Dormant] test-mock-player joined the game
[10:01:05] [Server thread/INFO] (Minecraft) test-mock-player[embedded] logged in with entity id 11 at (0.0, 0.0, 0.0)
[10:01:05] [Server thread/INFO] (Minecraft) [Dormant] test-mock-player joined the game
[10:01:05] [Server thread/INFO] (Minecraft) test-mock-player[embedded] logged in with entity id 12 at (0.0, 0.0, 0.0)
[10:01:05] [Server thread/INFO] (Minecraft) [Dormant] test-mock-player joined the game
[10:01:05] [Server thread/INFO] (Minecraft) test-mock-player[embedded] logged in with entity id 13 at (0.0, 0.0, 0.0)
[10:01:05] [Server thread/INFO] (Minecraft) [Dormant] test-mock-player joined the game
[10:01:05] [Server thread/INFO] (Minecraft) test-mock-player[embedded] logged in with entity id 14 at (0.0, 0.0, 0.0)
[10:01:05] [Server thread/INFO] (Minecraft) [Dormant] test-mock-player joined the game
[10:01:05] [Server thread/INFO] (Minecraft) test-mock-player[embedded] logged in with entity id 15 at (0.0, 0.0, 0.0)
[10:01:05] [Server thread/INFO] (Minecraft) [Dormant] test-mock-player joined the game
[10:01:05] [Server thread/INFO] (Minecraft) test-mock-player[embedded] logged in with entity id 16 at (0.0, 0.0, 0.0)
[10:01:05] [Server thread/INFO] (Minecraft) [Dormant] test-mock-player joined the game
[10:01:05] [Server thread/INFO] (Minecraft) test-mock-player[embedded] logged in with entity id 17 at (0.0, 0.0, 0.0)
[10:01:05] [Server thread/INFO] (Minecraft) [Dormant] test-mock-player joined the game
[10:01:05] [Server thread/INFO] (Minecraft) test-mock-player[embedded] logged in with entity id 18 at (0.0, 0.0, 0.0)
[10:01:05] [Server thread/INFO] (Minecraft) [Dormant] test-mock-player joined the game
[10:01:05] [Server thread/INFO] (Minecraft) test-mock-player[embedded] logged in with entity id 19 at (0.0, 0.0, 0.0)
[10:01:05] [Server thread/INFO] (Minecraft) [Dormant] test-mock-player joined the game
[10:01:05] [Server thread/INFO] (Minecraft) test-mock-player[embedded] logged in with entity id 20 at (0.0, 0.0, 0.0)
[10:01:05] [Server thread/INFO] (Minecraft) [Dormant] test-mock-player joined the game
[10:01:05] [Server thread/INFO] (Minecraft) test-mock-player[embedded] logged in with entity id 21 at (0.0, 0.0, 0.0)
[10:01:05] [Server thread/INFO] (Minecraft) [Dormant] test-mock-player joined the game
[10:01:05] [Server thread/INFO] (Minecraft) test-mock-player[embedded] logged in with entity id 22 at (0.0, 0.0, 0.0)
[10:01:05] [Server thread/INFO] (Minecraft) [Dormant] test-mock-player joined the game
[10:01:05] [Server thread/INFO] (Minecraft) test-mock-player[embedded] logged in with entity id 23 at (0.0, 0.0, 0.0)
[10:01:05] [Server thread/INFO] (Minecraft) [Dormant] test-mock-player joined the game
[10:01:05] [Server thread/INFO] (Minecraft) test-mock-player[embedded] logged in with entity id 24 at (0.0, 0.0, 0.0)
[10:01:05] [Server thread/INFO] (Minecraft) [Dormant] test-mock-player joined the game
[10:01:05] [Server thread/INFO] (Minecraft) test-mock-player[embedded] logged in with entity id 25 at (0.0, 0.0, 0.0)
[10:01:05] [Server thread/INFO] (Minecraft) [Dormant] test-mock-player joined the game
[10:01:05] [Server thread/INFO] (Minecraft) test-mock-player[embedded] logged in with entity id 26 at (0.0, 0.0, 0.0)
[10:01:05] [Server thread/INFO] (Minecraft) [Dormant] test-mock-player joined the game
[10:01:05] [Server thread/INFO] (Minecraft) test-mock-player[embedded] logged in with entity id 27 at (0.0, 0.0, 0.0)
[10:01:05] [Server thread/INFO] (Minecraft) [Dormant] test-mock-player joined the game
[10:01:05] [Server thread/INFO] (Minecraft) test-mock-player[embedded] logged in with entity id 28 at (0.0, 0.0, 0.0)
[10:01:05] [Server thread/INFO] (Minecraft) [Dormant] test-mock-player joined the game
[10:01:05] [Server thread/INFO] (Minecraft) test-mock-player[embedded] logged in with entity id 29 at (0.0, 0.0, 0.0)
[10:01:05] [Server thread/INFO] (Minecraft) [Dormant] test-mock-player joined the game
[10:01:05] [Server thread/INFO] (Minecraft) test-mock-player[embedded] logged in with entity id 30 at (0.0, 0.0, 0.0)
[10:01:05] [Server thread/INFO] (Minecraft) [Dormant] test-mock-player joined the game
[10:01:05] [Server thread/INFO] (Minecraft) test-mock-player[embedded] logged in with entity id 31 at (0.0, 0.0, 0.0)
[10:01:05] [Server thread/INFO] (Minecraft) [Dormant] test-mock-player joined the game
[10:01:05] [Server thread/INFO] (Minecraft) test-mock-player[embedded] logged in with entity id 32 at (0.0, 0.0, 0.0)
[10:01:05] [Server thread/INFO] (Minecraft) [Dormant] test-mock-player joined the game
[10:01:05] [Server thread/INFO] (Minecraft) test-mock-player[embedded] logged in with entity id 33 at (0.0, 0.0, 0.0)
[10:01:05] [Server thread/INFO] (Minecraft) [Dormant] test-mock-player joined the game
[10:01:05] [Server thread/INFO] (Minecraft) test-mock-player[embedded] logged in with entity id 34 at (0.0, 0.0, 0.0)
[10:01:05] [Server thread/INFO] (Minecraft) [Dormant] test-mock-player joined the game
[10:01:05] [Server thread/INFO] (Minecraft) test-mock-player[embedded] logged in with entity id 35 at (0.0, 0.0, 0.0)
[10:01:05] [Server thread/INFO] (Minecraft) [Dormant] test-mock-player joined the game
[10:01:05] [Server thread/INFO] (Minecraft) test-mock-player[embedded] logged in with entity id 36 at (0.0, 0.0, 0.0)
[10:01:05] [Server thread/INFO] (Minecraft) [Dormant] test-mock-player joined the game
[10:01:05] [Server thread/INFO] (Minecraft) test-mock-player[embedded] logged in with entity id 37 at (0.0, 0.0, 0.0)
[10:01:05] [Server thread/INFO] (Minecraft) [Dormant] test-mock-player joined the game
[10:01:05] [Server thread/INFO] (Minecraft) test-mock-player[embedded] logged in with entity id 38 at (0.0, 0.0, 0.0)
[10:01:05] [Server thread/INFO] (Minecraft) [Dormant] test-mock-player joined the game
[10:01:05] [Server thread/INFO] (Minecraft) test-mock-player[embedded] logged in with entity id 39 at (0.0, 0.0, 0.0)
[10:01:05] [Server thread/INFO] (Minecraft) [Dormant] test-mock-player joined the game
[10:01:05] [Server thread/INFO] (Minecraft) test-mock-player[embedded] logged in with entity id 40 at (0.0, 0.0, 0.0)
[10:01:05] [Server thread/INFO] (Minecraft) [Dormant] test-mock-player joined the game
[10:01:05] [Server thread/INFO] (Minecraft) test-mock-player[embedded] logged in with entity id 41 at (0.0, 0.0, 0.0)
[10:01:05] [Server thread/INFO] (Minecraft) [Dormant] test-mock-player joined the game
[10:01:05] [Server thread/INFO] (Minecraft) test-mock-player[embedded] logged in with entity id 42 at (0.0, 0.0, 0.0)
[10:01:05] [Server thread/INFO] (Minecraft) [Dormant] test-mock-player joined the game
[10:01:05] [Server thread/INFO] (Minecraft) test-mock-player[embedded] logged in with entity id 43 at (0.0, 0.0, 0.0)
[10:01:05] [Server thread/INFO] (Minecraft) [Dormant] test-mock-player joined the game
[10:01:05] [Server thread/INFO] (Minecraft) test-mock-player[embedded] logged in with entity id 44 at (0.0, 0.0, 0.0)
[10:01:05] [Server thread/INFO] (Minecraft) [Dormant] test-mock-player joined the game
[10:01:05] [Server thread/INFO] (Minecraft) test-mock-player[embedded] logged in with entity id 45 at (0.0, 0.0, 0.0)
[10:01:05] [Server thread/INFO] (Minecraft) [Dormant] test-mock-player joined the game
[10:01:05] [Server thread/INFO] (Minecraft) test-mock-player[embedded] logged in with entity id 46 at (0.0, 0.0, 0.0)
[10:01:05] [Server thread/INFO] (Minecraft) [Dormant] test-mock-player joined the game
[10:01:05] [Server thread/INFO] (Minecraft) test-mock-player[embedded] logged in with entity id 47 at (0.0, 0.0, 0.0)
[10:01:05] [Server thread/INFO] (Minecraft) [Dormant] test-mock-player joined the game
[10:01:05] [Server thread/INFO] (Minecraft) test-mock-player[embedded] logged in with entity id 48 at (0.0, 0.0, 0.0)
[10:01:05] [Server thread/INFO] (Minecraft) [Dormant] test-mock-player joined the game
[10:01:05] [Server thread/INFO] (Minecraft) test-mock-player[embedded] logged in with entity id 49 at (0.0, 0.0, 0.0)
[10:01:05] [Server thread/INFO] (Minecraft) [Dormant] test-mock-player joined the game
[10:01:05] [Server thread/INFO] (Minecraft) test-mock-player[embedded] logged in with entity id 50 at (0.0, 0.0, 0.0)
[10:01:05] [Server thread/INFO] (Minecraft) [Dormant] test-mock-player joined the game
[10:01:05] [Server thread/WARN] (Minecraft) Can't keep up! Is the server overloaded? Running 2132ms or 42 ticks behind
[10:01:06] [Server thread/INFO] (Minecraft) [_]
[10:01:07] [Server thread/INFO] (Minecraft) [_]
[10:01:08] [Server thread/INFO] (Minecraft) [_]
[10:01:09] [Server thread/INFO] (Minecraft) [_]
[10:01:10] [Server thread/INFO] (Minecraft) [_]
[10:01:11] [Server thread/INFO] (Minecraft) [_]
[10:01:12] [Server thread/INFO] (Minecraft) [_]
[10:01:13] [Server thread/INFO] (Minecraft) [_]
[10:01:14] [Server thread/INFO] (Minecraft) [_]
[10:01:15] [Server thread/INFO] (Minecraft) [_]
[10:01:16] [Server thread/INFO] (Minecraft) [_]
[10:01:17] [Server thread/INFO] (Minecraft) [_]
[10:01:18] [Server thread/INFO] (Minecraft) [_]
[10:01:19] [Server thread/INFO] (Minecraft) [_]
[10:01:20] [Server thread/INFO] (Minecraft) [_]
[10:01:21] [Server thread/INFO] (Minecraft) [_]
[10:01:22] [Server thread/INFO] (Minecraft) [_]
[10:01:23] [Server thread/INFO] (Minecraft) [_]
[10:01:24] [Server thread/INFO] (Minecraft) [_]
[10:01:25] [Server thread/INFO] (Minecraft) [_]
[10:01:26] [Server thread/INFO] (Minecraft) [_]
[10:01:27] [Server thread/INFO] (Minecraft) [_]
[10:01:28] [Server thread/INFO] (Minecraft) [_]
[10:01:29] [Server thread/INFO] (Minecraft) [_]
[10:01:30] [Server thread/INFO] (Minecraft) [_]
[10:01:31] [Server thread/INFO] (Minecraft) [_]
[10:01:32] [Server thread/INFO] (Minecraft) [_]
[10:01:33] [Server thread/INFO] (Minecraft) [_]
[10:01:34] [Server thread/INFO] (Minecraft) [_]
[10:01:35] [Server thread/INFO] (Minecraft) [_]
[10:01:36] [Server thread/INFO] (Minecraft) [_]
[10:01:37] [Server thread/INFO] (Minecraft) [_]
[10:01:38] [Server thread/INFO] (Minecraft) [_]
[10:01:39] [Server thread/INFO] (Minecraft) [_]
[10:01:40] [Server thread/INFO] (Minecraft) [_]
[10:01:41] [Server thread/INFO] (Minecraft) [_]
[10:01:42] [Server thread/INFO] (Minecraft) [_]
[10:01:43] [Server thread/INFO] (Minecraft) [_]
[10:01:44] [Server thread/INFO] (Minecraft) [_]
[10:01:45] [Server thread/INFO] (Minecraft) [_]
[10:01:46] [Server thread/INFO] (Minecraft) [_]
[10:01:47] [Server thread/INFO] (Minecraft) [_]
[10:01:48] [Server thread/INFO] (Minecraft) [_]
[10:01:49] [Server thread/INFO] (Minecraft) [_]
[10:01:50] [Server thread/INFO] (Minecraft) [_]
[10:01:51] [Server thread/INFO] (Minecraft) [_]
[10:01:52] [Server thread/INFO] (Minecraft) [_]
[10:01:53] [Server thread/INFO] (Minecraft) [_]
[10:01:54] [Server thread/INFO] (Minecraft) [_]
[10:01:55] [Server thread/INFO] (Minecraft) [_]
[10:01:56] [Server thread/INFO] (Minecraft) [_]
[10:01:57] [Server thread/INFO] (Minecraft) [_]
[10:01:58] [Server thread/INFO] (Minecraft) [_]
[10:01:59] [Server thread/INFO] (Minecraft) [_]
[10:02:00] [Server thread/INFO] (Minecraft) [_]
[10:02:01] [Server thread/INFO] (Minecraft) [_]
[10:02:02] [Server thread/INFO] (Minecraft) [_]
[10:02:03] [Server thread/INFO] (Minecraft) [_]
[10:02:04] [Server thread/INFO] (Minecraft) [_]
[10:02:05] [Server thread/INFO] (Minecraft) [_]
[10:02:06] [Server thread/INFO] (Minecraft) [_]
[10:02:07] [Server thread/INFO] (Minecraft) [_]
[10:02:08] [Server thread/INFO] (Minecraft) [_]
[10:02:09] [Server thread/INFO] (Minecraft) [_]
[10:02:10] [Server thread/INFO] (Minecraft) [_]
[10:02:11] [Server thread/INFO] (Minecraft) [_]
[10:02:12] [Server thread/INFO] (Minecraft) [_]
[10:02:13] [Server thread/INFO] (Minecraft) [_]
[10:02:14] [Server thread/INFO] (Minecraft) [_]
[10:02:15] [Server thread/INFO] (Minecraft) [_]
[10:02:16] [Server thread/INFO] (Minecraft) [_]
[10:02:17] [Server thread/INFO] (Minecraft) [_]
[10:02:18] [Server thread/INFO] (Minecraft) [_]
[10:02:19] [Server thread/INFO] (Minecraft) [_]
[10:02:20] [Server thread/INFO] (Minecraft) [_]
[10:02:21] [Server thread/INFO] (Minecraft) [_]
[10:02:22] [Server thread/INFO] (Minecraft) [_]
[10:02:23] [Server thread/INFO] (Minecraft) [_]
[10:02:24] [Server thread/INFO] (Minecraft) [_]
[10:02:25] [Server thread/INFO] (Minecraft) [_]
[10:02:26] [Server thread/INFO] (Minecraft) [_]
[10:02:27] [Server thread/INFO] (Minecraft) [_]
[10:02:28] [Server thread/INFO] (Minecraft) [_]
[10:02:29] [Server thread/INFO] (Minecraft) [_]
[10:02:30] [Server thread/INFO] (Minecraft) [_]
[10:02:31] [Server thread/INFO] (Minecraft) [_]
[10:02:32] [Server thread/INFO] (Minecraft) [_]
[10:02:33] [Server thread/INFO] (Minecraft) [_]
[10:02:34] [Server thread/INFO] (Minecraft) [_]
[10:02:35] [Server thread/INFO] (Minecraft) [_]
[10:02:36] [Server thread/INFO] (Minecraft) [_]
[10:02:37] [Server thread/INFO] (Minecraft) [_]
[10:02:38] [Server thread/INFO] (Minecraft) [_]
[10:02:39] [Server thread/INFO] (Minecraft) [_]
[10:02:40] [Server thread/INFO] (Minecraft) [_]
[10:02:41] [Server thread/INFO] (Minecraft) [_]
[10:02:42] [Server thread/INFO] (Minecraft) [_]
[10:02:43] [Server thread/INFO] (Minecraft) [_]
[10:02:44] [Server thread/INFO] (Minecraft) [_]
[10:02:45] [Server thread/INFO] (Minecraft) [_]
[10:02:46] [Server thread/INFO] (Minecraft) [_]
[10:02:47] [Server thread/INFO] (Minecraft) [_]
[10:02:48] [Server thread/INFO] (Minecraft) [_]
[10:02:49] [Server thread/INFO] (Minecraft) [_]
[10:02:50] [Server thread/INFO] (Minecraft) [_]
[10:02:51] [Server thread/INFO] (Minecraft) [_]
[10:02:52] [Server thread/INFO] (Minecraft) [_]
[10:02:53] [Server thread/INFO] (Minecraft) [_]
[10:02:54] [Server thread/INFO] (Minecraft) [_]
[10:02:55] [Server thread/INFO] (Minecraft) [_]
[10:02:56] [Server thread/INFO] (Minecraft) [_]
[10:02:57] [Server thread/INFO] (Minecraft) [_]
[10:02:58] [Server thread/INFO] (Minecraft) [_]
[10:02:59] [Server thread/INFO] (Minecraft) [_]
[10:03:00] [Server thread/INFO] (Minecraft) [_]
[10:03:01] [Server thread/INFO] (Minecraft) [_]
[10:03:02] [Server thread/INFO] (Minecraft) [_]
[10:03:03] [Server thread/INFO] (Minecraft) [_]
[10:03:04] [Server thread/INFO] (Minecraft) [_]
[10:03:05] [Server thread/INFO] (Minecraft) [_]
[10:03:06] [Server thread/INFO] (Minecraft) [_]
[10:03:07] [Server thread/INFO] (Minecraft) [_]
[10:03:08] [Server thread/INFO] (Minecraft) [_]
[10:03:09] [Server thread/INFO] (Minecraft) [_]
[10:03:10] [Server thread/INFO] (Minecraft) [_]
[10:03:11] [Server thread/INFO] (Minecraft) [_]
[10:03:12] [Server thread/INFO] (Minecraft) [_]
[10:03:13] [Server thread/INFO] (Minecraft) [_]
[10:03:14] [Server thread/INFO] (Minecraft) [_]
[10:03:15] [Server thread/INFO] (Minecraft) [_]
[10:03:16] [Server thread/INFO] (Minecraft) [_]
[10:03:17] [Server thread/INFO] (Minecraft) [_]
[10:03:18] [Server thread/INFO] (Minecraft) [_]
[10:03:19] [Server thread/INFO] (Minecraft) [_]
[10:03:20] [Server thread/INFO] (Minecraft) [_]
[10:03:21] [Server thread/INFO] (Minecraft) [_]
[10:03:22] [Server thread/INFO] (Minecraft) [_]
[10:03:23] [Server thread/INFO] (Minecraft) [_]
[10:03:24] [Server thread/INFO] (Minecraft) [_]
[10:03:25] [Server thread/INFO] (Minecraft) [_]
[10:03:26] [Server thread/INFO] (Minecraft) [_]
[10:03:27] [Server thread/INFO] (Minecraft) [_]
[10:03:28] [Server thread/INFO] (Minecraft) [_]
[10:03:29] [Server thread/INFO] (Minecraft) [_]
[10:03:30] [Server thread/INFO] (Minecraft) [_]
[10:03:31] [Server thread/INFO] (Minecraft) [_]
[10:03:32] [Server thread/INFO] (Minecraft) [_]
[10:03:33] [Server thread/INFO] (Minecraft) [_]
[10:03:34] [Server thread/INFO] (Minecraft) [_]
[10:03:35] [Server thread/INFO] (Minecraft) [_]
[10:03:36] [Server thread/INFO] (Minecraft) [_]
[10:03:37] [Server thread/INFO] (Minecraft) [_]
[10:03:38] [Server thread/INFO] (Minecraft) [_]
[10:03:39] [Server thread/INFO] (Minecraft) [_]
[10:03:40] [Server thread/INFO] (Minecraft) [_]
[10:03:41] [Server thread/INFO] (Minecraft) [_]
[10:03:42] [Server thread/INFO] (Minecraft) [_]
[10:03:43] [Server thread/INFO] (Minecraft) [_]
[10:03:44] [Server thread/INFO] (Minecraft) [_]
[10:03:45] [Server thread/INFO] (Minecraft) [_]
[10:03:46] [Server thread/INFO] (Minecraft) [_]
[10:03:47] [Server thread/INFO] (Minecraft) [_]
[10:03:48] [Server thread/INFO] (Minecraft) [_]
[10:03:49] [Server thread/INFO] (Minecraft) [_]
[10:03:50] [Server thread/INFO] (Minecraft) [_]
[10:03:51] [Server thread/INFO] (Minecraft) [_]
[10:03:52] [Server thread/INFO] (Minecraft) [_]
[10:03:53] [Server thread/INFO] (Minecraft) [_]
[10:03:54] [Server thread/INFO] (Minecraft) [_]
[10:03:55] [Server thread/INFO] (Minecraft) [_]
[10:03:56] [Server thread/INFO] (Minecraft) [_]
[10:03:57] [Server thread/INFO] (Minecraft) [_]
[10:03:58] [Server thread/INFO] (Minecraft) [_]
[10:03:59] [Server thread/INFO] (Minecraft) [_]
[10:04:00] [Server thread/INFO] (Minecraft) [_]
[10:04:01] [Server thread/INFO] (Minecraft) [_]
[10:04:02] [Server thread/INFO] (Minecraft) [_]
[10:04:03] [Server thread/INFO] (Minecraft) [_]
[10:04:04] [Server thread/INFO] (Minecraft) [_]
[10:04:05] [Server thread/INFO] (Minecraft) [_]
[10:04:06] [Server thread/INFO] (Minecraft) [_]
[10:04:07] [Server thread/INFO] (Minecraft) [_]
[10:04:08] [Server thread/INFO] (Minecraft) [_]
[10:04:09] [Server thread/INFO] (Minecraft) [_]
[10:04:10] [Server thread/INFO] (Minecraft) [_]
[10:04:11] [Server thread/INFO] (Minecraft) [_]
[10:04:12] [Server thread/INFO] (Minecraft) [_]
[10:04:13] [Server thread/INFO] (Minecraft) [_]
[10:04:14] [Server thread/INFO] (Minecraft) [_]
[10:04:15] [Server thread/INFO] (Minecraft) [_]
[10:04:16] [Server thread/INFO] (Minecraft) [_]
[10:04:17] [Server thread/INFO] (Minecraft) [_]
[10:04:18] [Server thread/INFO] (Minecraft) [_]
[10:04:19] [Server thread/INFO] (Minecraft) [_]
[10:04:20] [Server thread/INFO] (Minecraft) [_]
[10:04:21] [Server thread/INFO] (Minecraft) [_]
[10:04:22] [Server thread/INFO] (Minecraft) [_]
[10:04:23] [Server thread/INFO] (Minecraft) [_]
[10:04:24] [Server thread/INFO] (Minecraft) [_]
[10:04:25] [Server thread/INFO] (Minecraft) [_]
[10:04:26] [Server thread/INFO] (Minecraft) [_]
[10:04:27] [Server thread/INFO] (Minecraft) [_]
[10:04:28] [Server thread/INFO] (Minecraft) [_]
[10:04:29] [Server thread/INFO] (Minecraft) [_]
[10:04:30] [Server thread/INFO] (Minecraft) [_]
[10:04:31] [Server thread/INFO] (Minecraft) [_]
[10:04:32] [Server thread/INFO] (Minecraft) [_]
[10:04:33] [Server thread/INFO] (Minecraft) [_]
[10:04:34] [Server thread/INFO] (Minecraft) [_]
[10:04:35] [Server thread/INFO] (Minecraft) [_]
[10:04:36] [Server thread/INFO] (Minecraft) [_]
[10:04:37] [Server thread/INFO] (Minecraft) [_]
[10:04:38] [Server thread/INFO] (Minecraft) [_]
[10:04:39] [Server thread/INFO] (Minecraft) [_]
[10:04:40] [Server thread/INFO] (Minecraft) [_]
[10:04:41] [Server thread/INFO] (Minecraft) [_]
[10:04:42] [Server thread/INFO] (Minecraft) [_]
[10:04:43] [Server thread/INFO] (Minecraft) [_]
[10:04:44] [Server thread/INFO] (Minecraft) [_]
[10:04:45] [Server thread/INFO] (Minecraft) [_]
[10:04:46] [Server thread/INFO] (Minecraft) [_]
[10:04:47] [Server thread/INFO] (Minecraft) [_]
[10:04:48] [Server thread/INFO] (Minecraft) [_]
[10:04:49] [Server thread/INFO] (Minecraft) [_]
[10:04:50] [Server thread/INFO] (Minecraft) [_]
[10:04:51] [Server thread/INFO] (Minecraft) [_]
[10:04:52] [Server thread/INFO] (Minecraft) [_]
[10:04:53] [Server thread/INFO] (Minecraft) [_]
[10:04:54] [Server thread/INFO] (Minecraft) [_]
[10:04:55] [Server thread/INFO] (Minecraft) [_]
[10:04:56] [Server thread/INFO] (Minecraft) [_]
[10:04:57] [Server thread/INFO] (Minecraft) [_]
[10:04:58] [Server thread/INFO] (Minecraft) [_]
[10:04:59] [Server thread/INFO] (Minecraft) [_]
[10:05:00] [Server thread/INFO] (Minecraft) [_]
[10:05:01] [Server thread/INFO] (Minecraft) [_]
[10:05:02] [Server thread/INFO] (Minecraft) [_]
[10:05:03] [Server thread/INFO] (Minecraft) [_]
[10:05:04] [Server thread/INFO] (Minecraft) [_]
[10:05:05] [Server thread/INFO] (Minecraft) [_]
[10:05:06] [Server thread/INFO] (Minecraft) [_]
[10:05:07] [Server thread/INFO] (Minecraft) [_]
[10:05:08] [Server thread/INFO] (Minecraft) [_]
[10:05:09] [Server thread/INFO] (Minecraft) [_]
[10:05:10] [Server thread/INFO] (Minecraft) [_]
[10:05:11] [Server thread/INFO] (Minecraft) [_]
[10:05:12] [Server thread/INFO] (Minecraft) [_]
[10:05:13] [Server thread/INFO] (Minecraft) [_]
[10:05:14] [Server thread/INFO] (Minecraft) [_]
[10:05:15] [Server thread/INFO] (Minecraft) [_]
[10:05:16] [Server thread/INFO] (Minecraft) [_]
[10:05:17] [Server thread/INFO] (Minecraft) [_]
[10:05:18] [Server thread/INFO] (Minecraft) [_]
[10:05:19] [Server thread/INFO] (Minecraft) [_]
[10:05:20] [Server thread/INFO] (Minecraft) [_]
[10:05:21] [Server thread/INFO] (Minecraft) [_]
[10:05:22] [Server thread/INFO] (Minecraft) [_]
[10:05:23] [Server thread/INFO] (Minecraft) [_]
[10:05:24] [Server thread/INFO] (Minecraft) [_]
[10:05:25] [Server thread/INFO] (Minecraft) [_]
[10:05:26] [Server thread/INFO] (Minecraft) [_]
[10:05:27] [Server thread/INFO] (Minecraft) [_]
[10:05:28] [Server thread/INFO] (Minecraft) [_]
[10:05:29] [Server thread/INFO] (Minecraft) [_]
[10:05:30] [Server thread/INFO] (Minecraft) [_]
[10:05:31] [Server thread/INFO] (Minecraft) [_]
[10:05:32] [Server thread/INFO] (Minecraft) [_]
[10:05:33] [Server thread/INFO] (Minecraft) [_]
[10:05:34] [Server thread/INFO] (Minecraft) [_]
[10:05:35] [Server thread/INFO] (Minecraft) [_]
[10:05:36] [Server thread/INFO] (Minecraft) [_]
[10:05:37] [Server thread/INFO] (Minecraft) [_]
[10:05:38] [Server thread/INFO] (Minecraft) [_]
[10:05:39] [Server thread/INFO] (Minecraft) [_]
[10:05:40] [Server thread/INFO] (Minecraft) [_]
[10:05:41] [Server thread/INFO] (Minecraft) [_]
[10:05:42] [Server thread/INFO] (Minecraft) [_]
[10:05:43] [Server thread/INFO] (Minecraft) [_]
[10:05:44] [Server thread/INFO] (Minecraft) [_]
[10:05:45] [Server thread/INFO] (Minecraft) [_]
[10:05:46] [Server thread/INFO] (Minecraft) [_]
[10:05:47] [Server thread/INFO] (Minecraft) [_]
[10:05:48] [Server thread/INFO] (Minecraft) [_]
[10:05:49] [Server thread/INFO] (Minecraft) [_]
[10:05:50] [Server thread/INFO] (Minecraft) [_]
[10:05:51] [Server thread/INFO] (Minecraft) [_]
[10:05:52] [Server thread/INFO] (Minecraft) [_]
[10:05:53] [Server thread/INFO] (Minecraft) [_]
[10:05:54] [Server thread/INFO] (Minecraft) [_]
[10:05:55] [Server thread/INFO] (Minecraft) [_]
[10:05:56] [Server thread/INFO] (Minecraft) [_]
[10:05:57] [Server thread/INFO] (Minecraft) [_]
[10:05:58] [Server thread/INFO] (Minecraft) [_]
[10:05:59] [Server thread/INFO] (Minecraft) [_]
[10:06:00] [Server thread/INFO] (Minecraft) [_]
[10:06:01] [Server thread/INFO] (Minecraft) [_]
[10:06:02] [Server thread/INFO] (Minecraft) [_]
[10:06:03] [Server thread/INFO] (Minecraft) [_]
[10:06:04] [Server thread/INFO] (Minecraft) [_]
[10:06:05] [Server thread/INFO] (Minecraft) [_]
[10:06:06] [Server thread/INFO] (Minecraft) [_]
[10:06:07] [Server thread/INFO] (Minecraft) [_]
[10:06:08] [Server thread/INFO] (Minecraft) [_]
[10:06:09] [Server thread/INFO] (Minecraft) [_]
[10:06:10] [Server thread/INFO] (Minecraft) [_]
[10:06:11] [Server thread/INFO] (Minecraft) [_]
[10:06:12] [Server thread/INFO] (Minecraft) [_]
[10:06:13] [Server thread/INFO] (Minecraft) [_]
[10:06:14] [Server thread/INFO] (Minecraft) [_]
[10:06:15] [Server thread/INFO] (Minecraft) [_]
[10:06:16] [Server thread/INFO] (Minecraft) [_]
[10:06:17] [Server thread/INFO] (Minecraft) [_]
[10:06:18] [Server thread/INFO] (Minecraft) [_]
[10:06:19] [Server thread/INFO] (Minecraft) [_]
[10:06:20] [Server thread/INFO] (Minecraft) [_]
[10:06:21] [Server thread/INFO] (Minecraft) [_]
[10:06:22] [Server thread/INFO] (Minecraft) [_]
[10:06:23] [Server thread/INFO] (Minecraft) [_]
[10:06:24] [Server thread/INFO] (Minecraft) [_]
[10:06:25] [Server thread/INFO] (Minecraft) [_]
[10:06:26] [Server thread/INFO] (Minecraft) [_]
[10:06:27] [Server thread/INFO] (Minecraft) [_]
[10:06:28] [Server thread/INFO] (Minecraft) [_]
[10:06:29] [Server thread/INFO] (Minecraft) [_]
[10:06:30] [Server thread/INFO] (Minecraft) [_]
[10:06:31] [Server thread/INFO] (Minecraft) [_]
[10:06:32] [Server thread/INFO] (Minecraft) [_]
[10:06:33] [Server thread/INFO] (Minecraft) [_]
[10:06:34] [Server thread/INFO] (Minecraft) [_]
[10:06:35] [Server thread/INFO] (Minecraft) [_]
[10:06:36] [Server thread/INFO] (Minecraft) [_]
[10:06:37] [Server thread/INFO] (Minecraft) [_]
[10:06:38] [Server thread/INFO] (Minecraft) [_]
[10:06:39] [Server thread/INFO] (Minecraft) [_]
[10:06:40] [Server thread/INFO] (Minecraft) [_]
[10:06:41] [Server thread/INFO] (Minecraft) [_]
[10:06:42] [Server thread/INFO] (Minecraft) [_]
[10:06:43] [Server thread/INFO] (Minecraft) [_]
[10:06:44] [Server thread/INFO] (Minecraft) [_]
[10:06:45] [Server thread/INFO] (Minecraft) [_]
[10:06:46] [Server thread/INFO] (Minecraft) [_]
[10:06:47] [Server thread/INFO] (Minecraft) [_]
[10:06:48] [Server thread/INFO] (Minecraft) [_]
[10:06:49] [Server thread/INFO] (Minecraft) [_]
[10:06:50] [Server thread/INFO] (Minecraft) [_]
[10:06:51] [Server thread/INFO] (Minecraft) [_]
[10:06:52] [Server thread/INFO] (Minecraft) [_]
[10:06:53] [Server thread/INFO] (Minecraft) [_]
[10:06:54] [Server thread/INFO] (Minecraft) [_]
[10:06:55] [Server thread/INFO] (Minecraft) [_]
[10:06:56] [Server thread/INFO] (Minecraft) [_]
[10:06:57] [Server thread/INFO] (Minecraft) [_]
[10:06:58] [Server thread/INFO] (Minecraft) [_]
[10:06:59] [Server thread/INFO] (Minecraft) [_]
[10:07:00] [Server thread/INFO] (Minecraft) [_]
[10:07:01] [Server thread/INFO] (Minecraft) [_]
[10:07:02] [Server thread/INFO] (Minecraft) [_]
[10:07:03] [Server thread/INFO] (Minecraft) [_]
[10:07:04] [Server thread/INFO] (Minecraft) [_]
[10:07:05] [Server thread/INFO] (Minecraft) [_]
[10:07:06] [Server thread/INFO] (Minecraft) [_]
[10:07:07] [Server thread/INFO] (Minecraft) [_]
[10:07:08] [Server thread/INFO] (Minecraft) [_]
[10:07:09] [Server thread/INFO] (Minecraft) [_]
[10:07:10] [Server thread/INFO] (Minecraft) [_]
[10:07:11] [Server thread/INFO] (Minecraft) [_]
[10:07:12] [Server thread/INFO] (Minecraft) [_]
[10:07:13] [Server thread/INFO] (Minecraft) [_]
[10:07:14] [Server thread/INFO] (Minecraft) [_]
[10:07:15] [Server thread/INFO] (Minecraft) [_]
[10:07:16] [Server thread/INFO] (Minecraft) [_]
[10:07:17] [Server thread/INFO] (Minecraft) [_]
[10:07:18] [Server thread/INFO] (Minecraft) [_]
[10:07:19] [Server thread/INFO] (Minecraft) [_]
[10:07:20] [Server thread/INFO] (Minecraft) [_]
[10:07:21] [Server thread/INFO] (Minecraft) [_]
[10:07:22] [Server thread/INFO] (Minecraft) [_]
[10:07:23] [Server thread/INFO] (Minecraft) [_]
[10:07:24] [Server thread/INFO] (Minecraft) [_]
[10:07:25] [Server thread/INFO] (Minecraft) [_]
[10:07:26] [Server thread/INFO] (Minecraft) [_]
[10:07:27] [Server thread/INFO] (Minecraft) [_]
[10:07:28] [Server thread/INFO] (Minecraft) [_]
[10:07:29] [Server thread/INFO] (Minecraft) [_]
[10:07:30] [Server thread/INFO] (Minecraft) [_]
[10:07:31] [Server thread/INFO] (Minecraft) [_]
[10:07:32] [Server thread/INFO] (Minecraft) [_]
[10:07:33] [Server thread/INFO] (Minecraft) [_]
[10:07:34] [Server thread/INFO] (Minecraft) [_]
[10:07:35] [Server thread/INFO] (Minecraft) [_]
[10:07:36] [Server thread/INFO] (Minecraft) [_]
[10:07:37] [Server thread/INFO] (Minecraft) [_]
[10:07:38] [Server thread/INFO] (Minecraft) [_]
[10:07:39] [Server thread/INFO] (Minecraft) [_]
[10:07:40] [Server thread/INFO] (Minecraft) [_]
[10:07:41] [Server thread/INFO] (Minecraft) [_]
[10:07:42] [Server thread/INFO] (Minecraft) [_]
[10:07:43] [Server thread/INFO] (Minecraft) [_]
[10:07:44] [Server thread/INFO] (Minecraft) [_]
[10:07:45] [Server thread/INFO] (Minecraft) [_]
[10:07:46] [Server thread/INFO] (Minecraft) [_]
[10:07:47] [Server thread/INFO] (Minecraft) [_]
[10:07:48] [Server thread/INFO] (Minecraft) [_]
[10:07:49] [Server thread/INFO] (Minecraft) [_]
[10:07:50] [Server thread/INFO] (Minecraft) [_]
[10:07:51] [Server thread/INFO] (Minecraft) [_]
[10:07:52] [Server thread/INFO] (Minecraft) [_]
[10:07:53] [Server thread/INFO] (Minecraft) [_]
[10:07:54] [Server thread/INFO] (Minecraft) [_]
[10:07:55] [Server thread/INFO] (Minecraft) [_]
[10:07:56] [Server thread/INFO] (Minecraft) [_]
[10:07:57] [Server thread/INFO] (Minecraft) [_]
[10:07:58] [Server thread/INFO] (Minecraft) [_]
[10:07:59] [Server thread/INFO] (Minecraft) [_]
[10:08:00] [Server thread/INFO] (Minecraft) [_]
[10:08:01] [Server thread/INFO] (Minecraft) [_]
[10:08:02] [Server thread/INFO] (Minecraft) [_]
[10:08:03] [Server thread/INFO] (Minecraft) [_]
[10:08:04] [Server thread/INFO] (Minecraft) [_]
[10:08:05] [Server thread/INFO] (Minecraft) [_]
[10:08:06] [Server thread/INFO] (Minecraft) [_]
[10:08:07] [Server thread/INFO] (Minecraft) [_]
[10:08:08] [Server thread/INFO] (Minecraft) [_]
[10:08:09] [Server thread/INFO] (Minecraft) [_]
[10:08:10] [Server thread/INFO] (Minecraft) [_]
[10:08:11] [Server thread/INFO] (Minecraft) [_]
[10:08:12] [Server thread/INFO] (Minecraft) [_]
[10:08:13] [Server thread/INFO] (Minecraft) [_]
[10:08:14] [Server thread/INFO] (Minecraft) [_]
[10:08:15] [Server thread/INFO] (Minecraft) [_]
[10:08:16] [Server thread/INFO] (Minecraft) [_]
[10:08:17] [Server thread/INFO] (Minecraft) [_]
[10:08:18] [Server thread/INFO] (Minecraft) [_]
[10:08:19] [Server thread/INFO] (Minecraft) [_]
[10:08:20] [Server thread/INFO] (Minecraft) [_]
[10:08:21] [Server thread/INFO] (Minecraft) [_]
[10:08:22] [Server thread/INFO] (Minecraft) [_]
[10:08:23] [Server thread/INFO] (Minecraft) [_]
[10:08:24] [Server thread/INFO] (Minecraft) [_]
[10:08:25] [Server thread/INFO] (Minecraft) [_]
[10:08:26] [Server thread/INFO] (Minecraft) [_]
[10:08:27] [Server thread/INFO] (Minecraft) [_]
[10:08:28] [Server thread/INFO] (Minecraft) [_]
[10:08:29] [Server thread/INFO] (Minecraft) [_]
[10:08:30] [Server thread/INFO] (Minecraft) [_]
[10:08:31] [Server thread/INFO] (Minecraft) [_]
[10:08:32] [Server thread/INFO] (Minecraft) [_]
[10:08:33] [Server thread/INFO] (Minecraft) [_]
[10:08:34] [Server thread/INFO] (Minecraft) [_]
[10:08:35] [Server thread/INFO] (Minecraft) [_]
[10:08:36] [Server thread/INFO] (Minecraft) [_]
[10:08:37] [Server thread/INFO] (Minecraft) [_]
[10:08:38] [Server thread/INFO] (Minecraft) [_]
[10:08:39] [Server thread/INFO] (Minecraft) [_]
[10:08:40] [Server thread/INFO] (Minecraft) [_]
[10:08:41] [Server thread/INFO] (Minecraft) [_]
[10:08:42] [Server thread/INFO] (Minecraft) [_]
[10:08:43] [Server thread/INFO] (Minecraft) [_]
[10:08:44] [Server thread/INFO] (Minecraft) [_]
[10:08:45] [Server thread/INFO] (Minecraft) [_]
[10:08:46] [Server thread/INFO] (Minecraft) [_]
[10:08:47] [Server thread/INFO] (Minecraft) [_]
[10:08:48] [Server thread/INFO] (Minecraft) [_]
[10:08:49] [Server thread/INFO] (Minecraft) [_]
[10:08:50] [Server thread/INFO] (Minecraft) [_]
[10:08:51] [Server thread/INFO] (Minecraft) [_]
[10:08:52] [Server thread/INFO] (Minecraft) [_]
[10:08:53] [Server thread/INFO] (Minecraft) [_]
[10:08:54] [Server thread/INFO] (Minecraft) [_]
[10:08:55] [Server thread/INFO] (Minecraft) [_]
[10:08:56] [Server thread/INFO] (Minecraft) [_]
[10:08:57] [Server thread/INFO] (Minecraft) [_]
[10:08:58] [Server thread/INFO] (Minecraft) [_]
[10:08:59] [Server thread/INFO] (Minecraft) [_]
[10:09:00] [Server thread/INFO] (Minecraft) [_]
[10:09:01] [Server thread/INFO] (Minecraft) [_]
[10:09:02] [Server thread/INFO] (Minecraft) [_]
[10:09:03] [Server thread/INFO] (Minecraft) [_]
[10:09:04] [Server thread/INFO] (Minecraft) [_]
[10:09:05] [Server thread/INFO] (Minecraft) [_]
[10:09:06] [Server thread/INFO] (Minecraft) [_]
[10:09:07] [Server thread/INFO] (Minecraft) [_]
[10:09:08] [Server thread/INFO] (Minecraft) [_]
[10:09:09] [Server thread/INFO] (Minecraft) [_]
[10:09:10] [Server thread/INFO] (Minecraft) [_]
[10:09:11] [Server thread/INFO] (Minecraft) [_]
[10:09:12] [Server thread/INFO] (Minecraft) [_]
[10:09:13] [Server thread/INFO] (Minecraft) [_]
[10:09:14] [Server thread/INFO] (Minecraft) [_]
[10:09:15] [Server thread/INFO] (Minecraft) [_]
[10:09:16] [Server thread/INFO] (Minecraft) [_]
[10:09:17] [Server thread/INFO] (Minecraft) [_]
[10:09:18] [Server thread/INFO] (Minecraft) [_]
[10:09:19] [Server thread/INFO] (Minecraft) [_]
[10:09:20] [Server thread/INFO] (Minecraft) [_]
[10:09:21] [Server thread/INFO] (Minecraft) [_]
[10:09:22] [Server thread/INFO] (Minecraft) [_]
[10:09:23] [Server thread/INFO] (Minecraft) [_]
[10:09:24] [Server thread/INFO] (Minecraft) [_]
[10:09:25] [Server thread/INFO] (Minecraft) [_]
[10:09:26] [Server thread/INFO] (Minecraft) [_]
[10:09:27] [Server thread/INFO] (Minecraft) [_]
[10:09:28] [Server thread/INFO] (Minecraft) [_]
[10:09:29] [Server thread/INFO] (Minecraft) [_]
[10:09:30] [Server thread/INFO] (Minecraft) [_]
[10:09:31] [Server thread/INFO] (Minecraft) [_]
[10:09:32] [Server thread/INFO] (Minecraft) [_]
[10:09:33] [Server thread/INFO] (Minecraft) [_]
[10:09:34] [Server thread/INFO] (Minecraft) [_]
[10:09:35] [Server thread/INFO] (Minecraft) [_]
[10:09:36] [Server thread/INFO] (Minecraft) [_]
[10:09:37] [Server thread/INFO] (Minecraft) [_]
[10:09:38] [Server thread/INFO] (Minecraft) [_]
[10:09:39] [Server thread/INFO] (Minecraft) [_]
[10:09:40] [Server thread/INFO] (Minecraft) [_]
[10:09:41] [Server thread/INFO] (Minecraft) [_]
[10:09:42] [Server thread/INFO] (Minecraft) [_]
[10:09:43] [Server thread/INFO] (Minecraft) [_]
[10:09:44] [Server thread/INFO] (Minecraft) [_]
[10:09:45] [Server thread/INFO] (Minecraft) [_]
[10:09:46] [Server thread/INFO] (Minecraft) [_]
[10:09:47] [Server thread/INFO] (Minecraft) [_]
[10:09:48] [Server thread/INFO] (Minecraft) [_]
[10:09:49] [Server thread/INFO] (Minecraft) [_]
[10:09:50] [Server thread/INFO] (Minecraft) [_]
[10:09:51] [Server thread/INFO] (Minecraft) [_]
[10:09:52] [Server thread/INFO] (Minecraft) [_]
[10:09:53] [Server thread/INFO] (Minecraft) [_]
[10:09:54] [Server thread/INFO] (Minecraft) [_]
[10:09:55] [Server thread/INFO] (Minecraft) [_]
[10:09:56] [Server thread/INFO] (Minecraft) [_]
[10:09:57] [Server thread/INFO] (Minecraft) [_]
[10:09:58] [Server thread/INFO] (Minecraft) [_]
[10:09:59] [Server thread/INFO] (Minecraft) [_]
[10:10:00] [Server thread/INFO] (Minecraft) [_]
[10:10:01] [Server thread/INFO] (Minecraft) [_]
[10:10:02] [Server thread/INFO] (Minecraft) [_]
[10:10:03] [Server thread/INFO] (Minecraft) [_]
[10:10:04] [Server thread/INFO] (Minecraft) [_]
[10:10:05] [Server thread/INFO] (Minecraft) [_]
[10:10:06] [Server thread/INFO] (Minecraft) [_]
[10:10:07] [Server thread/INFO] (Minecraft) [_]
[10:10:08] [Server thread/INFO] (Minecraft) [_]
[10:10:09] [Server thread/INFO] (Minecraft) [_]
[10:10:10] [Server thread/INFO] (Minecraft) [_]
[10:10:11] [Server thread/INFO] (Minecraft) [_]
[10:10:12] [Server thread/INFO] (Minecraft) [_]
[10:10:13] [Server thread/INFO] (Minecraft) [_]
[10:10:14] [Server thread/INFO] (Minecraft) [_]
[10:10:15] [Server thread/INFO] (Minecraft) [_]
[10:10:16] [Server thread/INFO] (Minecraft) [_]
[10:10:17] [Server thread/INFO] (Minecraft) [_]
[10:10:18] [Server thread/INFO] (Minecraft) [_]
[10:10:19] [Server thread/INFO] (Minecraft) [_]
[10:10:20] [Server thread/INFO] (Minecraft) [_]
[10:10:21] [Server thread/INFO] (Minecraft) [_]
[10:10:22] [Server thread/INFO] (Minecraft) [_]
[10:10:23] [Server thread/INFO] (Minecraft) [_]
[10:10:24] [Server thread/INFO] (Minecraft) [_]
[10:10:25] [Server thread/INFO] (Minecraft) [_]
[10:10:26] [Server thread/INFO] (Minecraft) [_]
[10:10:27] [Server thread/INFO] (Minecraft) [_]
[10:10:28] [Server thread/INFO] (Minecraft) [_]
[10:10:29] [Server thread/INFO] (Minecraft) [_]
[10:10:30] [Server thread/INFO] (Minecraft) [_]
[10:10:31] [Server thread/INFO] (Minecraft) [_]
[10:10:32] [Server thread/INFO] (Minecraft) [_]
[10:10:33] [Server thread/INFO] (Minecraft) [_]
[10:10:34] [Server thread/INFO] (Minecraft) [_]
[10:10:35] [Server thread/INFO] (Minecraft) [_]
[10:10:36] [Server thread/INFO] (Minecraft) [_]
[10:10:37] [Server thread/INFO] (Minecraft) [_]
[10:10:38] [Server thread/INFO] (Minecraft) [_]
[10:10:39] [Server thread/INFO] (Minecraft) [_]
[10:10:40] [Server thread/INFO] (Minecraft) [_]
[10:10:41] [Server thread/INFO] (Minecraft) [_]
[10:10:42] [Server thread/INFO] (Minecraft) [_]
[10:10:43] [Server thread/INFO] (Minecraft) [_]
[10:10:44] [Server thread/INFO] (Minecraft) [_]
[10:10:45] [Server thread/INFO] (Minecraft) [_]
[10:10:46] [Server thread/INFO] (Minecraft) [_]
[10:10:47] [Server thread/INFO] (Minecraft) [_]
[10:10:48] [Server thread/INFO] (Minecraft) [_]
[10:10:49] [Server thread/INFO] (Minecraft) [_]
[10:10:50] [Server thread/INFO] (Minecraft) [_]
[10:10:51] [Server thread/INFO] (Minecraft) [_]
[10:10:52] [Server thread/INFO] (Minecraft) [_]
[10:10:53] [Server thread/INFO] (Minecraft) [_]
[10:10:54] [Server thread/INFO] (Minecraft) [_]
[10:10:55] [Server thread/INFO] (Minecraft) [_]
[10:10:56] [Server thread/INFO] (Minecraft) [_]
[10:10:57] [Server thread/INFO] (Minecraft) [_]
[10:10:58] [Server thread/INFO] (Minecraft) [_]
[10:10:59] [Server thread/INFO] (Minecraft) [_]
[10:11:00] [Server thread/INFO] (Minecraft) [_]
[10:11:01] [Server thread/INFO] (Minecraft) [_]
[10:11:02] [Server thread/INFO] (Minecraft) [_]
[10:11:03] [Server thread/INFO] (Minecraft) [_]
[10:11:04] [Server thread/INFO] (Minecraft) [_]
[10:11:05] [Server thread/INFO] (Minecraft) [_]
[10:11:06] [Server thread/INFO] (Minecraft) [_]
[10:11:07] [Server thread/INFO] (Minecraft) [_]
[10:11:08] [Server thread/INFO] (Minecraft) [_]
[10:11:09] [Server thread/INFO] (Minecraft) [_]
[10:11:10] [Server thread/INFO] (Minecraft) [_]
[10:11:11] [Server thread/INFO] (Minecraft) [_]
[10:11:12] [Server thread/INFO] (Minecraft) [_]
[10:11:13] [Server thread/INFO] (Minecraft) [_]
[10:11:14] [Server thread/INFO] (Minecraft) [_]
[10:11:15] [Server thread/INFO] (Minecraft) [_]
[10:11:16] [Server thread/INFO] (Minecraft) [_]
[10:11:17] [Server thread/INFO] (Minecraft) [_]
[10:11:18] [Server thread/INFO] (Minecraft) [_]
[10:11:19] [Server thread/INFO] (Minecraft) [_]
[10:11:20] [Server thread/INFO] (Minecraft) [_]
[10:11:21] [Server thread/INFO] (Minecraft) [_]
[10:11:22] [Server thread/INFO] (Minecraft) [_]
[10:11:23] [Server thread/INFO] (Minecraft) [_]
[10:11:24] [Server thread/INFO] (Minecraft) [_]
[10:11:25] [Server thread/INFO] (Minecraft) [_]
[10:11:26] [Server thread/INFO] (Minecraft) [_]
[10:11:27] [Server thread/INFO] (Minecraft) [_]
[10:11:28] [Server thread/INFO] (Minecraft) [_]
[10:11:29] [Server thread/INFO] (Minecraft) [_]
[10:11:30] [Server thread/INFO] (Minecraft) [_]
[10:11:31] [Server thread/INFO] (Minecraft) [_]
[10:11:32] [Server thread/INFO] (Minecraft) [_]
[10:11:33] [Server thread/INFO] (Minecraft) [_]
[10:11:34] [Server thread/INFO] (Minecraft) [_]
[10:11:35] [Server thread/INFO] (Minecraft) [_]
[10:11:36] [Server thread/INFO] (Minecraft) [_]
[10:11:37] [Server thread/INFO] (Minecraft) [_]
[10:11:38] [Server thread/INFO] (Minecraft) [_]
[10:11:39] [Server thread/INFO] (Minecraft) [_]
[10:11:40] [Server thread/INFO] (Minecraft) [_]
[10:11:41] [Server thread/INFO] (Minecraft) [_]
[10:11:42] [Server thread/INFO] (Minecraft) [_]
[10:11:43] [Server thread/INFO] (Minecraft) [_]
[10:11:44] [Server thread/INFO] (Minecraft) [_]
[10:11:45] [Server thread/INFO] (Minecraft) [_]
[10:11:46] [Server thread/INFO] (Minecraft) [_]
[10:11:47] [Server thread/INFO] (Minecraft) [_]
[10:11:48] [Server thread/INFO] (Minecraft) [_]
[10:11:49] [Server thread/INFO] (Minecraft) [_]
[10:11:50] [Server thread/INFO] (Minecraft) [_]
[10:11:51] [Server thread/INFO] (Minecraft) [_]
[10:11:52] [Server thread/INFO] (Minecraft) [_]
[10:11:53] [Server thread/INFO] (Minecraft) [_]
[10:11:54] [Server thread/INFO] (Minecraft) [_]
[10:11:55] [Server thread/INFO] (Minecraft) [_]
[10:11:56] [Server thread/INFO] (Minecraft) [_]
[10:11:57] [Server thread/INFO] (Minecraft) [_]
[10:11:58] [Server thread/INFO] (Minecraft) [_]
[10:11:59] [Server thread/INFO] (Minecraft) [_]
[10:12:00] [Server thread/INFO] (Minecraft) [_]
[10:12:01] [Server thread/INFO] (Minecraft) [_]
[10:12:02] [Server thread/INFO] (Minecraft) [_]
[10:12:03] [Server thread/INFO] (Minecraft) [_]
[10:12:04] [Server thread/INFO] (Minecraft) [_]
[10:12:05] [Server thread/INFO] (Minecraft) [_]
[10:12:06] [Server thread/INFO] (Minecraft) [_]
[10:12:07] [Server thread/INFO] (Minecraft) [_]
[10:12:08] [Server thread/INFO] (Minecraft) [_]
[10:12:09] [Server thread/INFO] (Minecraft) [_]
[10:12:10] [Server thread/INFO] (Minecraft) [_]
[10:12:11] [Server thread/INFO] (Minecraft) [_]
[10:12:12] [Server thread/INFO] (Minecraft) [_]
[10:12:13] [Server thread/INFO] (Minecraft) [_]
[10:12:14] [Server thread/INFO] (Minecraft) [_]
[10:12:15] [Server thread/INFO] (Minecraft) [_]
[10:12:16] [Server thread/INFO] (Minecraft) [_]
[10:12:17] [Server thread/INFO] (Minecraft) [_]
[10:12:18] [Server thread/INFO] (Minecraft) [_]
[10:12:19] [Server thread/INFO] (Minecraft) [_]
[10:12:20] [Server thread/INFO] (Minecraft) [_]
[10:12:21] [Server thread/INFO] (Minecraft) [_]
[10:12:22] [Server thread/INFO] (Minecraft) [_]
[10:12:23] [Server thread/INFO] (Minecraft) [_]
[10:12:24] [Server thread/INFO] (Minecraft) [_]
[10:12:25] [Server thread/INFO] (Minecraft) [_]
[10:12:26] [Server thread/INFO] (Minecraft) [_]
[10:12:27] [Server thread/INFO] (Minecraft) [_]
[10:12:28] [Server thread/INFO] (Minecraft) [_]
[10:12:29] [Server thread/INFO] (Minecraft) [_]
[10:12:30] [Server thread/INFO] (Minecraft) [_]
[10:12:31] [Server thread/INFO] (Minecraft) [_]
[10:12:32] [Server thread/INFO] (Minecraft) [_]
[10:12:33] [Server thread/INFO] (Minecraft) [_]
[10:12:34] [Server thread/INFO] (Minecraft) [_]
[10:12:35] [Server thread/INFO] (Minecraft) [_]
[10:12:36] [Server thread/INFO] (Minecraft) [_]
[10:12:37] [Server thread/INFO] (Minecraft) [_]
[10:12:38] [Server thread/INFO] (Minecraft) [_]
[10:12:39] [Server thread/INFO] (Minecraft) [_]
[10:12:40] [Server thread/INFO] (Minecraft) [_]
[10:12:41] [Server thread/INFO] (Minecraft) [_]
[10:12:42] [Server thread/INFO] (Minecraft) [_]
[10:12:43] [Server thread/INFO] (Minecraft) [_]
[10:12:44] [Server thread/INFO] (Minecraft) [_]
[10:12:45] [Server thread/INFO] (Minecraft) [_]
[10:12:46] [Server thread/INFO] (Minecraft) [_]
[10:12:47] [Server thread/INFO] (Minecraft) [_]
[10:12:48] [Server thread/INFO] (Minecraft) [_]
[10:12:49] [Server thread/INFO] (Minecraft) [_]
[10:12:50] [Server thread/INFO] (Minecraft) [_]
[10:12:51] [Server thread/INFO] (Minecraft) [_]
[10:12:52] [Server thread/INFO] (Minecraft) [_]
[10:12:53] [Server thread/INFO] (Minecraft) [_]
[10:12:54] [Server thread/INFO] (Minecraft) [_]
[10:12:55] [Server thread/INFO] (Minecraft) [_]
[10:12:56] [Server thread/INFO] (Minecraft) [_]
[10:12:57] [Server thread/INFO] (Minecraft) [_]
[10:12:58] [Server thread/INFO] (Minecraft) [_]
[10:12:59] [Server thread/INFO] (Minecraft) [_]
[10:13:00] [Server thread/INFO] (Minecraft) [_]
[10:13:01] [Server thread/INFO] (Minecraft) [_]
[10:13:02] [Server thread/INFO] (Minecraft) [_]
[10:13:03] [Server thread/INFO] (Minecraft) [_]
[10:13:04] [Server thread/INFO] (Minecraft) [_]
[10:13:05] [Server thread/INFO] (Minecraft) [_]
[10:13:06] [Server thread/INFO] (Minecraft) [_]
[10:13:07] [Server thread/INFO] (Minecraft) [_]
[10:13:08] [Server thread/INFO] (Minecraft) [_]
[10:13:09] [Server thread/INFO] (Minecraft) [_]
[10:13:10] [Server thread/INFO] (Minecraft) [_]
[10:13:11] [Server thread/INFO] (Minecraft) [_]
[10:13:12] [Server thread/INFO] (Minecraft) [_]
[10:13:13] [Server thread/INFO] (Minecraft) [_]
[10:13:14] [Server thread/INFO] (Minecraft) [_]
[10:13:15] [Server thread/INFO] (Minecraft) [_]
[10:13:16] [Server thread/INFO] (Minecraft) [_]
[10:13:17] [Server thread/INFO] (Minecraft) [_]
[10:13:18] [Server thread/INFO] (Minecraft) [_]
[10:13:19] [Server thread/INFO] (Minecraft) [_]
[10:13:20] [Server thread/INFO] (Minecraft) [_]
[10:13:21] [Server thread/INFO] (Minecraft) [_]
[10:13:22] [Server thread/INFO] (Minecraft) [_]
[10:13:23] [Server thread/INFO] (Minecraft) [_]
[10:13:24] [Server thread/INFO] (Minecraft) [_]
[10:13:25] [Server thread/INFO] (Minecraft) [_]
[10:13:26] [Server thread/INFO] (Minecraft) [_]
[10:13:27] [Server thread/INFO] (Minecraft) [_]
[10:13:28] [Server thread/INFO] (Minecraft) [_]
[10:13:29] [Server thread/INFO] (Minecraft) [_]
[10:13:30] [Server thread/INFO] (Minecraft) [_]
[10:13:31] [Server thread/INFO] (Minecraft) [_]
[10:13:32] [Server thread/INFO] (Minecraft) [_]
[10:13:33] [Server thread/INFO] (Minecraft) [_]
[10:13:34] [Server thread/INFO] (Minecraft) [_]
[10:13:35] [Server thread/INFO] (Minecraft) [_]
[10:13:36] [Server thread/INFO] (Minecraft) [_]
[10:13:37] [Server thread/INFO] (Minecraft) [_]
[10:13:38] [Server thread/INFO] (Minecraft) [_]
[10:13:39] [Server thread/INFO] (Minecraft) [_]
[10:13:40] [Server thread/INFO] (Minecraft) [_]
[10:13:41] [Server thread/INFO] (Minecraft) [_]
[10:13:42] [Server thread/INFO] (Minecraft) [_]
[10:13:43] [Server thread/INFO] (Minecraft) [_]
[10:13:44] [Server thread/INFO] (Minecraft) [_]
[10:13:45] [Server thread/INFO] (Minecraft) [_]
[10:13:46] [Server thread/INFO] (Minecraft) [_]
[10:13:47] [Server thread/INFO] (Minecraft) [_]
[10:13:48] [Server thread/INFO] (Minecraft) [_]
[10:13:49] [Server thread/INFO] (Minecraft) [_]
[10:13:50] [Server thread/INFO] (Minecraft) [_]
[10:13:51] [Server thread/INFO] (Minecraft) [_]
[10:13:52] [Server thread/INFO] (Minecraft) [_]
[10:13:53] [Server thread/INFO] (Minecraft) [_]
[10:13:54] [Server thread/INFO] (Minecraft) [_]
[10:13:55] [Server thread/INFO] (Minecraft) [_]
[10:13:56] [Server thread/INFO] (Minecraft) [_]
[10:13:57] [Server thread/INFO] (Minecraft) [_]
[10:13:58] [Server thread/INFO] (Minecraft) [_]
[10:13:59] [Server thread/INFO] (Minecraft) [_]
[10:14:00] [Server thread/INFO] (Minecraft) [_]
[10:14:01] [Server thread/INFO] (Minecraft) [_]
[10:14:02] [Server thread/INFO] (Minecraft) [_]
[10:14:03] [Server thread/INFO] (Minecraft) [_]
[10:14:04] [Server thread/INFO] (Minecraft) [_]
[10:14:05] [Server thread/INFO] (Minecraft) [_]
[10:14:06] [Server thread/INFO] (Minecraft) [_]
[10:14:07] [Server thread/INFO] (Minecraft) [_]
[10:14:08] [Server thread/INFO] (Minecraft) [_]
[10:14:09] [Server thread/INFO] (Minecraft) [_]
[10:14:10] [Server thread/INFO] (Minecraft) [_]
[10:14:11] [Server thread/INFO] (Minecraft) [_]
[10:14:12] [Server thread/INFO] (Minecraft) [_]
[10:14:13] [Server thread/INFO] (Minecraft) [_]
[10:14:14] [Server thread/INFO] (Minecraft) [_]
[10:14:15] [Server thread/INFO] (Minecraft) [_]
[10:14:16] [Server thread/INFO] (Minecraft) [_]
[10:14:17] [Server thread/INFO] (Minecraft) [_]
[10:14:18] [Server thread/INFO] (Minecraft) [_]
[10:14:19] [Server thread/INFO] (Minecraft) [_]
[10:14:20] [Server thread/INFO] (Minecraft) [_]
[10:14:21] [Server thread/INFO] (Minecraft) [_]
[10:14:22] [Server thread/INFO] (Minecraft) [_]
[10:14:23] [Server thread/INFO] (Minecraft) [_]
[10:14:24] [Server thread/INFO] (Minecraft) [_]
[10:14:25] [Server thread/INFO] (Minecraft) [_]
[10:14:26] [Server thread/INFO] (Minecraft) [_]
[10:14:27] [Server thread/INFO] (Minecraft) [_]
[10:14:28] [Server thread/INFO] (Minecraft) [_]
[10:14:29] [Server thread/INFO] (Minecraft) [_]
[10:14:30] [Server thread/INFO] (Minecraft) [_]
[10:14:31] [Server thread/INFO] (Minecraft) [_]
[10:14:32] [Server thread/INFO] (Minecraft) [_]
[10:14:33] [Server thread/INFO] (Minecraft) [_]
[10:14:34] [Server thread/INFO] (Minecraft) [_]
[10:14:35] [Server thread/INFO] (Minecraft) [_]
[10:14:36] [Server thread/INFO] (Minecraft) [_]
[10:14:37] [Server thread/INFO] (Minecraft) [_]
[10:14:38] [Server thread/INFO] (Minecraft) [_]
[10:14:39] [Server thread/INFO] (Minecraft) [_]
[10:14:40] [Server thread/INFO] (Minecraft) [_]
[10:14:41] [Server thread/INFO] (Minecraft) [_]
[10:14:42] [Server thread/INFO] (Minecraft) [_]
[10:14:43] [Server thread/INFO] (Minecraft) [_]
[10:14:44] [Server thread/INFO] (Minecraft) [_]
[10:14:45] [Server thread/INFO] (Minecraft) [_]
[10:14:46] [Server thread/INFO] (Minecraft) [_]
[10:14:47] [Server thread/INFO] (Minecraft) [_]
[10:14:48] [Server thread/INFO] (Minecraft) [_]
[10:14:49] [Server thread/INFO] (Minecraft) [_]
[10:14:50] [Server thread/INFO] (Minecraft) [_]
[10:14:51] [Server thread/INFO] (Minecraft) [_]
[10:14:52] [Server thread/INFO] (Minecraft) [_]
[10:14:53] [Server thread/INFO] (Minecraft) [_]
[10:14:54] [Server thread/INFO] (Minecraft) [_]
[10:14:55] [Server thread/INFO] (Minecraft) [_]
[10:14:56] [Server thread/INFO] (Minecraft) [_]
[10:14:57] [Server thread/INFO] (Minecraft) [_]
[10:14:58] [Server thread/INFO] (Minecraft) [_]
[10:14:59] [Server thread/INFO] (Minecraft) [_]
[10:15:00] [Server thread/INFO] (Minecraft) [_]
[10:15:01] [Server thread/INFO] (Minecraft) [_]
[10:15:02] [Server thread/INFO] (Minecraft) [_]
[10:15:03] [Server thread/INFO] (Minecraft) [_]
[10:15:04] [Server thread/INFO] (Minecraft) [_]
[10:15:05] [Server thread/INFO] (Minecraft) [_]
[10:15:06] [Server thread/INFO] (Minecraft) [_]
[10:15:07] [Server thread/INFO] (Minecraft) [_]
[10:15:08] [Server thread/INFO] (Minecraft) [_]
[10:15:09] [Server thread/INFO] (Minecraft) [_]
[10:15:10] [Server thread/INFO] (Minecraft) [_]
[10:15:11] [Server thread/INFO] (Minecraft) [_]
[10:15:12] [Server thread/INFO] (Minecraft) [_]
[10:15:13] [Server thread/INFO] (Minecraft) [_]
[10:15:14] [Server thread/INFO] (Minecraft) [_]
[10:15:15] [Server thread/INFO] (Minecraft) [_]
[10:15:16] [Server thread/INFO] (Minecraft) [_]
[10:15:17] [Server thread/INFO] (Minecraft) [_]
[10:15:18] [Server thread/INFO] (Minecraft) [_]
[10:15:19] [Server thread/INFO] (Minecraft) [_]
[10:15:20] [Server thread/INFO] (Minecraft) [_]
[10:15:21] [Server thread/INFO] (Minecraft) [_]
[10:15:22] [Server thread/INFO] (Minecraft) [_]
[10:15:23] [Server thread/INFO] (Minecraft) [_]
[10:15:24] [Server thread/INFO] (Minecraft) [_]
[10:15:25] [Server thread/INFO] (Minecraft) [_]
[10:15:26] [Server thread/INFO] (Minecraft) [_]
[10:15:27] [Server thread/INFO] (Minecraft) [_]
[10:15:28] [Server thread/INFO] (Minecraft) [_]
[10:15:29] [Server thread/INFO] (Minecraft) [_]
[10:15:30] [Server thread/INFO] (Minecraft) [_]
[10:15:31] [Server thread/INFO] (Minecraft) [_]
[10:15:32] [Server thread/INFO] (Minecraft) [_]
[10:15:33] [Server thread/INFO] (Minecraft) [_]
[10:15:34] [Server thread/INFO] (Minecraft) [_]
[10:15:35] [Server thread/INFO] (Minecraft) [_]
[10:15:36] [Server thread/INFO] (Minecraft) [_]
[10:15:37] [Server thread/INFO] (Minecraft) [_]
[10:15:38] [Server thread/INFO] (Minecraft) [_]
[10:15:39] [Server thread/INFO] (Minecraft) [_]
[10:15:40] [Server thread/INFO] (Minecraft) [_]
[10:15:41] [Server thread/INFO] (Minecraft) [_]
[10:15:42] [Server thread/INFO] (Minecraft) [_]
[10:15:43] [Server thread/INFO] (Minecraft) [_]
[10:15:44] [Server thread/INFO] (Minecraft) [_]
[10:15:45] [Server thread/INFO] (Minecraft) [_]
[10:15:46] [Server thread/INFO] (Minecraft) [_]
[10:15:47] [Server thread/INFO] (Minecraft) [_]
[10:15:48] [Server thread/INFO] (Minecraft) [_]
[10:15:49] [Server thread/INFO] (Minecraft) [_]
[10:15:50] [Server thread/INFO] (Minecraft) [_]
[10:15:51] [Server thread/INFO] (Minecraft) [_]
[10:15:52] [Server thread/INFO] (Minecraft) [_]
[10:15:53] [Server thread/INFO] (Minecraft) [_]
[10:15:54] [Server thread/INFO] (Minecraft) [_]
[10:15:55] [Server thread/INFO] (Minecraft) [_]
[10:15:56] [Server thread/INFO] (Minecraft) [_]
[10:15:57] [Server thread/INFO] (Minecraft) [_]
[10:15:58] [Server thread/INFO] (Minecraft) [_]
[10:15:59] [Server thread/INFO] (Minecraft) [_]
[10:16:00] [Server thread/INFO] (Minecraft) [_]
[10:16:01] [Server thread/INFO] (Minecraft) [_]
[10:16:02] [Server thread/INFO] (Minecraft) [_]
[10:16:03] [Server thread/INFO] (Minecraft) [_]
[10:16:04] [Server thread/INFO] (Minecraft) [_]
[10:16:05] [Server thread/INFO] (Minecraft) [_]
[10:16:06] [Server thread/INFO] (Minecraft) [_]
[10:16:07] [Server thread/INFO] (Minecraft) [_]
[10:16:08] [Server thread/INFO] (Minecraft) [_]
[10:16:09] [Server thread/INFO] (Minecraft) [_]
[10:16:10] [Server thread/INFO] (Minecraft) [_]
[10:16:11] [Server thread/INFO] (Minecraft) [_]
[10:16:12] [Server thread/INFO] (Minecraft) [_]
[10:16:13] [Server thread/INFO] (Minecraft) [_]
[10:16:14] [Server thread/INFO] (Minecraft) [_]
[10:16:15] [Server thread/INFO] (Minecraft) [_]
[10:16:16] [Server thread/INFO] (Minecraft) [_]
[10:16:17] [Server thread/INFO] (Minecraft) [_]
[10:16:18] [Server thread/INFO] (Minecraft) [_]
[10:16:19] [Server thread/INFO] (Minecraft) [_]
[10:16:20] [Server thread/INFO] (Minecraft) [_]
[10:16:21] [Server thread/INFO] (Minecraft) [_]
[10:16:22] [Server thread/INFO] (Minecraft) [_]
[10:16:23] [Server thread/INFO] (Minecraft) [_]
[10:16:24] [Server thread/INFO] (Minecraft) [_]
[10:16:25] [Server thread/INFO] (Minecraft) [_]
[10:16:26] [Server thread/INFO] (Minecraft) [_]
[10:16:27] [Server thread/INFO] (Minecraft) [_]
[10:16:28] [Server thread/INFO] (Minecraft) [_]
[10:16:29] [Server thread/INFO] (Minecraft) [_]
[10:16:30] [Server thread/INFO] (Minecraft) [_]
[10:16:31] [Server thread/INFO] (Minecraft) [_]
[10:16:32] [Server thread/INFO] (Minecraft) [_]
[10:16:33] [Server thread/INFO] (Minecraft) [_]
[10:16:34] [Server thread/INFO] (Minecraft) [_]
[10:16:35] [Server thread/INFO] (Minecraft) [_]
[10:16:36] [Server thread/INFO] (Minecraft) [_]
[10:16:37] [Server thread/INFO] (Minecraft) [_]
[10:16:38] [Server thread/INFO] (Minecraft) [_]
[10:16:39] [Server thread/INFO] (Minecraft) [_]
[10:16:40] [Server thread/INFO] (Minecraft) [_]
[10:16:41] [Server thread/INFO] (Minecraft) [_]
[10:16:42] [Server thread/INFO] (Minecraft) [_]
[10:16:43] [Server thread/INFO] (Minecraft) [_]
[10:16:44] [Server thread/INFO] (Minecraft) [_]
[10:16:45] [Server thread/INFO] (Minecraft) [_]
[10:16:46] [Server thread/INFO] (Minecraft) [_]
[10:16:47] [Server thread/INFO] (Minecraft) [_]
[10:16:48] [Server thread/INFO] (Minecraft) [_]
[10:16:49] [Server thread/INFO] (Minecraft) [_]
[10:16:50] [Server thread/INFO] (Minecraft) [_]
[10:16:51] [Server thread/INFO] (Minecraft) [_]
[10:16:52] [Server thread/INFO] (Minecraft) [_]
[10:16:53] [Server thread/INFO] (Minecraft) [_]
[10:16:54] [Server thread/INFO] (Minecraft) [_]
[10:16:55] [Server thread/INFO] (Minecraft) [_]
[10:16:56] [Server thread/INFO] (Minecraft) [_]
[10:16:57] [Server thread/INFO] (Minecraft) [_]
[10:16:58] [Server thread/INFO] (Minecraft) [_]
[10:16:59] [Server thread/INFO] (Minecraft) [_]
[10:17:00] [Server thread/INFO] (Minecraft) [_]
[10:17:01] [Server thread/INFO] (Minecraft) [_]
[10:17:02] [Server thread/INFO] (Minecraft) [_]
[10:17:03] [Server thread/INFO] (Minecraft) [_]
[10:17:04] [Server thread/INFO] (Minecraft) [_]
[10:17:05] [Server thread/INFO] (Minecraft) [_]
[10:17:06] [Server thread/INFO] (Minecraft) [_]
[10:17:07] [Server thread/INFO] (Minecraft) [_]
[10:17:08] [Server thread/INFO] (Minecraft) [_]
[10:17:09] [Server thread/INFO] (Minecraft) [_]
[10:17:10] [Server thread/INFO] (Minecraft) [_]
[10:17:11] [Server thread/INFO] (Minecraft) [_]
[10:17:12] [Server thread/INFO] (Minecraft) [_]
[10:17:13] [Server thread/INFO] (Minecraft) [_]
[10:17:14] [Server thread/INFO] (Minecraft) [_]
[10:17:15] [Server thread/INFO] (Minecraft) [_]
[10:17:16] [Server thread/INFO] (Minecraft) [_]
[10:17:17] [Server thread/INFO] (Minecraft) [_]
[10:17:18] [Server thread/INFO] (Minecraft) [_]
[10:17:19] [Server thread/INFO] (Minecraft) [_]
[10:17:20] [Server thread/INFO] (Minecraft) [_]
[10:17:21] [Server thread/INFO] (Minecraft) [_]
[10:17:22] [Server thread/INFO] (Minecraft) [_]
[10:17:23] [Server thread/INFO] (Minecraft) [_]
[10:17:24] [Server thread/INFO] (Minecraft) [_]
[10:17:25] [Server thread/INFO] (Minecraft) [_]
[10:17:26] [Server thread/INFO] (Minecraft) [_]
[10:17:27] [Server thread/INFO] (Minecraft) [_]
[10:17:28] [Server thread/INFO] (Minecraft) [_]
[10:17:29] [Server thread/INFO] (Minecraft) [_]
[10:17:30] [Server thread/INFO] (Minecraft) [_]
[10:17:31] [Server thread/INFO] (Minecraft) [_]
[10:17:32] [Server thread/INFO] (Minecraft) [_]
[10:17:33] [Server thread/INFO] (Minecraft) [_]
[10:17:34] [Server thread/INFO] (Minecraft) [_]
[10:17:35] [Server thread/INFO] (Minecraft) [_]
[10:17:36] [Server thread/INFO] (Minecraft) [_]
[10:17:37] [Server thread/INFO] (Minecraft) [_]
[10:17:38] [Server thread/INFO] (Minecraft) [_]
[10:17:39] [Server thread/INFO] (Minecraft) [_]
[10:17:40] [Server thread/INFO] (Minecraft) [_]
[10:17:41] [Server thread/INFO] (Minecraft) [_]
[10:17:42] [Server thread/INFO] (Minecraft) [_]
[10:17:43] [Server thread/INFO] (Minecraft) [_]
[10:17:44] [Server thread/INFO] (Minecraft) [_]
[10:17:45] [Server thread/INFO] (Minecraft) [_]
[10:17:46] [Server thread/INFO] (Minecraft) [_]
[10:17:47] [Server thread/INFO] (Minecraft) [_]
[10:17:48] [Server thread/INFO] (Minecraft) [_]
[10:17:49] [Server thread/INFO] (Minecraft) [_]
[10:17:50] [Server thread/INFO] (Minecraft) [_]
[10:17:51] [Server thread/INFO] (Minecraft) [_]
[10:17:52] [Server thread/INFO] (Minecraft) [_]
[10:17:53] [Server thread/INFO] (Minecraft) [_]
[10:17:54] [Server thread/INFO] (Minecraft) [_]
[10:17:55] [Server thread/INFO] (Minecraft) [_]
[10:17:56] [Server thread/INFO] (Minecraft) [_]
[10:17:57] [Server thread/INFO] (Minecraft) [_]
[10:17:58] [Server thread/INFO] (Minecraft) [_]
[10:17:59] [Server thread/INFO] (Minecraft) [_]
[10:18:00] [Server thread/INFO] (Minecraft) [_]
[10:18:01] [Server thread/INFO] (Minecraft) [_]
[10:18:02] [Server thread/INFO] (Minecraft) [_]
[10:18:03] [Server thread/INFO] (Minecraft) [_]
[10:18:04] [Server thread/INFO] (Minecraft) [_]
[10:18:05] [Server thread/INFO] (Minecraft) [_]
[10:18:06] [Server thread/INFO] (Minecraft) [_]
[10:18:07] [Server thread/INFO] (Minecraft) [_]
[10:18:08] [Server thread/INFO] (Minecraft) [_]
[10:18:09] [Server thread/INFO] (Minecraft) [_]
[10:18:10] [Server thread/INFO] (Minecraft) [_]
[10:18:11] [Server thread/INFO] (Minecraft) [_]
[10:18:12] [Server thread/INFO] (Minecraft) [_]
[10:18:13] [Server thread/INFO] (Minecraft) [_]
[10:18:14] [Server thread/INFO] (Minecraft) [_]
[10:18:15] [Server thread/INFO] (Minecraft) [_]
[10:18:16] [Server thread/INFO] (Minecraft) [_]
[10:18:17] [Server thread/INFO] (Minecraft) [_]
[10:18:18] [Server thread/INFO] (Minecraft) [_]
[10:18:19] [Server thread/INFO] (Minecraft) [_]
[10:18:20] [Server thread/INFO] (Minecraft) [_]
[10:18:21] [Server thread/INFO] (Minecraft) [_]
[10:18:22] [Server thread/INFO] (Minecraft) [_]
[10:18:23] [Server thread/INFO] (Minecraft) [_]
[10:18:24] [Server thread/INFO] (Minecraft) [_]
[10:18:25] [Server thread/INFO] (Minecraft) [_]
[10:18:26] [Server thread/INFO] (Minecraft) [_]
[10:18:27] [Server thread/INFO] (Minecraft) [_]
[10:18:28] [Server thread/INFO] (Minecraft) [_]
[10:18:29] [Server thread/INFO] (Minecraft) [_]
[10:18:30] [Server thread/INFO] (Minecraft) [_]
[10:18:31] [Server thread/INFO] (Minecraft) [_]
[10:18:32] [Server thread/INFO] (Minecraft) [_]
[10:18:33] [Server thread/INFO] (Minecraft) [_]
[10:18:34] [Server thread/INFO] (Minecraft) [_]
[10:18:35] [Server thread/INFO] (Minecraft) [_]
[10:18:36] [Server thread/INFO] (Minecraft) [_]
[10:18:37] [Server thread/INFO] (Minecraft) [_]
[10:18:38] [Server thread/INFO] (Minecraft) [_]
[10:18:39] [Server thread/INFO] (Minecraft) [_]
[10:18:40] [Server thread/INFO] (Minecraft) [_]
[10:18:41] [Server thread/INFO] (Minecraft) [_]
[10:18:42] [Server thread/INFO] (Minecraft) [_]
[10:18:43] [Server thread/INFO] (Minecraft) [_]
[10:18:44] [Server thread/INFO] (Minecraft) [_]
[10:18:45] [Server thread/INFO] (Minecraft) [_]
[10:18:46] [Server thread/INFO] (Minecraft) [_]
[10:18:47] [Server thread/INFO] (Minecraft) [_]
[10:18:48] [Server thread/INFO] (Minecraft) [_]
[10:18:49] [Server thread/INFO] (Minecraft) [_]
[10:18:50] [Server thread/INFO] (Minecraft) [_]
[10:18:51] [Server thread/INFO] (Minecraft) [_]
[10:18:52] [Server thread/INFO] (Minecraft) [_]
[10:18:53] [Server thread/INFO] (Minecraft) [_]
[10:18:54] [Server thread/INFO] (Minecraft) [_]
[10:18:55] [Server thread/INFO] (Minecraft) [_]
[10:18:56] [Server thread/INFO] (Minecraft) [_]
[10:18:57] [Server thread/INFO] (Minecraft) [_]
[10:18:58] [Server thread/INFO] (Minecraft) [_]
[10:18:59] [Server thread/INFO] (Minecraft) [_]
[10:19:00] [Server thread/INFO] (Minecraft) [_]
[10:19:01] [Server thread/INFO] (Minecraft) [_]
[10:19:02] [Server thread/INFO] (Minecraft) [_]
[10:19:03] [Server thread/INFO] (Minecraft) [_]
[10:19:04] [Server thread/INFO] (Minecraft) [_]
[10:19:05] [Server thread/INFO] (Minecraft) [_]
[10:19:06] [Server thread/INFO] (Minecraft) [_]
[10:19:07] [Server thread/INFO] (Minecraft) [_]
[10:19:08] [Server thread/INFO] (Minecraft) [_]
[10:19:09] [Server thread/INFO] (Minecraft) [_]
[10:19:10] [Server thread/INFO] (Minecraft) [_]
[10:19:11] [Server thread/INFO] (Minecraft) [_]
[10:19:12] [Server thread/INFO] (Minecraft) [_]
[10:19:13] [Server thread/INFO] (Minecraft) [_]
[10:19:14] [Server thread/INFO] (Minecraft) [_]
[10:19:15] [Server thread/INFO] (Minecraft) [_]
[10:19:16] [Server thread/INFO] (Minecraft) [_]
[10:19:17] [Server thread/INFO] (Minecraft) [_]
[10:19:18] [Server thread/INFO] (Minecraft) [_]
[10:19:19] [Server thread/INFO] (Minecraft) [_]
[10:19:20] [Server thread/INFO] (Minecraft) [_]
[10:19:21] [Server thread/INFO] (Minecraft) [_]
[10:19:22] [Server thread/INFO] (Minecraft) [_]
[10:19:23] [Server thread/INFO] (Minecraft) [_]
[10:19:24] [Server thread/INFO] (Minecraft) [_]
[10:19:25] [Server thread/INFO] (Minecraft) [_]
[10:19:26] [Server thread/INFO] (Minecraft) [_]
[10:19:27] [Server thread/INFO] (Minecraft) [_]
[10:19:28] [Server thread/INFO] (Minecraft) [_]
[10:19:29] [Server thread/INFO] (Minecraft) [_]
[10:19:30] [Server thread/INFO] (Minecraft) [_]
[10:19:31] [Server thread/INFO] (Minecraft) [_]
[10:19:32] [Server thread/INFO] (Minecraft) [_]
[10:19:33] [Server thread/INFO] (Minecraft) [_]
[10:19:34] [Server thread/INFO] (Minecraft) [_]
[10:19:35] [Server thread/INFO] (Minecraft) [_]
[10:19:36] [Server thread/INFO] (Minecraft) [_]
[10:19:37] [Server thread/INFO] (Minecraft) [_]
[10:19:38] [Server thread/INFO] (Minecraft) [_]
[10:19:39] [Server thread/INFO] (Minecraft) [_]
[10:19:40] [Server thread/INFO] (Minecraft) [_]
[10:19:41] [Server thread/INFO] (Minecraft) [_]
[10:19:42] [Server thread/INFO] (Minecraft) [_]
[10:19:43] [Server thread/INFO] (Minecraft) [_]
[10:19:44] [Server thread/INFO] (Minecraft) [_]
[10:19:45] [Server thread/INFO] (Minecraft) [_]
[10:19:46] [Server thread/INFO] (Minecraft) [_]
[10:19:47] [Server thread/INFO] (Minecraft) [_]
[10:19:48] [Server thread/INFO] (Minecraft) [_]
[10:19:49] [Server thread/INFO] (Minecraft) [_]
[10:19:50] [Server thread/INFO] (Minecraft) [_]
[10:19:51] [Server thread/INFO] (Minecraft) [_]
[10:19:52] [Server thread/INFO] (Minecraft) [_]
[10:19:53] [Server thread/INFO] (Minecraft) [_]
[10:19:54] [Server thread/INFO] (Minecraft) [_]
[10:19:55] [Server thread/INFO] (Minecraft) [_]
[10:19:56] [Server thread/INFO] (Minecraft) [_]
[10:19:57] [Server thread/INFO] (Minecraft) [_]
[10:19:58] [Server thread/INFO] (Minecraft) [_]
[10:19:59] [Server thread/INFO] (Minecraft) [_]
[10:20:00] [Server thread/INFO] (Minecraft) [_]
[10:20:01] [Server thread/INFO] (Minecraft) [_]
[10:20:02] [Server thread/INFO] (Minecraft) [_]
[10:20:03] [Server thread/INFO] (Minecraft) [_]
[10:20:04] [Server thread/INFO] (Minecraft) [_]
[10:20:05] [Server thread/INFO] (Minecraft) [_]
[10:20:06] [Server thread/INFO] (Minecraft) [_]
[10:20:07] [Server thread/INFO] (Minecraft) [_]
[10:20:08] [Server thread/INFO] (Minecraft) [_]
[10:20:09] [Server thread/INFO] (Minecraft) [_]
[10:20:10] [Server thread/INFO] (Minecraft) [_]
[10:20:11] [Server thread/INFO] (Minecraft) [_]
[10:20:12] [Server thread/INFO] (Minecraft) [_]
[10:20:13] [Server thread/INFO] (Minecraft) [_]
[10:20:14] [Server thread/INFO] (Minecraft) [_]
[10:20:15] [Server thread/INFO] (Minecraft) [_]
[10:20:16] [Server thread/INFO] (Minecraft) [_]
[10:20:17] [Server thread/INFO] (Minecraft) [_]
[10:20:18] [Server thread/INFO] (Minecraft) [_]
[10:20:19] [Server thread/INFO] (Minecraft) [_]
[10:20:20] [Server thread/INFO] (Minecraft) [_]
[10:20:21] [Server thread/INFO] (Minecraft) [_]
[10:20:22] [Server thread/INFO] (Minecraft) [_]
[10:20:23] [Server thread/INFO] (Minecraft) [_]
[10:20:24] [Server thread/INFO] (Minecraft) [_]
[10:20:25] [Server thread/INFO] (Minecraft) [_]
[10:20:26] [Server thread/INFO] (Minecraft) [_]
[10:20:27] [Server thread/INFO] (Minecraft) [_]
[10:20:28] [Server thread/INFO] (Minecraft) [_]
[10:20:29] [Server thread/INFO] (Minecraft) [_]
[10:20:30] [Server thread/INFO] (Minecraft) [_]
[10:20:31] [Server thread/INFO] (Minecraft) [_]
[10:20:32] [Server thread/INFO] (Minecraft) [_]
[10:20:33] [Server thread/INFO] (Minecraft) [_]
[10:20:34] [Server thread/INFO] (Minecraft) [_]
[10:20:35] [Server thread/INFO] (Minecraft) [_]
[10:20:36] [Server thread/INFO] (Minecraft) [_]
[10:20:37] [Server thread/INFO] (Minecraft) [_]
[10:20:38] [Server thread/INFO] (Minecraft) [_]
[10:20:39] [Server thread/INFO] (Minecraft) [_]
[10:20:40] [Server thread/INFO] (Minecraft) [_]
[10:20:41] [Server thread/INFO] (Minecraft) [_]
[10:20:42] [Server thread/INFO] (Minecraft) [_]
[10:20:43] [Server thread/INFO] (Minecraft) [_]
[10:20:44] [Server thread/INFO] (Minecraft) [_]
[10:20:45] [Server thread/INFO] (Minecraft) [_]
[10:20:46] [Server thread/INFO] (Minecraft) [_]
[10:20:47] [Server thread/INFO] (Minecraft) [_]
[10:20:48] [Server thread/INFO] (Minecraft) [_]
[10:20:49] [Server thread/INFO] (Minecraft) [_]
[10:20:50] [Server thread/INFO] (Minecraft) [_]
[10:20:51] [Server thread/INFO] (Minecraft) [_]
[10:20:52] [Server thread/INFO] (Minecraft) [_]
[10:20:53] [Server thread/INFO] (Minecraft) [_]
[10:20:54] [Server thread/INFO] (Minecraft) [_]
[10:20:55] [Server thread/INFO] (Minecraft) [_]
[10:20:56] [Server thread/INFO] (Minecraft) [_]
[10:20:57] [Server thread/INFO] (Minecraft) [_]
[10:20:58] [Server thread/INFO] (Minecraft) [_]
[10:20:59] [Server thread/INFO] (Minecraft) [_]
[10:21:00] [Server thread/INFO] (Minecraft) [_]
[10:21:01] [Server thread/INFO] (Minecraft) [_]
[10:21:02] [Server thread/INFO] (Minecraft) [_]
[10:21:03] [Server thread/INFO] (Minecraft) [_]
[10:21:04] [Server thread/INFO] (Minecraft) [_]
[10:21:05] [Server thread/INFO] (Minecraft) [_]
[10:21:06] [Server thread/INFO] (Minecraft) [_]
[10:21:07] [Server thread/INFO] (Minecraft) [_]
[10:21:08] [Server thread/INFO] (Minecraft) [_]
[10:21:09] [Server thread/INFO] (Minecraft) [_]
[10:21:10] [Server thread/INFO] (Minecraft) [_]
[10:21:11] [Server thread/INFO] (Minecraft) [_]
[10:21:12] [Server thread/INFO] (Minecraft) [_]
[10:21:13] [Server thread/INFO] (Minecraft) [_]
[10:21:14] [Server thread/INFO] (Minecraft) [_]
[10:21:15] [Server thread/INFO] (Minecraft) [_]
[10:21:16] [Server thread/INFO] (Minecraft) [_]
[10:21:17] [Server thread/INFO] (Minecraft) [_]
[10:21:18] [Server thread/INFO] (Minecraft) [_]
[10:21:19] [Server thread/INFO] (Minecraft) [_]
[10:21:20] [Server thread/INFO] (Minecraft) [_]
[10:21:21] [Server thread/INFO] (Minecraft) [_]
[10:21:22] [Server thread/INFO] (Minecraft) [_]
[10:21:23] [Server thread/INFO] (Minecraft) [_]
[10:21:24] [Server thread/INFO] (Minecraft) [_]
[10:21:25] [Server thread/INFO] (Minecraft) [_]
[10:21:26] [Server thread/INFO] (Minecraft) [_]
[10:21:27] [Server thread/INFO] (Minecraft) [_]
[10:21:28] [Server thread/INFO] (Minecraft) [_]
[10:21:29] [Server thread/INFO] (Minecraft) [_]
[10:21:30] [Server thread/INFO] (Minecraft) [_]
[10:21:31] [Server thread/INFO] (Minecraft) [_]
[10:21:32] [Server thread/INFO] (Minecraft) [_]
[10:21:33] [Server thread/INFO] (Minecraft) [_]
[10:21:34] [Server thread/INFO] (Minecraft) [_]
[10:21:35] [Server thread/INFO] (Minecraft) [_]
[10:21:36] [Server thread/INFO] (Minecraft) [_]
[10:21:37] [Server thread/INFO] (Minecraft) [_]
[10:21:38] [Server thread/INFO] (Minecraft) [_]
[10:21:39] [Server thread/INFO] (Minecraft) [_]
[10:21:40] [Server thread/INFO] (Minecraft) [_]
[10:21:41] [Server thread/INFO] (Minecraft) [_]
[10:21:42] [Server thread/INFO] (Minecraft) [_]
[10:21:43] [Server thread/INFO] (Minecraft) [_]
[10:21:44] [Server thread/INFO] (Minecraft) [_]
[10:21:45] [Server thread/INFO] (Minecraft) [_]
[10:21:46] [Server thread/INFO] (Minecraft) [_]
[10:21:47] [Server thread/INFO] (Minecraft) [_]
[10:21:48] [Server thread/INFO] (Minecraft) [_]
[10:21:49] [Server thread/INFO] (Minecraft) [_]
[10:21:50] [Server thread/INFO] (Minecraft) [_]
[10:21:51] [Server thread/INFO] (Minecraft) [_]
[10:21:52] [Server thread/INFO] (Minecraft) [_]
[10:21:53] [Server thread/INFO] (Minecraft) [_]
[10:21:54] [Server thread/INFO] (Minecraft) [_]
[10:21:55] [Server thread/INFO] (Minecraft) [_]
[10:21:56] [Server thread/INFO] (Minecraft) [_]
[10:21:57] [Server thread/INFO] (Minecraft) [_]
[10:21:58] [Server thread/INFO] (Minecraft) [_]
[10:21:59] [Server thread/INFO] (Minecraft) [_]
[10:22:00] [Server thread/INFO] (Minecraft) [_]
[10:22:01] [Server thread/INFO] (Minecraft) [_]
[10:22:02] [Server thread/INFO] (Minecraft) [_]
[10:22:03] [Server thread/INFO] (Minecraft) [_]
[10:22:04] [Server thread/INFO] (Minecraft) [_]
[10:22:05] [Server thread/INFO] (Minecraft) [_]
[10:22:06] [Server thread/INFO] (Minecraft) [_]
[10:22:07] [Server thread/INFO] (Minecraft) [_]
[10:22:08] [Server thread/INFO] (Minecraft) [_]
[10:22:09] [Server thread/INFO] (Minecraft) [_]
[10:22:10] [Server thread/INFO] (Minecraft) [_]
[10:22:11] [Server thread/INFO] (Minecraft) [_]
[10:22:12] [Server thread/INFO] (Minecraft) [_]
[10:22:13] [Server thread/INFO] (Minecraft) [_]
[10:22:14] [Server thread/INFO] (Minecraft) [_]
[10:22:15] [Server thread/INFO] (Minecraft) [_]
[10:22:16] [Server thread/INFO] (Minecraft) [_]
[10:22:17] [Server thread/INFO] (Minecraft) [_]
[10:22:18] [Server thread/INFO] (Minecraft) [_]
[10:22:19] [Server thread/INFO] (Minecraft) [_]
[10:22:20] [Server thread/INFO] (Minecraft) [_]
[10:22:21] [Server thread/INFO] (Minecraft) [_]
[10:22:22] [Server thread/INFO] (Minecraft) [_]
[10:22:23] [Server thread/INFO] (Minecraft) [_]
[10:22:24] [Server thread/INFO] (Minecraft) [_]
[10:22:25] [Server thread/INFO] (Minecraft) [_]
[10:22:26] [Server thread/INFO] (Minecraft) [_]
[10:22:27] [Server thread/INFO] (Minecraft) [_]
[10:22:28] [Server thread/INFO] (Minecraft) [_]
[10:22:29] [Server thread/INFO] (Minecraft) [_]
[10:22:30] [Server thread/INFO] (Minecraft) [_]
[10:22:31] [Server thread/INFO] (Minecraft) [_]
[10:22:32] [Server thread/INFO] (Minecraft) [_]
[10:22:33] [Server thread/INFO] (Minecraft) [_]
[10:22:34] [Server thread/INFO] (Minecraft) [_]
[10:22:35] [Server thread/INFO] (Minecraft) [_]
[10:22:36] [Server thread/INFO] (Minecraft) [_]
[10:22:37] [Server thread/INFO] (Minecraft) [_]
[10:22:38] [Server thread/INFO] (Minecraft) [_]
[10:22:39] [Server thread/INFO] (Minecraft) [_]
[10:22:40] [Server thread/INFO] (Minecraft) [_]
[10:22:41] [Server thread/INFO] (Minecraft) [_]
[10:22:42] [Server thread/INFO] (Minecraft) [_]
[10:22:43] [Server thread/INFO] (Minecraft) [_]
[10:22:44] [Server thread/INFO] (Minecraft) [_]
[10:22:45] [Server thread/INFO] (Minecraft) [_]
[10:22:46] [Server thread/INFO] (Minecraft) [_]
[10:22:47] [Server thread/INFO] (Minecraft) [_]
[10:22:48] [Server thread/INFO] (Minecraft) [_]
[10:22:49] [Server thread/INFO] (Minecraft) [_]
[10:22:50] [Server thread/INFO] (Minecraft) [_]
[10:22:51] [Server thread/INFO] (Minecraft) [_]
[10:22:52] [Server thread/INFO] (Minecraft) [_]
[10:22:53] [Server thread/INFO] (Minecraft) [_]
[10:22:54] [Server thread/INFO] (Minecraft) [_]
[10:22:55] [Server thread/INFO] (Minecraft) [_]
[10:22:56] [Server thread/INFO] (Minecraft) [_]
[10:22:57] [Server thread/INFO] (Minecraft) [_]
[10:22:58] [Server thread/INFO] (Minecraft) [_]
[10:22:59] [Server thread/INFO] (Minecraft) [_]
[10:23:00] [Server thread/INFO] (Minecraft) [_]
[10:23:01] [Server thread/INFO] (Minecraft) [_]
[10:23:02] [Server thread/INFO] (Minecraft) [_]
[10:23:03] [Server thread/INFO] (Minecraft) [_]
[10:23:04] [Server thread/INFO] (Minecraft) [_]
[10:23:05] [Server thread/INFO] (Minecraft) [_]
[10:23:06] [Server thread/INFO] (Minecraft) [_]
[10:23:07] [Server thread/INFO] (Minecraft) [_]
[10:23:08] [Server thread/INFO] (Minecraft) [_]
[10:23:09] [Server thread/INFO] (Minecraft) [_]
[10:23:10] [Server thread/INFO] (Minecraft) [_]
[10:23:11] [Server thread/INFO] (Minecraft) [_]
[10:23:12] [Server thread/INFO] (Minecraft) [_]
[10:23:13] [Server thread/INFO] (Minecraft) [_]
[10:23:14] [Server thread/INFO] (Minecraft) [_]
[10:23:15] [Server thread/INFO] (Minecraft) [_]
[10:23:16] [Server thread/INFO] (Minecraft) [_]
[10:23:17] [Server thread/INFO] (Minecraft) [_]
[10:23:18] [Server thread/INFO] (Minecraft) [_]
[10:23:19] [Server thread/INFO] (Minecraft) [_]
[10:23:20] [Server thread/INFO] (Minecraft) [_]
[10:23:21] [Server thread/INFO] (Minecraft) [_]
[10:23:22] [Server thread/INFO] (Minecraft) [_]
[10:23:23] [Server thread/INFO] (Minecraft) [_]
[10:23:24] [Server thread/INFO] (Minecraft) [_]
[10:23:25] [Server thread/INFO] (Minecraft) [_]
[10:23:26] [Server thread/INFO] (Minecraft) [_]
[10:23:27] [Server thread/INFO] (Minecraft) [_]
[10:23:28] [Server thread/INFO] (Minecraft) [_]
[10:23:29] [Server thread/INFO] (Minecraft) [_]
[10:23:30] [Server thread/INFO] (Minecraft) [_]
[10:23:31] [Server thread/INFO] (Minecraft) [_]
[10:23:32] [Server thread/INFO] (Minecraft) [_]
[10:23:33] [Server thread/INFO] (Minecraft) [_]
[10:23:34] [Server thread/INFO] (Minecraft) [_]
[10:23:35] [Server thread/INFO] (Minecraft) [_]
[10:23:36] [Server thread/INFO] (Minecraft) [_]
[10:23:37] [Server thread/INFO] (Minecraft) [_]
[10:23:38] [Server thread/INFO] (Minecraft) [_]
[10:23:39] [Server thread/INFO] (Minecraft) [_]
[10:23:40] [Server thread/INFO] (Minecraft) [_]
[10:23:41] [Server thread/INFO] (Minecraft) [_]
[10:23:42] [Server thread/INFO] (Minecraft) [_]
[10:23:43] [Server thread/INFO] (Minecraft) [_]
[10:23:44] [Server thread/INFO] (Minecraft) [_]
[10:23:45] [Server thread/INFO] (Minecraft) [_]
[10:23:46] [Server thread/INFO] (Minecraft) [_]
[10:23:47] [Server thread/INFO] (Minecraft) [_]
[10:23:48] [Server thread/INFO] (Minecraft) [_]
[10:23:49] [Server thread/INFO] (Minecraft) [_]
[10:23:50] [Server thread/INFO] (Minecraft) [_]
[10:23:51] [Server thread/INFO] (Minecraft) [_]
[10:23:52] [Server thread/INFO] (Minecraft) [_]
[10:23:53] [Server thread/INFO] (Minecraft) [_]
[10:23:54] [Server thread/INFO] (Minecraft) [_]
[10:23:55] [Server thread/INFO] (Minecraft) [_]
[10:23:56] [Server thread/INFO] (Minecraft) [_]
[10:23:57] [Server thread/INFO] (Minecraft) [_]
[10:23:58] [Server thread/INFO] (Minecraft) [_]
[10:23:59] [Server thread/INFO] (Minecraft) [_]
[10:24:00] [Server thread/INFO] (Minecraft) [_]
[10:24:01] [Server thread/INFO] (Minecraft) [_]
[10:24:02] [Server thread/INFO] (Minecraft) [_]
[10:24:03] [Server thread/INFO] (Minecraft) [_]
[10:24:04] [Server thread/INFO] (Minecraft) [_]
[10:24:05] [Server thread/INFO] (Minecraft) [_]
[10:24:06] [Server thread/INFO] (Minecraft) [_]
[10:24:07] [Server thread/INFO] (Minecraft) [_]
[10:24:08] [Server thread/INFO] (Minecraft) [_]
[10:24:09] [Server thread/INFO] (Minecraft) [_]
[10:24:10] [Server thread/INFO] (Minecraft) [_]
[10:24:11] [Server thread/INFO] (Minecraft) [_]
[10:24:12] [Server thread/INFO] (Minecraft) [_]
[10:24:13] [Server thread/INFO] (Minecraft) [_]
[10:24:14] [Server thread/INFO] (Minecraft) [_]
[10:24:15] [Server thread/INFO] (Minecraft) [_]
[10:24:16] [Server thread/INFO] (Minecraft) [_]
[10:24:17] [Server thread/INFO] (Minecraft) [_]
[10:24:18] [Server thread/INFO] (Minecraft) [_]
[10:24:19] [Server thread/INFO] (Minecraft) [_]
[10:24:20] [Server thread/INFO] (Minecraft) [_]
[10:24:21] [Server thread/INFO] (Minecraft) [_]
[10:24:22] [Server thread/INFO] (Minecraft) [_]
[10:24:23] [Server thread/INFO] (Minecraft) [_]
[10:24:24] [Server thread/INFO] (Minecraft) [_]
[10:24:25] [Server thread/INFO] (Minecraft) [_]
[10:24:26] [Server thread/INFO] (Minecraft) [_]
[10:24:27] [Server thread/INFO] (Minecraft) [_]
[10:24:28] [Server thread/INFO] (Minecraft) [_]
[10:24:29] [Server thread/INFO] (Minecraft) [_]
[10:24:30] [Server thread/INFO] (Minecraft) [_]
[10:24:31] [Server thread/INFO] (Minecraft) [_]
[10:24:32] [Server thread/INFO] (Minecraft) [_]
[10:24:33] [Server thread/INFO] (Minecraft) [_]
[10:24:34] [Server thread/INFO] (Minecraft) [_]
[10:24:35] [Server thread/INFO] (Minecraft) [_]
[10:24:36] [Server thread/INFO] (Minecraft) [_]
[10:24:37] [Server thread/INFO] (Minecraft) [_]
[10:24:38] [Server thread/INFO] (Minecraft) [_]
[10:24:39] [Server thread/INFO] (Minecraft) [_]
[10:24:40] [Server thread/INFO] (Minecraft) [_]
[10:24:41] [Server thread/INFO] (Minecraft) [_]
[10:24:42] [Server thread/INFO] (Minecraft) [_]
[10:24:43] [Server thread/INFO] (Minecraft) [_]
[10:24:44] [Server thread/INFO] (Minecraft) [_]
[10:24:45] [Server thread/INFO] (Minecraft) [_]
[10:24:46] [Server thread/INFO] (Minecraft) [_]
[10:24:47] [Server thread/INFO] (Minecraft) [_]
[10:24:48] [Server thread/INFO] (Minecraft) [_]
[10:24:49] [Server thread/INFO] (Minecraft) [_]
[10:24:50] [Server thread/INFO] (Minecraft) [_]
[10:24:51] [Server thread/INFO] (Minecraft) [_]
[10:24:52] [Server thread/INFO] (Minecraft) [_]
[10:24:53] [Server thread/INFO] (Minecraft) [_]
[10:24:54] [Server thread/INFO] (Minecraft) [_]
[10:24:55] [Server thread/INFO] (Minecraft) [_]
[10:24:56] [Server thread/INFO] (Minecraft) [_]
[10:24:57] [Server thread/INFO] (Minecraft) [_]
[10:24:58] [Server thread/INFO] (Minecraft) [_]
[10:24:59] [Server thread/INFO] (Minecraft) [_]
[10:25:00] [Server thread/INFO] (Minecraft) [_]
[10:25:01] [Server thread/INFO] (Minecraft) [_]
[10:25:02] [Server thread/INFO] (Minecraft) [_]
[10:25:03] [Server thread/INFO] (Minecraft) [_]
[10:25:04] [Server thread/INFO] (Minecraft) [_]
[10:25:05] [Server thread/INFO] (Minecraft) [_]
[10:25:06] [Server thread/INFO] (Minecraft) [_]
[10:25:07] [Server thread/INFO] (Minecraft) [_]
[10:25:08] [Server thread/INFO] (Minecraft) [_]
[10:25:09] [Server thread/INFO] (Minecraft) [_]
[10:25:10] [Server thread/INFO] (Minecraft) [_]
[10:25:11] [Server thread/INFO] (Minecraft) [_]
[10:25:12] [Server thread/INFO] (Minecraft) [_]
[10:25:13] [Server thread/INFO] (Minecraft) [_]
[10:25:14] [Server thread/INFO] (Minecraft) [_]
[10:25:15] [Server thread/INFO] (Minecraft) [_]
[10:25:16] [Server thread/INFO] (Minecraft) [_]
[10:25:17] [Server thread/INFO] (Minecraft) [_]
[10:25:18] [Server thread/INFO] (Minecraft) [_]
[10:25:19] [Server thread/INFO] (Minecraft) [_]
[10:25:20] [Server thread/INFO] (Minecraft) [_]
[10:25:21] [Server thread/INFO] (Minecraft) [_]
[10:25:22] [Server thread/INFO] (Minecraft) [_]
[10:25:23] [Server thread/INFO] (Minecraft) [_]
[10:25:24] [Server thread/INFO] (Minecraft) [_]
[10:25:25] [Server thread/INFO] (Minecraft) [_]
[10:25:26] [Server thread/INFO] (Minecraft) [_]
[10:25:27] [Server thread/INFO] (Minecraft) [_]
[10:25:28] [Server thread/INFO] (Minecraft) [_]
[10:25:29] [Server thread/INFO] (Minecraft) [_]
[10:25:30] [Server thread/INFO] (Minecraft) [_]
[10:25:31] [Server thread/INFO] (Minecraft) [_]
[10:25:32] [Server thread/INFO] (Minecraft) [_]
[10:25:33] [Server thread/INFO] (Minecraft) [_]
[10:25:34] [Server thread/INFO] (Minecraft) [_]
[10:25:35] [Server thread/INFO] (Minecraft) [_]
[10:25:36] [Server thread/INFO] (Minecraft) [_]
[10:25:37] [Server thread/INFO] (Minecraft) [_]
[10:25:38] [Server thread/INFO] (Minecraft) [_]
[10:25:39] [Server thread/INFO] (Minecraft) [_]
[10:25:40] [Server thread/INFO] (Minecraft) [_]
[10:25:41] [Server thread/INFO] (Minecraft) [_]
[10:25:42] [Server thread/INFO] (Minecraft) [_]
[10:25:43] [Server thread/INFO] (Minecraft) [_]
[10:25:44] [Server thread/INFO] (Minecraft) [_]
[10:25:45] [Server thread/INFO] (Minecraft) [_]
[10:25:46] [Server thread/INFO] (Minecraft) [_]
[10:25:47] [Server thread/INFO] (Minecraft) [_]
[10:25:48] [Server thread/INFO] (Minecraft) [_]
[10:25:49] [Server thread/INFO] (Minecraft) [_]
[10:25:50] [Server thread/INFO] (Minecraft) [_]
[10:25:51] [Server thread/INFO] (Minecraft) [_]
[10:25:52] [Server thread/INFO] (Minecraft) [_]
[10:25:53] [Server thread/INFO] (Minecraft) [_]
[10:25:54] [Server thread/INFO] (Minecraft) [_]
[10:25:55] [Server thread/INFO] (Minecraft) [_]
[10:25:56] [Server thread/INFO] (Minecraft) [_]
[10:25:57] [Server thread/INFO] (Minecraft) [_]
[10:25:58] [Server thread/INFO] (Minecraft) [_]
[10:25:59] [Server thread/INFO] (Minecraft) [_]
[10:26:00] [Server thread/INFO] (Minecraft) [_]
[10:26:01] [Server thread/INFO] (Minecraft) [_]
[10:26:02] [Server thread/INFO] (Minecraft) [_]
[10:26:03] [Server thread/INFO] (Minecraft) [_]
[10:26:04] [Server thread/INFO] (Minecraft) [_]
[10:26:05] [Server thread/INFO] (Minecraft) [_]
[10:26:06] [Server thread/INFO] (Minecraft) [_]
[10:26:07] [Server thread/INFO] (Minecraft) [_]
[10:26:08] [Server thread/INFO] (Minecraft) [_]
[10:26:09] [Server thread/INFO] (Minecraft) [_]
[10:26:10] [Server thread/INFO] (Minecraft) [_]
[10:26:11] [Server thread/INFO] (Minecraft) [_]
[10:26:12] [Server thread/INFO] (Minecraft) [_]
[10:26:13] [Server thread/INFO] (Minecraft) [_]
[10:26:14] [Server thread/INFO] (Minecraft) [_]
[10:26:15] [Server thread/INFO] (Minecraft) [_]
[10:26:16] [Server thread/INFO] (Minecraft) [_]
[10:26:17] [Server thread/INFO] (Minecraft) [_]
[10:26:18] [Server thread/INFO] (Minecraft) [_]
[10:26:19] [Server thread/INFO] (Minecraft) [_]
[10:26:20] [Server thread/INFO] (Minecraft) [_]
[10:26:21] [Server thread/INFO] (Minecraft) [_]
[10:26:22] [Server thread/INFO] (Minecraft) [_]
[10:26:23] [Server thread/INFO] (Minecraft) [_]
[10:26:24] [Server thread/INFO] (Minecraft) [_]
[10:26:25] [Server thread/INFO] (Minecraft) [_]
[10:26:26] [Server thread/INFO] (Minecraft) [_]
[10:26:27] [Server thread/INFO] (Minecraft) [_]
[10:26:28] [Server thread/INFO] (Minecraft) [_]
[10:26:29] [Server thread/INFO] (Minecraft) [_]
[10:26:30] [Server thread/INFO] (Minecraft) [_]
[10:26:31] [Server thread/INFO] (Minecraft) [_]
[10:26:32] [Server thread/INFO] (Minecraft) [_]
[10:26:33] [Server thread/INFO] (Minecraft) [_]
[10:26:34] [Server thread/INFO] (Minecraft) [_]
[10:26:35] [Server thread/INFO] (Minecraft) [_]
[10:26:36] [Server thread/INFO] (Minecraft) [_]
[10:26:37] [Server thread/INFO] (Minecraft) [_]
[10:26:38] [Server thread/INFO] (Minecraft) [_]
[10:26:39] [Server thread/INFO] (Minecraft) [_]
[10:26:40] [Server thread/INFO] (Minecraft) [_]
[10:26:41] [Server thread/INFO] (Minecraft) [_]
[10:26:42] [Server thread/INFO] (Minecraft) [_]
[10:26:43] [Server thread/INFO] (Minecraft) [_]
[10:26:44] [Server thread/INFO] (Minecraft) [_]
[10:26:45] [Server thread/INFO] (Minecraft) [_]
[10:26:46] [Server thread/INFO] (Minecraft) [_]
[10:26:47] [Server thread/INFO] (Minecraft) [_]
[10:26:48] [Server thread/INFO] (Minecraft) [_]
[10:26:49] [Server thread/INFO] (Minecraft) [_]
[10:26:50] [Server thread/INFO] (Minecraft) [_]
[10:26:51] [Server thread/INFO] (Minecraft) [_]
[10:26:52] [Server thread/INFO] (Minecraft) [_]
[10:26:53] [Server thread/INFO] (Minecraft) [_]
[10:26:54] [Server thread/INFO] (Minecraft) [_]
[10:26:55] [Server thread/INFO] (Minecraft) [_]
[10:26:56] [Server thread/INFO] (Minecraft) [_]
[10:26:57] [Server thread/INFO] (Minecraft) [_]
[10:26:58] [Server thread/INFO] (Minecraft) [_]
[10:26:59] [Server thread/INFO] (Minecraft) [_]
[10:27:00] [Server thread/INFO] (Minecraft) [_]
[10:27:01] [Server thread/INFO] (Minecraft) [_]
[10:27:02] [Server thread/INFO] (Minecraft) [_]
[10:27:03] [Server thread/INFO] (Minecraft) [_]
[10:27:04] [Server thread/INFO] (Minecraft) [_]
[10:27:05] [Server thread/INFO] (Minecraft) [_]
[10:27:06] [Server thread/INFO] (Minecraft) [_]
[10:27:07] [Server thread/INFO] (Minecraft) [_]
[10:27:08] [Server thread/INFO] (Minecraft) [_]
[10:27:09] [Server thread/INFO] (Minecraft) [_]
[10:27:10] [Server thread/INFO] (Minecraft) [_]
[10:27:11] [Server thread/INFO] (Minecraft) [_]
[10:27:12] [Server thread/INFO] (Minecraft) [_]
[10:27:13] [Server thread/INFO] (Minecraft) [_]
[10:27:14] [Server thread/INFO] (Minecraft) [_]
[10:27:15] [Server thread/INFO] (Minecraft) [_]
[10:27:16] [Server thread/INFO] (Minecraft) [_]
[10:27:17] [Server thread/INFO] (Minecraft) [_]
[10:27:18] [Server thread/INFO] (Minecraft) [_]
[10:27:19] [Server thread/INFO] (Minecraft) [_]
[10:27:20] [Server thread/INFO] (Minecraft) [_]
[10:27:21] [Server thread/INFO] (Minecraft) [_]
[10:27:22] [Server thread/INFO] (Minecraft) [_]
[10:27:23] [Server thread/INFO] (Minecraft) [_]
[10:27:24] [Server thread/INFO] (Minecraft) [_]
[10:27:25] [Server thread/INFO] (Minecraft) [_]
[10:27:26] [Server thread/INFO] (Minecraft) [_]
[10:27:27] [Server thread/INFO] (Minecraft) [_]
[10:27:28] [Server thread/INFO] (Minecraft) [_]
[10:27:29] [Server thread/INFO] (Minecraft) [_]
[10:27:30] [Server thread/INFO] (Minecraft) [_]
[10:27:31] [Server thread/INFO] (Minecraft) [_]
[10:27:32] [Server thread/INFO] (Minecraft) [_]
[10:27:33] [Server thread/INFO] (Minecraft) [_]
[10:27:34] [Server thread/INFO] (Minecraft) [_]
[10:27:35] [Server thread/INFO] (Minecraft) [_]
[10:27:36] [Server thread/INFO] (Minecraft) [_]
[10:27:37] [Server thread/INFO] (Minecraft) [_]
[10:27:38] [Server thread/INFO] (Minecraft) [_]
[10:27:39] [Server thread/INFO] (Minecraft) [_]
[10:27:40] [Server thread/INFO] (Minecraft) [_]
[10:27:41] [Server thread/INFO] (Minecraft) [_]
[10:27:42] [Server thread/INFO] (Minecraft) [_]
[10:27:43] [Server thread/INFO] (Minecraft) [_]
[10:27:44] [Server thread/INFO] (Minecraft) [_]
[10:27:45] [Server thread/INFO] (Minecraft) [_]
[10:27:46] [Server thread/INFO] (Minecraft) [_]
[10:27:47] [Server thread/INFO] (Minecraft) [_]
[10:27:48] [Server thread/INFO] (Minecraft) [_]
[10:27:49] [Server thread/INFO] (Minecraft) [_]
[10:27:50] [Server thread/INFO] (Minecraft) [_]
[10:27:51] [Server thread/INFO] (Minecraft) [_]
[10:27:52] [Server thread/INFO] (Minecraft) [_]
[10:27:53] [Server thread/INFO] (Minecraft) [_]
[10:27:54] [Server thread/INFO] (Minecraft) [_]
[10:27:55] [Server thread/INFO] (Minecraft) [_]
[10:27:56] [Server thread/INFO] (Minecraft) [_]
[10:27:57] [Server thread/INFO] (Minecraft) [_]
[10:27:58] [Server thread/INFO] (Minecraft) [_]
[10:27:59] [Server thread/INFO] (Minecraft) [_]
[10:28:00] [Server thread/INFO] (Minecraft) [_]
[10:28:01] [Server thread/INFO] (Minecraft) [_]
[10:28:02] [Server thread/INFO] (Minecraft) [_]
[10:28:03] [Server thread/INFO] (Minecraft) [_]
[10:28:04] [Server thread/INFO] (Minecraft) [_]
[10:28:05] [Server thread/INFO] (Minecraft) [_]
[10:28:06] [Server thread/INFO] (Minecraft) [_]
[10:28:07] [Server thread/INFO] (Minecraft) [_]
[10:28:08] [Server thread/INFO] (Minecraft) [_]
[10:28:09] [Server thread/INFO] (Minecraft) [_]
[10:28:10] [Server thread/INFO] (Minecraft) [_]
[10:28:11] [Server thread/INFO] (Minecraft) [_]
[10:28:12] [Server thread/INFO] (Minecraft) [_]
[10:28:13] [Server thread/INFO] (Minecraft) [_]
[10:28:14] [Server thread/INFO] (Minecraft) [_]
[10:28:15] [Server thread/INFO] (Minecraft) [_]
[10:28:16] [Server thread/INFO] (Minecraft) [_]
[10:28:17] [Server thread/INFO] (Minecraft) [_]
[10:28:18] [Server thread/INFO] (Minecraft) [_]
[10:28:19] [Server thread/INFO] (Minecraft) [_]
[10:28:20] [Server thread/INFO] (Minecraft) [_]
[10:28:21] [Server thread/INFO] (Minecraft) [_]
[10:28:22] [Server thread/INFO] (Minecraft) [_]
[10:28:23] [Server thread/INFO] (Minecraft) [_]
[10:28:24] [Server thread/INFO] (Minecraft) [_]
[10:28:25] [Server thread/INFO] (Minecraft) [_]
[10:28:26] [Server thread/INFO] (Minecraft) [_]
[10:28:27] [Server thread/INFO] (Minecraft) [_]
[10:28:28] [Server thread/INFO] (Minecraft) [_]
[10:28:29] [Server thread/INFO] (Minecraft) [_]
[10:28:30] [Server thread/INFO] (Minecraft) [_]
[10:28:31] [Server thread/INFO] (Minecraft) [_]
[10:28:32] [Server thread/INFO] (Minecraft) [_]
[10:28:33] [Server thread/INFO] (Minecraft) [_]
[10:28:34] [Server thread/INFO] (Minecraft) [_]
[10:28:35] [Server thread/INFO] (Minecraft) [_]
[10:28:36] [Server thread/INFO] (Minecraft) [_]
[10:28:37] [Server thread/INFO] (Minecraft) [_]
[10:28:38] [Server thread/INFO] (Minecraft) [_]
[10:28:39] [Server thread/INFO] (Minecraft) [_]
[10:28:40] [Server thread/INFO] (Minecraft) [_]
[10:28:41] [Server thread/INFO] (Minecraft) [_]
[10:28:42] [Server thread/INFO] (Minecraft) [_]
[10:28:43] [Server thread/INFO] (Minecraft) [_]
[10:28:44] [Server thread/INFO] (Minecraft) [_]
[10:28:45] [Server thread/INFO] (Minecraft) [_]
[10:28:46] [Server thread/INFO] (Minecraft) [_]
[10:28:47] [Server thread/INFO] (Minecraft) [_]
[10:28:48] [Server thread/INFO] (Minecraft) [_]
[10:28:49] [Server thread/INFO] (Minecraft) [_]
[10:28:50] [Server thread/INFO] (Minecraft) [_]
[10:28:51] [Server thread/INFO] (Minecraft) [_]
[10:28:52] [Server thread/INFO] (Minecraft) [_]
[10:28:53] [Server thread/INFO] (Minecraft) [_]
[10:28:54] [Server thread/INFO] (Minecraft) [_]
[10:28:55] [Server thread/INFO] (Minecraft) [_]
[10:28:56] [Server thread/INFO] (Minecraft) [_]
[10:28:57] [Server thread/INFO] (Minecraft) [_]
[10:28:58] [Server thread/INFO] (Minecraft) [_]
[10:28:59] [Server thread/INFO] (Minecraft) [_]
[10:29:00] [Server thread/INFO] (Minecraft) [_]
[10:29:01] [Server thread/INFO] (Minecraft) [_]
[10:29:02] [Server thread/INFO] (Minecraft) [_]
[10:29:03] [Server thread/INFO] (Minecraft) [_]
[10:29:04] [Server thread/INFO] (Minecraft) [_]
[10:29:05] [Server thread/INFO] (Minecraft) [_]
[10:29:06] [Server thread/INFO] (Minecraft) [_]
[10:29:07] [Server thread/INFO] (Minecraft) [_]
[10:29:08] [Server thread/INFO] (Minecraft) [_]
[10:29:09] [Server thread/INFO] (Minecraft) [_]
[10:29:10] [Server thread/INFO] (Minecraft) [_]
[10:29:11] [Server thread/INFO] (Minecraft) [_]
[10:29:12] [Server thread/INFO] (Minecraft) [_]
[10:29:13] [Server thread/INFO] (Minecraft) [_]
[10:29:14] [Server thread/INFO] (Minecraft) [_]
[10:29:15] [Server thread/INFO] (Minecraft) [_]
[10:29:16] [Server thread/INFO] (Minecraft) [_]
[10:29:17] [Server thread/INFO] (Minecraft) [_]
[10:29:18] [Server thread/INFO] (Minecraft) [_]
[10:29:19] [Server thread/INFO] (Minecraft) [_]
[10:29:20] [Server thread/INFO] (Minecraft) [_]
[10:29:21] [Server thread/INFO] (Minecraft) [_]
[10:29:22] [Server thread/INFO] (Minecraft) [_]
[10:29:23] [Server thread/INFO] (Minecraft) [_]
[10:29:24] [Server thread/INFO] (Minecraft) [_]
[10:29:25] [Server thread/INFO] (Minecraft) [_]
[10:29:26] [Server thread/INFO] (Minecraft) [_]
[10:29:27] [Server thread/INFO] (Minecraft) [_]
[10:29:28] [Server thread/INFO] (Minecraft) [_]
[10:29:29] [Server thread/INFO] (Minecraft) [_]
[10:29:30] [Server thread/INFO] (Minecraft) [_]
[10:29:31] [Server thread/INFO] (Minecraft) [_]
[10:29:32] [Server thread/INFO] (Minecraft) [_]
[10:29:33] [Server thread/INFO] (Minecraft) [_]
[10:29:34] [Server thread/INFO] (Minecraft) [_]
[10:29:35] [Server thread/INFO] (Minecraft) [_]
[10:29:36] [Server thread/INFO] (Minecraft) [_]
[10:29:37] [Server thread/INFO] (Minecraft) [_]
[10:29:38] [Server thread/INFO] (Minecraft) [_]
[10:29:39] [Server thread/INFO] (Minecraft) [_]
[10:29:40] [Server thread/INFO] (Minecraft) [_]
[10:29:41] [Server thread/INFO] (Minecraft) [_]
[10:29:42] [Server thread/INFO] (Minecraft) [_]
[10:29:43] [Server thread/INFO] (Minecraft) [_]
[10:29:44] [Server thread/INFO] (Minecraft) [_]
[10:29:45] [Server thread/INFO] (Minecraft) [_]
[10:29:46] [Server thread/INFO] (Minecraft) [_]
[10:29:47] [Server thread/INFO] (Minecraft) [_]
[10:29:48] [Server thread/INFO] (Minecraft) [_]
[10:29:49] [Server thread/INFO] (Minecraft) [_]
[10:29:50] [Server thread/INFO] (Minecraft) [_]
[10:29:51] [Server thread/INFO] (Minecraft) [_]
[10:29:52] [Server thread/INFO] (Minecraft) [_]
[10:29:53] [Server thread/INFO] (Minecraft) [_]
[10:29:54] [Server thread/INFO] (Minecraft) [_]
[10:29:55] [Server thread/INFO] (Minecraft) [_]
[10:29:56] [Server thread/INFO] (Minecraft) [_]
[10:29:57] [Server thread/INFO] (Minecraft) [_]
[10:29:58] [Server thread/INFO] (Minecraft) [_]
[10:29:59] [Server thread/INFO] (Minecraft) [_]
[10:30:00] [Server thread/INFO] (Minecraft) [_]
[10:30:01] [Server thread/INFO] (Minecraft) [_]
[10:30:02] [Server thread/INFO] (Minecraft) [_]
[10:30:03] [Server thread/INFO] (Minecraft) [_]
[10:30:04] [Server thread/INFO] (Minecraft) [_]
[10:30:05] [Server thread/INFO] (Minecraft) [_]
[10:30:06] [Server thread/INFO] (Minecraft) [_]
[10:30:07] [Server thread/INFO] (Minecraft) [_]
[10:30:08] [Server thread/INFO] (Minecraft) [_]
[10:30:09] [Server thread/INFO] (Minecraft) [_]
[10:30:10] [Server thread/INFO] (Minecraft) [_]
[10:30:11] [Server thread/INFO] (Minecraft) [_]
[10:30:12] [Server thread/INFO] (Minecraft) [_]
[10:30:13] [Server thread/INFO] (Minecraft) [_]
[10:30:14] [Server thread/INFO] (Minecraft) [_]
[10:30:15] [Server thread/INFO] (Minecraft) [_]
[10:30:16] [Server thread/INFO] (Minecraft) [_]
[10:30:17] [Server thread/INFO] (Minecraft) [_]
[10:30:18] [Server thread/INFO] (Minecraft) [_]
[10:30:19] [Server thread/INFO] (Minecraft) [_]
[10:30:20] [Server thread/INFO] (Minecraft) [_]
[10:30:21] [Server thread/INFO] (Minecraft) [_]
[10:30:22] [Server thread/INFO] (Minecraft) [_]
[10:30:23] [Server thread/INFO] (Minecraft) [_]
[10:30:24] [Server thread/INFO] (Minecraft) [_]
[10:30:25] [Server thread/INFO] (Minecraft) [_]
[10:30:26] [Server thread/INFO] (Minecraft) [_]
[10:30:27] [Server thread/INFO] (Minecraft) [_]
[10:30:28] [Server thread/INFO] (Minecraft) [_]
[10:30:29] [Server thread/INFO] (Minecraft) [_]
[10:30:30] [Server thread/INFO] (Minecraft) [_]
[10:30:31] [Server thread/INFO] (Minecraft) [_]
[10:30:32] [Server thread/INFO] (Minecraft) [_]
[10:30:33] [Server thread/INFO] (Minecraft) [_]
[10:30:34] [Server thread/INFO] (Minecraft) [_]
[10:30:35] [Server thread/INFO] (Minecraft) [_]
[10:30:36] [Server thread/INFO] (Minecraft) [_]
[10:30:37] [Server thread/INFO] (Minecraft) [_]
[10:30:38] [Server thread/INFO] (Minecraft) [_]
[10:30:39] [Server thread/INFO] (Minecraft) [_]
[10:30:40] [Server thread/INFO] (Minecraft) [_]
[10:30:41] [Server thread/INFO] (Minecraft) [_]
[10:30:42] [Server thread/INFO] (Minecraft) [_]
[10:30:43] [Server thread/INFO] (Minecraft) [_]
[10:30:44] [Server thread/INFO] (Minecraft) [_]
[10:30:45] [Server thread/INFO] (Minecraft) [_]
[10:30:46] [Server thread/INFO] (Minecraft) [_]
[10:30:47] [Server thread/INFO] (Minecraft) [_]
[10:30:48] [Server thread/INFO] (Minecraft) [_]
[10:30:49] [Server thread/INFO] (Minecraft) [_]
[10:30:50] [Server thread/INFO] (Minecraft) [_]
[10:30:51] [Server thread/INFO] (Minecraft) [_]
[10:30:52] [Server thread/INFO] (Minecraft) [_]
[10:30:53] [Server thread/INFO] (Minecraft) [_]
[10:30:54] [Server thread/INFO] (Minecraft) [_]
[10:30:55] [Server thread/INFO] (Minecraft) [_]
[10:30:56] [Server thread/INFO] (Minecraft) [_]
[10:30:57] [Server thread/INFO] (Minecraft) [_]
[10:30:58] [Server thread/INFO] (Minecraft) [_]
[10:30:59] [Server thread/INFO] (Minecraft) [_]
[10:31:00] [Server thread/INFO] (Minecraft) [_]
[10:31:01] [Server thread/INFO] (Minecraft) [_]
[10:31:02] [Server thread/INFO] (Minecraft) [_]
[10:31:03] [Server thread/INFO] (Minecraft) [_]
[10:31:04] [Server thread/INFO] (Minecraft) [_]
[10:31:05] [Server thread/INFO] (Minecraft) [_]
[10:31:05] [Server thread/INFO] (powers) Completed POWERS profile 50p-30m: p95=18.640083 ms, p99=30.634666 ms, report=/private/tmp/powers-perf-9d69a92-50/build/run/gameTest/profiles/connected-50p-30m.json
[10:31:06] [Server thread/INFO] (Minecraft) [+]
[10:31:06] [Server thread/INFO] (Minecraft) ========= 1 GAME TESTS COMPLETE IN 30.04 min ======================
[10:31:06] [Server thread/INFO] (Minecraft) All 1 required tests passed :)
[10:31:06] [Server thread/INFO] (Minecraft) ====================================================
[10:31:06] [Server thread/INFO] (Minecraft) Stopping server
[10:31:06] [Server thread/INFO] (Minecraft) Saving players
[10:31:06] [Server thread/INFO] (Minecraft) test-mock-player lost connection: Server closed
[10:31:06] [Server thread/INFO] (Minecraft) [Dormant] test-mock-player left the game
[10:31:06] [Server thread/INFO] (Minecraft) test-mock-player lost connection: Server closed
[10:31:06] [Server thread/INFO] (Minecraft) [Dormant] test-mock-player left the game
[10:31:06] [Server thread/INFO] (Minecraft) test-mock-player lost connection: Server closed
[10:31:06] [Server thread/INFO] (Minecraft) [Dormant] test-mock-player left the game
[10:31:06] [Server thread/INFO] (Minecraft) test-mock-player lost connection: Server closed
[10:31:06] [Server thread/INFO] (Minecraft) [Dormant] test-mock-player left the game
[10:31:06] [Server thread/INFO] (Minecraft) test-mock-player lost connection: Server closed
[10:31:06] [Server thread/INFO] (Minecraft) [Dormant] test-mock-player left the game
[10:31:06] [Server thread/INFO] (Minecraft) test-mock-player lost connection: Server closed
[10:31:06] [Server thread/INFO] (Minecraft) [Dormant] test-mock-player left the game
[10:31:06] [Server thread/INFO] (Minecraft) test-mock-player lost connection: Server closed
[10:31:06] [Server thread/INFO] (Minecraft) [Dormant] test-mock-player left the game
[10:31:06] [Server thread/INFO] (Minecraft) test-mock-player lost connection: Server closed
[10:31:06] [Server thread/INFO] (Minecraft) [Dormant] test-mock-player left the game
[10:31:06] [Server thread/INFO] (Minecraft) test-mock-player lost connection: Server closed
[10:31:06] [Server thread/INFO] (Minecraft) [Dormant] test-mock-player left the game
[10:31:06] [Server thread/INFO] (Minecraft) test-mock-player lost connection: Server closed
[10:31:06] [Server thread/INFO] (Minecraft) [Dormant] test-mock-player left the game
[10:31:06] [Server thread/INFO] (Minecraft) test-mock-player lost connection: Server closed
[10:31:06] [Server thread/INFO] (Minecraft) [Dormant] test-mock-player left the game
[10:31:06] [Server thread/INFO] (Minecraft) test-mock-player lost connection: Server closed
[10:31:06] [Server thread/INFO] (Minecraft) [Dormant] test-mock-player left the game
[10:31:06] [Server thread/INFO] (Minecraft) test-mock-player lost connection: Server closed
[10:31:06] [Server thread/INFO] (Minecraft) [Dormant] test-mock-player left the game
[10:31:06] [Server thread/INFO] (Minecraft) test-mock-player lost connection: Server closed
[10:31:06] [Server thread/INFO] (Minecraft) [Dormant] test-mock-player left the game
[10:31:06] [Server thread/INFO] (Minecraft) test-mock-player lost connection: Server closed
[10:31:06] [Server thread/INFO] (Minecraft) [Dormant] test-mock-player left the game
[10:31:06] [Server thread/INFO] (Minecraft) test-mock-player lost connection: Server closed
[10:31:06] [Server thread/INFO] (Minecraft) [Dormant] test-mock-player left the game
[10:31:06] [Server thread/INFO] (Minecraft) test-mock-player lost connection: Server closed
[10:31:06] [Server thread/INFO] (Minecraft) [Dormant] test-mock-player left the game
[10:31:06] [Server thread/INFO] (Minecraft) test-mock-player lost connection: Server closed
[10:31:06] [Server thread/INFO] (Minecraft) [Dormant] test-mock-player left the game
[10:31:06] [Server thread/INFO] (Minecraft) test-mock-player lost connection: Server closed
[10:31:06] [Server thread/INFO] (Minecraft) [Dormant] test-mock-player left the game
[10:31:06] [Server thread/INFO] (Minecraft) test-mock-player lost connection: Server closed
[10:31:06] [Server thread/INFO] (Minecraft) [Dormant] test-mock-player left the game
[10:31:06] [Server thread/INFO] (Minecraft) test-mock-player lost connection: Server closed
[10:31:06] [Server thread/INFO] (Minecraft) [Dormant] test-mock-player left the game
[10:31:06] [Server thread/INFO] (Minecraft) test-mock-player lost connection: Server closed
[10:31:06] [Server thread/INFO] (Minecraft) [Dormant] test-mock-player left the game
[10:31:06] [Server thread/INFO] (Minecraft) test-mock-player lost connection: Server closed
[10:31:06] [Server thread/INFO] (Minecraft) [Dormant] test-mock-player left the game
[10:31:06] [Server thread/INFO] (Minecraft) test-mock-player lost connection: Server closed
[10:31:06] [Server thread/INFO] (Minecraft) [Dormant] test-mock-player left the game
[10:31:06] [Server thread/INFO] (Minecraft) test-mock-player lost connection: Server closed
[10:31:06] [Server thread/INFO] (Minecraft) [Dormant] test-mock-player left the game
[10:31:06] [Server thread/INFO] (Minecraft) Saving worlds
[10:31:06] [Server thread/INFO] (Minecraft) Saving chunks for level 'ServerLevel[Test Level]'/minecraft:overworld
[10:31:06] [Server thread/INFO] (Minecraft) Saving chunks for level 'ServerLevel[Test Level]'/minecraft:the_nether
[10:31:06] [Server thread/INFO] (Minecraft) Saving chunks for level 'ServerLevel[Test Level]'/minecraft:the_end
[10:31:06] [Server thread/INFO] (Minecraft) ThreadedAnvilChunkStorage (world): All chunks are saved
[10:31:06] [Server thread/INFO] (Minecraft) ThreadedAnvilChunkStorage (DIM-1): All chunks are saved
[10:31:06] [Server thread/INFO] (Minecraft) ThreadedAnvilChunkStorage (DIM1): All chunks are saved
[10:31:06] [Server thread/INFO] (Minecraft) ThreadedAnvilChunkStorage: All dimensions are saved
[10:31:06] [Server thread/INFO] (Minecraft) Game test server shutting down

BUILD SUCCESSFUL in 30m 28s
11 actionable tasks: 10 executed, 1 up-to-date
