[06:51:43] [main/INFO] (FabricLoader/GameProvider) Loading Minecraft 26.2 with Fabric Loader 0.19.3
[06:51:43] [main/INFO] (FabricLoader/Mappings) Mappings not present!
[06:51:43] [main/INFO] (FabricLoader) Loading 51 mods:
	- fabric-api 0.156.0+26.2
	- fabric-api-base 2.0.4+ece063239e
	- fabric-api-lookup-api-v1 2.0.17+11e1c9a39e
	- fabric-biome-api-v1 18.0.6+c7bd5b8e9e
	- fabric-block-api-v1 3.0.3+ec56b6019e
	- fabric-block-getter-api-v2 2.0.7+ec56b6019e
	- fabric-client-gametest-api-v1 6.0.0+515ac5339e
	- fabric-command-api-v2 3.1.0+00cb03469e
	- fabric-content-registries-v0 11.3.0+d0a699d09e
	- fabric-convention-tags-v2 4.7.0+1f023a9e9e
	- fabric-crash-report-info-v1 1.0.5+086d547a9e
	- fabric-creative-tab-api-v1 5.0.14+d871b99e9e
	- fabric-data-attachment-api-v1 2.2.18+515ac5339e
	- fabric-data-generation-api-v1 25.5.0+aed122aa9e
	- fabric-debug-api-v1 1.0.2+c792624d9e
	- fabric-dimensions-v1 5.1.11+515ac5339e
	- fabric-entity-events-v1 5.0.5+06488ac19e
	- fabric-events-interaction-v0 5.2.7+515ac5339e
	- fabric-game-rule-api-v1 4.0.8+46a6d00c9e
	- fabric-gametest-api-v1 4.0.21+4a7fa0819e
	- fabric-item-api-v1 14.4.0+49a69a7b9e
	- fabric-key-mapping-api-v1 2.0.5+e2bdee789e
	- fabric-lifecycle-events-v1 4.1.3+4575b05f9e
	- fabric-loot-api-v3 3.0.17+06488ac19e
	- fabric-menu-api-v1 2.0.16+086d547a9e
	- fabric-message-api-v1 7.0.7+086d547a9e
	- fabric-model-loading-api-v1 8.0.16+c80601bb9e
	- fabric-networking-api-v1 6.3.3+72073ef09e
	- fabric-object-builder-api-v1 24.1.0+6fcd5f039e
	- fabric-particles-v1 5.0.18+d1756aa99e
	- fabric-permission-api-v1 1.0.4+536fad2f9e
	- fabric-recipe-api-v1 9.0.20+11e1c9a39e
	- fabric-registry-sync-v0 7.1.0+c7bd5b8e9e
	- fabric-renderer-api-v1 14.1.3+2b0d8a229e
	- fabric-renderer-indigo 9.1.3+2b0d8a229e
	- fabric-rendering-fluids-v1 6.0.4+06488ac19e
	- fabric-rendering-v1 25.3.2+515ac5339e
	- fabric-resource-conditions-api-v1 6.1.0+10e9a28b9e
	- fabric-resource-loader-v0 3.3.20+4fc5413f9e
	- fabric-resource-loader-v1 2.0.13+9edec1269e
	- fabric-screen-api-v1 5.1.0+48e3c0b09e
	- fabric-serialization-api-v1 2.0.4+11a26f319e
	- fabric-sound-api-v1 2.0.5+11a26f319e
	- fabric-tag-api-v1 2.1.4+515ac5339e
	- fabric-transfer-api-v1 8.0.12+11dbb7d79e
	- fabric-transitive-access-wideners-v1 8.1.4+67c847259e
	- fabricloader 0.19.3
	- java 25
	- minecraft 26.2
	- mixinextras 0.5.4
	- powers 1.0.2
[06:51:43] [main/INFO] (FabricLoader/Mixin) SpongePowered MIXIN Subsystem Version=0.8.7 Source=file:/Users/james/.gradle/caches/modules-2/files-2.1/net.fabricmc/sponge-mixin/0.17.3+mixin.0.8.7/41c4a3984a80f4679e759fb9f495587acc5cdac7/sponge-mixin-0.17.3+mixin.0.8.7.jar Service=Knot/Fabric Env=CLIENT
[06:51:43] [main/INFO] (FabricLoader/Mixin) Compatibility level set to JAVA_25
[06:51:44] [main/INFO] (FabricLoader/MixinExtras|Service) Initializing MixinExtras via com.llamalad7.mixinextras.service.MixinExtrasServiceImpl(version=0.5.4).
[06:51:44] [Datafixer Bootstrap #0/INFO] (Minecraft) 295 Datafixer optimizations took 185 milliseconds
[06:51:47] [Render thread/INFO] (Minecraft) Environment: Environment[sessionHost=https://sessionserver.mojang.com, servicesHost=https://api.minecraftservices.com, profilesHost=https://api.mojang.com, name=PROD]
[06:51:47] [Render thread/INFO] (Minecraft) Setting user: DarkInnatesExact
[06:51:47] [Render thread/INFO] (powers) Loaded rank mazes: 28 light nodes, 28 darkness nodes
[06:51:47] [Render thread/INFO] (powers) Magic collision kernel loaded: 64 actions, 2080 exhaustive interactions
[06:51:47] [Render thread/INFO] (powers) POWERS framework initialized with 23 power(s)
[06:51:47] [Render thread/INFO] (Indigo) [Indigo] Registering Indigo renderer!
[06:51:47] [Download-2/ERROR] (Minecraft) Failed to fetch user properties
com.mojang.authlib.exceptions.InvalidCredentialsException: Status: 401
	at knot//com.mojang.authlib.exceptions.MinecraftClientHttpException.toAuthenticationException(MinecraftClientHttpException.java:70)
	at knot//com.mojang.authlib.yggdrasil.YggdrasilUserApiService.fetchProperties(YggdrasilUserApiService.java:173)
	at knot//net.minecraft.client.Minecraft.lambda$new$1(Minecraft.java:418)
	at java.base/java.util.concurrent.CompletableFuture$AsyncSupply.run(CompletableFuture.java:1789)
	at java.base/java.util.concurrent.ThreadPoolExecutor.runWorker(ThreadPoolExecutor.java:1090)
	at java.base/java.util.concurrent.ThreadPoolExecutor$Worker.run(ThreadPoolExecutor.java:614)
	at java.base/java.lang.Thread.run(Thread.java:1474)
Caused by: MinecraftClientHttpException[type=HTTP_ERROR, status=401, response=ErrorResponse[path=/player/attributes, error=null, errorMessage=null, details=null]]
	at knot//com.mojang.authlib.minecraft.client.MinecraftClient.buildHttpException(MinecraftClient.java:170)
	at knot//com.mojang.authlib.minecraft.client.MinecraftClient.readServiceResponse(MinecraftClient.java:147)
	at knot//com.mojang.authlib.minecraft.client.MinecraftClient.getWithEtag(MinecraftClient.java:81)
	at knot//com.mojang.authlib.minecraft.client.MinecraftClient.get(MinecraftClient.java:65)
	at knot//com.mojang.authlib.yggdrasil.YggdrasilUserApiService.fetchProperties(YggdrasilUserApiService.java:123)
	... 5 more
[06:51:47] [Render thread/INFO] (Minecraft) Backend library: LWJGL version 3.4.1-snapshot
[06:51:47] [Render thread/INFO] (Minecraft) Using graphics backend OpenGL, using drivers: 4.1 Metal - 90.5
[06:51:47] [Render thread/INFO] (Minecraft) Using graphics device: Apple M3 Pro (Apple)
[06:51:47] [Render thread/INFO] (Minecraft) Using graphics device extensions: GL_ARB_draw_indirect, GL_EXT_texture_filter_anisotropic
[06:51:48] [Download-1/INFO] (Minecraft) Could not authorize you against Realms server: java.lang.RuntimeException: Failed to parse into SignedJWT: FabricMC
[06:51:48] [Download-1/ERROR] (Minecraft) Failed to fetch Realms feature flags
com.mojang.realmsclient.exception.RealmsServiceException: Realms authentication error with message 'java.lang.RuntimeException: Failed to parse into SignedJWT: FabricMC'
	at knot//com.mojang.realmsclient.client.RealmsClient.execute(RealmsClient.java:509)
	at knot//com.mojang.realmsclient.client.RealmsClient.fetchFeatureFlags(RealmsClient.java:159)
	at java.base/java.util.concurrent.CompletableFuture$AsyncSupply.run(CompletableFuture.java:1789)
	at java.base/java.util.concurrent.ThreadPoolExecutor.runWorker(ThreadPoolExecutor.java:1090)
	at java.base/java.util.concurrent.ThreadPoolExecutor$Worker.run(ThreadPoolExecutor.java:614)
	at java.base/java.lang.Thread.run(Thread.java:1474)
[06:51:48] [Render thread/INFO] (Minecraft) Reloading ResourceManager: vanilla, fabric-api, fabric-api-base, fabric-api-lookup-api-v1, fabric-biome-api-v1, fabric-block-api-v1, fabric-block-getter-api-v2, fabric-client-gametest-api-v1, fabric-command-api-v2, fabric-content-registries-v0, fabric-convention-tags-v2, fabric-crash-report-info-v1, fabric-creative-tab-api-v1, fabric-data-attachment-api-v1, fabric-data-generation-api-v1, fabric-debug-api-v1, fabric-dimensions-v1, fabric-entity-events-v1, fabric-events-interaction-v0, fabric-game-rule-api-v1, fabric-gametest-api-v1, fabric-item-api-v1, fabric-key-mapping-api-v1, fabric-lifecycle-events-v1, fabric-loot-api-v3, fabric-menu-api-v1, fabric-message-api-v1, fabric-model-loading-api-v1, fabric-networking-api-v1, fabric-object-builder-api-v1, fabric-particles-v1, fabric-permission-api-v1, fabric-recipe-api-v1, fabric-registry-sync-v0, fabric-renderer-api-v1, fabric-renderer-indigo, fabric-rendering-fluids-v1, fabric-rendering-v1, fabric-resource-conditions-api-v1, fabric-resource-loader-v0, fabric-resource-loader-v1, fabric-screen-api-v1, fabric-serialization-api-v1, fabric-sound-api-v1, fabric-tag-api-v1, fabric-transfer-api-v1, fabric-transitive-access-wideners-v1, fabricloader, powers
[06:51:49] [Worker-Main-3/INFO] (Minecraft) Found unifont_all_no_pua-17.0.01.hex, loading
[06:51:49] [Worker-Main-6/INFO] (Minecraft) Found unifont_pua-17.0.01.hex, loading
[06:51:49] [Worker-Main-9/INFO] (Minecraft) Found unifont_jp_patch-17.0.01.hex, loading
[06:51:49] [Render thread/INFO] (Minecraft) Info log when linking program containing VS minecraft:core/entity and FS minecraft:core/entity. Log output: WARNING: Could not find vertex shader attribute 'UV1' to match BindAttributeLocation request.

[06:51:49] [Render thread/INFO] (Minecraft) Info log when linking program containing VS minecraft:core/rendertype_beacon_beam and FS minecraft:core/rendertype_beacon_beam. Log output: WARNING: Could not find vertex shader attribute 'UV2' to match BindAttributeLocation request.

[06:51:49] [Render thread/INFO] (Minecraft) Info log when linking program containing VS minecraft:core/entity and FS minecraft:core/entity. Log output: WARNING: Could not find vertex shader attribute 'UV1' to match BindAttributeLocation request.
WARNING: Could not find vertex shader attribute 'Normal' to match BindAttributeLocation request.
WARNING: Could not find vertex shader attribute 'UV2' to match BindAttributeLocation request.

[06:51:49] [Render thread/INFO] (Minecraft) Info log when linking program containing VS minecraft:core/entity and FS minecraft:core/entity. Log output: WARNING: Could not find vertex shader attribute 'UV1' to match BindAttributeLocation request.

[06:51:49] [Render thread/INFO] (Minecraft) Info log when linking program containing VS minecraft:core/entity and FS minecraft:core/entity. Log output: WARNING: Could not find vertex shader attribute 'UV1' to match BindAttributeLocation request.
WARNING: Could not find vertex shader attribute 'Normal' to match BindAttributeLocation request.
WARNING: Could not find vertex shader attribute 'UV2' to match BindAttributeLocation request.

[06:51:49] [Render thread/INFO] (Minecraft) Info log when linking program containing VS minecraft:core/rendertype_crumbling and FS minecraft:core/rendertype_crumbling. Log output: WARNING: Could not find vertex shader attribute 'UV2' to match BindAttributeLocation request.

[06:51:49] [Render thread/INFO] (Minecraft) Info log when linking program containing VS minecraft:core/entity and FS minecraft:core/entity. Log output: WARNING: Could not find vertex shader attribute 'UV1' to match BindAttributeLocation request.

[06:51:49] [Render thread/INFO] (Minecraft) Info log when linking program containing VS minecraft:core/rendertype_entity_shadow and FS minecraft:core/rendertype_entity_shadow. Log output: WARNING: Could not find vertex shader attribute 'UV1' to match BindAttributeLocation request.
WARNING: Could not find vertex shader attribute 'Normal' to match BindAttributeLocation request.
WARNING: Could not find vertex shader attribute 'UV2' to match BindAttributeLocation request.

[06:51:49] [Render thread/INFO] (Minecraft) Info log when linking program containing VS minecraft:core/animate_sprite and FS minecraft:core/animate_sprite_blit. Log output: WARNING: Output of vertex shader 'fAnimationProgress' not read by fragment shader

[06:51:49] [Render thread/INFO] (Minecraft) Info log when linking program containing VS minecraft:core/entity and FS minecraft:core/entity. Log output: WARNING: Could not find vertex shader attribute 'UV2' to match BindAttributeLocation request.

[06:51:49] [Render thread/INFO] (Minecraft) Info log when linking program containing VS minecraft:core/entity and FS minecraft:core/entity. Log output: WARNING: Could not find vertex shader attribute 'UV1' to match BindAttributeLocation request.

[06:51:49] [Render thread/INFO] (Minecraft) Info log when linking program containing VS minecraft:core/rendertype_beacon_beam and FS minecraft:core/rendertype_beacon_beam. Log output: WARNING: Could not find vertex shader attribute 'UV2' to match BindAttributeLocation request.

[06:51:49] [Render thread/INFO] (Minecraft) Info log when linking program containing VS minecraft:core/entity and FS minecraft:core/entity. Log output: WARNING: Could not find vertex shader attribute 'UV1' to match BindAttributeLocation request.
WARNING: Could not find vertex shader attribute 'Normal' to match BindAttributeLocation request.

[06:51:49] [Render thread/INFO] (Minecraft) Info log when linking program containing VS minecraft:core/entity and FS minecraft:core/entity. Log output: WARNING: Could not find vertex shader attribute 'UV1' to match BindAttributeLocation request.

[06:51:49] [Render thread/INFO] (Minecraft) OpenAL initialized on device MacBook Pro Speakers
[06:51:49] [Render thread/INFO] (Minecraft) Sound engine started
[06:51:49] [Render thread/INFO] (Minecraft) Created: 512x256x0 minecraft:textures/atlas/particles.png-atlas
[06:51:49] [Render thread/INFO] (Minecraft) Created: 128x128x0 minecraft:textures/atlas/decorated_pot.png-atlas
[06:51:49] [Render thread/INFO] (Minecraft) Created: 2048x1024x0 minecraft:textures/atlas/armor_trims.png-atlas
[06:51:49] [Render thread/INFO] (Minecraft) Created: 512x256x0 minecraft:textures/atlas/paintings.png-atlas
[06:51:50] [Render thread/INFO] (Minecraft) Created: 1024x512x0 minecraft:textures/atlas/shield_patterns.png-atlas
[06:51:50] [Render thread/INFO] (Minecraft) Created: 2048x2048x4 minecraft:textures/atlas/blocks.png-atlas
[06:51:50] [Render thread/INFO] (Minecraft) Created: 512x512x0 minecraft:textures/atlas/chest.png-atlas
[06:51:50] [Render thread/INFO] (Minecraft) Created: 256x128x0 minecraft:textures/atlas/celestials.png-atlas
[06:51:50] [Render thread/INFO] (Minecraft) Created: 1024x512x0 minecraft:textures/atlas/banner_patterns.png-atlas
[06:51:50] [Render thread/INFO] (Minecraft) Created: 2048x2048x0 minecraft:textures/atlas/items.png-atlas
[06:51:50] [Render thread/INFO] (Minecraft) Created: 1024x1024x0 minecraft:textures/atlas/gui.png-atlas
[06:51:50] [Render thread/INFO] (Minecraft) Created: 128x64x0 minecraft:textures/atlas/map_decorations.png-atlas
[06:51:50] [Render thread/INFO] (Minecraft) Created: 512x512x0 minecraft:textures/atlas/shulker_boxes.png-atlas
[06:51:50] [Render thread/INFO] (Minecraft) Connecting to 127.0.0.1, 25565
[06:51:50] [Download-2/ERROR] (Minecraft) Failed to retrieve profile key pair
MinecraftClientHttpException[type=HTTP_ERROR, status=401, response=ErrorResponse[path=/player/certificates, error=null, errorMessage=null, details=null]]
	at knot//com.mojang.authlib.minecraft.client.MinecraftClient.buildHttpException(MinecraftClient.java:170)
	at knot//com.mojang.authlib.minecraft.client.MinecraftClient.readServiceResponse(MinecraftClient.java:147)
	at knot//com.mojang.authlib.minecraft.client.MinecraftClient.post(MinecraftClient.java:89)
	at knot//com.mojang.authlib.yggdrasil.YggdrasilUserApiService.getKeyPair(YggdrasilUserApiService.java:62)
	at knot//net.minecraft.client.multiplayer.AccountProfileKeyPairManager.fetchProfileKeyPair(AccountProfileKeyPairManager.java:119)
	at knot//net.minecraft.client.multiplayer.AccountProfileKeyPairManager.lambda$readOrFetchProfileKeyPair$0(AccountProfileKeyPairManager.java:72)
	at java.base/java.util.concurrent.CompletableFuture$AsyncSupply.run(CompletableFuture.java:1789)
	at java.base/java.util.concurrent.ThreadPoolExecutor.runWorker(ThreadPoolExecutor.java:1090)
	at java.base/java.util.concurrent.ThreadPoolExecutor$Worker.run(ThreadPoolExecutor.java:614)
	at java.base/java.lang.Thread.run(Thread.java:1474)
[06:51:53] [Render thread/INFO] (Minecraft) Loaded 5 advancements
[06:51:53] [Render thread/INFO] (Minecraft) Resizing Dynamic Transforms UBO, capacity limit of 2 reached during a single frame. New capacity will be 4.
[06:51:53] [Render thread/INFO] (powers) QA client role=exact-7548160-dark-innates-final loaded 170 scripted steps
[06:51:53] [Render thread/INFO] (Minecraft) Resizing Dynamic Transforms UBO, capacity limit of 4 reached during a single frame. New capacity will be 8.
[06:51:54] [Render thread/INFO] (Minecraft) Resizing Dynamic Transforms UBO, capacity limit of 8 reached during a single frame. New capacity will be 16.
[06:51:54] [Render thread/INFO] (Minecraft) Resizing Chunk Sections UBO, capacity limit of 2 reached during a single frame. New capacity will be 4.
[06:51:54] [Render thread/INFO] (Minecraft) Resizing Chunk Sections UBO, capacity limit of 4 reached during a single frame. New capacity will be 8.
[06:51:54] [Render thread/INFO] (Minecraft) Resizing Chunk Sections UBO, capacity limit of 8 reached during a single frame. New capacity will be 16.
[06:51:54] [Render thread/INFO] (Minecraft) Resizing Chunk Sections UBO, capacity limit of 16 reached during a single frame. New capacity will be 32.
[06:51:54] [Render thread/INFO] (powers) QA client role=exact-7548160-dark-innates-final connected as DarkInnatesExact to 127.0.0.1:25565
[06:51:54] [Render thread/INFO] (Minecraft) Resizing Chunk Sections UBO, capacity limit of 32 reached during a single frame. New capacity will be 64.
[06:51:55] [Render thread/INFO] (Minecraft) Resizing Chunk Sections UBO, capacity limit of 64 reached during a single frame. New capacity will be 128.
[06:51:56] [Render thread/INFO] (powers) QA client role=exact-7548160-dark-innates-final executed CLOSE [screen] at connected tick 60
[06:51:57] [Render thread/INFO] (Minecraft) Resizing Chunk Sections UBO, capacity limit of 128 reached during a single frame. New capacity will be 256.
[06:51:57] [Render thread/INFO] (powers) QA client role=exact-7548160-dark-innates-final executed COMMAND [powers testing on] at connected tick 80
[06:51:57] [Render thread/INFO] (Minecraft) [System] [CHAT] Testing limits — energy: DISABLED, cooldowns: DISABLED
[06:51:58] [Render thread/INFO] (powers) QA client role=exact-7548160-dark-innates-final executed COMMAND [gamemode survival @s] at connected tick 100
[06:51:59] [Render thread/INFO] (powers) QA client role=exact-7548160-dark-innates-final executed COMMAND [effect give @s minecraft:resistance 999999 255 true] at connected tick 110
[06:51:59] [Render thread/INFO] (Minecraft) [System] [CHAT] Applied effect Resistance to [Dormant] DarkInnatesExact
[06:51:59] [Render thread/INFO] (powers) QA client role=exact-7548160-dark-innates-final executed COMMAND [tp @s 800.5 101 800.5 0 0] at connected tick 120
[06:51:59] [Render thread/INFO] (powers) QA client role=exact-7548160-dark-innates-final captured its connected-world evidence
[06:51:59] [Render thread/INFO] (Minecraft) [System] [CHAT] Teleported [Dormant] DarkInnatesExact to 800.500000, 101.000000, 800.500000
[06:51:59] [Render thread/INFO] (Minecraft) [System] [CHAT] Saved screenshot as 2026-08-14_06.51.59.png
[06:52:00] [Render thread/INFO] (powers) QA client role=exact-7548160-dark-innates-final executed COMMAND [fill 776 100 776 824 100 824 minecraft:stone] at connected tick 140
[06:52:01] [Render thread/INFO] (powers) QA client role=exact-7548160-dark-innates-final executed COMMAND [kill @e[name=ArtifactTarget]] at connected tick 150
[06:52:01] [Render thread/INFO] (Minecraft) [System] [CHAT] Successfully filled 192 block(s)
[06:52:01] [Render thread/INFO] (Minecraft) [System] [CHAT] No entity was found
[06:52:01] [Render thread/INFO] (powers) QA client role=exact-7548160-dark-innates-final executed COMMAND [tag @s add darkness] at connected tick 160
[06:52:01] [Render thread/INFO] (Minecraft) [System] [CHAT] Added tag 'darkness' to [Dormant] DarkInnatesExact
[06:52:02] [Render thread/INFO] (powers) QA client role=exact-7548160-dark-innates-final executed COMMAND [advancement grant @s through powers:darkness/level_10] at connected tick 170
[06:52:02] [Render thread/INFO] (Minecraft) [System] [CHAT] Granted 11 advancements to [Dormant] DarkInnatesExact
[06:52:02] [Render thread/INFO] (Minecraft) Loaded 16 advancements
[06:52:02] [Render thread/INFO] (powers) QA client role=exact-7548160-dark-innates-final executed COMMAND [item replace entity @s weapon.mainhand with powers:lycanbane] at connected tick 180
[06:52:02] [Render thread/INFO] (Minecraft) [System] [CHAT] Replaced a slot on [Dormant] DarkInnatesExact with [Shadow Sword]
[06:52:02] [Render thread/INFO] (Minecraft) [System] [CHAT] You sink deeper into darkness as Nightfall.
[06:52:02] [Render thread/INFO] (Minecraft) Forgot about advancement powers:skill/level_02
[06:52:02] [Render thread/INFO] (Minecraft) Forgot about advancement powers:skill/level_02
[06:52:02] [Render thread/INFO] (Minecraft) Forgot about advancement powers:skill/level_01
[06:52:02] [Render thread/INFO] (Minecraft) Forgot about advancement powers:skill_root
[06:52:02] [Render thread/WARN] (Minecraft) Told to remove advancement powers:skill/level_01 but I don't know what that is
[06:52:02] [Render thread/INFO] (Minecraft) Loaded 13 advancements
[06:52:04] [Render thread/INFO] (powers) QA client role=exact-7548160-dark-innates-final executed ARTIFACT [darkness innate/size_shift 1] at connected tick 210
[06:52:04] [Render thread/INFO] (powers) QA client role=exact-7548160-dark-innates-final executed COMMAND [attribute @s minecraft:scale get] at connected tick 220
[06:52:04] [Render thread/INFO] (Minecraft) [System] [CHAT] The value of attribute Scale for entity DarkInnatesExact is 0.5
[06:52:05] [Render thread/INFO] (powers) QA client role=exact-7548160-dark-innates-final executed SCREENSHOT [dark-artifact-size] at connected tick 230
[06:52:05] [Render thread/INFO] (Minecraft) [System] [CHAT] Saved screenshot as 2026-08-14_06.52.05.png
[06:52:06] [Render thread/INFO] (powers) QA client role=exact-7548160-dark-innates-final executed ARTIFACT [darkness innate/size_shift 1] at connected tick 250
[06:52:06] [Render thread/INFO] (powers) QA client role=exact-7548160-dark-innates-final executed COMMAND [attribute @s minecraft:scale get] at connected tick 260
[06:52:06] [Render thread/INFO] (Minecraft) [System] [CHAT] The value of attribute Scale for entity DarkInnatesExact is 1.0
[06:52:08] [Render thread/INFO] (powers) QA client role=exact-7548160-dark-innates-final executed ARTIFACT [darkness innate/flight -1] at connected tick 290
[06:52:08] [Render thread/INFO] (powers) QA client role=exact-7548160-dark-innates-final executed KEY [forward on] at connected tick 300
[06:52:08] [Render thread/INFO] (powers) QA client role=exact-7548160-dark-innates-final executed KEY [sprint on] at connected tick 300
[06:52:08] [Render thread/INFO] (powers) QA client role=exact-7548160-dark-innates-final executed KEY [jump on] at connected tick 300
[06:52:11] [Render thread/INFO] (powers) QA client role=exact-7548160-dark-innates-final executed COMMAND [data get entity @s Pos] at connected tick 350
[06:52:11] [Render thread/INFO] (Minecraft) [System] [CHAT] [Unmarked] DarkInnatesExact has the following entity data: [800.5d, 101.20000004768372d, 800.6999999880791d]
[06:52:11] [Render thread/INFO] (powers) QA client role=exact-7548160-dark-innates-final executed COMMAND [data get entity @s Motion] at connected tick 360
[06:52:11] [Render thread/INFO] (Minecraft) [System] [CHAT] [Unmarked] DarkInnatesExact has the following entity data: [0.0d, 0.9d, 4.0d]
[06:52:12] [Render thread/INFO] (powers) QA client role=exact-7548160-dark-innates-final executed SCREENSHOT [dark-artifact-flight] at connected tick 370
[06:52:12] [Render thread/INFO] (Minecraft) [System] [CHAT] Saved screenshot as 2026-08-14_06.52.12.png
[06:52:12] [Render thread/INFO] (powers) QA client role=exact-7548160-dark-innates-final executed KEY [forward off] at connected tick 380
[06:52:12] [Render thread/INFO] (powers) QA client role=exact-7548160-dark-innates-final executed KEY [sprint off] at connected tick 380
[06:52:12] [Render thread/INFO] (powers) QA client role=exact-7548160-dark-innates-final executed KEY [jump off] at connected tick 380
[06:52:13] [Render thread/INFO] (powers) QA client role=exact-7548160-dark-innates-final executed ARTIFACT [darkness innate/flight -1] at connected tick 400
[06:52:15] [Render thread/INFO] (powers) QA client role=exact-7548160-dark-innates-final executed COMMAND [tp @s 800.5 101 800.5 0 0] at connected tick 430
[06:52:15] [Render thread/INFO] (Minecraft) [System] [CHAT] Teleported [Unmarked] DarkInnatesExact to 800.500000, 101.000000, 800.500000
[06:52:15] [Render thread/INFO] (powers) QA client role=exact-7548160-dark-innates-final executed COMMAND [powers testing actor spawn ArtifactTarget] at connected tick 440
[06:52:15] [Render thread/INFO] (Minecraft) [System] [CHAT] Spawned test actor: ArtifactTarget
[06:52:16] [Render thread/INFO] (powers) QA client role=exact-7548160-dark-innates-final executed COMMAND [tp @e[name=ArtifactTarget,limit=1] 800.5 101 805.5] at connected tick 450
[06:52:16] [Render thread/INFO] (Minecraft) [System] [CHAT] Teleported ArtifactTarget to 800.500000, 101.000000, 805.500000
[06:52:16] [Render thread/INFO] (powers) QA client role=exact-7548160-dark-innates-final executed COMMAND [data merge entity @e[name=ArtifactTarget,limit=1] {NoAI:1b,PersistenceRequired:1b}] at connected tick 460
[06:52:16] [Render thread/INFO] (Minecraft) [System] [CHAT] Modified entity data of ArtifactTarget
[06:52:17] [Render thread/INFO] (powers) QA client role=exact-7548160-dark-innates-final executed ARTIFACT [darkness innate/starfall -1] at connected tick 480
[06:52:19] [Render thread/INFO] (powers) QA client role=exact-7548160-dark-innates-final executed SCREENSHOT [dark-artifact-starfall] at connected tick 510
[06:52:19] [Render thread/INFO] (Minecraft) [System] [CHAT] Saved screenshot as 2026-08-14_06.52.19.png
[06:52:23] [Render thread/INFO] (powers) QA client role=exact-7548160-dark-innates-final executed COMMAND [data get entity @e[name=ArtifactTarget,limit=1] Health] at connected tick 600
[06:52:23] [Render thread/INFO] (Minecraft) [System] [CHAT] ArtifactTarget has the following entity data: 84.0f
[06:52:25] [Render thread/INFO] (powers) QA client role=exact-7548160-dark-innates-final executed COMMAND [kill @e[name=ArtifactTarget]] at connected tick 630
[06:52:25] [Render thread/INFO] (Minecraft) [System] [CHAT] Killed ArtifactTarget
[06:52:25] [Render thread/INFO] (powers) QA client role=exact-7548160-dark-innates-final executed COMMAND [powers testing actor spawn ArtifactTarget] at connected tick 640
[06:52:25] [Render thread/INFO] (Minecraft) [System] [CHAT] Spawned test actor: ArtifactTarget
[06:52:26] [Render thread/INFO] (powers) QA client role=exact-7548160-dark-innates-final executed COMMAND [tp @e[name=ArtifactTarget,limit=1] 800.5 101 805.5] at connected tick 650
[06:52:26] [Render thread/INFO] (Minecraft) [System] [CHAT] Teleported ArtifactTarget to 800.500000, 101.000000, 805.500000
[06:52:26] [Render thread/INFO] (powers) QA client role=exact-7548160-dark-innates-final executed COMMAND [data merge entity @e[name=ArtifactTarget,limit=1] {NoAI:1b,PersistenceRequired:1b}] at connected tick 660
[06:52:26] [Render thread/INFO] (Minecraft) [System] [CHAT] Modified entity data of ArtifactTarget
[06:52:27] [Render thread/INFO] (powers) QA client role=exact-7548160-dark-innates-final executed ARTIFACT [darkness innate/void_beam -1] at connected tick 680
[06:52:29] [Render thread/INFO] (powers) QA client role=exact-7548160-dark-innates-final executed SCREENSHOT [dark-artifact-void-beam] at connected tick 710
[06:52:29] [Render thread/INFO] (Minecraft) [System] [CHAT] Saved screenshot as 2026-08-14_06.52.29.png
[06:52:32] [Render thread/INFO] (powers) QA client role=exact-7548160-dark-innates-final executed COMMAND [data get entity @e[name=ArtifactTarget,limit=1] Health] at connected tick 770
[06:52:32] [Render thread/INFO] (Minecraft) [System] [CHAT] ArtifactTarget has the following entity data: 87.0f
[06:52:33] [Render thread/INFO] (powers) QA client role=exact-7548160-dark-innates-final executed COMMAND [kill @e[name=ArtifactTarget]] at connected tick 800
[06:52:33] [Render thread/INFO] (Minecraft) [System] [CHAT] Killed ArtifactTarget
[06:52:34] [Render thread/INFO] (powers) QA client role=exact-7548160-dark-innates-final executed COMMAND [powers testing actor spawn ArtifactTarget] at connected tick 810
[06:52:34] [Render thread/INFO] (Minecraft) [System] [CHAT] Spawned test actor: ArtifactTarget
[06:52:34] [Render thread/INFO] (powers) QA client role=exact-7548160-dark-innates-final executed COMMAND [tp @e[name=ArtifactTarget,limit=1] 800.5 101 808.5] at connected tick 820
[06:52:34] [Render thread/INFO] (Minecraft) [System] [CHAT] Teleported ArtifactTarget to 800.500000, 101.000000, 808.500000
[06:52:35] [Render thread/INFO] (powers) QA client role=exact-7548160-dark-innates-final executed COMMAND [data merge entity @e[name=ArtifactTarget,limit=1] {NoAI:1b,PersistenceRequired:1b}] at connected tick 830
[06:52:35] [Render thread/INFO] (Minecraft) [System] [CHAT] Modified entity data of ArtifactTarget
[06:52:36] [Render thread/INFO] (powers) QA client role=exact-7548160-dark-innates-final executed ARTIFACT [darkness innate/fireball -1] at connected tick 850
[06:52:37] [Render thread/INFO] (powers) QA client role=exact-7548160-dark-innates-final executed KEY [sneak on] at connected tick 880
[06:52:38] [Render thread/INFO] (powers) QA client role=exact-7548160-dark-innates-final executed ARTIFACT [darkness innate/fireball -1] at connected tick 890
[06:52:38] [Render thread/INFO] (powers) QA client role=exact-7548160-dark-innates-final executed KEY [sneak off] at connected tick 900
[06:52:39] [Render thread/INFO] (powers) QA client role=exact-7548160-dark-innates-final executed SCREENSHOT [dark-artifact-fireball] at connected tick 920
[06:52:39] [Render thread/INFO] (Minecraft) [System] [CHAT] Saved screenshot as 2026-08-14_06.52.39.png
[06:52:43] [Render thread/INFO] (powers) QA client role=exact-7548160-dark-innates-final executed COMMAND [data get entity @e[name=ArtifactTarget,limit=1] Health] at connected tick 990
[06:52:43] [Render thread/INFO] (Minecraft) [System] [CHAT] ArtifactTarget has the following entity data: 83.0f
[06:52:44] [Render thread/INFO] (powers) QA client role=exact-7548160-dark-innates-final executed COMMAND [kill @e[name=ArtifactTarget]] at connected tick 1020
[06:52:44] [Render thread/INFO] (Minecraft) [System] [CHAT] Killed ArtifactTarget
[06:52:45] [Render thread/INFO] (powers) QA client role=exact-7548160-dark-innates-final executed COMMAND [powers testing actor spawn ArtifactTarget] at connected tick 1030
[06:52:45] [Render thread/INFO] (Minecraft) [System] [CHAT] Spawned test actor: ArtifactTarget
[06:52:45] [Render thread/INFO] (powers) QA client role=exact-7548160-dark-innates-final executed COMMAND [tp @e[name=ArtifactTarget,limit=1] 800.5 101 805.5] at connected tick 1040
[06:52:45] [Render thread/INFO] (Minecraft) [System] [CHAT] Teleported ArtifactTarget to 800.500000, 101.000000, 805.500000
[06:52:46] [Render thread/INFO] (powers) QA client role=exact-7548160-dark-innates-final executed COMMAND [data merge entity @e[name=ArtifactTarget,limit=1] {NoAI:1b,PersistenceRequired:1b}] at connected tick 1050
[06:52:46] [Render thread/INFO] (Minecraft) [System] [CHAT] Modified entity data of ArtifactTarget
[06:52:47] [Render thread/INFO] (powers) QA client role=exact-7548160-dark-innates-final executed ARTIFACT [darkness innate/lightning_strike -1] at connected tick 1070
[06:52:48] [Render thread/INFO] (powers) QA client role=exact-7548160-dark-innates-final executed SCREENSHOT [dark-artifact-lightning] at connected tick 1100
[06:52:48] [Render thread/INFO] (Minecraft) [System] [CHAT] Saved screenshot as 2026-08-14_06.52.48.png
[06:52:52] [Render thread/INFO] (powers) QA client role=exact-7548160-dark-innates-final executed COMMAND [data get entity @e[name=ArtifactTarget,limit=1] Health] at connected tick 1180
[06:52:52] [Render thread/INFO] (Minecraft) [System] [CHAT] ArtifactTarget has the following entity data: 86.0f
[06:52:54] [Render thread/INFO] (powers) QA client role=exact-7548160-dark-innates-final executed COMMAND [kill @e[name=ArtifactTarget]] at connected tick 1210
[06:52:54] [Render thread/INFO] (Minecraft) [System] [CHAT] Killed ArtifactTarget
[06:52:54] [Render thread/INFO] (powers) QA client role=exact-7548160-dark-innates-final executed COMMAND [powers testing actor spawn ArtifactTarget] at connected tick 1220
[06:52:54] [Render thread/INFO] (Minecraft) [System] [CHAT] Spawned test actor: ArtifactTarget
[06:52:55] [Render thread/INFO] (powers) QA client role=exact-7548160-dark-innates-final executed COMMAND [tp @e[name=ArtifactTarget,limit=1] 800.5 101 805.5] at connected tick 1230
[06:52:55] [Render thread/INFO] (Minecraft) [System] [CHAT] Teleported ArtifactTarget to 800.500000, 101.000000, 805.500000
[06:52:55] [Render thread/INFO] (powers) QA client role=exact-7548160-dark-innates-final executed COMMAND [data merge entity @e[name=ArtifactTarget,limit=1] {NoAI:1b,PersistenceRequired:1b}] at connected tick 1240
[06:52:55] [Render thread/INFO] (Minecraft) [System] [CHAT] Modified entity data of ArtifactTarget
[06:52:56] [Render thread/INFO] (powers) QA client role=exact-7548160-dark-innates-final executed ARTIFACT [darkness innate/thunderclap -1] at connected tick 1260
[06:52:56] [Render thread/INFO] (Minecraft) [System] [CHAT] [Unmarked] DarkInnatesExact has made the advancement [Monster Hunter]
[06:52:56] [Render thread/INFO] (Minecraft) Loaded 58 advancements
[06:52:57] [Render thread/INFO] (powers) QA client role=exact-7548160-dark-innates-final executed SCREENSHOT [dark-artifact-thunderclap] at connected tick 1280
[06:52:57] [Render thread/INFO] (Minecraft) [System] [CHAT] Saved screenshot as 2026-08-14_06.52.57.png
[06:52:59] [Render thread/INFO] (powers) QA client role=exact-7548160-dark-innates-final executed COMMAND [data get entity @e[name=ArtifactTarget,limit=1] Motion] at connected tick 1310
[06:52:59] [Render thread/INFO] (Minecraft) [System] [CHAT] ArtifactTarget has the following entity data: [0.0d, 0.45d, 2.2d]
[06:52:59] [Render thread/INFO] (powers) QA client role=exact-7548160-dark-innates-final executed COMMAND [data get entity @e[name=ArtifactTarget,limit=1] Health] at connected tick 1320
[06:52:59] [Render thread/INFO] (Minecraft) [System] [CHAT] ArtifactTarget has the following entity data: 46.8f
[06:53:01] [Render thread/INFO] (powers) QA client role=exact-7548160-dark-innates-final executed COMMAND [tp @s 800.5 101 800.5 0 0] at connected tick 1350
[06:53:01] [Render thread/INFO] (Minecraft) [System] [CHAT] Teleported [Unmarked] DarkInnatesExact to 800.500000, 101.000000, 800.500000
[06:53:02] [Render thread/INFO] (powers) QA client role=exact-7548160-dark-innates-final executed ARTIFACT [darkness innate/speed_burst -1] at connected tick 1370
[06:53:03] [Render thread/INFO] (powers) QA client role=exact-7548160-dark-innates-final executed COMMAND [data get entity @s Pos] at connected tick 1390
[06:53:03] [Render thread/INFO] (Minecraft) [System] [CHAT] [Unmarked] DarkInnatesExact has the following entity data: [800.5d, 101.0d, 800.6999999880791d]
[06:53:03] [Render thread/INFO] (powers) QA client role=exact-7548160-dark-innates-final executed COMMAND [data get entity @s Motion] at connected tick 1400
[06:53:03] [Render thread/INFO] (Minecraft) [System] [CHAT] [Unmarked] DarkInnatesExact has the following entity data: [0.0d, -0.009800000190734863d, 0.0d]
[06:53:05] [Render thread/INFO] (powers) QA client role=exact-7548160-dark-innates-final executed COMMAND [tp @s 800.5 101 800.5 0 0] at connected tick 1430
[06:53:05] [Render thread/INFO] (Minecraft) [System] [CHAT] Teleported [Unmarked] DarkInnatesExact to 800.500000, 101.000000, 800.500000
[06:53:05] [Render thread/INFO] (powers) QA client role=exact-7548160-dark-innates-final executed COMMAND [kill @e[name=ArtifactTarget]] at connected tick 1440
[06:53:05] [Render thread/INFO] (Minecraft) [System] [CHAT] Killed ArtifactTarget
[06:53:06] [Render thread/INFO] (powers) QA client role=exact-7548160-dark-innates-final executed COMMAND [powers testing actor spawn ArtifactTarget] at connected tick 1450
[06:53:06] [Render thread/INFO] (Minecraft) [System] [CHAT] Spawned test actor: ArtifactTarget
[06:53:06] [Render thread/INFO] (powers) QA client role=exact-7548160-dark-innates-final executed COMMAND [tp @e[name=ArtifactTarget,limit=1] 800.5 101 805.5] at connected tick 1460
[06:53:06] [Render thread/INFO] (Minecraft) [System] [CHAT] Teleported ArtifactTarget to 800.500000, 101.000000, 805.500000
[06:53:07] [Render thread/INFO] (powers) QA client role=exact-7548160-dark-innates-final executed COMMAND [data merge entity @e[name=ArtifactTarget,limit=1] {NoAI:1b,PersistenceRequired:1b}] at connected tick 1470
[06:53:07] [Render thread/INFO] (Minecraft) [System] [CHAT] Modified entity data of ArtifactTarget
[06:53:08] [Render thread/INFO] (powers) QA client role=exact-7548160-dark-innates-final executed ARTIFACT [darkness innate/telekinesis -1] at connected tick 1490
[06:53:09] [Render thread/INFO] (powers) QA client role=exact-7548160-dark-innates-final executed COMMAND [data get entity @e[name=ArtifactTarget,limit=1] Motion] at connected tick 1510
[06:53:09] [Render thread/INFO] (Minecraft) [System] [CHAT] ArtifactTarget has the following entity data: [0.0d, 0.6215999984741211d, 2.2d]
[06:53:10] [Render thread/INFO] (powers) QA client role=exact-7548160-dark-innates-final executed COMMAND [kill @e[name=ArtifactTarget]] at connected tick 1540
[06:53:10] [Render thread/INFO] (Minecraft) [System] [CHAT] Killed ArtifactTarget
[06:53:11] [Render thread/INFO] (powers) QA client role=exact-7548160-dark-innates-final executed COMMAND [powers testing actor spawn ArtifactTarget] at connected tick 1550
[06:53:11] [Render thread/INFO] (Minecraft) [System] [CHAT] Spawned test actor: ArtifactTarget
[06:53:11] [Render thread/INFO] (powers) QA client role=exact-7548160-dark-innates-final executed COMMAND [tp @e[name=ArtifactTarget,limit=1] 800.5 101 805.5] at connected tick 1560
[06:53:11] [Render thread/INFO] (Minecraft) [System] [CHAT] Teleported ArtifactTarget to 800.500000, 101.000000, 805.500000
[06:53:12] [Render thread/INFO] (powers) QA client role=exact-7548160-dark-innates-final executed COMMAND [data merge entity @e[name=ArtifactTarget,limit=1] {NoAI:1b,PersistenceRequired:1b}] at connected tick 1570
[06:53:12] [Render thread/INFO] (Minecraft) [System] [CHAT] Modified entity data of ArtifactTarget
[06:53:13] [Render thread/INFO] (powers) QA client role=exact-7548160-dark-innates-final executed ARTIFACT [darkness innate/energy_beam -1] at connected tick 1590
[06:53:14] [Render thread/INFO] (powers) QA client role=exact-7548160-dark-innates-final executed SCREENSHOT [dark-artifact-energy-beam] at connected tick 1620
[06:53:14] [Render thread/INFO] (Minecraft) [System] [CHAT] Saved screenshot as 2026-08-14_06.53.14.png
[06:53:18] [Render thread/INFO] (powers) QA client role=exact-7548160-dark-innates-final executed COMMAND [data get entity @e[name=ArtifactTarget,limit=1] Health] at connected tick 1700
[06:53:18] [Render thread/INFO] (Minecraft) [System] [CHAT] ArtifactTarget has the following entity data: 86.0f
[06:53:20] [Render thread/INFO] (powers) QA client role=exact-7548160-dark-innates-final executed COMMAND [tp @s 800.5 101 800.5 0 0] at connected tick 1730
[06:53:20] [Render thread/INFO] (Minecraft) [System] [CHAT] Teleported [Unmarked] DarkInnatesExact to 800.500000, 101.000000, 800.500000
[06:53:21] [Render thread/INFO] (powers) QA client role=exact-7548160-dark-innates-final executed ARTIFACT [darkness innate/super_speed -1] at connected tick 1750
[06:53:21] [Render thread/INFO] (powers) QA client role=exact-7548160-dark-innates-final executed KEY [forward on] at connected tick 1760
[06:53:21] [Render thread/INFO] (powers) QA client role=exact-7548160-dark-innates-final executed KEY [sprint on] at connected tick 1760
[06:53:24] [Render thread/INFO] (powers) QA client role=exact-7548160-dark-innates-final executed COMMAND [data get entity @s Pos] at connected tick 1810
[06:53:24] [Render thread/INFO] (Minecraft) [System] [CHAT] [Unmarked] DarkInnatesExact has the following entity data: [800.5d, 101.0d, 801.6999999880791d]
[06:53:24] [Render thread/INFO] (powers) QA client role=exact-7548160-dark-innates-final executed KEY [forward off] at connected tick 1820
[06:53:24] [Render thread/INFO] (powers) QA client role=exact-7548160-dark-innates-final executed KEY [sprint off] at connected tick 1820
[06:53:25] [Render thread/INFO] (powers) QA client role=exact-7548160-dark-innates-final executed SCREENSHOT [dark-artifact-super-speed] at connected tick 1830
[06:53:25] [Render thread/INFO] (Minecraft) [System] [CHAT] Saved screenshot as 2026-08-14_06.53.25.png
[06:53:26] [Render thread/INFO] (powers) QA client role=exact-7548160-dark-innates-final executed COMMAND [tp @s 800.5 101 800.5 0 0] at connected tick 1860
[06:53:26] [Render thread/INFO] (Minecraft) [System] [CHAT] Teleported [Unmarked] DarkInnatesExact to 800.500000, 101.000000, 800.500000
[06:53:27] [Render thread/INFO] (powers) QA client role=exact-7548160-dark-innates-final executed COMMAND [kill @e[name=ArtifactTarget]] at connected tick 1870
[06:53:27] [Render thread/INFO] (Minecraft) [System] [CHAT] Killed ArtifactTarget
[06:53:27] [Render thread/INFO] (powers) QA client role=exact-7548160-dark-innates-final executed COMMAND [powers testing actor spawn ArtifactTarget] at connected tick 1880
[06:53:27] [Render thread/INFO] (Minecraft) [System] [CHAT] Spawned test actor: ArtifactTarget
[06:53:28] [Render thread/INFO] (powers) QA client role=exact-7548160-dark-innates-final executed COMMAND [tp @e[name=ArtifactTarget,limit=1] 800.5 101 804.5] at connected tick 1890
[06:53:28] [Render thread/INFO] (Minecraft) [System] [CHAT] Teleported ArtifactTarget to 800.500000, 101.000000, 804.500000
[06:53:28] [Render thread/INFO] (powers) QA client role=exact-7548160-dark-innates-final executed COMMAND [data merge entity @e[name=ArtifactTarget,limit=1] {NoAI:1b,PersistenceRequired:1b}] at connected tick 1900
[06:53:28] [Render thread/INFO] (Minecraft) [System] [CHAT] Modified entity data of ArtifactTarget
[06:53:29] [Render thread/INFO] (powers) QA client role=exact-7548160-dark-innates-final executed ARTIFACT [darkness innate/breezy_bash -1] at connected tick 1920
[06:53:31] [Render thread/INFO] (powers) QA client role=exact-7548160-dark-innates-final executed COMMAND [data get entity @e[name=ArtifactTarget,limit=1] Motion] at connected tick 1950
[06:53:31] [Render thread/INFO] (Minecraft) [System] [CHAT] ArtifactTarget has the following entity data: [0.0d, -0.0784000015258789d, 0.0d]
[06:53:32] [Render thread/INFO] (powers) QA client role=exact-7548160-dark-innates-final executed ARTIFACT [darkness innate/invisibility -1] at connected tick 1980
[06:53:33] [Render thread/INFO] (powers) QA client role=exact-7548160-dark-innates-final executed COMMAND [data get entity @s active_effects] at connected tick 2000
[06:53:33] [Render thread/INFO] (Minecraft) [System] [CHAT] [Unmarked] DarkInnatesExact has the following entity data: [{duration: 19998090, show_icon: 0b, amplifier: -1b, id: "minecraft:resistance", show_particles: 0b}, {duration: 2147483627, show_icon: 0b, amplifier: -1b, id: "minecraft:invisibility", show_particles: 0b}]
[06:53:34] [Render thread/INFO] (powers) QA client role=exact-7548160-dark-innates-final executed SCREENSHOT [dark-artifact-invisibility] at connected tick 2010
[06:53:34] [Render thread/INFO] (Minecraft) [System] [CHAT] Saved screenshot as 2026-08-14_06.53.34.png
[06:53:35] [Render thread/INFO] (powers) QA client role=exact-7548160-dark-innates-final executed ARTIFACT [darkness innate/invisibility -1] at connected tick 2030
[06:53:35] [Render thread/INFO] (powers) QA client role=exact-7548160-dark-innates-final executed COMMAND [data get entity @s active_effects] at connected tick 2040
[06:53:35] [Render thread/INFO] (Minecraft) [System] [CHAT] [Unmarked] DarkInnatesExact has the following entity data: [{duration: 19998050, show_icon: 0b, amplifier: -1b, id: "minecraft:resistance", show_particles: 0b}]
[06:53:37] [Render thread/INFO] (powers) QA client role=exact-7548160-dark-innates-final executed ARTIFACT [darkness innate/time_freeze -1] at connected tick 2070
[06:53:37] [Render thread/INFO] (Minecraft) [System] [CHAT] Time Freeze drains 278 energy per second; your current energy safely sustains about 6 seconds.
[06:53:38] [Render thread/INFO] (powers) QA client role=exact-7548160-dark-innates-final executed COMMAND [tick query] at connected tick 2100
[06:53:38] [Render thread/INFO] (Minecraft) [System] [CHAT] The game is frozen
[06:53:38] [Render thread/INFO] (Minecraft) [System] [CHAT] Target tick rate: 20.0 per second.\nAverage time per tick: 4.3ms (Target: 50.0ms)
[06:53:38] [Render thread/INFO] (Minecraft) [System] [CHAT] Percentiles: P50: 5.5ms P95: 6.6ms P99: 8.7ms. Sample: 100
[06:53:39] [Render thread/INFO] (powers) QA client role=exact-7548160-dark-innates-final executed SCREENSHOT [dark-artifact-time-freeze] at connected tick 2110
[06:53:39] [Render thread/INFO] (Minecraft) [System] [CHAT] Saved screenshot as 2026-08-14_06.53.39.png
[06:53:40] [Render thread/INFO] (powers) QA client role=exact-7548160-dark-innates-final executed ARTIFACT [darkness innate/time_freeze -1] at connected tick 2140
[06:53:42] [Render thread/INFO] (powers) QA client role=exact-7548160-dark-innates-final executed COMMAND [tick query] at connected tick 2170
[06:53:42] [Render thread/INFO] (Minecraft) [System] [CHAT] The game is running normally
[06:53:42] [Render thread/INFO] (Minecraft) [System] [CHAT] Target tick rate: 20.0 per second.\nAverage time per tick: 2.3ms (Target: 50.0ms)
[06:53:42] [Render thread/INFO] (Minecraft) [System] [CHAT] Percentiles: P50: 0.7ms P95: 6.6ms P99: 7.5ms. Sample: 100
[06:53:43] [Render thread/INFO] (powers) QA client role=exact-7548160-dark-innates-final executed COMMAND [effect clear @s minecraft:resistance] at connected tick 2200
[06:53:43] [Render thread/INFO] (Minecraft) [System] [CHAT] Removed effect Resistance from [Unmarked] DarkInnatesExact
[06:53:44] [Render thread/INFO] (powers) QA client role=exact-7548160-dark-innates-final executed COMMAND [data get entity @s Health] at connected tick 2210
[06:53:44] [Render thread/INFO] (Minecraft) [System] [CHAT] [Unmarked] DarkInnatesExact has the following entity data: 20.0f
[06:53:45] [Render thread/INFO] (powers) QA client role=exact-7548160-dark-innates-final executed ARTIFACT [darkness innate/forcefield -1] at connected tick 2230
[06:53:46] [Render thread/INFO] (powers) QA client role=exact-7548160-dark-innates-final executed COMMAND [damage @s 100 minecraft:generic] at connected tick 2250
[06:53:46] [Render thread/INFO] (Minecraft) [System] [CHAT] Target is invulnerable to the given damage type
[06:53:47] [Render thread/INFO] (powers) QA client role=exact-7548160-dark-innates-final executed COMMAND [data get entity @s Health] at connected tick 2270
[06:53:47] [Render thread/INFO] (Minecraft) [System] [CHAT] [Unmarked] DarkInnatesExact has the following entity data: 20.0f
[06:53:47] [Render thread/INFO] (powers) QA client role=exact-7548160-dark-innates-final executed SCREENSHOT [dark-artifact-forcefield] at connected tick 2280
[06:53:47] [Render thread/INFO] (Minecraft) [System] [CHAT] Saved screenshot as 2026-08-14_06.53.47.png
[06:53:48] [Render thread/INFO] (powers) QA client role=exact-7548160-dark-innates-final executed COMMAND [effect give @s minecraft:resistance 999999 255 true] at connected tick 2300
[06:53:48] [Render thread/INFO] (Minecraft) [System] [CHAT] Applied effect Resistance to [Unmarked] DarkInnatesExact
[06:53:50] [Render thread/INFO] (powers) QA client role=exact-7548160-dark-innates-final executed COMMAND [tp @s 800.5 101 800.5 0 0] at connected tick 2330
[06:53:50] [Render thread/INFO] (Minecraft) [System] [CHAT] Teleported [Unmarked] DarkInnatesExact to 800.500000, 101.000000, 800.500000
[06:53:50] [Render thread/INFO] (powers) QA client role=exact-7548160-dark-innates-final executed COMMAND [kill @e[name=ArtifactTarget]] at connected tick 2340
[06:53:50] [Render thread/INFO] (Minecraft) [System] [CHAT] Killed ArtifactTarget
[06:53:51] [Render thread/INFO] (powers) QA client role=exact-7548160-dark-innates-final executed COMMAND [powers testing actor spawn ArtifactTarget] at connected tick 2350
[06:53:51] [Render thread/INFO] (Minecraft) [System] [CHAT] Spawned test actor: ArtifactTarget
[06:53:51] [Render thread/INFO] (powers) QA client role=exact-7548160-dark-innates-final executed COMMAND [tp @e[name=ArtifactTarget,limit=1] 800.5 101 804.5] at connected tick 2360
[06:53:51] [Render thread/INFO] (Minecraft) [System] [CHAT] Teleported ArtifactTarget to 800.500000, 101.000000, 804.500000
[06:53:52] [Render thread/INFO] (powers) QA client role=exact-7548160-dark-innates-final executed COMMAND [data merge entity @e[name=ArtifactTarget,limit=1] {NoAI:1b,PersistenceRequired:1b}] at connected tick 2370
[06:53:52] [Render thread/INFO] (Minecraft) [System] [CHAT] Modified entity data of ArtifactTarget
[06:53:53] [Render thread/INFO] (powers) QA client role=exact-7548160-dark-innates-final executed ARTIFACT [darkness innate/gravity_displacement 2] at connected tick 2390
[06:53:54] [Render thread/INFO] (powers) QA client role=exact-7548160-dark-innates-final executed COMMAND [data get entity @e[name=ArtifactTarget,limit=1] Motion] at connected tick 2420
[06:53:54] [Render thread/INFO] (Minecraft) [System] [CHAT] ArtifactTarget has the following entity data: [0.0d, 0.0d, 0.0d]
[06:53:56] [Render thread/INFO] (powers) QA client role=exact-7548160-dark-innates-final executed COMMAND [kill @e[name=ArtifactTarget]] at connected tick 2460
[06:53:56] [Render thread/INFO] (Minecraft) [System] [CHAT] Killed ArtifactTarget
[06:53:57] [Render thread/INFO] (powers) QA client role=exact-7548160-dark-innates-final executed COMMAND [powers testing actor spawn ArtifactTarget] at connected tick 2470
[06:53:57] [Render thread/INFO] (Minecraft) [System] [CHAT] Spawned test actor: ArtifactTarget
[06:53:57] [Render thread/INFO] (powers) QA client role=exact-7548160-dark-innates-final executed COMMAND [tp @e[name=ArtifactTarget,limit=1] 800.5 101 804.5] at connected tick 2480
[06:53:57] [Render thread/INFO] (Minecraft) [System] [CHAT] Teleported ArtifactTarget to 800.500000, 101.000000, 804.500000
[06:53:58] [Render thread/INFO] (powers) QA client role=exact-7548160-dark-innates-final executed COMMAND [data merge entity @e[name=ArtifactTarget,limit=1] {NoAI:1b,PersistenceRequired:1b}] at connected tick 2490
[06:53:58] [Render thread/INFO] (Minecraft) [System] [CHAT] Modified entity data of ArtifactTarget
[06:53:59] [Render thread/INFO] (powers) QA client role=exact-7548160-dark-innates-final executed ARTIFACT [darkness innate/vessel_possession -1] at connected tick 2510
[06:54:00] [Render thread/INFO] (powers) QA client role=exact-7548160-dark-innates-final executed COMMAND [data get entity @s playerGameType] at connected tick 2540
[06:54:00] [Render thread/INFO] (Minecraft) [System] [CHAT] [Unmarked] DarkInnatesExact has the following entity data: 0
[06:54:01] [Render thread/INFO] (powers) QA client role=exact-7548160-dark-innates-final executed COMMAND [powers diagnose] at connected tick 2550
[06:54:01] [Render thread/INFO] (Minecraft) [System] [CHAT] magic=0/0 cells; spellFields=0 (cap/tick 32); artifactFields=0
[06:54:01] [Render thread/INFO] (Minecraft) [System] [CHAT] forces=0; clashes=0; auraCaps=512/player,4096/level; guardians=0
[06:54:01] [Render thread/INFO] (Minecraft) [System] [CHAT] proxies=0; travelLoads=0; celestialEvents=0; forcedChunks=0
[06:54:01] [Render thread/INFO] (Minecraft) [System] [CHAT] lastTick: packets=0; particles=0; entityInspections=0
[06:54:01] [Render thread/INFO] (Minecraft) [System] [CHAT] configValidation: revision=0; adjustments=0; retained=0; dropped=0
[06:54:01] [Render thread/INFO] (Minecraft) [System] [CHAT] operatorAudit: total=1
[06:54:01] [Render thread/INFO] (Minecraft) [System] [CHAT] operatorAudit action=testing_control; result=success; count=1
[06:54:01] [Render thread/INFO] (Minecraft) [System] [CHAT] Energy history: spent=0 restored=1350 net=1350
[06:54:01] [Render thread/INFO] (Minecraft) [System] [CHAT] energySource=regeneration; amount=1350
[06:54:01] [Render thread/INFO] (Minecraft) [System] [CHAT] physicalRays=0; rayCollisionsThisTick=0; shadowSessions=0; revealedShadowBodies=0
[06:54:01] [Render thread/INFO] (Minecraft) [System] [CHAT] shadowBodies=0 (hidden=0, revealed=0); tasks=0; energy=0; rites=0; toggles=0; casts=0; conjurations=0; planner=0; contexts=0; targetProfiles=0; creditWindows=0; forcedChunks=0; leaks=0
[06:54:01] [Render thread/INFO] (Minecraft) [System] [CHAT] realmBuilds=0; containment=0 (cap/tick 256); invasions=0/64; concord=0/0
[06:54:01] [Render thread/INFO] (Minecraft) [System] [CHAT] index=spellFields; dimension=minecraft:overworld; q=170; candidates=0; misses=170; stale=0; fallbackScans=0; memory~=0B
[06:54:01] [Render thread/INFO] (Minecraft) [System] [CHAT] index=artifactFields; dimension=minecraft:overworld; q=0; candidates=0; misses=0; stale=0; fallbackScans=0; memory~=0B
[06:54:01] [Render thread/INFO] (Minecraft) [System] [CHAT] index=amethystNatural; dimension=minecraft:overworld; q=150; candidates=0; misses=150; stale=4; fallbackScans=12; memory~=640B
[06:54:01] [Render thread/INFO] (Minecraft) [System] [CHAT] index=amethystWards; dimension=minecraft:overworld; q=0; candidates=0; misses=0; stale=0; fallbackScans=0; memory~=0B
[06:54:01] [Render thread/INFO] (Minecraft) [System] [CHAT] index=namedTargets; dimension=minecraft:overworld; q=0; candidates=0; misses=0; stale=0; fallbackScans=0; memory~=180B
[06:54:01] [Render thread/INFO] (Minecraft) [System] [CHAT] index=livingForces; dimension=minecraft:overworld; q=13; candidates=0; misses=13; stale=0; fallbackScans=0; memory~=0B
[06:54:01] [Render thread/INFO] (Minecraft) [System] [CHAT] index=spellFields; dimension=minecraft:the_end; q=0; candidates=0; misses=0; stale=0; fallbackScans=0; memory~=0B
[06:54:01] [Render thread/INFO] (Minecraft) [System] [CHAT] index=artifactFields; dimension=minecraft:the_end; q=0; candidates=0; misses=0; stale=0; fallbackScans=0; memory~=0B
[06:54:01] [Render thread/INFO] (Minecraft) [System] [CHAT] index=amethystNatural; dimension=minecraft:the_end; q=0; candidates=0; misses=0; stale=0; fallbackScans=0; memory~=0B
[06:54:01] [Render thread/INFO] (Minecraft) [System] [CHAT] index=amethystWards; dimension=minecraft:the_end; q=0; candidates=0; misses=0; stale=0; fallbackScans=0; memory~=0B
[06:54:01] [Render thread/INFO] (Minecraft) [System] [CHAT] index=namedTargets; dimension=minecraft:the_end; q=0; candidates=0; misses=0; stale=0; fallbackScans=0; memory~=0B
[06:54:01] [Render thread/INFO] (Minecraft) [System] [CHAT] index=livingForces; dimension=minecraft:the_end; q=0; candidates=0; misses=0; stale=0; fallbackScans=0; memory~=0B
[06:54:01] [Render thread/INFO] (Minecraft) [System] [CHAT] index=spellFields; dimension=minecraft:the_nether; q=0; candidates=0; misses=0; stale=0; fallbackScans=0; memory~=0B
[06:54:01] [Render thread/INFO] (Minecraft) [System] [CHAT] index=artifactFields; dimension=minecraft:the_nether; q=0; candidates=0; misses=0; stale=0; fallbackScans=0; memory~=0B
[06:54:01] [Render thread/INFO] (Minecraft) [System] [CHAT] index=amethystNatural; dimension=minecraft:the_nether; q=0; candidates=0; misses=0; stale=0; fallbackScans=0; memory~=0B
[06:54:01] [Render thread/INFO] (Minecraft) [System] [CHAT] index=amethystWards; dimension=minecraft:the_nether; q=0; candidates=0; misses=0; stale=0; fallbackScans=0; memory~=0B
[06:54:01] [Render thread/INFO] (Minecraft) [System] [CHAT] index=namedTargets; dimension=minecraft:the_nether; q=0; candidates=0; misses=0; stale=0; fallbackScans=0; memory~=0B
[06:54:01] [Render thread/INFO] (Minecraft) [System] [CHAT] index=livingForces; dimension=minecraft:the_nether; q=0; candidates=0; misses=0; stale=0; fallbackScans=0; memory~=0B
[06:54:01] [Render thread/INFO] (Minecraft) [System] [CHAT] index=spellFields; dimension=powers:dark_realm; q=0; candidates=0; misses=0; stale=0; fallbackScans=0; memory~=0B
[06:54:01] [Render thread/INFO] (Minecraft) [System] [CHAT] index=artifactFields; dimension=powers:dark_realm; q=0; candidates=0; misses=0; stale=0; fallbackScans=0; memory~=0B
[06:54:01] [Render thread/INFO] (Minecraft) [System] [CHAT] index=amethystNatural; dimension=powers:dark_realm; q=0; candidates=0; misses=0; stale=0; fallbackScans=0; memory~=0B
[06:54:01] [Render thread/INFO] (Minecraft) [System] [CHAT] index=amethystWards; dimension=powers:dark_realm; q=0; candidates=0; misses=0; stale=0; fallbackScans=0; memory~=0B
[06:54:01] [Render thread/INFO] (Minecraft) [System] [CHAT] index=namedTargets; dimension=powers:dark_realm; q=0; candidates=0; misses=0; stale=0; fallbackScans=0; memory~=0B
[06:54:01] [Render thread/INFO] (Minecraft) [System] [CHAT] index=livingForces; dimension=powers:dark_realm; q=0; candidates=0; misses=0; stale=0; fallbackScans=0; memory~=0B
[06:54:01] [Render thread/INFO] (Minecraft) [System] [CHAT] index=spellFields; dimension=powers:light_realm; q=0; candidates=0; misses=0; stale=0; fallbackScans=0; memory~=0B
[06:54:01] [Render thread/INFO] (Minecraft) [System] [CHAT] index=artifactFields; dimension=powers:light_realm; q=0; candidates=0; misses=0; stale=0; fallbackScans=0; memory~=0B
[06:54:01] [Render thread/INFO] (Minecraft) [System] [CHAT] index=amethystNatural; dimension=powers:light_realm; q=0; candidates=0; misses=0; stale=0; fallbackScans=0; memory~=0B
[06:54:01] [Render thread/INFO] (Minecraft) [System] [CHAT] index=amethystWards; dimension=powers:light_realm; q=0; candidates=0; misses=0; stale=0; fallbackScans=0; memory~=0B
[06:54:01] [Render thread/INFO] (Minecraft) [System] [CHAT] index=namedTargets; dimension=powers:light_realm; q=0; candidates=0; misses=0; stale=0; fallbackScans=0; memory~=0B
[06:54:01] [Render thread/INFO] (Minecraft) [System] [CHAT] index=livingForces; dimension=powers:light_realm; q=0; candidates=0; misses=0; stale=0; fallbackScans=0; memory~=0B
[06:54:01] [Render thread/INFO] (Minecraft) [System] [CHAT] index=spellFields; dimension=powers:middleworld; q=0; candidates=0; misses=0; stale=0; fallbackScans=0; memory~=0B
[06:54:01] [Render thread/INFO] (Minecraft) [System] [CHAT] index=artifactFields; dimension=powers:middleworld; q=0; candidates=0; misses=0; stale=0; fallbackScans=0; memory~=0B
[06:54:01] [Render thread/INFO] (Minecraft) [System] [CHAT] index=amethystNatural; dimension=powers:middleworld; q=0; candidates=0; misses=0; stale=0; fallbackScans=0; memory~=0B
[06:54:01] [Render thread/INFO] (Minecraft) [System] [CHAT] index=amethystWards; dimension=powers:middleworld; q=0; candidates=0; misses=0; stale=0; fallbackScans=0; memory~=0B
[06:54:01] [Render thread/INFO] (Minecraft) [System] [CHAT] index=namedTargets; dimension=powers:middleworld; q=0; candidates=0; misses=0; stale=0; fallbackScans=0; memory~=0B
[06:54:01] [Render thread/INFO] (Minecraft) [System] [CHAT] index=livingForces; dimension=powers:middleworld; q=0; candidates=0; misses=0; stale=0; fallbackScans=0; memory~=0B
[06:54:01] [Render thread/INFO] (Minecraft) [System] [CHAT] travelTickets=0/64; perDimensionLimit=24; lastRefusal=none
[06:54:01] [Render thread/INFO] (Minecraft) [System] [CHAT] missingDimensions=0; droppedDistinct=0; orphanedRuinEvents=0
[06:54:01] [Render thread/INFO] (Minecraft) [System] [CHAT] questTelemetrySamples=0; publicationReadyLevels=0/20; minimumPerLevel=20
[06:54:01] [Render thread/INFO] (Minecraft) [System] [CHAT] testing: energy=disabled; cooldowns=disabled
[06:54:01] [Render thread/INFO] (powers) QA client role=exact-7548160-dark-innates-final executed SCREENSHOT [dark-artifact-possession] at connected tick 2560
[06:54:01] [Render thread/INFO] (Minecraft) [System] [CHAT] Saved screenshot as 2026-08-14_06.54.01.png
[06:54:03] [Render thread/INFO] (powers) QA client role=exact-7548160-dark-innates-final executed ARTIFACT [darkness innate/vessel_possession -1] at connected tick 2590
[06:54:04] [Render thread/INFO] (powers) QA client role=exact-7548160-dark-innates-final executed COMMAND [data get entity @s playerGameType] at connected tick 2620
[06:54:04] [Render thread/INFO] (Minecraft) [System] [CHAT] [Unmarked] DarkInnatesExact has the following entity data: 0
[06:54:05] [Render thread/INFO] (powers) QA client role=exact-7548160-dark-innates-final executed COMMAND [powers diagnose] at connected tick 2630
[06:54:05] [Render thread/INFO] (Minecraft) [System] [CHAT] magic=0/0 cells; spellFields=0 (cap/tick 32); artifactFields=0
[06:54:05] [Render thread/INFO] (Minecraft) [System] [CHAT] forces=0; clashes=0; auraCaps=512/player,4096/level; guardians=0
[06:54:05] [Render thread/INFO] (Minecraft) [System] [CHAT] proxies=0; travelLoads=0; celestialEvents=0; forcedChunks=0
[06:54:05] [Render thread/INFO] (Minecraft) [System] [CHAT] lastTick: packets=0; particles=0; entityInspections=0
[06:54:05] [Render thread/INFO] (Minecraft) [System] [CHAT] configValidation: revision=0; adjustments=0; retained=0; dropped=0
[06:54:05] [Render thread/INFO] (Minecraft) [System] [CHAT] operatorAudit: total=1
[06:54:05] [Render thread/INFO] (Minecraft) [System] [CHAT] operatorAudit action=testing_control; result=success; count=1
[06:54:05] [Render thread/INFO] (Minecraft) [System] [CHAT] Energy history: spent=0 restored=1350 net=1350
[06:54:05] [Render thread/INFO] (Minecraft) [System] [CHAT] energySource=regeneration; amount=1350
[06:54:05] [Render thread/INFO] (Minecraft) [System] [CHAT] physicalRays=0; rayCollisionsThisTick=0; shadowSessions=0; revealedShadowBodies=0
[06:54:05] [Render thread/INFO] (Minecraft) [System] [CHAT] shadowBodies=0 (hidden=0, revealed=0); tasks=0; energy=0; rites=0; toggles=0; casts=0; conjurations=0; planner=0; contexts=0; targetProfiles=0; creditWindows=0; forcedChunks=0; leaks=0
[06:54:05] [Render thread/INFO] (Minecraft) [System] [CHAT] realmBuilds=0; containment=0 (cap/tick 256); invasions=0/64; concord=0/0
[06:54:05] [Render thread/INFO] (Minecraft) [System] [CHAT] index=spellFields; dimension=minecraft:overworld; q=170; candidates=0; misses=170; stale=0; fallbackScans=0; memory~=0B
[06:54:05] [Render thread/INFO] (Minecraft) [System] [CHAT] index=artifactFields; dimension=minecraft:overworld; q=0; candidates=0; misses=0; stale=0; fallbackScans=0; memory~=0B
[06:54:05] [Render thread/INFO] (Minecraft) [System] [CHAT] index=amethystNatural; dimension=minecraft:overworld; q=155; candidates=0; misses=155; stale=4; fallbackScans=12; memory~=640B
[06:54:05] [Render thread/INFO] (Minecraft) [System] [CHAT] index=amethystWards; dimension=minecraft:overworld; q=0; candidates=0; misses=0; stale=0; fallbackScans=0; memory~=0B
[06:54:05] [Render thread/INFO] (Minecraft) [System] [CHAT] index=namedTargets; dimension=minecraft:overworld; q=0; candidates=0; misses=0; stale=0; fallbackScans=0; memory~=180B
[06:54:05] [Render thread/INFO] (Minecraft) [System] [CHAT] index=livingForces; dimension=minecraft:overworld; q=13; candidates=0; misses=13; stale=0; fallbackScans=0; memory~=0B
[06:54:05] [Render thread/INFO] (Minecraft) [System] [CHAT] index=spellFields; dimension=minecraft:the_end; q=0; candidates=0; misses=0; stale=0; fallbackScans=0; memory~=0B
[06:54:05] [Render thread/INFO] (Minecraft) [System] [CHAT] index=artifactFields; dimension=minecraft:the_end; q=0; candidates=0; misses=0; stale=0; fallbackScans=0; memory~=0B
[06:54:05] [Render thread/INFO] (Minecraft) [System] [CHAT] index=amethystNatural; dimension=minecraft:the_end; q=0; candidates=0; misses=0; stale=0; fallbackScans=0; memory~=0B
[06:54:05] [Render thread/INFO] (Minecraft) [System] [CHAT] index=amethystWards; dimension=minecraft:the_end; q=0; candidates=0; misses=0; stale=0; fallbackScans=0; memory~=0B
[06:54:05] [Render thread/INFO] (Minecraft) [System] [CHAT] index=namedTargets; dimension=minecraft:the_end; q=0; candidates=0; misses=0; stale=0; fallbackScans=0; memory~=0B
[06:54:05] [Render thread/INFO] (Minecraft) [System] [CHAT] index=livingForces; dimension=minecraft:the_end; q=0; candidates=0; misses=0; stale=0; fallbackScans=0; memory~=0B
[06:54:05] [Render thread/INFO] (Minecraft) [System] [CHAT] index=spellFields; dimension=minecraft:the_nether; q=0; candidates=0; misses=0; stale=0; fallbackScans=0; memory~=0B
[06:54:05] [Render thread/INFO] (Minecraft) [System] [CHAT] index=artifactFields; dimension=minecraft:the_nether; q=0; candidates=0; misses=0; stale=0; fallbackScans=0; memory~=0B
[06:54:05] [Render thread/INFO] (Minecraft) [System] [CHAT] index=amethystNatural; dimension=minecraft:the_nether; q=0; candidates=0; misses=0; stale=0; fallbackScans=0; memory~=0B
[06:54:05] [Render thread/INFO] (Minecraft) [System] [CHAT] index=amethystWards; dimension=minecraft:the_nether; q=0; candidates=0; misses=0; stale=0; fallbackScans=0; memory~=0B
[06:54:05] [Render thread/INFO] (Minecraft) [System] [CHAT] index=namedTargets; dimension=minecraft:the_nether; q=0; candidates=0; misses=0; stale=0; fallbackScans=0; memory~=0B
[06:54:05] [Render thread/INFO] (Minecraft) [System] [CHAT] index=livingForces; dimension=minecraft:the_nether; q=0; candidates=0; misses=0; stale=0; fallbackScans=0; memory~=0B
[06:54:05] [Render thread/INFO] (Minecraft) [System] [CHAT] index=spellFields; dimension=powers:dark_realm; q=0; candidates=0; misses=0; stale=0; fallbackScans=0; memory~=0B
[06:54:05] [Render thread/INFO] (Minecraft) [System] [CHAT] index=artifactFields; dimension=powers:dark_realm; q=0; candidates=0; misses=0; stale=0; fallbackScans=0; memory~=0B
[06:54:05] [Render thread/INFO] (Minecraft) [System] [CHAT] index=amethystNatural; dimension=powers:dark_realm; q=0; candidates=0; misses=0; stale=0; fallbackScans=0; memory~=0B
[06:54:05] [Render thread/INFO] (Minecraft) [System] [CHAT] index=amethystWards; dimension=powers:dark_realm; q=0; candidates=0; misses=0; stale=0; fallbackScans=0; memory~=0B
[06:54:05] [Render thread/INFO] (Minecraft) [System] [CHAT] index=namedTargets; dimension=powers:dark_realm; q=0; candidates=0; misses=0; stale=0; fallbackScans=0; memory~=0B
[06:54:05] [Render thread/INFO] (Minecraft) [System] [CHAT] index=livingForces; dimension=powers:dark_realm; q=0; candidates=0; misses=0; stale=0; fallbackScans=0; memory~=0B
[06:54:05] [Render thread/INFO] (Minecraft) [System] [CHAT] index=spellFields; dimension=powers:light_realm; q=0; candidates=0; misses=0; stale=0; fallbackScans=0; memory~=0B
[06:54:05] [Render thread/INFO] (Minecraft) [System] [CHAT] index=artifactFields; dimension=powers:light_realm; q=0; candidates=0; misses=0; stale=0; fallbackScans=0; memory~=0B
[06:54:05] [Render thread/INFO] (Minecraft) [System] [CHAT] index=amethystNatural; dimension=powers:light_realm; q=0; candidates=0; misses=0; stale=0; fallbackScans=0; memory~=0B
[06:54:05] [Render thread/INFO] (Minecraft) [System] [CHAT] index=amethystWards; dimension=powers:light_realm; q=0; candidates=0; misses=0; stale=0; fallbackScans=0; memory~=0B
[06:54:05] [Render thread/INFO] (Minecraft) [System] [CHAT] index=namedTargets; dimension=powers:light_realm; q=0; candidates=0; misses=0; stale=0; fallbackScans=0; memory~=0B
[06:54:05] [Render thread/INFO] (Minecraft) [System] [CHAT] index=livingForces; dimension=powers:light_realm; q=0; candidates=0; misses=0; stale=0; fallbackScans=0; memory~=0B
[06:54:05] [Render thread/INFO] (Minecraft) [System] [CHAT] index=spellFields; dimension=powers:middleworld; q=0; candidates=0; misses=0; stale=0; fallbackScans=0; memory~=0B
[06:54:05] [Render thread/INFO] (Minecraft) [System] [CHAT] index=artifactFields; dimension=powers:middleworld; q=0; candidates=0; misses=0; stale=0; fallbackScans=0; memory~=0B
[06:54:05] [Render thread/INFO] (Minecraft) [System] [CHAT] index=amethystNatural; dimension=powers:middleworld; q=0; candidates=0; misses=0; stale=0; fallbackScans=0; memory~=0B
[06:54:05] [Render thread/INFO] (Minecraft) [System] [CHAT] index=amethystWards; dimension=powers:middleworld; q=0; candidates=0; misses=0; stale=0; fallbackScans=0; memory~=0B
[06:54:05] [Render thread/INFO] (Minecraft) [System] [CHAT] index=namedTargets; dimension=powers:middleworld; q=0; candidates=0; misses=0; stale=0; fallbackScans=0; memory~=0B
[06:54:05] [Render thread/INFO] (Minecraft) [System] [CHAT] index=livingForces; dimension=powers:middleworld; q=0; candidates=0; misses=0; stale=0; fallbackScans=0; memory~=0B
[06:54:05] [Render thread/INFO] (Minecraft) [System] [CHAT] travelTickets=0/64; perDimensionLimit=24; lastRefusal=none
[06:54:05] [Render thread/INFO] (Minecraft) [System] [CHAT] missingDimensions=0; droppedDistinct=0; orphanedRuinEvents=0
[06:54:05] [Render thread/INFO] (Minecraft) [System] [CHAT] questTelemetrySamples=0; publicationReadyLevels=0/20; minimumPerLevel=20
[06:54:05] [Render thread/INFO] (Minecraft) [System] [CHAT] testing: energy=disabled; cooldowns=disabled
[06:54:06] [Render thread/INFO] (powers) QA client role=exact-7548160-dark-innates-final executed ARTIFACT [darkness innate/astral_projection -1] at connected tick 2660
[06:54:08] [Render thread/INFO] (powers) QA client role=exact-7548160-dark-innates-final executed COMMAND [data get entity @s playerGameType] at connected tick 2690
[06:54:08] [Render thread/INFO] (Minecraft) [System] [CHAT] [Unmarked] DarkInnatesExact has the following entity data: 3
[06:54:08] [Render thread/INFO] (powers) QA client role=exact-7548160-dark-innates-final executed COMMAND [powers diagnose] at connected tick 2700
[06:54:08] [Render thread/INFO] (Minecraft) [System] [CHAT] magic=2/49 cells; spellFields=0 (cap/tick 32); artifactFields=0
[06:54:08] [Render thread/INFO] (Minecraft) [System] [CHAT] forces=0; clashes=0; auraCaps=512/player,4096/level; guardians=0
[06:54:08] [Render thread/INFO] (Minecraft) [System] [CHAT] proxies=1; travelLoads=0; celestialEvents=0; forcedChunks=1
[06:54:08] [Render thread/INFO] (Minecraft) [System] [CHAT] lastTick: packets=0; particles=0; entityInspections=0
[06:54:08] [Render thread/INFO] (Minecraft) [System] [CHAT] configValidation: revision=0; adjustments=0; retained=0; dropped=0
[06:54:08] [Render thread/INFO] (Minecraft) [System] [CHAT] operatorAudit: total=1
[06:54:08] [Render thread/INFO] (Minecraft) [System] [CHAT] operatorAudit action=testing_control; result=success; count=1
[06:54:08] [Render thread/INFO] (Minecraft) [System] [CHAT] Energy history: spent=0 restored=1350 net=1350
[06:54:08] [Render thread/INFO] (Minecraft) [System] [CHAT] energySource=regeneration; amount=1350
[06:54:08] [Render thread/INFO] (Minecraft) [System] [CHAT] physicalRays=0; rayCollisionsThisTick=0; shadowSessions=0; revealedShadowBodies=0
[06:54:08] [Render thread/INFO] (Minecraft) [System] [CHAT] shadowBodies=0 (hidden=0, revealed=0); tasks=0; energy=0; rites=0; toggles=0; casts=0; conjurations=0; planner=0; contexts=0; targetProfiles=0; creditWindows=0; forcedChunks=0; leaks=0
[06:54:08] [Render thread/INFO] (Minecraft) [System] [CHAT] realmBuilds=0; containment=0 (cap/tick 256); invasions=0/64; concord=0/0
[06:54:08] [Render thread/INFO] (Minecraft) [System] [CHAT] index=spellFields; dimension=minecraft:overworld; q=170; candidates=0; misses=170; stale=0; fallbackScans=0; memory~=0B
[06:54:08] [Render thread/INFO] (Minecraft) [System] [CHAT] index=artifactFields; dimension=minecraft:overworld; q=0; candidates=0; misses=0; stale=0; fallbackScans=0; memory~=0B
[06:54:08] [Render thread/INFO] (Minecraft) [System] [CHAT] index=amethystNatural; dimension=minecraft:overworld; q=159; candidates=0; misses=159; stale=4; fallbackScans=12; memory~=640B
[06:54:08] [Render thread/INFO] (Minecraft) [System] [CHAT] index=amethystWards; dimension=minecraft:overworld; q=0; candidates=0; misses=0; stale=0; fallbackScans=0; memory~=0B
[06:54:08] [Render thread/INFO] (Minecraft) [System] [CHAT] index=namedTargets; dimension=minecraft:overworld; q=0; candidates=0; misses=0; stale=0; fallbackScans=0; memory~=180B
[06:54:08] [Render thread/INFO] (Minecraft) [System] [CHAT] index=livingForces; dimension=minecraft:overworld; q=14; candidates=0; misses=14; stale=0; fallbackScans=0; memory~=0B
[06:54:08] [Render thread/INFO] (Minecraft) [System] [CHAT] index=spellFields; dimension=minecraft:the_end; q=0; candidates=0; misses=0; stale=0; fallbackScans=0; memory~=0B
[06:54:08] [Render thread/INFO] (Minecraft) [System] [CHAT] index=artifactFields; dimension=minecraft:the_end; q=0; candidates=0; misses=0; stale=0; fallbackScans=0; memory~=0B
[06:54:08] [Render thread/INFO] (Minecraft) [System] [CHAT] index=amethystNatural; dimension=minecraft:the_end; q=0; candidates=0; misses=0; stale=0; fallbackScans=0; memory~=0B
[06:54:08] [Render thread/INFO] (Minecraft) [System] [CHAT] index=amethystWards; dimension=minecraft:the_end; q=0; candidates=0; misses=0; stale=0; fallbackScans=0; memory~=0B
[06:54:08] [Render thread/INFO] (Minecraft) [System] [CHAT] index=namedTargets; dimension=minecraft:the_end; q=0; candidates=0; misses=0; stale=0; fallbackScans=0; memory~=0B
[06:54:08] [Render thread/INFO] (Minecraft) [System] [CHAT] index=livingForces; dimension=minecraft:the_end; q=0; candidates=0; misses=0; stale=0; fallbackScans=0; memory~=0B
[06:54:08] [Render thread/INFO] (Minecraft) [System] [CHAT] index=spellFields; dimension=minecraft:the_nether; q=0; candidates=0; misses=0; stale=0; fallbackScans=0; memory~=0B
[06:54:08] [Render thread/INFO] (Minecraft) [System] [CHAT] index=artifactFields; dimension=minecraft:the_nether; q=0; candidates=0; misses=0; stale=0; fallbackScans=0; memory~=0B
[06:54:08] [Render thread/INFO] (Minecraft) [System] [CHAT] index=amethystNatural; dimension=minecraft:the_nether; q=0; candidates=0; misses=0; stale=0; fallbackScans=0; memory~=0B
[06:54:08] [Render thread/INFO] (Minecraft) [System] [CHAT] index=amethystWards; dimension=minecraft:the_nether; q=0; candidates=0; misses=0; stale=0; fallbackScans=0; memory~=0B
[06:54:08] [Render thread/INFO] (Minecraft) [System] [CHAT] index=namedTargets; dimension=minecraft:the_nether; q=0; candidates=0; misses=0; stale=0; fallbackScans=0; memory~=0B
[06:54:08] [Render thread/INFO] (Minecraft) [System] [CHAT] index=livingForces; dimension=minecraft:the_nether; q=0; candidates=0; misses=0; stale=0; fallbackScans=0; memory~=0B
[06:54:08] [Render thread/INFO] (Minecraft) [System] [CHAT] index=spellFields; dimension=powers:dark_realm; q=0; candidates=0; misses=0; stale=0; fallbackScans=0; memory~=0B
[06:54:08] [Render thread/INFO] (Minecraft) [System] [CHAT] index=artifactFields; dimension=powers:dark_realm; q=0; candidates=0; misses=0; stale=0; fallbackScans=0; memory~=0B
[06:54:08] [Render thread/INFO] (Minecraft) [System] [CHAT] index=amethystNatural; dimension=powers:dark_realm; q=0; candidates=0; misses=0; stale=0; fallbackScans=0; memory~=0B
[06:54:08] [Render thread/INFO] (Minecraft) [System] [CHAT] index=amethystWards; dimension=powers:dark_realm; q=0; candidates=0; misses=0; stale=0; fallbackScans=0; memory~=0B
[06:54:08] [Render thread/INFO] (Minecraft) [System] [CHAT] index=namedTargets; dimension=powers:dark_realm; q=0; candidates=0; misses=0; stale=0; fallbackScans=0; memory~=0B
[06:54:08] [Render thread/INFO] (Minecraft) [System] [CHAT] index=livingForces; dimension=powers:dark_realm; q=0; candidates=0; misses=0; stale=0; fallbackScans=0; memory~=0B
[06:54:08] [Render thread/INFO] (Minecraft) [System] [CHAT] index=spellFields; dimension=powers:light_realm; q=0; candidates=0; misses=0; stale=0; fallbackScans=0; memory~=0B
[06:54:08] [Render thread/INFO] (Minecraft) [System] [CHAT] index=artifactFields; dimension=powers:light_realm; q=0; candidates=0; misses=0; stale=0; fallbackScans=0; memory~=0B
[06:54:08] [Render thread/INFO] (Minecraft) [System] [CHAT] index=amethystNatural; dimension=powers:light_realm; q=0; candidates=0; misses=0; stale=0; fallbackScans=0; memory~=0B
[06:54:08] [Render thread/INFO] (Minecraft) [System] [CHAT] index=amethystWards; dimension=powers:light_realm; q=0; candidates=0; misses=0; stale=0; fallbackScans=0; memory~=0B
[06:54:08] [Render thread/INFO] (Minecraft) [System] [CHAT] index=namedTargets; dimension=powers:light_realm; q=0; candidates=0; misses=0; stale=0; fallbackScans=0; memory~=0B
[06:54:08] [Render thread/INFO] (Minecraft) [System] [CHAT] index=livingForces; dimension=powers:light_realm; q=0; candidates=0; misses=0; stale=0; fallbackScans=0; memory~=0B
[06:54:08] [Render thread/INFO] (Minecraft) [System] [CHAT] index=spellFields; dimension=powers:middleworld; q=0; candidates=0; misses=0; stale=0; fallbackScans=0; memory~=0B
[06:54:08] [Render thread/INFO] (Minecraft) [System] [CHAT] index=artifactFields; dimension=powers:middleworld; q=0; candidates=0; misses=0; stale=0; fallbackScans=0; memory~=0B
[06:54:08] [Render thread/INFO] (Minecraft) [System] [CHAT] index=amethystNatural; dimension=powers:middleworld; q=0; candidates=0; misses=0; stale=0; fallbackScans=0; memory~=0B
[06:54:08] [Render thread/INFO] (Minecraft) [System] [CHAT] index=amethystWards; dimension=powers:middleworld; q=0; candidates=0; misses=0; stale=0; fallbackScans=0; memory~=0B
[06:54:08] [Render thread/INFO] (Minecraft) [System] [CHAT] index=namedTargets; dimension=powers:middleworld; q=0; candidates=0; misses=0; stale=0; fallbackScans=0; memory~=0B
[06:54:08] [Render thread/INFO] (Minecraft) [System] [CHAT] index=livingForces; dimension=powers:middleworld; q=0; candidates=0; misses=0; stale=0; fallbackScans=0; memory~=0B
[06:54:08] [Render thread/INFO] (Minecraft) [System] [CHAT] travelTickets=0/64; perDimensionLimit=24; lastRefusal=none
[06:54:08] [Render thread/INFO] (Minecraft) [System] [CHAT] missingDimensions=0; droppedDistinct=0; orphanedRuinEvents=0
[06:54:08] [Render thread/INFO] (Minecraft) [System] [CHAT] questTelemetrySamples=0; publicationReadyLevels=0/20; minimumPerLevel=20
[06:54:08] [Render thread/INFO] (Minecraft) [System] [CHAT] testing: energy=disabled; cooldowns=disabled
[06:54:09] [Render thread/INFO] (powers) QA client role=exact-7548160-dark-innates-final executed SCREENSHOT [dark-artifact-astral] at connected tick 2710
[06:54:09] [Render thread/INFO] (Minecraft) [System] [CHAT] Saved screenshot as 2026-08-14_06.54.09.png
[06:54:10] [Render thread/INFO] (powers) QA client role=exact-7548160-dark-innates-final executed ARTIFACT [darkness innate/astral_projection -1] at connected tick 2740
[06:54:12] [Render thread/INFO] (powers) QA client role=exact-7548160-dark-innates-final executed COMMAND [data get entity @s playerGameType] at connected tick 2770
[06:54:12] [Render thread/INFO] (Minecraft) [System] [CHAT] [Unmarked] DarkInnatesExact has the following entity data: 0
[06:54:12] [Render thread/INFO] (powers) QA client role=exact-7548160-dark-innates-final executed COMMAND [powers diagnose] at connected tick 2780
[06:54:12] [Render thread/INFO] (Minecraft) [System] [CHAT] magic=1/64 cells; spellFields=0 (cap/tick 32); artifactFields=0
[06:54:12] [Render thread/INFO] (Minecraft) [System] [CHAT] forces=0; clashes=0; auraCaps=512/player,4096/level; guardians=0
[06:54:12] [Render thread/INFO] (Minecraft) [System] [CHAT] proxies=0; travelLoads=0; celestialEvents=0; forcedChunks=0
[06:54:12] [Render thread/INFO] (Minecraft) [System] [CHAT] lastTick: packets=0; particles=0; entityInspections=0
[06:54:12] [Render thread/INFO] (Minecraft) [System] [CHAT] configValidation: revision=0; adjustments=0; retained=0; dropped=0
[06:54:12] [Render thread/INFO] (Minecraft) [System] [CHAT] operatorAudit: total=1
[06:54:12] [Render thread/INFO] (Minecraft) [System] [CHAT] operatorAudit action=testing_control; result=success; count=1
[06:54:12] [Render thread/INFO] (Minecraft) [System] [CHAT] Energy history: spent=0 restored=1350 net=1350
[06:54:12] [Render thread/INFO] (Minecraft) [System] [CHAT] energySource=regeneration; amount=1350
[06:54:12] [Render thread/INFO] (Minecraft) [System] [CHAT] physicalRays=0; rayCollisionsThisTick=0; shadowSessions=0; revealedShadowBodies=0
[06:54:12] [Render thread/INFO] (Minecraft) [System] [CHAT] shadowBodies=0 (hidden=0, revealed=0); tasks=0; energy=0; rites=0; toggles=0; casts=0; conjurations=0; planner=0; contexts=0; targetProfiles=0; creditWindows=0; forcedChunks=0; leaks=0
[06:54:12] [Render thread/INFO] (Minecraft) [System] [CHAT] realmBuilds=0; containment=0 (cap/tick 256); invasions=0/64; concord=0/0
[06:54:12] [Render thread/INFO] (Minecraft) [System] [CHAT] index=spellFields; dimension=minecraft:overworld; q=170; candidates=0; misses=170; stale=0; fallbackScans=0; memory~=0B
[06:54:12] [Render thread/INFO] (Minecraft) [System] [CHAT] index=artifactFields; dimension=minecraft:overworld; q=0; candidates=0; misses=0; stale=0; fallbackScans=0; memory~=0B
[06:54:12] [Render thread/INFO] (Minecraft) [System] [CHAT] index=amethystNatural; dimension=minecraft:overworld; q=164; candidates=0; misses=164; stale=4; fallbackScans=12; memory~=640B
[06:54:12] [Render thread/INFO] (Minecraft) [System] [CHAT] index=amethystWards; dimension=minecraft:overworld; q=0; candidates=0; misses=0; stale=0; fallbackScans=0; memory~=0B
[06:54:12] [Render thread/INFO] (Minecraft) [System] [CHAT] index=namedTargets; dimension=minecraft:overworld; q=0; candidates=0; misses=0; stale=0; fallbackScans=0; memory~=180B
[06:54:12] [Render thread/INFO] (Minecraft) [System] [CHAT] index=livingForces; dimension=minecraft:overworld; q=14; candidates=0; misses=14; stale=0; fallbackScans=0; memory~=0B
[06:54:12] [Render thread/INFO] (Minecraft) [System] [CHAT] index=spellFields; dimension=minecraft:the_end; q=0; candidates=0; misses=0; stale=0; fallbackScans=0; memory~=0B
[06:54:12] [Render thread/INFO] (Minecraft) [System] [CHAT] index=artifactFields; dimension=minecraft:the_end; q=0; candidates=0; misses=0; stale=0; fallbackScans=0; memory~=0B
[06:54:12] [Render thread/INFO] (Minecraft) [System] [CHAT] index=amethystNatural; dimension=minecraft:the_end; q=0; candidates=0; misses=0; stale=0; fallbackScans=0; memory~=0B
[06:54:12] [Render thread/INFO] (Minecraft) [System] [CHAT] index=amethystWards; dimension=minecraft:the_end; q=0; candidates=0; misses=0; stale=0; fallbackScans=0; memory~=0B
[06:54:12] [Render thread/INFO] (Minecraft) [System] [CHAT] index=namedTargets; dimension=minecraft:the_end; q=0; candidates=0; misses=0; stale=0; fallbackScans=0; memory~=0B
[06:54:12] [Render thread/INFO] (Minecraft) [System] [CHAT] index=livingForces; dimension=minecraft:the_end; q=0; candidates=0; misses=0; stale=0; fallbackScans=0; memory~=0B
[06:54:12] [Render thread/INFO] (Minecraft) [System] [CHAT] index=spellFields; dimension=minecraft:the_nether; q=0; candidates=0; misses=0; stale=0; fallbackScans=0; memory~=0B
[06:54:12] [Render thread/INFO] (Minecraft) [System] [CHAT] index=artifactFields; dimension=minecraft:the_nether; q=0; candidates=0; misses=0; stale=0; fallbackScans=0; memory~=0B
[06:54:12] [Render thread/INFO] (Minecraft) [System] [CHAT] index=amethystNatural; dimension=minecraft:the_nether; q=0; candidates=0; misses=0; stale=0; fallbackScans=0; memory~=0B
[06:54:12] [Render thread/INFO] (Minecraft) [System] [CHAT] index=amethystWards; dimension=minecraft:the_nether; q=0; candidates=0; misses=0; stale=0; fallbackScans=0; memory~=0B
[06:54:12] [Render thread/INFO] (Minecraft) [System] [CHAT] index=namedTargets; dimension=minecraft:the_nether; q=0; candidates=0; misses=0; stale=0; fallbackScans=0; memory~=0B
[06:54:12] [Render thread/INFO] (Minecraft) [System] [CHAT] index=livingForces; dimension=minecraft:the_nether; q=0; candidates=0; misses=0; stale=0; fallbackScans=0; memory~=0B
[06:54:12] [Render thread/INFO] (Minecraft) [System] [CHAT] index=spellFields; dimension=powers:dark_realm; q=0; candidates=0; misses=0; stale=0; fallbackScans=0; memory~=0B
[06:54:12] [Render thread/INFO] (Minecraft) [System] [CHAT] index=artifactFields; dimension=powers:dark_realm; q=0; candidates=0; misses=0; stale=0; fallbackScans=0; memory~=0B
[06:54:12] [Render thread/INFO] (Minecraft) [System] [CHAT] index=amethystNatural; dimension=powers:dark_realm; q=0; candidates=0; misses=0; stale=0; fallbackScans=0; memory~=0B
[06:54:12] [Render thread/INFO] (Minecraft) [System] [CHAT] index=amethystWards; dimension=powers:dark_realm; q=0; candidates=0; misses=0; stale=0; fallbackScans=0; memory~=0B
[06:54:12] [Render thread/INFO] (Minecraft) [System] [CHAT] index=namedTargets; dimension=powers:dark_realm; q=0; candidates=0; misses=0; stale=0; fallbackScans=0; memory~=0B
[06:54:12] [Render thread/INFO] (Minecraft) [System] [CHAT] index=livingForces; dimension=powers:dark_realm; q=0; candidates=0; misses=0; stale=0; fallbackScans=0; memory~=0B
[06:54:12] [Render thread/INFO] (Minecraft) [System] [CHAT] index=spellFields; dimension=powers:light_realm; q=0; candidates=0; misses=0; stale=0; fallbackScans=0; memory~=0B
[06:54:12] [Render thread/INFO] (Minecraft) [System] [CHAT] index=artifactFields; dimension=powers:light_realm; q=0; candidates=0; misses=0; stale=0; fallbackScans=0; memory~=0B
[06:54:12] [Render thread/INFO] (Minecraft) [System] [CHAT] index=amethystNatural; dimension=powers:light_realm; q=0; candidates=0; misses=0; stale=0; fallbackScans=0; memory~=0B
[06:54:12] [Render thread/INFO] (Minecraft) [System] [CHAT] index=amethystWards; dimension=powers:light_realm; q=0; candidates=0; misses=0; stale=0; fallbackScans=0; memory~=0B
[06:54:12] [Render thread/INFO] (Minecraft) [System] [CHAT] index=namedTargets; dimension=powers:light_realm; q=0; candidates=0; misses=0; stale=0; fallbackScans=0; memory~=0B
[06:54:12] [Render thread/INFO] (Minecraft) [System] [CHAT] index=livingForces; dimension=powers:light_realm; q=0; candidates=0; misses=0; stale=0; fallbackScans=0; memory~=0B
[06:54:12] [Render thread/INFO] (Minecraft) [System] [CHAT] index=spellFields; dimension=powers:middleworld; q=0; candidates=0; misses=0; stale=0; fallbackScans=0; memory~=0B
[06:54:12] [Render thread/INFO] (Minecraft) [System] [CHAT] index=artifactFields; dimension=powers:middleworld; q=0; candidates=0; misses=0; stale=0; fallbackScans=0; memory~=0B
[06:54:12] [Render thread/INFO] (Minecraft) [System] [CHAT] index=amethystNatural; dimension=powers:middleworld; q=0; candidates=0; misses=0; stale=0; fallbackScans=0; memory~=0B
[06:54:12] [Render thread/INFO] (Minecraft) [System] [CHAT] index=amethystWards; dimension=powers:middleworld; q=0; candidates=0; misses=0; stale=0; fallbackScans=0; memory~=0B
[06:54:12] [Render thread/INFO] (Minecraft) [System] [CHAT] index=namedTargets; dimension=powers:middleworld; q=0; candidates=0; misses=0; stale=0; fallbackScans=0; memory~=0B
[06:54:12] [Render thread/INFO] (Minecraft) [System] [CHAT] index=livingForces; dimension=powers:middleworld; q=0; candidates=0; misses=0; stale=0; fallbackScans=0; memory~=0B
[06:54:12] [Render thread/INFO] (Minecraft) [System] [CHAT] travelTickets=0/64; perDimensionLimit=24; lastRefusal=none
[06:54:12] [Render thread/INFO] (Minecraft) [System] [CHAT] missingDimensions=0; droppedDistinct=0; orphanedRuinEvents=0
[06:54:12] [Render thread/INFO] (Minecraft) [System] [CHAT] questTelemetrySamples=0; publicationReadyLevels=0/20; minimumPerLevel=20
[06:54:12] [Render thread/INFO] (Minecraft) [System] [CHAT] testing: energy=disabled; cooldowns=disabled
[06:54:14] [Render thread/INFO] (powers) QA client role=exact-7548160-dark-innates-final executed COMMAND [kill @e[name=ArtifactTarget]] at connected tick 2810
[06:54:14] [Render thread/INFO] (Minecraft) [System] [CHAT] Killed ArtifactTarget
[06:54:14] [Render thread/INFO] (powers) QA client role=exact-7548160-dark-innates-final executed COMMAND [powers testing actor spawn ArtifactTarget] at connected tick 2820
[06:54:14] [Render thread/INFO] (Minecraft) [System] [CHAT] Spawned test actor: ArtifactTarget
[06:54:15] [Render thread/INFO] (powers) QA client role=exact-7548160-dark-innates-final executed COMMAND [tp @e[name=ArtifactTarget,limit=1] 800.5 101 804.5] at connected tick 2830
[06:54:15] [Render thread/INFO] (Minecraft) [System] [CHAT] Teleported ArtifactTarget to 800.500000, 101.000000, 804.500000
[06:54:15] [Render thread/INFO] (powers) QA client role=exact-7548160-dark-innates-final executed COMMAND [data merge entity @e[name=ArtifactTarget,limit=1] {NoAI:1b,PersistenceRequired:1b}] at connected tick 2840
[06:54:15] [Render thread/INFO] (Minecraft) [System] [CHAT] Modified entity data of ArtifactTarget
[06:54:16] [Render thread/INFO] (powers) QA client role=exact-7548160-dark-innates-final executed ARTIFACT [darkness innate/energy_drain -1] at connected tick 2860
[06:54:18] [Render thread/INFO] (powers) QA client role=exact-7548160-dark-innates-final executed COMMAND [data get entity @e[name=ArtifactTarget,limit=1] active_effects] at connected tick 2900
[06:54:18] [Render thread/INFO] (Minecraft) [System] [CHAT] Found no elements matching active_effects
[06:54:19] [Render thread/INFO] (powers) QA client role=exact-7548160-dark-innates-final executed COMMAND [data get entity @e[name=ArtifactTarget,limit=1] Health] at connected tick 2910
[06:54:19] [Render thread/INFO] (Minecraft) [System] [CHAT] ArtifactTarget has the following entity data: 92.0f
[06:54:20] [Render thread/INFO] (powers) QA client role=exact-7548160-dark-innates-final executed COMMAND [kill @e[name=ArtifactTarget]] at connected tick 2940
[06:54:20] [Render thread/INFO] (Minecraft) [System] [CHAT] Killed ArtifactTarget
[06:54:21] [Render thread/INFO] (powers) QA client role=exact-7548160-dark-innates-final executed COMMAND [powers testing actor spawn ArtifactTarget] at connected tick 2950
[06:54:21] [Render thread/INFO] (Minecraft) [System] [CHAT] Spawned test actor: ArtifactTarget
[06:54:21] [Render thread/INFO] (powers) QA client role=exact-7548160-dark-innates-final executed COMMAND [tp @e[name=ArtifactTarget,limit=1] 800.5 101 804.5] at connected tick 2960
[06:54:21] [Render thread/INFO] (Minecraft) [System] [CHAT] Teleported ArtifactTarget to 800.500000, 101.000000, 804.500000
[06:54:22] [Render thread/INFO] (powers) QA client role=exact-7548160-dark-innates-final executed COMMAND [data merge entity @e[name=ArtifactTarget,limit=1] {NoAI:1b,PersistenceRequired:1b}] at connected tick 2970
[06:54:22] [Render thread/INFO] (Minecraft) [System] [CHAT] Modified entity data of ArtifactTarget
[06:54:23] [Render thread/INFO] (powers) QA client role=exact-7548160-dark-innates-final executed ARTIFACT [darkness innate/ice_manipulation -1] at connected tick 2990
[06:54:24] [Render thread/INFO] (powers) QA client role=exact-7548160-dark-innates-final executed COMMAND [data get entity @e[name=ArtifactTarget,limit=1] Health] at connected tick 3010
[06:54:24] [Render thread/INFO] (Minecraft) [System] [CHAT] ArtifactTarget has the following entity data: 95.0f
[06:54:24] [Render thread/INFO] (powers) QA client role=exact-7548160-dark-innates-final executed COMMAND [data get entity @e[name=ArtifactTarget,limit=1] TicksFrozen] at connected tick 3020
[06:54:24] [Render thread/INFO] (Minecraft) [System] [CHAT] Found no elements matching TicksFrozen
[06:54:25] [Render thread/INFO] (powers) QA client role=exact-7548160-dark-innates-final executed COMMAND [data get entity @e[name=ArtifactTarget,limit=1] active_effects] at connected tick 3030
[06:54:25] [Render thread/INFO] (Minecraft) [System] [CHAT] Found no elements matching active_effects
[06:54:25] [Render thread/INFO] (powers) QA client role=exact-7548160-dark-innates-final executed SCREENSHOT [dark-artifact-ice] at connected tick 3040
[06:54:25] [Render thread/INFO] (Minecraft) [System] [CHAT] Saved screenshot as 2026-08-14_06.54.25.png
[06:54:27] [Render thread/INFO] (powers) QA client role=exact-7548160-dark-innates-final executed COMMAND [kill @e[name=ArtifactTarget]] at connected tick 3070
[06:54:27] [Render thread/INFO] (Minecraft) [System] [CHAT] Killed ArtifactTarget
[06:54:27] [Render thread/INFO] (powers) QA client role=exact-7548160-dark-innates-final executed COMMAND [setblock 800 100 804 minecraft:farmland] at connected tick 3080
[06:54:27] [Render thread/INFO] (Minecraft) [System] [CHAT] Changed the block at 800, 100, 804
[06:54:28] [Render thread/INFO] (powers) QA client role=exact-7548160-dark-innates-final executed COMMAND [setblock 800 101 804 minecraft:wheat[age=0]] at connected tick 3090
[06:54:28] [Render thread/INFO] (Minecraft) [System] [CHAT] Changed the block at 800, 101, 804
[06:54:28] [Render thread/INFO] (powers) QA client role=exact-7548160-dark-innates-final executed COMMAND [tp @s 800.5 101 800.5 0 28] at connected tick 3100
[06:54:28] [Render thread/INFO] (Minecraft) [System] [CHAT] Teleported [Unmarked] DarkInnatesExact to 800.500000, 101.000000, 800.500000
[06:54:29] [Render thread/INFO] (powers) QA client role=exact-7548160-dark-innates-final executed ARTIFACT [darkness innate/plant_healing_acceleration -1] at connected tick 3120
[06:54:30] [Render thread/INFO] (powers) QA client role=exact-7548160-dark-innates-final executed COMMAND [execute unless block 800 101 804 minecraft:wheat[age=0] run say DARK_ARTIFACT_PLANT_GREW] at connected tick 3140
[06:54:32] [Render thread/INFO] (powers) QA client role=exact-7548160-dark-innates-final executed ARTIFACT [darkness innate/double_health -1] at connected tick 3170
[06:54:33] [Render thread/INFO] (powers) QA client role=exact-7548160-dark-innates-final executed COMMAND [attribute @s minecraft:max_health get] at connected tick 3190
[06:54:33] [Render thread/INFO] (Minecraft) [System] [CHAT] The value of attribute Max Health for entity DarkInnatesExact is 40.0
[06:54:33] [Render thread/INFO] (powers) QA client role=exact-7548160-dark-innates-final executed SCREENSHOT [dark-artifact-double-health] at connected tick 3200
[06:54:33] [Render thread/INFO] (Minecraft) [System] [CHAT] Saved screenshot as 2026-08-14_06.54.33.png
[06:54:34] [Render thread/INFO] (powers) QA client role=exact-7548160-dark-innates-final executed ARTIFACT [darkness innate/double_health -1] at connected tick 3220
[06:54:35] [Render thread/INFO] (powers) QA client role=exact-7548160-dark-innates-final executed COMMAND [attribute @s minecraft:max_health get] at connected tick 3240
[06:54:35] [Render thread/INFO] (Minecraft) [System] [CHAT] The value of attribute Max Health for entity DarkInnatesExact is 20.0
[06:54:37] [Render thread/INFO] (powers) QA client role=exact-7548160-dark-innates-final executed COMMAND [item replace entity @s weapon.mainhand with minecraft:air] at connected tick 3270
[06:54:37] [Render thread/INFO] (Minecraft) [System] [CHAT] Replaced a slot on [Unmarked] DarkInnatesExact with [Air]
[06:54:39] [Render thread/INFO] (powers) QA client role=exact-7548160-dark-innates-final executed COMMAND [powers diagnose] at connected tick 3310
[06:54:39] [Render thread/INFO] (Minecraft) [System] [CHAT] magic=0/0 cells; spellFields=0 (cap/tick 32); artifactFields=0
[06:54:39] [Render thread/INFO] (Minecraft) [System] [CHAT] forces=0; clashes=0; auraCaps=512/player,4096/level; guardians=0
[06:54:39] [Render thread/INFO] (Minecraft) [System] [CHAT] proxies=0; travelLoads=0; celestialEvents=0; forcedChunks=0
[06:54:39] [Render thread/INFO] (Minecraft) [System] [CHAT] lastTick: packets=0; particles=0; entityInspections=0
[06:54:39] [Render thread/INFO] (Minecraft) [System] [CHAT] configValidation: revision=0; adjustments=0; retained=0; dropped=0
[06:54:39] [Render thread/INFO] (Minecraft) [System] [CHAT] operatorAudit: total=1
[06:54:39] [Render thread/INFO] (Minecraft) [System] [CHAT] operatorAudit action=testing_control; result=success; count=1
[06:54:39] [Render thread/INFO] (Minecraft) [System] [CHAT] Energy history: spent=0 restored=1350 net=1350
[06:54:39] [Render thread/INFO] (Minecraft) [System] [CHAT] energySource=regeneration; amount=1350
[06:54:39] [Render thread/INFO] (Minecraft) [System] [CHAT] physicalRays=0; rayCollisionsThisTick=0; shadowSessions=0; revealedShadowBodies=0
[06:54:39] [Render thread/INFO] (Minecraft) [System] [CHAT] shadowBodies=0 (hidden=0, revealed=0); tasks=0; energy=0; rites=0; toggles=0; casts=0; conjurations=0; planner=0; contexts=0; targetProfiles=0; creditWindows=0; forcedChunks=0; leaks=0
[06:54:39] [Render thread/INFO] (Minecraft) [System] [CHAT] realmBuilds=0; containment=0 (cap/tick 256); invasions=0/64; concord=0/0
[06:54:39] [Render thread/INFO] (Minecraft) [System] [CHAT] index=spellFields; dimension=minecraft:overworld; q=170; candidates=0; misses=170; stale=0; fallbackScans=0; memory~=0B
[06:54:39] [Render thread/INFO] (Minecraft) [System] [CHAT] index=artifactFields; dimension=minecraft:overworld; q=0; candidates=0; misses=0; stale=0; fallbackScans=0; memory~=0B
[06:54:39] [Render thread/INFO] (Minecraft) [System] [CHAT] index=amethystNatural; dimension=minecraft:overworld; q=196; candidates=0; misses=196; stale=4; fallbackScans=12; memory~=640B
[06:54:39] [Render thread/INFO] (Minecraft) [System] [CHAT] index=amethystWards; dimension=minecraft:overworld; q=0; candidates=0; misses=0; stale=0; fallbackScans=0; memory~=0B
[06:54:39] [Render thread/INFO] (Minecraft) [System] [CHAT] index=namedTargets; dimension=minecraft:overworld; q=0; candidates=0; misses=0; stale=0; fallbackScans=0; memory~=0B
[06:54:39] [Render thread/INFO] (Minecraft) [System] [CHAT] index=livingForces; dimension=minecraft:overworld; q=17; candidates=0; misses=17; stale=0; fallbackScans=0; memory~=0B
[06:54:39] [Render thread/INFO] (Minecraft) [System] [CHAT] index=spellFields; dimension=minecraft:the_end; q=0; candidates=0; misses=0; stale=0; fallbackScans=0; memory~=0B
[06:54:39] [Render thread/INFO] (Minecraft) [System] [CHAT] index=artifactFields; dimension=minecraft:the_end; q=0; candidates=0; misses=0; stale=0; fallbackScans=0; memory~=0B
[06:54:39] [Render thread/INFO] (Minecraft) [System] [CHAT] index=amethystNatural; dimension=minecraft:the_end; q=0; candidates=0; misses=0; stale=0; fallbackScans=0; memory~=0B
[06:54:39] [Render thread/INFO] (Minecraft) [System] [CHAT] index=amethystWards; dimension=minecraft:the_end; q=0; candidates=0; misses=0; stale=0; fallbackScans=0; memory~=0B
[06:54:39] [Render thread/INFO] (Minecraft) [System] [CHAT] index=namedTargets; dimension=minecraft:the_end; q=0; candidates=0; misses=0; stale=0; fallbackScans=0; memory~=0B
[06:54:39] [Render thread/INFO] (Minecraft) [System] [CHAT] index=livingForces; dimension=minecraft:the_end; q=0; candidates=0; misses=0; stale=0; fallbackScans=0; memory~=0B
[06:54:39] [Render thread/INFO] (Minecraft) [System] [CHAT] index=spellFields; dimension=minecraft:the_nether; q=0; candidates=0; misses=0; stale=0; fallbackScans=0; memory~=0B
[06:54:39] [Render thread/INFO] (Minecraft) [System] [CHAT] index=artifactFields; dimension=minecraft:the_nether; q=0; candidates=0; misses=0; stale=0; fallbackScans=0; memory~=0B
[06:54:39] [Render thread/INFO] (Minecraft) [System] [CHAT] index=amethystNatural; dimension=minecraft:the_nether; q=0; candidates=0; misses=0; stale=0; fallbackScans=0; memory~=0B
[06:54:39] [Render thread/INFO] (Minecraft) [System] [CHAT] index=amethystWards; dimension=minecraft:the_nether; q=0; candidates=0; misses=0; stale=0; fallbackScans=0; memory~=0B
[06:54:39] [Render thread/INFO] (Minecraft) [System] [CHAT] index=namedTargets; dimension=minecraft:the_nether; q=0; candidates=0; misses=0; stale=0; fallbackScans=0; memory~=0B
[06:54:39] [Render thread/INFO] (Minecraft) [System] [CHAT] index=livingForces; dimension=minecraft:the_nether; q=0; candidates=0; misses=0; stale=0; fallbackScans=0; memory~=0B
[06:54:39] [Render thread/INFO] (Minecraft) [System] [CHAT] index=spellFields; dimension=powers:dark_realm; q=0; candidates=0; misses=0; stale=0; fallbackScans=0; memory~=0B
[06:54:39] [Render thread/INFO] (Minecraft) [System] [CHAT] index=artifactFields; dimension=powers:dark_realm; q=0; candidates=0; misses=0; stale=0; fallbackScans=0; memory~=0B
[06:54:39] [Render thread/INFO] (Minecraft) [System] [CHAT] index=amethystNatural; dimension=powers:dark_realm; q=0; candidates=0; misses=0; stale=0; fallbackScans=0; memory~=0B
[06:54:39] [Render thread/INFO] (Minecraft) [System] [CHAT] index=amethystWards; dimension=powers:dark_realm; q=0; candidates=0; misses=0; stale=0; fallbackScans=0; memory~=0B
[06:54:39] [Render thread/INFO] (Minecraft) [System] [CHAT] index=namedTargets; dimension=powers:dark_realm; q=0; candidates=0; misses=0; stale=0; fallbackScans=0; memory~=0B
[06:54:39] [Render thread/INFO] (Minecraft) [System] [CHAT] index=livingForces; dimension=powers:dark_realm; q=0; candidates=0; misses=0; stale=0; fallbackScans=0; memory~=0B
[06:54:39] [Render thread/INFO] (Minecraft) [System] [CHAT] index=spellFields; dimension=powers:light_realm; q=0; candidates=0; misses=0; stale=0; fallbackScans=0; memory~=0B
[06:54:39] [Render thread/INFO] (Minecraft) [System] [CHAT] index=artifactFields; dimension=powers:light_realm; q=0; candidates=0; misses=0; stale=0; fallbackScans=0; memory~=0B
[06:54:39] [Render thread/INFO] (Minecraft) [System] [CHAT] index=amethystNatural; dimension=powers:light_realm; q=0; candidates=0; misses=0; stale=0; fallbackScans=0; memory~=0B
[06:54:39] [Render thread/INFO] (Minecraft) [System] [CHAT] index=amethystWards; dimension=powers:light_realm; q=0; candidates=0; misses=0; stale=0; fallbackScans=0; memory~=0B
[06:54:39] [Render thread/INFO] (Minecraft) [System] [CHAT] index=namedTargets; dimension=powers:light_realm; q=0; candidates=0; misses=0; stale=0; fallbackScans=0; memory~=0B
[06:54:39] [Render thread/INFO] (Minecraft) [System] [CHAT] index=livingForces; dimension=powers:light_realm; q=0; candidates=0; misses=0; stale=0; fallbackScans=0; memory~=0B
[06:54:39] [Render thread/INFO] (Minecraft) [System] [CHAT] index=spellFields; dimension=powers:middleworld; q=0; candidates=0; misses=0; stale=0; fallbackScans=0; memory~=0B
[06:54:39] [Render thread/INFO] (Minecraft) [System] [CHAT] index=artifactFields; dimension=powers:middleworld; q=0; candidates=0; misses=0; stale=0; fallbackScans=0; memory~=0B
[06:54:39] [Render thread/INFO] (Minecraft) [System] [CHAT] index=amethystNatural; dimension=powers:middleworld; q=0; candidates=0; misses=0; stale=0; fallbackScans=0; memory~=0B
[06:54:39] [Render thread/INFO] (Minecraft) [System] [CHAT] index=amethystWards; dimension=powers:middleworld; q=0; candidates=0; misses=0; stale=0; fallbackScans=0; memory~=0B
[06:54:39] [Render thread/INFO] (Minecraft) [System] [CHAT] index=namedTargets; dimension=powers:middleworld; q=0; candidates=0; misses=0; stale=0; fallbackScans=0; memory~=0B
[06:54:39] [Render thread/INFO] (Minecraft) [System] [CHAT] index=livingForces; dimension=powers:middleworld; q=0; candidates=0; misses=0; stale=0; fallbackScans=0; memory~=0B
[06:54:39] [Render thread/INFO] (Minecraft) [System] [CHAT] travelTickets=0/64; perDimensionLimit=24; lastRefusal=none
[06:54:39] [Render thread/INFO] (Minecraft) [System] [CHAT] missingDimensions=0; droppedDistinct=0; orphanedRuinEvents=0
[06:54:39] [Render thread/INFO] (Minecraft) [System] [CHAT] questTelemetrySamples=0; publicationReadyLevels=0/20; minimumPerLevel=20
[06:54:39] [Render thread/INFO] (Minecraft) [System] [CHAT] testing: energy=disabled; cooldowns=disabled
[06:54:40] [Render thread/INFO] (powers) QA client role=exact-7548160-dark-innates-final executed SCREENSHOT [dark-artifact-innates-complete] at connected tick 3330
[06:54:40] [Render thread/INFO] (Minecraft) [System] [CHAT] Saved screenshot as 2026-08-14_06.54.40.png
